"Popolazione residente per età, sesso e stato civile al 1° gennaio 2025"
"Codice comune";"Comune";"Età";"Celibi";"Coniugati";"Divorziati";"Vedovi";"Uniti civilmente";"Maschi già in unione civile (per scioglimento unione)";"Maschi già in unione civile (per decesso del partner)";"Totale maschi";"Nubili";"Coniugate";"Divorziate";"Vedove";"Unite civilmente";"Femmine già in unione civile (per scioglimento unione)";"Femmine già in unione civile (per decesso del partner)";"Totale femmine";"Totale"
"062001";"Airola";0;24;0;0;0;;;;24;18;0;0;0;;;;18;42
"062001";"Airola";1;25;0;0;0;;;;25;27;0;0;0;;;;27;52
"062001";"Airola";2;36;0;0;0;;;;36;36;0;0;0;;;;36;72
"062001";"Airola";3;30;0;0;0;;;;30;19;0;0;0;;;;19;49
"062001";"Airola";4;32;0;0;0;;;;32;36;0;0;0;;;;36;68
"062001";"Airola";5;35;0;0;0;;;;35;43;0;0;0;;;;43;78
"062001";"Airola";6;40;0;0;0;;;;40;31;0;0;0;;;;31;71
"062001";"Airola";7;28;0;0;0;;;;28;32;0;0;0;;;;32;60
"062001";"Airola";8;42;0;0;0;;;;42;43;0;0;0;;;;43;85
"062001";"Airola";9;38;0;0;0;;;;38;41;0;0;0;;;;41;79
"062001";"Airola";10;44;0;0;0;;;;44;27;0;0;0;;;;27;71
"062001";"Airola";11;38;0;0;0;;;;38;34;0;0;0;;;;34;72
"062001";"Airola";12;35;0;0;0;;;;35;34;0;0;0;;;;34;69
"062001";"Airola";13;44;0;0;0;;;;44;45;0;0;0;;;;45;89
"062001";"Airola";14;39;0;0;0;;;;39;38;0;0;0;;;;38;77
"062001";"Airola";15;51;0;0;0;;;;51;39;0;0;0;;;;39;90
"062001";"Airola";16;45;0;0;0;;;;45;34;0;0;0;;;;34;79
"062001";"Airola";17;59;0;0;0;;;;59;50;0;0;0;;;;50;109
"062001";"Airola";18;59;0;0;0;;;;59;33;0;0;0;;;;33;92
"062001";"Airola";19;49;0;0;0;;;;49;36;0;0;0;;;;36;85
"062001";"Airola";20;57;0;0;0;;;;57;38;0;0;0;;;;38;95
"062001";"Airola";21;43;0;0;0;;;;43;52;0;0;0;;;;52;95
"062001";"Airola";22;52;0;0;0;;;;52;37;0;0;0;;;;37;89
"062001";"Airola";23;37;1;0;0;;;;38;43;3;0;0;;;;46;84
"062001";"Airola";24;47;0;0;0;;;;47;42;1;0;0;;;;43;90
"062001";"Airola";25;46;2;0;0;;;;48;40;2;0;0;;;;42;90
"062001";"Airola";26;60;3;0;0;;;;63;52;2;0;0;;;;54;117
"062001";"Airola";27;51;4;0;0;;;;55;34;4;0;0;;;;38;93
"062001";"Airola";28;37;1;0;0;;;;38;39;4;0;0;;;;43;81
"062001";"Airola";29;46;6;0;0;;;;52;26;10;0;0;;;;36;88
"062001";"Airola";30;50;2;0;0;;;;52;41;14;0;0;;;;55;107
"062001";"Airola";31;44;9;0;0;;;;53;33;19;0;0;;;;52;105
"062001";"Airola";32;37;8;0;0;;;;45;26;19;0;0;;;;45;90
"062001";"Airola";33;40;10;0;0;;;;50;30;10;0;0;;;;40;90
"062001";"Airola";34;26;10;0;0;;;;36;14;35;1;0;;;;50;86
"062001";"Airola";35;25;14;0;0;;;;39;12;27;0;0;;;;39;78
"062001";"Airola";36;20;28;0;0;;;;48;17;30;3;0;;;;50;98
"062001";"Airola";37;20;32;0;0;;;;52;12;33;2;0;;;;47;99
"062001";"Airola";38;17;30;1;1;;;;49;13;28;1;0;;;;42;91
"062001";"Airola";39;18;34;2;0;;;;54;15;38;3;1;;;;57;111
"062001";"Airola";40;23;31;0;0;;;;54;16;39;1;1;;;;57;111
"062001";"Airola";41;20;33;2;0;;;;55;16;30;2;0;;;;48;103
"062001";"Airola";42;22;28;0;0;;;;50;7;39;0;0;;;;46;96
"062001";"Airola";43;22;27;1;0;;;;50;13;35;3;0;;;;51;101
"062001";"Airola";44;27;34;0;1;;;;62;13;47;0;0;;;;60;122
"062001";"Airola";45;20;38;1;1;;;;60;14;53;1;2;;;;70;130
"062001";"Airola";46;15;50;0;0;;;;65;13;41;1;1;;;;56;121
"062001";"Airola";47;14;32;1;0;;;;47;7;57;4;0;;;;68;115
"062001";"Airola";48;13;51;1;1;;;;66;9;42;0;1;;;;52;118
"062001";"Airola";49;10;44;2;0;;;;56;8;56;2;0;;;;66;122
"062001";"Airola";50;17;44;0;1;;;;62;6;56;4;0;;;;66;128
"062001";"Airola";51;14;46;0;0;;;;60;3;56;1;1;;;;61;121
"062001";"Airola";52;20;52;4;0;;;;76;3;49;2;2;;;;56;132
"062001";"Airola";53;12;44;4;0;;;;60;7;48;0;3;;;;58;118
"062001";"Airola";54;11;62;1;1;;;;75;5;62;2;2;;;;71;146
"062001";"Airola";55;6;39;1;1;;;;47;14;53;2;0;;;;69;116
"062001";"Airola";56;10;63;1;1;;;;75;10;49;6;1;;;;66;141
"062001";"Airola";57;13;39;6;1;;;;59;11;44;3;5;;;;63;122
"062001";"Airola";58;4;51;2;1;;;;58;12;56;1;3;;;;72;130
"062001";"Airola";59;10;44;0;0;;;;54;8;43;2;5;;;;58;112
"062001";"Airola";60;4;64;1;3;;;;72;12;64;4;1;;;;81;153
"062001";"Airola";61;7;48;4;0;;;;59;5;55;4;6;;;;70;129
"062001";"Airola";62;7;52;5;1;;;;65;9;40;3;4;;;;56;121
"062001";"Airola";63;4;54;2;0;;;;60;2;57;1;4;;;;64;124
"062001";"Airola";64;8;54;1;2;;;;65;4;41;3;8;;;;56;121
"062001";"Airola";65;5;31;1;1;;;;38;2;37;1;6;;;;46;84
"062001";"Airola";66;3;45;0;1;;;;49;5;35;2;10;;;;52;101
"062001";"Airola";67;7;27;1;2;;;;37;3;27;2;12;;;;44;81
"062001";"Airola";68;1;36;2;0;;;;39;0;27;1;7;;;;35;74
"062001";"Airola";69;3;33;0;3;;;;39;3;32;0;7;;;;42;81
"062001";"Airola";70;2;28;1;2;;;;33;0;24;0;9;;;;33;66
"062001";"Airola";71;3;27;0;2;;;;32;1;25;0;12;;;;38;70
"062001";"Airola";72;2;25;0;3;;;;30;3;37;1;10;;;;51;81
"062001";"Airola";73;2;49;0;4;;;;55;2;24;0;14;;;;40;95
"062001";"Airola";74;1;30;0;4;;;;35;3;30;2;9;;;;44;79
"062001";"Airola";75;1;28;0;3;;;;32;1;26;0;14;;;;41;73
"062001";"Airola";76;2;36;1;5;;;;44;1;24;1;21;;;;47;91
"062001";"Airola";77;2;39;0;3;;;;44;1;34;0;9;;;;44;88
"062001";"Airola";78;0;37;1;2;;;;40;2;16;0;16;;;;34;74
"062001";"Airola";79;0;13;1;0;;;;14;1;12;0;18;;;;31;45
"062001";"Airola";80;0;19;0;2;;;;21;3;14;0;9;;;;26;47
"062001";"Airola";81;2;22;0;2;;;;26;3;5;0;11;;;;19;45
"062001";"Airola";82;1;20;0;2;;;;23;1;13;1;12;;;;27;50
"062001";"Airola";83;0;7;0;2;;;;9;0;12;0;12;;;;24;33
"062001";"Airola";84;1;15;0;2;;;;18;3;14;0;21;;;;38;56
"062001";"Airola";85;0;12;0;2;;;;14;0;6;0;18;;;;24;38
"062001";"Airola";86;0;9;0;5;;;;14;1;7;0;18;;;;26;40
"062001";"Airola";87;1;21;0;4;;;;26;1;2;0;18;;;;21;47
"062001";"Airola";88;1;8;0;3;;;;12;1;5;0;8;;;;14;26
"062001";"Airola";89;0;5;1;1;;;;7;3;3;0;11;;;;17;24
"062001";"Airola";90;0;2;1;3;;;;6;2;1;0;9;;;;12;18
"062001";"Airola";91;0;3;0;1;;;;4;1;1;0;9;;;;11;15
"062001";"Airola";92;0;5;0;2;;;;7;1;3;0;16;;;;20;27
"062001";"Airola";93;0;0;0;0;;;;0;0;3;0;9;;;;12;12
"062001";"Airola";94;0;2;0;4;;;;6;1;0;0;8;;;;9;15
"062001";"Airola";95;0;0;0;3;;;;3;0;1;0;4;;;;5;8
"062001";"Airola";96;0;1;0;0;;;;1;1;0;0;3;;;;4;5
"062001";"Airola";97;0;0;0;1;;;;1;2;0;0;3;;;;5;6
"062001";"Airola";98;0;0;0;0;;;;0;0;0;1;0;;;;1;1
"062001";"Airola";99;0;0;0;0;;;;0;0;0;0;0;;;;0;0
"062001";"Airola";100;0;0;0;2;;;;2;0;0;0;1;;;;1;3
"062001";"Airola";999;1939;1953;53;92;;;;4037;1591;1991;74;425;;;;4081;8118
"062002";"Amorosi";0;6;0;0;0;;;;6;12;0;0;0;;;;12;18
"062002";"Amorosi";1;8;0;0;0;;;;8;4;0;0;0;;;;4;12
"062002";"Amorosi";2;10;0;0;0;;;;10;8;0;0;0;;;;8;18
"062002";"Amorosi";3;15;0;0;0;;;;15;7;0;0;0;;;;7;22
"062002";"Amorosi";4;4;0;0;0;;;;4;10;0;0;0;;;;10;14
"062002";"Amorosi";5;12;0;0;0;;;;12;7;0;0;0;;;;7;19
"062002";"Amorosi";6;12;0;0;0;;;;12;10;0;0;0;;;;10;22
"062002";"Amorosi";7;8;0;0;0;;;;8;11;0;0;0;;;;11;19
"062002";"Amorosi";8;12;0;0;0;;;;12;9;0;0;0;;;;9;21
"062002";"Amorosi";9;8;0;0;0;;;;8;4;0;0;0;;;;4;12
"062002";"Amorosi";10;13;0;0;0;;;;13;10;0;0;0;;;;10;23
"062002";"Amorosi";11;10;0;0;0;;;;10;7;0;0;0;;;;7;17
"062002";"Amorosi";12;15;0;0;0;;;;15;9;0;0;0;;;;9;24
"062002";"Amorosi";13;11;0;0;0;;;;11;17;0;0;0;;;;17;28
"062002";"Amorosi";14;14;0;0;0;;;;14;6;0;0;0;;;;6;20
"062002";"Amorosi";15;15;0;0;0;;;;15;15;0;0;0;;;;15;30
"062002";"Amorosi";16;11;0;0;0;;;;11;11;0;0;0;;;;11;22
"062002";"Amorosi";17;13;0;0;0;;;;13;12;0;0;0;;;;12;25
"062002";"Amorosi";18;12;0;0;0;;;;12;10;0;0;0;;;;10;22
"062002";"Amorosi";19;9;0;0;0;;;;9;14;0;0;0;;;;14;23
"062002";"Amorosi";20;21;0;0;0;;;;21;17;0;0;0;;;;17;38
"062002";"Amorosi";21;11;0;0;0;;;;11;5;1;0;0;;;;6;17
"062002";"Amorosi";22;12;0;0;0;;;;12;24;0;0;0;;;;24;36
"062002";"Amorosi";23;17;0;0;0;;;;17;7;0;0;0;;;;7;24
"062002";"Amorosi";24;14;0;0;0;;;;14;6;0;0;0;;;;6;20
"062002";"Amorosi";25;13;0;0;0;;;;13;16;1;0;0;;;;17;30
"062002";"Amorosi";26;19;0;0;0;;;;19;12;1;0;0;;;;13;32
"062002";"Amorosi";27;14;1;0;0;;;;15;14;2;0;0;;;;16;31
"062002";"Amorosi";28;18;3;0;0;;;;21;7;1;0;0;;;;8;29
"062002";"Amorosi";29;6;3;0;0;;;;9;6;5;1;0;;;;12;21
"062002";"Amorosi";30;8;3;0;0;;;;11;11;5;0;0;;;;16;27
"062002";"Amorosi";31;8;1;0;0;;;;9;12;3;1;0;;;;16;25
"062002";"Amorosi";32;16;3;0;0;;;;19;10;4;0;0;;;;14;33
"062002";"Amorosi";33;9;3;0;0;;;;12;6;8;1;0;;;;15;27
"062002";"Amorosi";34;9;2;0;0;;;;11;9;12;0;0;;;;21;32
"062002";"Amorosi";35;5;5;0;0;;;;10;7;6;0;0;;;;13;23
"062002";"Amorosi";36;7;8;0;0;;;;15;7;5;0;1;;;;13;28
"062002";"Amorosi";37;8;10;0;0;;;;18;5;5;0;0;;;;10;28
"062002";"Amorosi";38;15;6;1;0;;;;22;3;9;0;0;;;;12;34
"062002";"Amorosi";39;8;8;0;0;;;;16;7;11;0;1;;;;19;35
"062002";"Amorosi";40;4;5;2;0;;;;11;4;8;1;0;;;;13;24
"062002";"Amorosi";41;7;14;0;0;;;;21;6;14;0;0;;;;20;41
"062002";"Amorosi";42;8;14;1;0;;;;23;2;12;0;0;;;;14;37
"062002";"Amorosi";43;11;13;1;0;;;;25;4;10;0;0;;;;14;39
"062002";"Amorosi";44;6;9;0;0;;;;15;2;7;0;0;;;;9;24
"062002";"Amorosi";45;6;10;0;0;;;;16;3;13;0;0;;;;16;32
"062002";"Amorosi";46;6;13;0;0;;;;19;6;17;0;0;;;;23;42
"062002";"Amorosi";47;5;11;2;0;;;;18;6;9;0;0;;;;15;33
"062002";"Amorosi";48;5;19;0;1;;;;25;2;17;0;0;;;;19;44
"062002";"Amorosi";49;4;15;0;0;;;;19;4;20;1;1;;;;26;45
"062002";"Amorosi";50;4;11;0;0;;;;15;3;12;2;0;;;;17;32
"062002";"Amorosi";51;6;16;1;0;;;;23;5;18;1;0;;;;24;47
"062002";"Amorosi";52;3;17;1;0;;;;21;3;17;0;1;;;;21;42
"062002";"Amorosi";53;3;16;2;0;;;;21;1;19;1;1;;;;22;43
"062002";"Amorosi";54;2;15;1;1;;;;19;3;14;1;1;;;;19;38
"062002";"Amorosi";55;3;21;1;0;;;;25;6;19;0;1;;;;26;51
"062002";"Amorosi";56;3;17;0;1;;;;21;1;12;0;2;;;;15;36
"062002";"Amorosi";57;1;16;1;0;;;;18;3;13;1;1;;;;18;36
"062002";"Amorosi";58;1;16;3;1;;;;21;3;21;3;1;;;;28;49
"062002";"Amorosi";59;1;15;0;0;;;;16;1;18;1;1;;;;21;37
"062002";"Amorosi";60;8;13;0;0;;;;21;5;21;3;2;;;;31;52
"062002";"Amorosi";61;5;17;2;0;;;;24;1;12;2;3;;;;18;42
"062002";"Amorosi";62;3;19;0;2;;;;24;1;16;0;3;;;;20;44
"062002";"Amorosi";63;3;12;1;0;;;;16;0;18;0;1;;;;19;35
"062002";"Amorosi";64;2;14;4;1;;;;21;0;12;0;3;;;;15;36
"062002";"Amorosi";65;0;19;0;1;;;;20;0;13;0;3;;;;16;36
"062002";"Amorosi";66;2;16;1;0;;;;19;3;11;3;3;;;;20;39
"062002";"Amorosi";67;2;11;2;0;;;;15;4;9;1;4;;;;18;33
"062002";"Amorosi";68;3;16;1;1;;;;21;1;9;0;3;;;;13;34
"062002";"Amorosi";69;1;9;1;1;;;;12;3;9;0;5;;;;17;29
"062002";"Amorosi";70;0;11;1;0;;;;12;0;12;0;3;;;;15;27
"062002";"Amorosi";71;0;9;0;0;;;;9;0;9;1;6;;;;16;25
"062002";"Amorosi";72;2;15;0;0;;;;17;0;7;0;3;;;;10;27
"062002";"Amorosi";73;0;9;0;0;;;;9;0;15;1;5;;;;21;30
"062002";"Amorosi";74;1;9;0;0;;;;10;3;10;0;8;;;;21;31
"062002";"Amorosi";75;2;11;1;0;;;;14;0;8;0;7;;;;15;29
"062002";"Amorosi";76;1;9;0;1;;;;11;1;13;0;14;;;;28;39
"062002";"Amorosi";77;2;17;1;1;;;;21;1;9;1;2;;;;13;34
"062002";"Amorosi";78;0;10;0;1;;;;11;0;7;0;7;;;;14;25
"062002";"Amorosi";79;0;7;0;1;;;;8;1;7;0;5;;;;13;21
"062002";"Amorosi";80;1;6;1;1;;;;9;1;6;0;6;;;;13;22
"062002";"Amorosi";81;0;7;0;1;;;;8;1;7;0;10;;;;18;26
"062002";"Amorosi";82;0;6;0;2;;;;8;1;4;0;3;;;;8;16
"062002";"Amorosi";83;0;8;0;1;;;;9;1;6;0;11;;;;18;27
"062002";"Amorosi";84;0;9;0;1;;;;10;0;2;1;8;;;;11;21
"062002";"Amorosi";85;0;7;0;0;;;;7;3;3;0;9;;;;15;22
"062002";"Amorosi";86;0;4;0;2;;;;6;0;4;1;2;;;;7;13
"062002";"Amorosi";87;1;7;0;2;;;;10;0;0;0;11;;;;11;21
"062002";"Amorosi";88;0;2;0;1;;;;3;0;0;0;2;;;;2;5
"062002";"Amorosi";89;0;1;0;1;;;;2;0;1;0;3;;;;4;6
"062002";"Amorosi";90;1;2;0;2;;;;5;0;1;0;6;;;;7;12
"062002";"Amorosi";91;0;1;0;2;;;;3;0;1;0;3;;;;4;7
"062002";"Amorosi";92;0;4;0;1;;;;5;1;0;0;2;;;;3;8
"062002";"Amorosi";93;0;0;0;1;;;;1;1;0;0;4;;;;5;6
"062002";"Amorosi";94;0;0;0;1;;;;1;0;0;0;2;;;;2;3
"062002";"Amorosi";95;0;1;0;0;;;;1;2;0;0;1;;;;3;4
"062002";"Amorosi";96;0;0;0;1;;;;1;0;0;0;0;;;;0;1
"062002";"Amorosi";97;0;0;0;0;;;;0;0;0;0;0;;;;0;0
"062002";"Amorosi";98;0;0;0;0;;;;0;0;0;0;0;;;;0;0
"062002";"Amorosi";99;0;0;0;0;;;;0;0;0;0;1;;;;1;1
"062002";"Amorosi";100;0;0;0;1;;;;1;1;0;0;1;;;;2;3
"062002";"Amorosi";999;585;657;33;35;;;;1310;488;631;29;187;;;;1335;2645
"062003";"Apice";0;11;0;0;0;;;;11;22;0;0;0;;;;22;33
"062003";"Apice";1;17;0;0;0;;;;17;11;0;0;0;;;;11;28
"062003";"Apice";2;13;0;0;0;;;;13;16;0;0;0;;;;16;29
"062003";"Apice";3;7;0;0;0;;;;7;14;0;0;0;;;;14;21
"062003";"Apice";4;24;0;0;0;;;;24;20;0;0;0;;;;20;44
"062003";"Apice";5;24;0;0;0;;;;24;17;0;0;0;;;;17;41
"062003";"Apice";6;25;0;0;0;;;;25;28;0;0;0;;;;28;53
"062003";"Apice";7;25;0;0;0;;;;25;17;0;0;0;;;;17;42
"062003";"Apice";8;33;0;0;0;;;;33;21;0;0;0;;;;21;54
"062003";"Apice";9;31;0;0;0;;;;31;22;0;0;0;;;;22;53
"062003";"Apice";10;20;0;0;0;;;;20;18;0;0;0;;;;18;38
"062003";"Apice";11;20;0;0;0;;;;20;29;0;0;0;;;;29;49
"062003";"Apice";12;29;0;0;0;;;;29;20;0;0;0;;;;20;49
"062003";"Apice";13;28;0;0;0;;;;28;24;0;0;0;;;;24;52
"062003";"Apice";14;24;0;0;0;;;;24;20;0;0;0;;;;20;44
"062003";"Apice";15;34;0;0;0;;;;34;24;0;0;0;;;;24;58
"062003";"Apice";16;30;0;0;0;;;;30;27;0;0;0;;;;27;57
"062003";"Apice";17;31;0;0;0;;;;31;34;0;0;0;;;;34;65
"062003";"Apice";18;22;0;0;0;;;;22;18;0;0;0;;;;18;40
"062003";"Apice";19;27;0;0;0;;;;27;20;0;0;0;;;;20;47
"062003";"Apice";20;35;0;0;0;;;;35;19;0;0;0;;;;19;54
"062003";"Apice";21;19;0;0;0;;;;19;23;0;0;0;;;;23;42
"062003";"Apice";22;37;0;0;0;;;;37;18;2;0;0;;;;20;57
"062003";"Apice";23;31;0;1;0;;;;32;25;1;0;0;;;;26;58
"062003";"Apice";24;27;0;0;0;;;;27;32;0;0;0;;;;32;59
"062003";"Apice";25;31;2;0;0;;;;33;28;3;0;0;;;;31;64
"062003";"Apice";26;28;1;0;0;;;;29;28;1;0;0;;;;29;58
"062003";"Apice";27;18;0;0;0;;;;18;21;2;0;0;;;;23;41
"062003";"Apice";28;25;2;0;0;;;;27;21;6;0;0;;;;27;54
"062003";"Apice";29;23;3;0;0;;;;26;23;8;0;0;;;;31;57
"062003";"Apice";30;25;4;0;0;;;;29;25;11;0;0;;;;36;65
"062003";"Apice";31;20;3;0;0;;;;23;12;9;0;0;;;;21;44
"062003";"Apice";32;25;11;0;0;;;;36;14;3;1;0;;;;18;54
"062003";"Apice";33;19;10;0;0;;;;29;12;19;1;0;;;;32;61
"062003";"Apice";34;18;10;0;0;;;;28;12;10;3;0;;;;25;53
"062003";"Apice";35;10;9;2;0;;;;21;8;22;1;0;;;;31;52
"062003";"Apice";36;15;14;0;0;;;;29;7;19;1;0;;;;27;56
"062003";"Apice";37;14;9;0;0;;;;23;17;30;1;0;;;;48;71
"062003";"Apice";38;11;17;0;0;;;;28;13;26;2;0;;;;41;69
"062003";"Apice";39;12;25;0;0;;;;37;10;18;1;2;;;;31;68
"062003";"Apice";40;9;18;2;0;;;;29;10;23;1;1;;;;35;64
"062003";"Apice";41;12;24;2;0;;;;38;7;24;3;0;;;;34;72
"062003";"Apice";42;10;25;2;0;;;;37;7;30;3;0;;;;40;77
"062003";"Apice";43;16;23;1;0;;;;40;5;22;1;0;;;;28;68
"062003";"Apice";44;6;28;0;0;;;;34;7;27;0;0;;;;34;68
"062003";"Apice";45;13;13;0;0;;;;26;5;22;2;0;;;;29;55
"062003";"Apice";46;5;21;1;0;;;;27;9;22;1;1;;;;33;60
"062003";"Apice";47;10;18;0;1;;;;29;6;28;0;0;;;;34;63
"062003";"Apice";48;6;28;0;1;;;;35;5;25;3;0;;;;33;68
"062003";"Apice";49;16;27;1;0;;;;44;5;35;2;1;;;;43;87
"062003";"Apice";50;4;35;3;0;;;;42;5;33;1;3;;;;42;84
"062003";"Apice";51;11;37;2;1;;;;51;3;29;2;1;;;;35;86
"062003";"Apice";52;4;23;1;1;;;;29;2;26;3;2;;;;33;62
"062003";"Apice";53;7;34;2;0;;;;43;3;36;7;3;;;;49;92
"062003";"Apice";54;12;29;2;0;;;;43;2;37;2;2;;;;43;86
"062003";"Apice";55;4;27;5;0;;;;36;5;31;3;1;;;;40;76
"062003";"Apice";56;8;36;3;1;;;;48;1;31;4;1;;;;37;85
"062003";"Apice";57;4;35;1;0;;;;40;5;34;0;3;;;;42;82
"062003";"Apice";58;10;34;1;0;;;;45;4;36;1;2;;;;43;88
"062003";"Apice";59;13;27;2;2;;;;44;3;36;2;3;;;;44;88
"062003";"Apice";60;9;41;1;1;;;;52;3;36;3;8;;;;50;102
"062003";"Apice";61;6;36;4;0;;;;46;0;32;0;6;;;;38;84
"062003";"Apice";62;1;34;0;1;;;;36;2;39;0;4;;;;45;81
"062003";"Apice";63;4;33;1;1;;;;39;1;41;0;4;;;;46;85
"062003";"Apice";64;5;33;1;1;;;;40;1;24;1;8;;;;34;74
"062003";"Apice";65;7;37;2;4;;;;50;3;29;1;4;;;;37;87
"062003";"Apice";66;0;19;0;1;;;;20;1;20;0;9;;;;30;50
"062003";"Apice";67;3;34;4;0;;;;41;2;22;3;3;;;;30;71
"062003";"Apice";68;3;23;0;0;;;;26;0;26;0;6;;;;32;58
"062003";"Apice";69;4;31;2;2;;;;39;1;28;1;9;;;;39;78
"062003";"Apice";70;1;18;2;3;;;;24;4;20;1;8;;;;33;57
"062003";"Apice";71;0;26;0;2;;;;28;2;24;0;8;;;;34;62
"062003";"Apice";72;3;19;0;2;;;;24;0;14;1;7;;;;22;46
"062003";"Apice";73;7;25;0;1;;;;33;0;16;0;8;;;;24;57
"062003";"Apice";74;0;22;0;1;;;;23;1;13;3;11;;;;28;51
"062003";"Apice";75;1;21;2;3;;;;27;0;18;1;15;;;;34;61
"062003";"Apice";76;0;17;0;1;;;;18;1;17;2;10;;;;30;48
"062003";"Apice";77;1;21;0;5;;;;27;2;11;0;9;;;;22;49
"062003";"Apice";78;5;22;0;2;;;;29;1;12;0;12;;;;25;54
"062003";"Apice";79;1;13;0;0;;;;14;0;15;0;4;;;;19;33
"062003";"Apice";80;1;13;0;2;;;;16;0;7;0;8;;;;15;31
"062003";"Apice";81;1;18;0;2;;;;21;1;3;0;12;;;;16;37
"062003";"Apice";82;0;6;0;1;;;;7;1;7;0;11;;;;19;26
"062003";"Apice";83;1;7;0;0;;;;8;2;7;0;10;;;;19;27
"062003";"Apice";84;1;19;0;6;;;;26;1;7;0;14;;;;22;48
"062003";"Apice";85;1;15;0;4;;;;20;2;5;0;8;;;;15;35
"062003";"Apice";86;1;11;1;1;;;;14;0;4;0;13;;;;17;31
"062003";"Apice";87;0;5;0;3;;;;8;0;4;0;16;;;;20;28
"062003";"Apice";88;2;4;1;6;;;;13;0;3;0;13;;;;16;29
"062003";"Apice";89;0;4;0;2;;;;6;0;1;0;10;;;;11;17
"062003";"Apice";90;0;1;0;3;;;;4;1;2;0;8;;;;11;15
"062003";"Apice";91;0;3;0;0;;;;3;1;1;0;13;;;;15;18
"062003";"Apice";92;0;5;0;4;;;;9;0;1;0;9;;;;10;19
"062003";"Apice";93;0;5;0;0;;;;5;1;1;0;5;;;;7;12
"062003";"Apice";94;0;0;0;1;;;;1;1;0;0;13;;;;14;15
"062003";"Apice";95;0;0;0;0;;;;0;0;0;0;3;;;;3;3
"062003";"Apice";96;0;1;0;1;;;;2;0;0;0;5;;;;5;7
"062003";"Apice";97;0;0;0;0;;;;0;0;0;0;1;;;;1;1
"062003";"Apice";98;0;0;0;1;;;;1;0;0;0;0;;;;0;1
"062003";"Apice";99;0;1;0;0;;;;1;0;0;0;1;;;;1;2
"062003";"Apice";100;0;0;0;0;;;;0;0;0;0;0;;;;0;0
"062003";"Apice";999;1167;1305;55;75;;;;2602;925;1287;69;352;;;;2633;5235
"062004";"Apollosa";0;2;0;0;0;;;;2;10;0;0;0;;;;10;12
"062004";"Apollosa";1;10;0;0;0;;;;10;11;0;0;0;;;;11;21
"062004";"Apollosa";2;14;0;0;0;;;;14;8;0;0;0;;;;8;22
"062004";"Apollosa";3;4;0;0;0;;;;4;13;0;0;0;;;;13;17
"062004";"Apollosa";4;7;0;0;0;;;;7;6;0;0;0;;;;6;13
"062004";"Apollosa";5;7;0;0;0;;;;7;6;0;0;0;;;;6;13
"062004";"Apollosa";6;10;0;0;0;;;;10;11;0;0;0;;;;11;21
"062004";"Apollosa";7;12;0;0;0;;;;12;9;0;0;0;;;;9;21
"062004";"Apollosa";8;4;0;0;0;;;;4;6;0;0;0;;;;6;10
"062004";"Apollosa";9;14;0;0;0;;;;14;16;0;0;0;;;;16;30
"062004";"Apollosa";10;8;0;0;0;;;;8;5;0;0;0;;;;5;13
"062004";"Apollosa";11;11;0;0;0;;;;11;10;0;0;0;;;;10;21
"062004";"Apollosa";12;8;0;0;0;;;;8;10;0;0;0;;;;10;18
"062004";"Apollosa";13;13;0;0;0;;;;13;9;0;0;0;;;;9;22
"062004";"Apollosa";14;12;0;0;0;;;;12;11;0;0;0;;;;11;23
"062004";"Apollosa";15;14;0;0;0;;;;14;9;0;0;0;;;;9;23
"062004";"Apollosa";16;20;0;0;0;;;;20;9;0;0;0;;;;9;29
"062004";"Apollosa";17;10;0;0;0;;;;10;11;0;0;0;;;;11;21
"062004";"Apollosa";18;14;0;0;0;;;;14;15;0;0;0;;;;15;29
"062004";"Apollosa";19;13;0;0;0;;;;13;6;0;0;0;;;;6;19
"062004";"Apollosa";20;11;0;0;0;;;;11;10;0;0;0;;;;10;21
"062004";"Apollosa";21;8;0;0;0;;;;8;9;0;0;0;;;;9;17
"062004";"Apollosa";22;16;0;0;0;;;;16;12;1;0;0;;;;13;29
"062004";"Apollosa";23;10;0;0;0;;;;10;18;0;0;0;;;;18;28
"062004";"Apollosa";24;10;1;0;0;;;;11;10;1;0;0;;;;11;22
"062004";"Apollosa";25;17;1;0;0;;;;18;13;0;0;0;;;;13;31
"062004";"Apollosa";26;13;0;0;0;;;;13;13;2;0;0;;;;15;28
"062004";"Apollosa";27;13;0;0;0;;;;13;10;0;0;0;;;;10;23
"062004";"Apollosa";28;10;0;0;0;;;;10;12;0;0;0;;;;12;22
"062004";"Apollosa";29;16;0;0;0;;;;16;8;1;0;0;;;;9;25
"062004";"Apollosa";30;9;4;0;0;;;;13;9;3;0;0;;;;12;25
"062004";"Apollosa";31;14;1;0;0;;;;15;18;5;0;0;;;;23;38
"062004";"Apollosa";32;17;4;0;0;;;;21;11;3;0;0;;;;14;35
"062004";"Apollosa";33;8;1;0;0;;;;9;15;4;0;0;;;;19;28
"062004";"Apollosa";34;16;4;0;0;;;;20;10;5;0;0;;;;15;35
"062004";"Apollosa";35;11;3;0;0;;;;14;9;6;0;0;;;;15;29
"062004";"Apollosa";36;11;2;0;0;;;;13;11;9;0;0;;;;20;33
"062004";"Apollosa";37;6;7;0;0;;;;13;7;6;0;0;;;;13;26
"062004";"Apollosa";38;9;3;0;1;;;;13;6;8;0;0;;;;14;27
"062004";"Apollosa";39;4;9;1;0;;;;14;6;7;1;0;;;;14;28
"062004";"Apollosa";40;6;3;0;0;;;;9;4;9;0;0;;;;13;22
"062004";"Apollosa";41;10;6;0;0;;;;16;4;8;0;0;;;;12;28
"062004";"Apollosa";42;3;10;0;0;;;;13;1;9;0;0;;;;10;23
"062004";"Apollosa";43;3;9;0;0;;;;12;5;16;0;0;;;;21;33
"062004";"Apollosa";44;5;3;1;0;;;;9;5;9;1;1;;;;16;25
"062004";"Apollosa";45;7;12;0;0;;;;19;4;14;1;0;;;;19;38
"062004";"Apollosa";46;2;11;0;0;;;;13;5;9;3;0;;;;17;30
"062004";"Apollosa";47;8;12;0;0;;;;20;0;15;1;0;;;;16;36
"062004";"Apollosa";48;4;9;0;0;;;;13;3;11;0;0;;;;14;27
"062004";"Apollosa";49;1;7;3;0;;;;11;2;12;0;3;;;;17;28
"062004";"Apollosa";50;4;13;0;0;;;;17;3;17;0;1;;;;21;38
"062004";"Apollosa";51;6;8;0;0;;;;14;1;18;1;1;;;;21;35
"062004";"Apollosa";52;4;9;0;0;;;;13;4;15;1;0;;;;20;33
"062004";"Apollosa";53;5;21;3;0;;;;29;3;16;2;3;;;;24;53
"062004";"Apollosa";54;3;19;1;0;;;;23;3;18;1;2;;;;24;47
"062004";"Apollosa";55;5;13;0;0;;;;18;5;14;1;0;;;;20;38
"062004";"Apollosa";56;1;15;0;0;;;;16;3;7;0;1;;;;11;27
"062004";"Apollosa";57;1;16;0;0;;;;17;4;15;1;0;;;;20;37
"062004";"Apollosa";58;2;14;1;0;;;;17;2;9;0;0;;;;11;28
"062004";"Apollosa";59;1;18;0;1;;;;20;0;17;1;0;;;;18;38
"062004";"Apollosa";60;5;10;0;0;;;;15;1;19;0;4;;;;24;39
"062004";"Apollosa";61;7;14;0;0;;;;21;4;21;0;1;;;;26;47
"062004";"Apollosa";62;2;19;1;1;;;;23;4;11;1;1;;;;17;40
"062004";"Apollosa";63;0;21;1;0;;;;22;2;19;2;3;;;;26;48
"062004";"Apollosa";64;2;18;0;0;;;;20;2;17;1;2;;;;22;42
"062004";"Apollosa";65;1;19;0;1;;;;21;0;15;0;2;;;;17;38
"062004";"Apollosa";66;1;17;1;0;;;;19;0;16;0;4;;;;20;39
"062004";"Apollosa";67;0;13;1;0;;;;14;2;14;0;2;;;;18;32
"062004";"Apollosa";68;2;13;1;0;;;;16;2;16;0;2;;;;20;36
"062004";"Apollosa";69;2;13;1;0;;;;16;2;16;0;2;;;;20;36
"062004";"Apollosa";70;0;18;0;2;;;;20;0;8;0;1;;;;9;29
"062004";"Apollosa";71;3;15;0;1;;;;19;1;9;0;2;;;;12;31
"062004";"Apollosa";72;0;12;0;0;;;;12;0;10;0;3;;;;13;25
"062004";"Apollosa";73;1;14;0;1;;;;16;0;10;1;5;;;;16;32
"062004";"Apollosa";74;0;10;0;3;;;;13;0;11;0;5;;;;16;29
"062004";"Apollosa";75;1;11;0;3;;;;15;1;10;0;4;;;;15;30
"062004";"Apollosa";76;1;11;0;0;;;;12;0;10;0;3;;;;13;25
"062004";"Apollosa";77;0;11;0;3;;;;14;2;5;0;5;;;;12;26
"062004";"Apollosa";78;1;12;1;2;;;;16;0;4;0;2;;;;6;22
"062004";"Apollosa";79;0;7;0;1;;;;8;0;1;0;5;;;;6;14
"062004";"Apollosa";80;1;4;0;1;;;;6;0;5;0;6;;;;11;17
"062004";"Apollosa";81;0;5;0;1;;;;6;0;2;0;3;;;;5;11
"062004";"Apollosa";82;1;4;0;1;;;;6;0;1;0;2;;;;3;9
"062004";"Apollosa";83;1;7;0;0;;;;8;0;1;0;3;;;;4;12
"062004";"Apollosa";84;0;4;0;3;;;;7;0;1;0;6;;;;7;14
"062004";"Apollosa";85;0;6;0;6;;;;12;1;2;0;6;;;;9;21
"062004";"Apollosa";86;2;3;0;0;;;;5;0;2;0;3;;;;5;10
"062004";"Apollosa";87;0;1;0;2;;;;3;0;0;0;5;;;;5;8
"062004";"Apollosa";88;0;0;0;0;;;;0;0;2;0;3;;;;5;5
"062004";"Apollosa";89;0;0;0;1;;;;1;0;2;0;3;;;;5;6
"062004";"Apollosa";90;0;4;0;4;;;;8;1;0;0;5;;;;6;14
"062004";"Apollosa";91;0;1;0;2;;;;3;4;0;0;2;;;;6;9
"062004";"Apollosa";92;0;2;0;0;;;;2;1;0;0;1;;;;2;4
"062004";"Apollosa";93;0;0;0;0;;;;0;0;2;0;4;;;;6;6
"062004";"Apollosa";94;0;0;0;1;;;;1;0;1;0;6;;;;7;8
"062004";"Apollosa";95;0;0;0;0;;;;0;1;0;0;3;;;;4;4
"062004";"Apollosa";96;0;0;0;2;;;;2;0;0;0;2;;;;2;4
"062004";"Apollosa";97;0;0;0;1;;;;1;1;0;0;3;;;;4;5
"062004";"Apollosa";98;0;1;0;1;;;;2;0;0;0;0;;;;0;2
"062004";"Apollosa";99;0;0;0;1;;;;1;0;0;0;1;;;;1;2
"062004";"Apollosa";100;0;0;0;1;;;;1;0;0;0;0;;;;0;1
"062004";"Apollosa";999;551;588;17;48;;;;1204;501;582;20;137;;;;1240;2444
"062005";"Arpaia";0;10;0;0;0;;;;10;8;0;0;0;;;;8;18
"062005";"Arpaia";1;6;0;0;0;;;;6;9;0;0;0;;;;9;15
"062005";"Arpaia";2;13;0;0;0;;;;13;3;0;0;0;;;;3;16
"062005";"Arpaia";3;11;0;0;0;;;;11;7;0;0;0;;;;7;18
"062005";"Arpaia";4;12;0;0;0;;;;12;10;0;0;0;;;;10;22
"062005";"Arpaia";5;11;0;0;0;;;;11;14;0;0;0;;;;14;25
"062005";"Arpaia";6;14;0;0;0;;;;14;10;0;0;0;;;;10;24
"062005";"Arpaia";7;13;0;0;0;;;;13;8;0;0;0;;;;8;21
"062005";"Arpaia";8;9;0;0;0;;;;9;13;0;0;0;;;;13;22
"062005";"Arpaia";9;8;0;0;0;;;;8;6;0;0;0;;;;6;14
"062005";"Arpaia";10;8;0;0;0;;;;8;7;0;0;0;;;;7;15
"062005";"Arpaia";11;10;0;0;0;;;;10;12;0;0;0;;;;12;22
"062005";"Arpaia";12;14;0;0;0;;;;14;9;0;0;0;;;;9;23
"062005";"Arpaia";13;4;0;0;0;;;;4;9;0;0;0;;;;9;13
"062005";"Arpaia";14;11;0;0;0;;;;11;9;0;0;0;;;;9;20
"062005";"Arpaia";15;9;0;0;0;;;;9;10;0;0;0;;;;10;19
"062005";"Arpaia";16;10;0;0;0;;;;10;6;0;0;0;;;;6;16
"062005";"Arpaia";17;9;0;0;0;;;;9;12;0;0;0;;;;12;21
"062005";"Arpaia";18;12;0;0;0;;;;12;9;0;0;0;;;;9;21
"062005";"Arpaia";19;10;0;0;0;;;;10;8;0;0;0;;;;8;18
"062005";"Arpaia";20;9;0;0;0;;;;9;7;0;0;0;;;;7;16
"062005";"Arpaia";21;8;0;0;0;;;;8;5;0;0;0;;;;5;13
"062005";"Arpaia";22;10;0;0;0;;;;10;9;0;0;0;;;;9;19
"062005";"Arpaia";23;12;0;0;0;;;;12;13;0;0;0;;;;13;25
"062005";"Arpaia";24;15;0;0;0;;;;15;13;2;0;0;;;;15;30
"062005";"Arpaia";25;14;0;0;0;;;;14;14;0;0;0;;;;14;28
"062005";"Arpaia";26;7;0;0;0;;;;7;12;3;0;0;;;;15;22
"062005";"Arpaia";27;9;1;0;0;;;;10;5;2;0;0;;;;7;17
"062005";"Arpaia";28;13;3;0;0;;;;16;7;1;0;0;;;;8;24
"062005";"Arpaia";29;11;3;0;0;;;;14;5;5;0;0;;;;10;24
"062005";"Arpaia";30;8;2;0;0;;;;10;8;5;0;0;;;;13;23
"062005";"Arpaia";31;7;4;0;0;;;;11;12;6;0;0;;;;18;29
"062005";"Arpaia";32;13;4;0;0;;;;17;11;6;0;0;;;;17;34
"062005";"Arpaia";33;8;5;0;0;;;;13;5;6;0;0;;;;11;24
"062005";"Arpaia";34;3;6;0;0;;;;9;8;8;0;0;;;;16;25
"062005";"Arpaia";35;8;7;0;0;;;;15;9;9;0;0;;;;18;33
"062005";"Arpaia";36;16;3;0;0;;;;19;9;6;0;0;;;;15;34
"062005";"Arpaia";37;9;5;0;0;;;;14;5;9;0;0;;;;14;28
"062005";"Arpaia";38;13;14;0;0;;;;27;1;7;0;1;;;;9;36
"062005";"Arpaia";39;8;8;0;0;;;;16;1;7;0;0;;;;8;24
"062005";"Arpaia";40;3;5;0;0;;;;8;3;9;0;0;;;;12;20
"062005";"Arpaia";41;7;11;0;0;;;;18;4;10;1;0;;;;15;33
"062005";"Arpaia";42;6;7;0;0;;;;13;0;10;0;0;;;;10;23
"062005";"Arpaia";43;8;5;0;0;;;;13;1;11;3;0;;;;15;28
"062005";"Arpaia";44;6;6;0;0;;;;12;0;13;2;0;;;;15;27
"062005";"Arpaia";45;2;14;0;0;;;;16;1;10;0;0;;;;11;27
"062005";"Arpaia";46;4;10;0;0;;;;14;1;5;0;0;;;;6;20
"062005";"Arpaia";47;2;9;0;0;;;;11;1;8;1;0;;;;10;21
"062005";"Arpaia";48;4;11;0;0;;;;15;1;10;2;0;;;;13;28
"062005";"Arpaia";49;2;9;1;0;;;;12;1;8;0;0;;;;9;21
"062005";"Arpaia";50;1;11;1;0;;;;13;2;12;0;0;;;;14;27
"062005";"Arpaia";51;2;8;0;0;;;;10;0;13;0;2;;;;15;25
"062005";"Arpaia";52;4;9;0;0;;;;13;1;10;2;1;;;;14;27
"062005";"Arpaia";53;6;13;0;0;;;;19;1;8;3;1;;;;13;32
"062005";"Arpaia";54;1;10;1;0;;;;12;1;16;2;1;;;;20;32
"062005";"Arpaia";55;1;4;1;0;;;;6;0;12;1;3;;;;16;22
"062005";"Arpaia";56;2;5;0;0;;;;7;2;9;0;1;;;;12;19
"062005";"Arpaia";57;2;17;0;0;;;;19;5;14;1;2;;;;22;41
"062005";"Arpaia";58;3;14;0;1;;;;18;4;16;1;5;;;;26;44
"062005";"Arpaia";59;0;16;1;1;;;;18;1;14;1;2;;;;18;36
"062005";"Arpaia";60;8;16;2;0;;;;26;2;13;0;0;;;;15;41
"062005";"Arpaia";61;1;11;2;0;;;;14;3;14;2;1;;;;20;34
"062005";"Arpaia";62;0;13;1;1;;;;15;1;7;0;3;;;;11;26
"062005";"Arpaia";63;2;15;1;0;;;;18;1;10;0;2;;;;13;31
"062005";"Arpaia";64;0;12;0;0;;;;12;2;12;0;7;;;;21;33
"062005";"Arpaia";65;1;13;0;1;;;;15;2;7;1;2;;;;12;27
"062005";"Arpaia";66;0;8;1;0;;;;9;3;6;0;2;;;;11;20
"062005";"Arpaia";67;2;4;0;0;;;;6;0;10;0;3;;;;13;19
"062005";"Arpaia";68;0;11;0;1;;;;12;1;6;0;1;;;;8;20
"062005";"Arpaia";69;0;10;0;2;;;;12;1;7;0;4;;;;12;24
"062005";"Arpaia";70;0;4;0;0;;;;4;0;7;0;2;;;;9;13
"062005";"Arpaia";71;2;10;1;1;;;;14;0;8;0;2;;;;10;24
"062005";"Arpaia";72;0;9;0;3;;;;12;0;5;0;2;;;;7;19
"062005";"Arpaia";73;0;5;1;0;;;;6;2;4;0;1;;;;7;13
"062005";"Arpaia";74;1;4;1;0;;;;6;2;3;0;3;;;;8;14
"062005";"Arpaia";75;1;14;0;1;;;;16;0;3;0;3;;;;6;22
"062005";"Arpaia";76;0;10;0;1;;;;11;2;6;0;3;;;;11;22
"062005";"Arpaia";77;1;6;0;0;;;;7;0;4;0;7;;;;11;18
"062005";"Arpaia";78;0;3;0;3;;;;6;2;1;0;2;;;;5;11
"062005";"Arpaia";79;0;2;0;0;;;;2;1;3;0;1;;;;5;7
"062005";"Arpaia";80;0;3;0;2;;;;5;0;1;0;3;;;;4;9
"062005";"Arpaia";81;0;2;0;1;;;;3;2;1;0;5;;;;8;11
"062005";"Arpaia";82;0;4;0;1;;;;5;0;3;0;2;;;;5;10
"062005";"Arpaia";83;0;3;0;0;;;;3;0;4;0;2;;;;6;9
"062005";"Arpaia";84;0;4;0;3;;;;7;0;1;0;4;;;;5;12
"062005";"Arpaia";85;0;1;0;0;;;;1;0;0;0;1;;;;1;2
"062005";"Arpaia";86;0;4;0;2;;;;6;0;1;0;4;;;;5;11
"062005";"Arpaia";87;0;2;0;1;;;;3;0;0;0;1;;;;1;4
"062005";"Arpaia";88;0;1;0;0;;;;1;0;0;0;5;;;;5;6
"062005";"Arpaia";89;0;0;0;1;;;;1;0;0;0;3;;;;3;4
"062005";"Arpaia";90;0;2;0;0;;;;2;0;0;0;2;;;;2;4
"062005";"Arpaia";91;0;0;0;1;;;;1;0;0;0;0;;;;0;1
"062005";"Arpaia";92;0;0;0;0;;;;0;0;0;0;2;;;;2;2
"062005";"Arpaia";93;0;0;0;0;;;;0;0;0;0;2;;;;2;2
"062005";"Arpaia";94;0;1;0;0;;;;1;0;0;0;0;;;;0;1
"062005";"Arpaia";95;0;0;0;1;;;;1;0;0;0;2;;;;2;3
"062005";"Arpaia";96;0;0;0;0;;;;0;0;0;0;3;;;;3;3
"062005";"Arpaia";97;0;0;0;0;;;;0;0;0;0;1;;;;1;1
"062005";"Arpaia";98;0;0;0;0;;;;0;0;0;0;0;;;;0;0
"062005";"Arpaia";99;0;0;0;0;;;;0;0;0;0;0;;;;0;0
"062005";"Arpaia";100;0;0;0;0;;;;0;0;0;0;0;;;;0;0
"062005";"Arpaia";999;490;466;15;29;;;;1000;395;447;23;112;;;;977;1977
"062006";"Arpaise";0;2;0;0;0;;;;2;2;0;0;0;;;;2;4
"062006";"Arpaise";1;2;0;0;0;;;;2;1;0;0;0;;;;1;3
"062006";"Arpaise";2;3;0;0;0;;;;3;1;0;0;0;;;;1;4
"062006";"Arpaise";3;1;0;0;0;;;;1;1;0;0;0;;;;1;2
"062006";"Arpaise";4;4;0;0;0;;;;4;3;0;0;0;;;;3;7
"062006";"Arpaise";5;1;0;0;0;;;;1;2;0;0;0;;;;2;3
"062006";"Arpaise";6;3;0;0;0;;;;3;1;0;0;0;;;;1;4
"062006";"Arpaise";7;2;0;0;0;;;;2;3;0;0;0;;;;3;5
"062006";"Arpaise";8;4;0;0;0;;;;4;4;0;0;0;;;;4;8
"062006";"Arpaise";9;1;0;0;0;;;;1;2;0;0;0;;;;2;3
"062006";"Arpaise";10;2;0;0;0;;;;2;1;0;0;0;;;;1;3
"062006";"Arpaise";11;0;0;0;0;;;;0;2;0;0;0;;;;2;2
"062006";"Arpaise";12;1;0;0;0;;;;1;2;0;0;0;;;;2;3
"062006";"Arpaise";13;5;0;0;0;;;;5;2;0;0;0;;;;2;7
"062006";"Arpaise";14;0;0;0;0;;;;0;1;0;0;0;;;;1;1
"062006";"Arpaise";15;3;0;0;0;;;;3;3;0;0;0;;;;3;6
"062006";"Arpaise";16;2;0;0;0;;;;2;4;0;0;0;;;;4;6
"062006";"Arpaise";17;2;0;0;0;;;;2;3;0;0;0;;;;3;5
"062006";"Arpaise";18;3;0;0;0;;;;3;2;0;0;0;;;;2;5
"062006";"Arpaise";19;4;0;0;0;;;;4;2;0;0;0;;;;2;6
"062006";"Arpaise";20;1;0;0;0;;;;1;2;0;0;0;;;;2;3
"062006";"Arpaise";21;2;0;0;0;;;;2;7;0;0;0;;;;7;9
"062006";"Arpaise";22;2;0;0;0;;;;2;1;0;0;0;;;;1;3
"062006";"Arpaise";23;5;0;0;0;;;;5;4;0;0;0;;;;4;9
"062006";"Arpaise";24;5;0;0;0;;;;5;3;0;0;0;;;;3;8
"062006";"Arpaise";25;1;0;0;0;;;;1;3;0;0;0;;;;3;4
"062006";"Arpaise";26;3;0;0;0;;;;3;1;0;0;0;;;;1;4
"062006";"Arpaise";27;2;0;0;0;;;;2;1;0;0;0;;;;1;3
"062006";"Arpaise";28;2;0;0;0;;;;2;3;0;0;0;;;;3;5
"062006";"Arpaise";29;7;0;0;0;;;;7;2;2;0;0;;;;4;11
"062006";"Arpaise";30;5;2;0;0;;;;7;2;0;0;0;;;;2;9
"062006";"Arpaise";31;5;2;0;0;;;;7;2;1;0;0;;;;3;10
"062006";"Arpaise";32;6;0;0;0;;;;6;3;3;0;0;;;;6;12
"062006";"Arpaise";33;5;0;0;0;;;;5;2;1;0;0;;;;3;8
"062006";"Arpaise";34;6;2;0;0;;;;8;0;3;0;0;;;;3;11
"062006";"Arpaise";35;1;2;0;0;;;;3;4;1;0;0;;;;5;8
"062006";"Arpaise";36;7;1;0;0;;;;8;4;3;0;0;;;;7;15
"062006";"Arpaise";37;1;2;0;0;;;;3;0;1;0;0;;;;1;4
"062006";"Arpaise";38;4;0;0;0;;;;4;1;2;0;0;;;;3;7
"062006";"Arpaise";39;3;1;0;0;;;;4;3;1;1;0;;;;5;9
"062006";"Arpaise";40;3;6;0;0;;;;9;0;6;0;0;;;;6;15
"062006";"Arpaise";41;2;4;0;0;;;;6;1;5;0;0;;;;6;12
"062006";"Arpaise";42;1;2;0;0;;;;3;0;4;1;0;;;;5;8
"062006";"Arpaise";43;4;5;0;0;;;;9;3;3;0;1;;;;7;16
"062006";"Arpaise";44;2;4;0;0;;;;6;0;3;0;0;;;;3;9
"062006";"Arpaise";45;1;4;0;0;;;;5;0;2;0;0;;;;2;7
"062006";"Arpaise";46;2;3;0;0;;;;5;0;2;0;0;;;;2;7
"062006";"Arpaise";47;1;4;0;0;;;;5;0;1;0;0;;;;1;6
"062006";"Arpaise";48;1;3;0;0;;;;4;1;5;0;0;;;;6;10
"062006";"Arpaise";49;3;5;0;0;;;;8;1;4;0;0;;;;5;13
"062006";"Arpaise";50;1;1;0;0;;;;2;0;4;1;0;;;;5;7
"062006";"Arpaise";51;2;3;0;0;;;;5;1;4;0;1;;;;6;11
"062006";"Arpaise";52;1;1;0;1;;;;3;1;3;0;1;;;;5;8
"062006";"Arpaise";53;0;1;0;0;;;;1;2;2;1;0;;;;5;6
"062006";"Arpaise";54;0;3;0;0;;;;3;0;0;0;0;;;;0;3
"062006";"Arpaise";55;2;4;0;0;;;;6;1;9;0;1;;;;11;17
"062006";"Arpaise";56;2;6;0;0;;;;8;3;4;0;1;;;;8;16
"062006";"Arpaise";57;2;1;1;0;;;;4;0;5;0;1;;;;6;10
"062006";"Arpaise";58;1;7;0;0;;;;8;0;2;0;0;;;;2;10
"062006";"Arpaise";59;0;2;0;0;;;;2;0;10;0;0;;;;10;12
"062006";"Arpaise";60;0;1;1;1;;;;3;2;5;1;1;;;;9;12
"062006";"Arpaise";61;2;4;0;0;;;;6;1;3;0;1;;;;5;11
"062006";"Arpaise";62;2;10;1;0;;;;13;0;6;0;0;;;;6;19
"062006";"Arpaise";63;0;6;0;0;;;;6;3;4;0;0;;;;7;13
"062006";"Arpaise";64;0;3;1;0;;;;4;0;5;0;2;;;;7;11
"062006";"Arpaise";65;1;4;1;0;;;;6;1;5;0;2;;;;8;14
"062006";"Arpaise";66;1;3;0;0;;;;4;2;3;0;1;;;;6;10
"062006";"Arpaise";67;0;4;0;0;;;;4;0;4;1;3;;;;8;12
"062006";"Arpaise";68;2;3;1;0;;;;6;0;10;1;0;;;;11;17
"062006";"Arpaise";69;1;5;1;0;;;;7;1;1;0;0;;;;2;9
"062006";"Arpaise";70;1;8;0;1;;;;10;0;2;1;0;;;;3;13
"062006";"Arpaise";71;0;2;0;0;;;;2;1;6;0;0;;;;7;9
"062006";"Arpaise";72;0;8;0;0;;;;8;0;4;0;0;;;;4;12
"062006";"Arpaise";73;0;5;0;0;;;;5;0;1;0;3;;;;4;9
"062006";"Arpaise";74;0;6;0;0;;;;6;1;1;0;1;;;;3;9
"062006";"Arpaise";75;0;3;0;0;;;;3;1;3;0;1;;;;5;8
"062006";"Arpaise";76;0;3;0;0;;;;3;2;4;0;0;;;;6;9
"062006";"Arpaise";77;0;2;0;1;;;;3;0;3;0;5;;;;8;11
"062006";"Arpaise";78;1;4;0;0;;;;5;0;3;0;3;;;;6;11
"062006";"Arpaise";79;0;3;0;0;;;;3;0;1;0;4;;;;5;8
"062006";"Arpaise";80;0;0;0;1;;;;1;0;0;0;2;;;;2;3
"062006";"Arpaise";81;0;5;0;0;;;;5;0;1;0;2;;;;3;8
"062006";"Arpaise";82;0;0;0;1;;;;1;0;1;0;2;;;;3;4
"062006";"Arpaise";83;0;1;0;0;;;;1;0;0;0;1;;;;1;2
"062006";"Arpaise";84;0;3;0;0;;;;3;1;1;0;2;;;;4;7
"062006";"Arpaise";85;0;2;0;0;;;;2;0;0;0;1;;;;1;3
"062006";"Arpaise";86;0;3;0;1;;;;4;0;2;0;0;;;;2;6
"062006";"Arpaise";87;0;0;0;0;;;;0;0;0;0;1;;;;1;1
"062006";"Arpaise";88;0;1;0;0;;;;1;0;0;0;2;;;;2;3
"062006";"Arpaise";89;0;0;0;0;;;;0;0;0;0;1;;;;1;1
"062006";"Arpaise";90;0;0;0;1;;;;1;0;0;0;2;;;;2;3
"062006";"Arpaise";91;0;2;0;1;;;;3;1;0;0;1;;;;2;5
"062006";"Arpaise";92;0;1;0;0;;;;1;0;0;0;0;;;;0;1
"062006";"Arpaise";93;1;0;0;0;;;;1;0;0;0;0;;;;0;1
"062006";"Arpaise";94;0;0;0;0;;;;0;0;0;0;0;;;;0;0
"062006";"Arpaise";95;0;0;0;0;;;;0;0;0;0;0;;;;0;0
"062006";"Arpaise";96;0;0;0;0;;;;0;0;0;0;1;;;;1;1
"062006";"Arpaise";97;0;0;0;0;;;;0;0;0;0;1;;;;1;1
"062006";"Arpaise";98;0;0;0;0;;;;0;0;0;0;1;;;;1;1
"062006";"Arpaise";99;0;0;0;0;;;;0;0;0;0;0;;;;0;0
"062006";"Arpaise";100;0;0;0;0;;;;0;0;0;0;0;;;;0;0
"062006";"Arpaise";999;161;186;7;9;;;;363;121;175;8;53;;;;357;720
"062007";"Baselice";0;9;0;0;0;;;;9;7;0;0;0;;;;7;16
"062007";"Baselice";1;3;0;0;0;;;;3;5;0;0;0;;;;5;8
"062007";"Baselice";2;4;0;0;0;;;;4;7;0;0;0;;;;7;11
"062007";"Baselice";3;4;0;0;0;;;;4;1;0;0;0;;;;1;5
"062007";"Baselice";4;7;0;0;0;;;;7;8;0;0;0;;;;8;15
"062007";"Baselice";5;6;0;0;0;;;;6;9;0;0;0;;;;9;15
"062007";"Baselice";6;4;0;0;0;;;;4;8;0;0;0;;;;8;12
"062007";"Baselice";7;6;0;0;0;;;;6;11;0;0;0;;;;11;17
"062007";"Baselice";8;3;0;0;0;;;;3;5;0;0;0;;;;5;8
"062007";"Baselice";9;8;0;0;0;;;;8;6;0;0;0;;;;6;14
"062007";"Baselice";10;5;0;0;0;;;;5;8;0;0;0;;;;8;13
"062007";"Baselice";11;6;0;0;0;;;;6;2;0;0;0;;;;2;8
"062007";"Baselice";12;6;0;0;0;;;;6;5;0;0;0;;;;5;11
"062007";"Baselice";13;8;0;0;0;;;;8;13;0;0;0;;;;13;21
"062007";"Baselice";14;7;0;0;0;;;;7;7;0;0;0;;;;7;14
"062007";"Baselice";15;5;0;0;0;;;;5;12;0;0;0;;;;12;17
"062007";"Baselice";16;9;0;0;0;;;;9;8;0;0;0;;;;8;17
"062007";"Baselice";17;7;0;0;0;;;;7;5;0;0;0;;;;5;12
"062007";"Baselice";18;10;0;0;0;;;;10;5;0;0;0;;;;5;15
"062007";"Baselice";19;5;0;0;0;;;;5;14;0;0;0;;;;14;19
"062007";"Baselice";20;13;0;0;0;;;;13;8;0;0;0;;;;8;21
"062007";"Baselice";21;14;0;0;0;;;;14;7;0;0;0;;;;7;21
"062007";"Baselice";22;8;0;0;0;;;;8;12;0;0;0;;;;12;20
"062007";"Baselice";23;8;0;0;0;;;;8;4;0;0;0;;;;4;12
"062007";"Baselice";24;12;0;0;0;;;;12;10;0;0;0;;;;10;22
"062007";"Baselice";25;7;0;0;0;;;;7;11;0;0;0;;;;11;18
"062007";"Baselice";26;11;0;0;0;;;;11;13;0;0;0;;;;13;24
"062007";"Baselice";27;9;0;0;0;;;;9;7;0;0;0;;;;7;16
"062007";"Baselice";28;10;1;0;0;;;;11;10;1;0;0;;;;11;22
"062007";"Baselice";29;15;2;0;0;;;;17;1;2;0;0;;;;3;20
"062007";"Baselice";30;9;0;0;0;;;;9;4;0;0;0;;;;4;13
"062007";"Baselice";31;12;2;0;0;;;;14;9;2;0;0;;;;11;25
"062007";"Baselice";32;8;0;0;0;;;;8;6;5;0;0;;;;11;19
"062007";"Baselice";33;7;2;0;0;;;;9;6;5;0;0;;;;11;20
"062007";"Baselice";34;5;3;0;0;;;;8;6;4;0;0;;;;10;18
"062007";"Baselice";35;6;4;0;0;;;;10;9;4;0;0;;;;13;23
"062007";"Baselice";36;4;4;0;0;;;;8;5;7;1;0;;;;13;21
"062007";"Baselice";37;4;1;0;0;;;;5;4;10;0;0;;;;14;19
"062007";"Baselice";38;5;2;0;0;;;;7;2;8;0;0;;;;10;17
"062007";"Baselice";39;4;5;1;0;;;;10;1;6;0;0;;;;7;17
"062007";"Baselice";40;2;4;0;0;;;;6;5;7;0;0;;;;12;18
"062007";"Baselice";41;4;7;0;0;;;;11;4;8;1;0;;;;13;24
"062007";"Baselice";42;4;10;0;0;;;;14;4;8;0;0;;;;12;26
"062007";"Baselice";43;6;5;0;0;;;;11;5;7;0;0;;;;12;23
"062007";"Baselice";44;4;10;0;0;;;;14;1;8;1;1;;;;11;25
"062007";"Baselice";45;8;8;2;0;;;;18;1;10;1;0;;;;12;30
"062007";"Baselice";46;2;13;0;0;;;;15;0;6;0;0;;;;6;21
"062007";"Baselice";47;3;2;1;0;;;;6;4;9;0;0;;;;13;19
"062007";"Baselice";48;3;11;0;0;;;;14;1;13;1;1;;;;16;30
"062007";"Baselice";49;4;8;0;0;;;;12;6;9;0;1;;;;16;28
"062007";"Baselice";50;4;12;0;0;;;;16;2;10;0;0;;;;12;28
"062007";"Baselice";51;9;7;0;0;;;;16;0;12;1;1;;;;14;30
"062007";"Baselice";52;2;9;2;0;;;;13;0;9;0;0;;;;9;22
"062007";"Baselice";53;4;9;1;1;;;;15;5;13;0;1;;;;19;34
"062007";"Baselice";54;3;8;1;0;;;;12;1;15;0;0;;;;16;28
"062007";"Baselice";55;5;16;0;0;;;;21;0;17;0;0;;;;17;38
"062007";"Baselice";56;3;9;1;0;;;;13;1;16;0;1;;;;18;31
"062007";"Baselice";57;3;12;2;0;;;;17;3;9;0;0;;;;12;29
"062007";"Baselice";58;6;14;0;0;;;;20;1;14;0;2;;;;17;37
"062007";"Baselice";59;1;12;0;0;;;;13;2;14;0;0;;;;16;29
"062007";"Baselice";60;3;18;0;0;;;;21;1;11;0;0;;;;12;33
"062007";"Baselice";61;3;16;0;1;;;;20;3;9;0;2;;;;14;34
"062007";"Baselice";62;2;7;0;0;;;;9;0;9;0;1;;;;10;19
"062007";"Baselice";63;3;11;0;0;;;;14;0;12;0;1;;;;13;27
"062007";"Baselice";64;3;9;0;1;;;;13;1;13;0;2;;;;16;29
"062007";"Baselice";65;3;11;0;1;;;;15;2;7;0;2;;;;11;26
"062007";"Baselice";66;1;10;0;0;;;;11;1;12;1;4;;;;18;29
"062007";"Baselice";67;1;8;1;0;;;;10;1;5;0;4;;;;10;20
"062007";"Baselice";68;0;6;1;0;;;;7;0;16;0;2;;;;18;25
"062007";"Baselice";69;0;14;0;1;;;;15;3;10;1;5;;;;19;34
"062007";"Baselice";70;1;18;0;0;;;;19;0;15;0;2;;;;17;36
"062007";"Baselice";71;0;7;0;0;;;;7;0;8;0;3;;;;11;18
"062007";"Baselice";72;0;9;0;0;;;;9;1;3;0;4;;;;8;17
"062007";"Baselice";73;0;13;0;0;;;;13;2;14;0;7;;;;23;36
"062007";"Baselice";74;1;16;0;1;;;;18;0;8;1;7;;;;16;34
"062007";"Baselice";75;0;8;0;1;;;;9;0;10;0;7;;;;17;26
"062007";"Baselice";76;1;9;0;3;;;;13;2;8;1;5;;;;16;29
"062007";"Baselice";77;1;7;0;1;;;;9;0;10;0;9;;;;19;28
"062007";"Baselice";78;1;8;0;0;;;;9;0;9;0;2;;;;11;20
"062007";"Baselice";79;0;8;0;0;;;;8;1;6;0;5;;;;12;20
"062007";"Baselice";80;1;6;0;1;;;;8;0;2;0;7;;;;9;17
"062007";"Baselice";81;0;10;0;1;;;;11;0;5;0;10;;;;15;26
"062007";"Baselice";82;0;8;0;1;;;;9;1;8;0;6;;;;15;24
"062007";"Baselice";83;0;8;0;0;;;;8;1;6;0;7;;;;14;22
"062007";"Baselice";84;0;7;0;2;;;;9;0;0;0;9;;;;9;18
"062007";"Baselice";85;0;10;0;2;;;;12;0;6;0;13;;;;19;31
"062007";"Baselice";86;0;8;0;3;;;;11;0;6;0;9;;;;15;26
"062007";"Baselice";87;0;5;0;2;;;;7;0;3;0;13;;;;16;23
"062007";"Baselice";88;0;5;0;2;;;;7;0;1;0;9;;;;10;17
"062007";"Baselice";89;0;3;0;1;;;;4;0;2;0;6;;;;8;12
"062007";"Baselice";90;0;3;0;2;;;;5;0;0;0;6;;;;6;11
"062007";"Baselice";91;0;1;0;0;;;;1;0;0;0;7;;;;7;8
"062007";"Baselice";92;0;3;0;3;;;;6;2;2;0;5;;;;9;15
"062007";"Baselice";93;0;0;0;4;;;;4;0;0;0;5;;;;5;9
"062007";"Baselice";94;0;0;0;1;;;;1;0;1;0;3;;;;4;5
"062007";"Baselice";95;0;1;0;0;;;;1;0;0;0;2;;;;2;3
"062007";"Baselice";96;0;0;0;0;;;;0;0;0;0;4;;;;4;4
"062007";"Baselice";97;0;0;0;1;;;;1;0;0;0;1;;;;1;2
"062007";"Baselice";98;0;0;0;1;;;;1;0;0;0;4;;;;4;5
"062007";"Baselice";99;0;0;0;0;;;;0;0;1;0;0;;;;1;1
"062007";"Baselice";100;0;0;0;0;;;;0;0;0;0;1;;;;1;1
"062007";"Baselice";999;398;503;13;38;;;;952;349;506;10;209;;;;1074;2026
"062008";"Benevento";0;166;0;0;0;0;0;0;166;187;0;0;0;0;0;0;187;353
"062008";"Benevento";1;175;0;0;0;0;0;0;175;169;0;0;0;0;0;0;169;344
"062008";"Benevento";2;191;0;0;0;0;0;0;191;192;0;0;0;0;0;0;192;383
"062008";"Benevento";3;177;0;0;0;0;0;0;177;166;0;0;0;0;0;0;166;343
"062008";"Benevento";4;222;0;0;0;0;0;0;222;179;0;0;0;0;0;0;179;401
"062008";"Benevento";5;193;0;0;0;0;0;0;193;225;0;0;0;0;0;0;225;418
"062008";"Benevento";6;194;0;0;0;0;0;0;194;200;0;0;0;0;0;0;200;394
"062008";"Benevento";7;220;0;0;0;0;0;0;220;225;0;0;0;0;0;0;225;445
"062008";"Benevento";8;208;0;0;0;0;0;0;208;204;0;0;0;0;0;0;204;412
"062008";"Benevento";9;229;0;0;0;0;0;0;229;215;0;0;0;0;0;0;215;444
"062008";"Benevento";10;220;0;0;0;0;0;0;220;184;0;0;0;0;0;0;184;404
"062008";"Benevento";11;238;0;0;0;0;0;0;238;223;0;0;0;0;0;0;223;461
"062008";"Benevento";12;231;0;0;0;0;0;0;231;234;0;0;0;0;0;0;234;465
"062008";"Benevento";13;250;0;0;0;0;0;0;250;217;0;0;0;0;0;0;217;467
"062008";"Benevento";14;249;0;0;0;0;0;0;249;232;0;0;0;0;0;0;232;481
"062008";"Benevento";15;246;0;0;0;0;0;0;246;266;0;0;0;0;0;0;266;512
"062008";"Benevento";16;293;0;0;0;0;0;0;293;223;0;0;0;0;0;0;223;516
"062008";"Benevento";17;269;0;0;0;0;0;0;269;247;0;0;0;0;0;0;247;516
"062008";"Benevento";18;267;0;0;0;0;0;0;267;279;0;0;0;0;0;0;279;546
"062008";"Benevento";19;340;0;0;0;0;0;0;340;261;0;0;0;0;0;0;261;601
"062008";"Benevento";20;312;0;0;0;0;0;0;312;256;0;0;0;0;0;0;256;568
"062008";"Benevento";21;321;0;0;0;0;0;0;321;262;2;0;0;0;0;0;264;585
"062008";"Benevento";22;311;2;0;0;0;0;0;313;266;3;0;0;0;0;0;269;582
"062008";"Benevento";23;283;2;0;0;0;0;0;285;265;1;1;0;0;0;0;267;552
"062008";"Benevento";24;314;2;0;0;0;0;0;316;275;4;0;0;0;0;0;279;595
"062008";"Benevento";25;286;4;0;1;0;0;0;291;269;12;0;0;0;0;0;281;572
"062008";"Benevento";26;327;9;0;0;0;0;0;336;266;15;0;0;0;0;0;281;617
"062008";"Benevento";27;299;6;0;1;0;0;0;306;265;30;0;0;1;0;0;296;602
"062008";"Benevento";28;295;11;0;0;0;0;0;306;244;29;0;0;0;0;0;273;579
"062008";"Benevento";29;252;20;1;0;0;0;0;273;239;42;2;0;0;0;0;283;556
"062008";"Benevento";30;313;35;1;0;0;0;0;349;242;67;0;0;0;0;0;309;658
"062008";"Benevento";31;254;46;2;1;0;0;0;303;219;74;1;0;0;0;0;294;597
"062008";"Benevento";32;244;54;1;0;0;0;0;299;191;101;0;1;0;0;0;293;592
"062008";"Benevento";33;253;80;1;1;0;0;0;335;190;107;2;0;0;0;0;299;634
"062008";"Benevento";34;227;87;3;1;0;0;0;318;179;135;4;0;0;0;0;318;636
"062008";"Benevento";35;221;106;0;0;0;0;0;327;160;142;5;1;0;0;0;308;635
"062008";"Benevento";36;192;109;2;0;0;0;0;303;144;168;4;1;0;0;0;317;620
"062008";"Benevento";37;202;127;2;0;0;0;0;331;131;150;5;0;0;0;0;286;617
"062008";"Benevento";38;170;125;4;0;0;0;0;299;121;165;11;1;0;0;0;298;597
"062008";"Benevento";39;143;159;5;0;0;0;0;307;109;188;11;1;0;0;0;309;616
"062008";"Benevento";40;138;171;6;1;0;0;0;316;107;216;12;1;0;0;0;336;652
"062008";"Benevento";41;125;163;6;0;0;0;0;294;107;206;14;1;0;0;0;328;622
"062008";"Benevento";42;151;180;3;0;0;0;0;334;92;212;17;1;0;0;0;322;656
"062008";"Benevento";43;132;192;8;0;0;0;0;332;101;248;18;0;0;0;0;367;699
"062008";"Benevento";44;129;190;4;0;0;0;0;323;96;263;18;3;0;0;0;380;703
"062008";"Benevento";45;110;205;9;1;0;0;0;325;85;232;27;7;0;0;0;351;676
"062008";"Benevento";46;130;202;9;0;0;0;0;341;87;252;26;4;0;0;0;369;710
"062008";"Benevento";47;107;219;18;1;0;0;0;345;88;251;20;5;1;0;0;365;710
"062008";"Benevento";48;120;242;13;0;0;0;0;375;85;297;24;10;0;0;0;416;791
"062008";"Benevento";49;108;262;26;2;0;0;0;398;75;314;29;10;0;0;0;428;826
"062008";"Benevento";50;92;276;20;2;0;0;0;390;84;324;37;6;0;0;0;451;841
"062008";"Benevento";51;119;272;22;4;0;0;0;417;84;315;33;9;0;0;0;441;858
"062008";"Benevento";52;103;269;22;3;0;0;0;397;78;312;38;7;1;0;0;436;833
"062008";"Benevento";53;90;260;26;2;0;0;0;378;52;349;39;17;0;0;0;457;835
"062008";"Benevento";54;80;292;25;3;0;0;0;400;70;352;30;23;0;0;0;475;875
"062008";"Benevento";55;82;313;27;2;0;0;0;424;80;366;45;21;0;0;0;512;936
"062008";"Benevento";56;89;306;29;9;0;0;0;433;68;350;42;18;0;0;0;478;911
"062008";"Benevento";57;94;311;32;1;0;0;0;438;51;363;30;31;0;0;0;475;913
"062008";"Benevento";58;68;341;29;4;0;0;0;442;61;394;47;30;0;0;0;532;974
"062008";"Benevento";59;67;385;29;9;0;0;0;490;54;373;34;28;0;0;0;489;979
"062008";"Benevento";60;71;362;29;10;1;0;0;473;71;394;44;37;0;0;0;546;1019
"062008";"Benevento";61;58;361;28;9;0;0;0;456;47;386;38;34;1;0;0;506;962
"062008";"Benevento";62;51;340;16;13;0;0;0;420;41;368;33;46;0;0;0;488;908
"062008";"Benevento";63;50;359;24;11;0;0;0;444;47;365;37;30;0;0;0;479;923
"062008";"Benevento";64;43;319;20;10;0;0;0;392;45;359;19;57;0;0;0;480;872
"062008";"Benevento";65;28;347;10;15;0;0;0;400;35;333;29;56;0;0;0;453;853
"062008";"Benevento";66;35;301;19;10;0;0;0;365;33;287;23;77;0;0;0;420;785
"062008";"Benevento";67;16;326;16;13;0;0;0;371;36;269;24;60;0;0;0;389;760
"062008";"Benevento";68;11;278;14;16;0;0;0;319;35;278;14;76;0;0;0;403;722
"062008";"Benevento";69;26;287;13;16;0;0;0;342;30;274;14;66;0;0;0;384;726
"062008";"Benevento";70;13;285;12;14;0;0;0;324;31;215;21;87;0;0;0;354;678
"062008";"Benevento";71;18;254;8;15;0;0;0;295;32;236;11;59;0;0;0;338;633
"062008";"Benevento";72;7;250;10;21;0;0;0;288;28;257;14;97;0;0;0;396;684
"062008";"Benevento";73;9;239;4;17;0;0;0;269;22;205;12;90;0;0;0;329;598
"062008";"Benevento";74;11;229;16;17;0;0;0;273;22;201;15;106;0;0;0;344;617
"062008";"Benevento";75;11;242;8;22;0;0;0;283;19;196;11;109;0;0;0;335;618
"062008";"Benevento";76;11;207;6;27;0;0;0;251;25;211;15;120;0;0;0;371;622
"062008";"Benevento";77;4;244;4;14;0;0;0;266;37;169;1;140;0;0;0;347;613
"062008";"Benevento";78;8;219;3;27;0;0;0;257;21;152;5;122;0;0;0;300;557
"062008";"Benevento";79;7;180;5;28;0;0;0;220;16;120;6;104;0;0;0;246;466
"062008";"Benevento";80;1;144;1;21;0;0;0;167;12;105;7;116;0;0;0;240;407
"062008";"Benevento";81;4;153;0;26;0;0;0;183;29;113;1;110;0;0;0;253;436
"062008";"Benevento";82;3;124;3;20;0;0;0;150;12;91;3;118;0;0;0;224;374
"062008";"Benevento";83;2;115;1;18;0;0;0;136;10;77;3;136;0;0;0;226;362
"062008";"Benevento";84;10;106;0;32;0;0;0;148;17;68;2;158;0;0;0;245;393
"062008";"Benevento";85;4;85;3;33;0;0;0;125;10;61;4;149;0;0;0;224;349
"062008";"Benevento";86;2;91;0;25;0;0;0;118;14;46;1;117;0;0;0;178;296
"062008";"Benevento";87;3;63;1;26;0;0;0;93;23;39;2;112;0;0;0;176;269
"062008";"Benevento";88;2;66;0;27;0;0;0;95;13;32;0;119;0;0;0;164;259
"062008";"Benevento";89;0;38;0;24;0;0;0;62;11;25;1;102;0;0;0;139;201
"062008";"Benevento";90;4;28;2;20;0;0;0;54;6;14;2;82;0;0;0;104;158
"062008";"Benevento";91;2;31;0;18;0;0;0;51;5;7;2;98;0;0;0;112;163
"062008";"Benevento";92;0;23;0;22;0;0;0;45;5;8;2;71;0;0;0;86;131
"062008";"Benevento";93;2;21;0;11;0;0;0;34;4;5;1;75;0;0;0;85;119
"062008";"Benevento";94;1;12;0;9;0;0;0;22;7;5;1;41;0;0;0;54;76
"062008";"Benevento";95;0;9;0;6;0;0;0;15;3;4;0;30;0;0;0;37;52
"062008";"Benevento";96;0;5;0;9;0;0;0;14;2;2;0;38;0;0;0;42;56
"062008";"Benevento";97;0;6;0;3;0;0;0;9;2;1;0;19;0;0;0;22;31
"062008";"Benevento";98;0;1;0;1;0;0;0;2;1;0;0;13;0;0;0;14;16
"062008";"Benevento";99;0;0;0;0;0;0;0;0;3;0;1;10;0;0;0;14;14
"062008";"Benevento";100;0;0;0;5;0;0;0;5;2;2;0;9;0;0;0;13;18
"062008";"Benevento";999;12459;12785;661;730;1;0;0;26636;11090;13404;1045;3533;4;0;0;29076;55712
"062009";"Bonea";0;8;0;0;0;;;;8;5;0;0;0;;;;5;13
"062009";"Bonea";1;6;0;0;0;;;;6;3;0;0;0;;;;3;9
"062009";"Bonea";2;8;0;0;0;;;;8;11;0;0;0;;;;11;19
"062009";"Bonea";3;7;0;0;0;;;;7;3;0;0;0;;;;3;10
"062009";"Bonea";4;3;0;0;0;;;;3;5;0;0;0;;;;5;8
"062009";"Bonea";5;6;0;0;0;;;;6;7;0;0;0;;;;7;13
"062009";"Bonea";6;7;0;0;0;;;;7;9;0;0;0;;;;9;16
"062009";"Bonea";7;8;0;0;0;;;;8;7;0;0;0;;;;7;15
"062009";"Bonea";8;8;0;0;0;;;;8;2;0;0;0;;;;2;10
"062009";"Bonea";9;8;0;0;0;;;;8;4;0;0;0;;;;4;12
"062009";"Bonea";10;5;0;0;0;;;;5;8;0;0;0;;;;8;13
"062009";"Bonea";11;8;0;0;0;;;;8;7;0;0;0;;;;7;15
"062009";"Bonea";12;5;0;0;0;;;;5;6;0;0;0;;;;6;11
"062009";"Bonea";13;7;0;0;0;;;;7;9;0;0;0;;;;9;16
"062009";"Bonea";14;5;0;0;0;;;;5;4;0;0;0;;;;4;9
"062009";"Bonea";15;8;0;0;0;;;;8;6;0;0;0;;;;6;14
"062009";"Bonea";16;5;0;0;0;;;;5;7;0;0;0;;;;7;12
"062009";"Bonea";17;5;0;0;0;;;;5;4;0;0;0;;;;4;9
"062009";"Bonea";18;9;0;0;0;;;;9;12;0;0;0;;;;12;21
"062009";"Bonea";19;6;0;0;0;;;;6;6;0;0;0;;;;6;12
"062009";"Bonea";20;7;0;0;0;;;;7;7;0;0;0;;;;7;14
"062009";"Bonea";21;6;0;0;0;;;;6;9;0;0;0;;;;9;15
"062009";"Bonea";22;9;0;0;0;;;;9;7;0;0;0;;;;7;16
"062009";"Bonea";23;7;0;0;0;;;;7;10;0;0;0;;;;10;17
"062009";"Bonea";24;8;0;0;0;;;;8;5;0;0;0;;;;5;13
"062009";"Bonea";25;7;1;0;0;;;;8;3;1;0;0;;;;4;12
"062009";"Bonea";26;7;0;0;0;;;;7;9;0;0;0;;;;9;16
"062009";"Bonea";27;9;1;0;0;;;;10;5;2;0;0;;;;7;17
"062009";"Bonea";28;5;0;0;0;;;;5;7;1;0;0;;;;8;13
"062009";"Bonea";29;11;0;0;0;;;;11;6;2;0;0;;;;8;19
"062009";"Bonea";30;7;0;0;0;;;;7;6;3;0;0;;;;9;16
"062009";"Bonea";31;5;6;0;0;;;;11;4;2;0;0;;;;6;17
"062009";"Bonea";32;3;1;0;0;;;;4;6;2;0;0;;;;8;12
"062009";"Bonea";33;14;4;0;0;;;;18;8;5;0;0;;;;13;31
"062009";"Bonea";34;15;1;0;0;;;;16;5;3;0;0;;;;8;24
"062009";"Bonea";35;6;2;0;0;;;;8;10;4;0;0;;;;14;22
"062009";"Bonea";36;5;3;0;0;;;;8;4;3;0;0;;;;7;15
"062009";"Bonea";37;5;4;0;0;;;;9;2;5;0;0;;;;7;16
"062009";"Bonea";38;5;4;0;0;;;;9;1;7;0;0;;;;8;17
"062009";"Bonea";39;3;10;0;0;;;;13;1;5;0;0;;;;6;19
"062009";"Bonea";40;3;6;0;0;;;;9;4;9;0;0;;;;13;22
"062009";"Bonea";41;3;4;0;0;;;;7;6;6;1;0;;;;13;20
"062009";"Bonea";42;4;8;0;0;;;;12;3;7;0;1;;;;11;23
"062009";"Bonea";43;1;7;0;0;;;;8;1;5;0;0;;;;6;14
"062009";"Bonea";44;2;2;0;0;;;;4;2;4;0;1;;;;7;11
"062009";"Bonea";45;5;4;0;0;;;;9;1;6;0;1;;;;8;17
"062009";"Bonea";46;3;6;0;0;;;;9;2;5;2;1;;;;10;19
"062009";"Bonea";47;4;5;0;0;;;;9;3;6;0;0;;;;9;18
"062009";"Bonea";48;4;7;0;0;;;;11;2;9;0;2;;;;13;24
"062009";"Bonea";49;5;4;0;0;;;;9;1;7;0;0;;;;8;17
"062009";"Bonea";50;2;3;0;0;;;;5;3;3;0;1;;;;7;12
"062009";"Bonea";51;6;4;2;0;;;;12;2;7;1;0;;;;10;22
"062009";"Bonea";52;1;6;0;0;;;;7;0;5;0;0;;;;5;12
"062009";"Bonea";53;2;11;0;0;;;;13;1;5;0;1;;;;7;20
"062009";"Bonea";54;3;8;1;0;;;;12;0;8;0;0;;;;8;20
"062009";"Bonea";55;1;6;0;0;;;;7;0;12;1;2;;;;15;22
"062009";"Bonea";56;2;8;1;0;;;;11;3;9;1;1;;;;14;25
"062009";"Bonea";57;1;9;0;0;;;;10;0;13;0;0;;;;13;23
"062009";"Bonea";58;1;15;0;0;;;;16;1;12;1;1;;;;15;31
"062009";"Bonea";59;1;6;2;0;;;;9;0;13;0;3;;;;16;25
"062009";"Bonea";60;0;15;0;0;;;;15;0;7;0;1;;;;8;23
"062009";"Bonea";61;2;9;0;0;;;;11;1;7;1;1;;;;10;21
"062009";"Bonea";62;0;7;0;1;;;;8;0;11;0;0;;;;11;19
"062009";"Bonea";63;1;7;0;0;;;;8;0;12;0;0;;;;12;20
"062009";"Bonea";64;4;9;0;0;;;;13;0;4;0;1;;;;5;18
"062009";"Bonea";65;1;8;0;0;;;;9;2;7;0;1;;;;10;19
"062009";"Bonea";66;0;13;0;0;;;;13;0;6;0;0;;;;6;19
"062009";"Bonea";67;0;7;0;1;;;;8;0;7;0;2;;;;9;17
"062009";"Bonea";68;2;7;0;1;;;;10;1;5;0;1;;;;7;17
"062009";"Bonea";69;0;8;0;1;;;;9;0;7;0;4;;;;11;20
"062009";"Bonea";70;0;9;0;0;;;;9;1;9;0;3;;;;13;22
"062009";"Bonea";71;0;9;0;0;;;;9;1;4;1;5;;;;11;20
"062009";"Bonea";72;0;5;0;0;;;;5;0;1;0;2;;;;3;8
"062009";"Bonea";73;1;7;0;1;;;;9;0;2;0;1;;;;3;12
"062009";"Bonea";74;0;4;0;0;;;;4;0;6;0;1;;;;7;11
"062009";"Bonea";75;0;4;0;0;;;;4;2;0;0;2;;;;4;8
"062009";"Bonea";76;0;6;0;1;;;;7;0;2;0;5;;;;7;14
"062009";"Bonea";77;1;4;0;1;;;;6;0;2;0;4;;;;6;12
"062009";"Bonea";78;0;5;0;0;;;;5;1;2;0;2;;;;5;10
"062009";"Bonea";79;0;1;0;0;;;;1;0;2;0;4;;;;6;7
"062009";"Bonea";80;0;0;0;0;;;;0;0;2;0;0;;;;2;2
"062009";"Bonea";81;0;4;0;1;;;;5;1;4;0;2;;;;7;12
"062009";"Bonea";82;0;0;0;0;;;;0;0;0;0;1;;;;1;1
"062009";"Bonea";83;0;1;0;0;;;;1;0;1;0;0;;;;1;2
"062009";"Bonea";84;0;1;0;1;;;;2;0;1;0;2;;;;3;5
"062009";"Bonea";85;0;3;0;1;;;;4;0;2;0;7;;;;9;13
"062009";"Bonea";86;0;1;0;0;;;;1;0;0;0;4;;;;4;5
"062009";"Bonea";87;0;1;0;0;;;;1;0;0;0;1;;;;1;2
"062009";"Bonea";88;0;2;0;1;;;;3;0;0;0;1;;;;1;4
"062009";"Bonea";89;1;1;0;0;;;;2;0;0;0;1;;;;1;3
"062009";"Bonea";90;0;0;0;1;;;;1;0;0;0;0;;;;0;1
"062009";"Bonea";91;0;1;0;0;;;;1;0;1;0;2;;;;3;4
"062009";"Bonea";92;0;1;0;0;;;;1;0;0;0;0;;;;0;1
"062009";"Bonea";93;0;0;0;0;;;;0;0;0;0;3;;;;3;3
"062009";"Bonea";94;0;1;0;0;;;;1;0;1;0;1;;;;2;3
"062009";"Bonea";95;0;0;0;0;;;;0;0;0;0;1;;;;1;1
"062009";"Bonea";96;0;0;0;0;;;;0;0;0;0;0;;;;0;0
"062009";"Bonea";97;0;0;0;0;;;;0;0;0;0;1;;;;1;1
"062009";"Bonea";98;0;0;0;0;;;;0;0;0;0;0;;;;0;0
"062009";"Bonea";99;0;0;0;0;;;;0;0;0;0;0;;;;0;0
"062009";"Bonea";100;0;0;0;0;;;;0;0;0;0;0;;;;0;0
"062009";"Bonea";999;343;327;6;12;;;;688;285;311;9;82;;;;687;1375
"062010";"Bucciano";0;7;0;0;0;;;;7;9;0;0;0;;;;9;16
"062010";"Bucciano";1;4;0;0;0;;;;4;13;0;0;0;;;;13;17
"062010";"Bucciano";2;10;0;0;0;;;;10;10;0;0;0;;;;10;20
"062010";"Bucciano";3;9;0;0;0;;;;9;10;0;0;0;;;;10;19
"062010";"Bucciano";4;7;0;0;0;;;;7;10;0;0;0;;;;10;17
"062010";"Bucciano";5;14;0;0;0;;;;14;16;0;0;0;;;;16;30
"062010";"Bucciano";6;12;0;0;0;;;;12;9;0;0;0;;;;9;21
"062010";"Bucciano";7;13;0;0;0;;;;13;10;0;0;0;;;;10;23
"062010";"Bucciano";8;9;0;0;0;;;;9;6;0;0;0;;;;6;15
"062010";"Bucciano";9;7;0;0;0;;;;7;5;0;0;0;;;;5;12
"062010";"Bucciano";10;10;0;0;0;;;;10;11;0;0;0;;;;11;21
"062010";"Bucciano";11;12;0;0;0;;;;12;14;0;0;0;;;;14;26
"062010";"Bucciano";12;6;0;0;0;;;;6;13;0;0;0;;;;13;19
"062010";"Bucciano";13;11;0;0;0;;;;11;6;0;0;0;;;;6;17
"062010";"Bucciano";14;14;0;0;0;;;;14;10;0;0;0;;;;10;24
"062010";"Bucciano";15;10;0;0;0;;;;10;13;0;0;0;;;;13;23
"062010";"Bucciano";16;8;0;0;0;;;;8;12;0;0;0;;;;12;20
"062010";"Bucciano";17;12;0;0;0;;;;12;10;0;0;0;;;;10;22
"062010";"Bucciano";18;10;0;0;0;;;;10;12;0;0;0;;;;12;22
"062010";"Bucciano";19;11;0;0;0;;;;11;14;0;0;0;;;;14;25
"062010";"Bucciano";20;11;0;0;0;;;;11;18;0;0;0;;;;18;29
"062010";"Bucciano";21;11;0;0;0;;;;11;14;0;0;0;;;;14;25
"062010";"Bucciano";22;13;0;0;0;;;;13;12;0;0;0;;;;12;25
"062010";"Bucciano";23;13;0;0;0;;;;13;11;0;0;0;;;;11;24
"062010";"Bucciano";24;7;0;0;0;;;;7;14;1;0;0;;;;15;22
"062010";"Bucciano";25;12;0;0;0;;;;12;4;0;0;0;;;;4;16
"062010";"Bucciano";26;13;0;0;0;;;;13;9;1;0;0;;;;10;23
"062010";"Bucciano";27;11;0;0;0;;;;11;10;1;0;0;;;;11;22
"062010";"Bucciano";28;7;1;0;0;;;;8;6;1;0;0;;;;7;15
"062010";"Bucciano";29;9;1;0;0;;;;10;8;1;0;0;;;;9;19
"062010";"Bucciano";30;4;1;0;0;;;;5;6;5;0;0;;;;11;16
"062010";"Bucciano";31;7;2;0;0;;;;9;12;1;0;0;;;;13;22
"062010";"Bucciano";32;6;0;0;0;;;;6;9;7;0;0;;;;16;22
"062010";"Bucciano";33;6;4;0;0;;;;10;3;3;0;0;;;;6;16
"062010";"Bucciano";34;10;4;0;0;;;;14;5;6;0;0;;;;11;25
"062010";"Bucciano";35;5;3;0;0;;;;8;4;12;0;0;;;;16;24
"062010";"Bucciano";36;6;8;0;0;;;;14;3;6;0;0;;;;9;23
"062010";"Bucciano";37;3;11;0;0;;;;14;2;10;0;0;;;;12;26
"062010";"Bucciano";38;6;13;0;0;;;;19;4;11;0;0;;;;15;34
"062010";"Bucciano";39;1;10;0;0;;;;11;3;6;1;0;;;;10;21
"062010";"Bucciano";40;5;8;0;0;;;;13;4;9;0;0;;;;13;26
"062010";"Bucciano";41;4;11;0;0;;;;15;2;11;1;1;;;;15;30
"062010";"Bucciano";42;1;13;1;0;;;;15;5;10;0;0;;;;15;30
"062010";"Bucciano";43;3;10;0;0;;;;13;2;10;0;0;;;;12;25
"062010";"Bucciano";44;3;4;0;0;;;;7;1;10;0;0;;;;11;18
"062010";"Bucciano";45;2;9;0;0;;;;11;5;11;1;0;;;;17;28
"062010";"Bucciano";46;2;10;0;0;;;;12;1;13;0;0;;;;14;26
"062010";"Bucciano";47;6;10;0;0;;;;16;0;14;0;0;;;;14;30
"062010";"Bucciano";48;3;7;1;0;;;;11;3;14;0;1;;;;18;29
"062010";"Bucciano";49;3;11;1;0;;;;15;4;15;1;1;;;;21;36
"062010";"Bucciano";50;4;12;0;0;;;;16;0;11;0;1;;;;12;28
"062010";"Bucciano";51;3;15;0;0;;;;18;2;18;1;1;;;;22;40
"062010";"Bucciano";52;1;10;1;0;;;;12;1;10;0;1;;;;12;24
"062010";"Bucciano";53;2;16;0;0;;;;18;2;7;0;1;;;;10;28
"062010";"Bucciano";54;1;17;0;1;;;;19;0;12;0;0;;;;12;31
"062010";"Bucciano";55;2;16;0;0;;;;18;2;14;1;0;;;;17;35
"062010";"Bucciano";56;2;8;0;1;;;;11;0;19;0;0;;;;19;30
"062010";"Bucciano";57;3;15;1;0;;;;19;1;8;0;1;;;;10;29
"062010";"Bucciano";58;2;12;0;0;;;;14;1;8;0;1;;;;10;24
"062010";"Bucciano";59;1;17;0;0;;;;18;2;15;0;1;;;;18;36
"062010";"Bucciano";60;2;10;0;0;;;;12;1;9;0;3;;;;13;25
"062010";"Bucciano";61;4;14;0;0;;;;18;1;9;0;1;;;;11;29
"062010";"Bucciano";62;2;12;0;1;;;;15;1;17;1;3;;;;22;37
"062010";"Bucciano";63;0;13;1;1;;;;15;0;15;1;3;;;;19;34
"062010";"Bucciano";64;0;12;0;0;;;;12;0;11;1;3;;;;15;27
"062010";"Bucciano";65;2;15;0;0;;;;17;0;18;0;0;;;;18;35
"062010";"Bucciano";66;1;16;0;0;;;;17;1;9;0;0;;;;10;27
"062010";"Bucciano";67;0;8;0;1;;;;9;1;7;0;2;;;;10;19
"062010";"Bucciano";68;1;8;0;0;;;;9;1;6;0;1;;;;8;17
"062010";"Bucciano";69;1;11;0;0;;;;12;0;7;0;1;;;;8;20
"062010";"Bucciano";70;1;3;1;0;;;;5;1;8;0;0;;;;9;14
"062010";"Bucciano";71;1;8;1;1;;;;11;0;3;0;2;;;;5;16
"062010";"Bucciano";72;0;10;1;0;;;;11;1;3;0;5;;;;9;20
"062010";"Bucciano";73;0;8;0;0;;;;8;0;7;0;1;;;;8;16
"062010";"Bucciano";74;0;6;0;1;;;;7;0;2;1;4;;;;7;14
"062010";"Bucciano";75;0;8;0;1;;;;9;0;7;0;3;;;;10;19
"062010";"Bucciano";76;0;10;0;1;;;;11;0;6;0;2;;;;8;19
"062010";"Bucciano";77;0;7;0;2;;;;9;0;3;0;3;;;;6;15
"062010";"Bucciano";78;1;7;0;0;;;;8;1;8;0;4;;;;13;21
"062010";"Bucciano";79;1;7;0;0;;;;8;0;2;0;3;;;;5;13
"062010";"Bucciano";80;0;2;0;0;;;;2;0;2;0;6;;;;8;10
"062010";"Bucciano";81;0;5;0;2;;;;7;0;3;0;6;;;;9;16
"062010";"Bucciano";82;0;2;0;1;;;;3;0;0;0;5;;;;5;8
"062010";"Bucciano";83;0;3;0;1;;;;4;0;1;0;4;;;;5;9
"062010";"Bucciano";84;0;1;0;0;;;;1;0;2;1;3;;;;6;7
"062010";"Bucciano";85;0;3;0;1;;;;4;0;1;0;5;;;;6;10
"062010";"Bucciano";86;0;1;0;1;;;;2;0;1;0;4;;;;5;7
"062010";"Bucciano";87;0;1;0;0;;;;1;0;2;0;5;;;;7;8
"062010";"Bucciano";88;0;0;0;0;;;;0;0;2;1;1;;;;4;4
"062010";"Bucciano";89;0;1;0;0;;;;1;0;0;0;1;;;;1;2
"062010";"Bucciano";90;0;0;0;0;;;;0;0;0;0;0;;;;0;0
"062010";"Bucciano";91;0;2;0;0;;;;2;0;0;0;0;;;;0;2
"062010";"Bucciano";92;0;1;0;2;;;;3;0;0;0;3;;;;3;6
"062010";"Bucciano";93;0;0;0;0;;;;0;0;1;0;1;;;;2;2
"062010";"Bucciano";94;0;0;0;0;;;;0;1;0;0;1;;;;2;2
"062010";"Bucciano";95;0;0;0;1;;;;1;0;0;0;3;;;;3;4
"062010";"Bucciano";96;0;0;0;0;;;;0;0;0;0;1;;;;1;1
"062010";"Bucciano";97;0;0;0;0;;;;0;1;0;0;1;;;;2;2
"062010";"Bucciano";98;0;0;0;0;;;;0;0;0;0;1;;;;1;1
"062010";"Bucciano";99;0;1;0;0;;;;1;0;0;0;0;;;;0;1
"062010";"Bucciano";100;0;0;0;0;;;;0;0;0;0;0;;;;0;0
"062010";"Bucciano";999;427;505;9;20;;;;961;419;483;12;105;;;;1019;1980
"062011";"Buonalbergo";0;5;0;0;0;;;;5;0;0;0;0;;;;0;5
"062011";"Buonalbergo";1;2;0;0;0;;;;2;8;0;0;0;;;;8;10
"062011";"Buonalbergo";2;6;0;0;0;;;;6;7;0;0;0;;;;7;13
"062011";"Buonalbergo";3;3;0;0;0;;;;3;2;0;0;0;;;;2;5
"062011";"Buonalbergo";4;3;0;0;0;;;;3;2;0;0;0;;;;2;5
"062011";"Buonalbergo";5;3;0;0;0;;;;3;6;0;0;0;;;;6;9
"062011";"Buonalbergo";6;3;0;0;0;;;;3;6;0;0;0;;;;6;9
"062011";"Buonalbergo";7;2;0;0;0;;;;2;6;0;0;0;;;;6;8
"062011";"Buonalbergo";8;7;0;0;0;;;;7;7;0;0;0;;;;7;14
"062011";"Buonalbergo";9;6;0;0;0;;;;6;6;0;0;0;;;;6;12
"062011";"Buonalbergo";10;6;0;0;0;;;;6;4;0;0;0;;;;4;10
"062011";"Buonalbergo";11;5;0;0;0;;;;5;1;0;0;0;;;;1;6
"062011";"Buonalbergo";12;10;0;0;0;;;;10;3;0;0;0;;;;3;13
"062011";"Buonalbergo";13;7;0;0;0;;;;7;9;0;0;0;;;;9;16
"062011";"Buonalbergo";14;3;0;0;0;;;;3;3;0;0;0;;;;3;6
"062011";"Buonalbergo";15;6;0;0;0;;;;6;3;0;0;0;;;;3;9
"062011";"Buonalbergo";16;12;0;0;0;;;;12;3;0;0;0;;;;3;15
"062011";"Buonalbergo";17;5;0;0;0;;;;5;7;0;0;0;;;;7;12
"062011";"Buonalbergo";18;2;0;0;0;;;;2;8;0;0;0;;;;8;10
"062011";"Buonalbergo";19;12;0;0;0;;;;12;5;0;0;0;;;;5;17
"062011";"Buonalbergo";20;5;0;0;0;;;;5;7;0;0;0;;;;7;12
"062011";"Buonalbergo";21;5;0;0;0;;;;5;5;0;0;0;;;;5;10
"062011";"Buonalbergo";22;10;0;0;0;;;;10;5;0;0;0;;;;5;15
"062011";"Buonalbergo";23;10;0;0;0;;;;10;8;1;0;0;;;;9;19
"062011";"Buonalbergo";24;2;0;0;0;;;;2;7;0;0;0;;;;7;9
"062011";"Buonalbergo";25;6;0;0;0;;;;6;7;0;0;0;;;;7;13
"062011";"Buonalbergo";26;5;0;0;0;;;;5;7;1;0;0;;;;8;13
"062011";"Buonalbergo";27;10;0;0;0;;;;10;3;2;0;0;;;;5;15
"062011";"Buonalbergo";28;9;1;0;0;;;;10;2;0;0;0;;;;2;12
"062011";"Buonalbergo";29;5;2;0;0;;;;7;5;0;0;0;;;;5;12
"062011";"Buonalbergo";30;6;1;0;0;;;;7;6;4;0;0;;;;10;17
"062011";"Buonalbergo";31;5;1;0;0;;;;6;9;2;0;0;;;;11;17
"062011";"Buonalbergo";32;2;0;0;0;;;;2;3;2;0;0;;;;5;7
"062011";"Buonalbergo";33;8;2;0;0;;;;10;6;3;0;0;;;;9;19
"062011";"Buonalbergo";34;6;4;1;0;;;;11;3;2;0;0;;;;5;16
"062011";"Buonalbergo";35;6;1;0;0;;;;7;4;4;0;0;;;;8;15
"062011";"Buonalbergo";36;6;3;0;0;;;;9;3;3;0;0;;;;6;15
"062011";"Buonalbergo";37;5;3;0;0;;;;8;3;4;0;0;;;;7;15
"062011";"Buonalbergo";38;4;5;1;0;;;;10;2;4;1;0;;;;7;17
"062011";"Buonalbergo";39;7;6;0;0;;;;13;3;5;0;0;;;;8;21
"062011";"Buonalbergo";40;3;2;0;0;;;;5;6;3;0;0;;;;9;14
"062011";"Buonalbergo";41;2;4;0;0;;;;6;2;8;0;0;;;;10;16
"062011";"Buonalbergo";42;5;2;0;0;;;;7;4;8;0;0;;;;12;19
"062011";"Buonalbergo";43;5;5;0;0;;;;10;2;5;0;1;;;;8;18
"062011";"Buonalbergo";44;4;5;0;0;;;;9;3;2;0;0;;;;5;14
"062011";"Buonalbergo";45;1;12;0;0;;;;13;6;3;0;0;;;;9;22
"062011";"Buonalbergo";46;7;2;0;0;;;;9;3;9;1;0;;;;13;22
"062011";"Buonalbergo";47;6;4;0;0;;;;10;4;7;0;0;;;;11;21
"062011";"Buonalbergo";48;7;5;2;0;;;;14;2;6;0;0;;;;8;22
"062011";"Buonalbergo";49;7;6;0;0;;;;13;0;4;0;0;;;;4;17
"062011";"Buonalbergo";50;4;7;0;0;;;;11;0;5;0;0;;;;5;16
"062011";"Buonalbergo";51;4;4;0;0;;;;8;3;9;2;0;;;;14;22
"062011";"Buonalbergo";52;4;1;0;0;;;;5;1;10;1;0;;;;12;17
"062011";"Buonalbergo";53;5;7;0;0;;;;12;0;7;0;0;;;;7;19
"062011";"Buonalbergo";54;3;7;0;0;;;;10;1;13;0;0;;;;14;24
"062011";"Buonalbergo";55;2;13;2;0;;;;17;3;9;0;0;;;;12;29
"062011";"Buonalbergo";56;3;7;0;0;;;;10;1;14;0;0;;;;15;25
"062011";"Buonalbergo";57;3;4;0;0;;;;7;1;9;0;0;;;;10;17
"062011";"Buonalbergo";58;3;11;0;0;;;;14;0;12;0;0;;;;12;26
"062011";"Buonalbergo";59;0;14;0;0;;;;14;0;8;0;1;;;;9;23
"062011";"Buonalbergo";60;1;14;0;0;;;;15;3;11;1;0;;;;15;30
"062011";"Buonalbergo";61;2;15;1;1;;;;19;2;8;0;1;;;;11;30
"062011";"Buonalbergo";62;3;9;0;0;;;;12;1;5;2;2;;;;10;22
"062011";"Buonalbergo";63;2;7;0;0;;;;9;0;12;0;1;;;;13;22
"062011";"Buonalbergo";64;2;8;1;1;;;;12;0;8;1;3;;;;12;24
"062011";"Buonalbergo";65;1;6;0;2;;;;9;1;9;0;0;;;;10;19
"062011";"Buonalbergo";66;4;10;1;0;;;;15;2;11;2;1;;;;16;31
"062011";"Buonalbergo";67;0;13;1;0;;;;14;1;9;0;5;;;;15;29
"062011";"Buonalbergo";68;2;8;0;1;;;;11;2;5;0;0;;;;7;18
"062011";"Buonalbergo";69;1;4;0;0;;;;5;0;10;0;7;;;;17;22
"062011";"Buonalbergo";70;1;7;0;0;;;;8;3;6;0;1;;;;10;18
"062011";"Buonalbergo";71;1;10;0;1;;;;12;1;10;0;2;;;;13;25
"062011";"Buonalbergo";72;0;6;0;1;;;;7;1;1;0;4;;;;6;13
"062011";"Buonalbergo";73;0;9;0;2;;;;11;1;7;1;8;;;;17;28
"062011";"Buonalbergo";74;0;10;0;1;;;;11;0;1;0;5;;;;6;17
"062011";"Buonalbergo";75;1;8;0;0;;;;9;0;11;1;3;;;;15;24
"062011";"Buonalbergo";76;1;12;0;1;;;;14;0;8;0;7;;;;15;29
"062011";"Buonalbergo";77;0;10;0;2;;;;12;1;3;0;2;;;;6;18
"062011";"Buonalbergo";78;4;6;0;1;;;;11;0;2;0;2;;;;4;15
"062011";"Buonalbergo";79;0;4;1;0;;;;5;1;2;0;6;;;;9;14
"062011";"Buonalbergo";80;0;7;1;1;;;;9;0;5;0;5;;;;10;19
"062011";"Buonalbergo";81;0;2;0;1;;;;3;0;2;0;4;;;;6;9
"062011";"Buonalbergo";82;0;6;1;1;;;;8;0;4;0;2;;;;6;14
"062011";"Buonalbergo";83;0;3;0;0;;;;3;0;0;0;5;;;;5;8
"062011";"Buonalbergo";84;1;3;0;3;;;;7;0;3;1;5;;;;9;16
"062011";"Buonalbergo";85;0;1;0;0;;;;1;2;2;0;4;;;;8;9
"062011";"Buonalbergo";86;0;6;0;3;;;;9;0;2;0;6;;;;8;17
"062011";"Buonalbergo";87;0;1;0;1;;;;2;1;1;0;3;;;;5;7
"062011";"Buonalbergo";88;1;2;0;0;;;;3;1;1;0;5;;;;7;10
"062011";"Buonalbergo";89;0;2;0;2;;;;4;1;1;0;9;;;;11;15
"062011";"Buonalbergo";90;1;0;0;3;;;;4;1;1;0;2;;;;4;8
"062011";"Buonalbergo";91;0;1;0;1;;;;2;0;2;0;3;;;;5;7
"062011";"Buonalbergo";92;0;1;0;0;;;;1;1;0;0;2;;;;3;4
"062011";"Buonalbergo";93;0;2;0;1;;;;3;0;1;0;1;;;;2;5
"062011";"Buonalbergo";94;0;0;0;0;;;;0;1;0;0;1;;;;2;2
"062011";"Buonalbergo";95;0;0;0;2;;;;2;0;0;0;2;;;;2;4
"062011";"Buonalbergo";96;0;0;0;0;;;;0;0;0;0;2;;;;2;2
"062011";"Buonalbergo";97;0;0;0;0;;;;0;0;0;0;1;;;;1;1
"062011";"Buonalbergo";98;0;0;0;0;;;;0;0;0;0;2;;;;2;2
"062011";"Buonalbergo";99;0;0;0;0;;;;0;0;0;0;0;;;;0;0
"062011";"Buonalbergo";100;0;1;0;0;;;;1;0;0;0;2;;;;2;3
"062011";"Buonalbergo";999;337;365;13;33;;;;748;264;352;14;128;;;;758;1506
"062012";"Calvi";0;7;0;0;0;;;;7;8;0;0;0;;;;8;15
"062012";"Calvi";1;7;0;0;0;;;;7;12;0;0;0;;;;12;19
"062012";"Calvi";2;6;0;0;0;;;;6;7;0;0;0;;;;7;13
"062012";"Calvi";3;6;0;0;0;;;;6;5;0;0;0;;;;5;11
"062012";"Calvi";4;6;0;0;0;;;;6;6;0;0;0;;;;6;12
"062012";"Calvi";5;12;0;0;0;;;;12;8;0;0;0;;;;8;20
"062012";"Calvi";6;8;0;0;0;;;;8;6;0;0;0;;;;6;14
"062012";"Calvi";7;6;0;0;0;;;;6;11;0;0;0;;;;11;17
"062012";"Calvi";8;13;0;0;0;;;;13;7;0;0;0;;;;7;20
"062012";"Calvi";9;10;0;0;0;;;;10;13;0;0;0;;;;13;23
"062012";"Calvi";10;13;0;0;0;;;;13;15;0;0;0;;;;15;28
"062012";"Calvi";11;18;0;0;0;;;;18;15;0;0;0;;;;15;33
"062012";"Calvi";12;16;0;0;0;;;;16;15;0;0;0;;;;15;31
"062012";"Calvi";13;16;0;0;0;;;;16;8;0;0;0;;;;8;24
"062012";"Calvi";14;16;0;0;0;;;;16;8;0;0;0;;;;8;24
"062012";"Calvi";15;14;0;0;0;;;;14;16;0;0;0;;;;16;30
"062012";"Calvi";16;15;0;0;0;;;;15;13;0;0;0;;;;13;28
"062012";"Calvi";17;9;0;0;0;;;;9;9;0;0;0;;;;9;18
"062012";"Calvi";18;10;0;0;0;;;;10;14;0;0;0;;;;14;24
"062012";"Calvi";19;8;0;0;0;;;;8;12;0;0;0;;;;12;20
"062012";"Calvi";20;13;0;0;0;;;;13;13;0;0;0;;;;13;26
"062012";"Calvi";21;15;0;0;0;;;;15;15;0;0;0;;;;15;30
"062012";"Calvi";22;13;0;0;0;;;;13;10;0;0;0;;;;10;23
"062012";"Calvi";23;12;0;0;0;;;;12;6;0;0;0;;;;6;18
"062012";"Calvi";24;16;0;0;0;;;;16;10;1;0;0;;;;11;27
"062012";"Calvi";25;9;0;0;0;;;;9;14;0;0;0;;;;14;23
"062012";"Calvi";26;13;0;0;0;;;;13;12;1;0;0;;;;13;26
"062012";"Calvi";27;13;2;0;0;;;;15;11;0;0;0;;;;11;26
"062012";"Calvi";28;17;1;0;0;;;;18;11;1;0;0;;;;12;30
"062012";"Calvi";29;10;0;0;0;;;;10;12;0;0;0;;;;12;22
"062012";"Calvi";30;13;0;0;0;;;;13;8;2;0;0;;;;10;23
"062012";"Calvi";31;13;1;0;0;;;;14;7;4;0;0;;;;11;25
"062012";"Calvi";32;7;3;0;0;;;;10;10;5;0;0;;;;15;25
"062012";"Calvi";33;14;8;0;0;;;;22;6;7;0;0;;;;13;35
"062012";"Calvi";34;15;2;0;0;;;;17;9;11;0;0;;;;20;37
"062012";"Calvi";35;13;5;0;0;;;;18;10;3;0;0;;;;13;31
"062012";"Calvi";36;10;5;0;0;;;;15;9;12;2;0;;;;23;38
"062012";"Calvi";37;11;6;0;0;;;;17;3;7;0;0;;;;10;27
"062012";"Calvi";38;3;8;0;0;;;;11;4;9;1;0;;;;14;25
"062012";"Calvi";39;6;12;0;0;;;;18;2;5;1;0;;;;8;26
"062012";"Calvi";40;5;9;0;0;;;;14;6;14;0;0;;;;20;34
"062012";"Calvi";41;5;7;0;0;;;;12;0;10;1;0;;;;11;23
"062012";"Calvi";42;8;5;0;0;;;;13;4;20;1;0;;;;25;38
"062012";"Calvi";43;6;13;0;0;;;;19;1;14;0;0;;;;15;34
"062012";"Calvi";44;6;8;0;0;;;;14;5;11;1;0;;;;17;31
"062012";"Calvi";45;6;7;0;0;;;;13;1;8;0;0;;;;9;22
"062012";"Calvi";46;4;8;0;1;;;;13;4;13;0;0;;;;17;30
"062012";"Calvi";47;3;11;0;0;;;;14;5;25;1;0;;;;31;45
"062012";"Calvi";48;4;10;2;0;;;;16;9;21;0;2;;;;32;48
"062012";"Calvi";49;7;16;0;0;;;;23;1;18;0;0;;;;19;42
"062012";"Calvi";50;8;13;0;0;;;;21;4;19;3;0;;;;26;47
"062012";"Calvi";51;4;14;2;0;;;;20;0;11;0;1;;;;12;32
"062012";"Calvi";52;4;20;0;0;;;;24;2;15;1;0;;;;18;42
"062012";"Calvi";53;5;18;0;1;;;;24;4;21;1;0;;;;26;50
"062012";"Calvi";54;6;19;2;0;;;;27;4;16;1;1;;;;22;49
"062012";"Calvi";55;6;18;1;0;;;;25;2;13;1;1;;;;17;42
"062012";"Calvi";56;3;17;0;1;;;;21;1;17;1;1;;;;20;41
"062012";"Calvi";57;1;22;0;0;;;;23;5;13;4;1;;;;23;46
"062012";"Calvi";58;0;18;1;1;;;;20;0;14;3;2;;;;19;39
"062012";"Calvi";59;0;16;3;0;;;;19;2;15;0;3;;;;20;39
"062012";"Calvi";60;2;14;0;0;;;;16;0;20;2;3;;;;25;41
"062012";"Calvi";61;1;14;3;0;;;;18;1;17;1;0;;;;19;37
"062012";"Calvi";62;0;23;0;1;;;;24;0;18;1;4;;;;23;47
"062012";"Calvi";63;1;21;0;0;;;;22;0;16;1;1;;;;18;40
"062012";"Calvi";64;1;13;0;0;;;;14;2;14;0;2;;;;18;32
"062012";"Calvi";65;2;16;2;0;;;;20;2;19;0;2;;;;23;43
"062012";"Calvi";66;1;11;0;0;;;;12;1;9;0;1;;;;11;23
"062012";"Calvi";67;1;13;0;0;;;;14;1;23;1;6;;;;31;45
"062012";"Calvi";68;2;13;0;1;;;;16;1;11;0;5;;;;17;33
"062012";"Calvi";69;0;15;0;0;;;;15;2;10;0;3;;;;15;30
"062012";"Calvi";70;1;7;0;0;;;;8;0;11;0;0;;;;11;19
"062012";"Calvi";71;1;18;0;0;;;;19;2;7;0;4;;;;13;32
"062012";"Calvi";72;1;12;1;0;;;;14;0;10;0;5;;;;15;29
"062012";"Calvi";73;0;13;0;0;;;;13;1;7;0;3;;;;11;24
"062012";"Calvi";74;0;13;0;1;;;;14;1;4;0;5;;;;10;24
"062012";"Calvi";75;0;4;0;1;;;;5;0;6;0;2;;;;8;13
"062012";"Calvi";76;0;9;0;1;;;;10;1;7;0;4;;;;12;22
"062012";"Calvi";77;1;9;0;2;;;;12;1;3;0;2;;;;6;18
"062012";"Calvi";78;0;5;1;1;;;;7;0;8;0;3;;;;11;18
"062012";"Calvi";79;0;8;0;1;;;;9;1;3;0;3;;;;7;16
"062012";"Calvi";80;1;8;0;1;;;;10;2;5;0;4;;;;11;21
"062012";"Calvi";81;0;8;0;1;;;;9;0;5;0;2;;;;7;16
"062012";"Calvi";82;0;5;0;0;;;;5;0;3;0;3;;;;6;11
"062012";"Calvi";83;1;2;0;1;;;;4;1;3;0;4;;;;8;12
"062012";"Calvi";84;0;3;0;0;;;;3;0;1;0;6;;;;7;10
"062012";"Calvi";85;0;6;0;0;;;;6;0;1;0;6;;;;7;13
"062012";"Calvi";86;0;6;0;1;;;;7;0;2;0;2;;;;4;11
"062012";"Calvi";87;0;1;0;2;;;;3;0;2;0;3;;;;5;8
"062012";"Calvi";88;1;3;0;0;;;;4;0;3;0;3;;;;6;10
"062012";"Calvi";89;0;4;0;1;;;;5;1;2;0;1;;;;4;9
"062012";"Calvi";90;0;1;0;2;;;;3;0;1;0;9;;;;10;13
"062012";"Calvi";91;0;1;0;1;;;;2;0;1;0;5;;;;6;8
"062012";"Calvi";92;0;2;0;1;;;;3;0;1;0;1;;;;2;5
"062012";"Calvi";93;0;1;0;2;;;;3;0;1;0;2;;;;3;6
"062012";"Calvi";94;1;1;0;0;;;;2;1;0;0;2;;;;3;5
"062012";"Calvi";95;0;1;0;0;;;;1;0;0;0;0;;;;0;1
"062012";"Calvi";96;0;0;0;0;;;;0;0;0;0;0;;;;0;0
"062012";"Calvi";97;0;1;0;1;;;;2;0;0;0;1;;;;1;3
"062012";"Calvi";98;0;0;0;0;;;;0;1;0;0;0;;;;1;1
"062012";"Calvi";99;0;0;0;0;;;;0;0;0;0;1;;;;1;1
"062012";"Calvi";100;0;0;0;0;;;;0;1;0;0;0;;;;1;1
"062012";"Calvi";999;562;627;18;27;;;;1234;474;630;29;125;;;;1258;2492
"062013";"Campolattaro";0;4;0;0;0;;;;4;0;0;0;0;;;;0;4
"062013";"Campolattaro";1;6;0;0;0;;;;6;3;0;0;0;;;;3;9
"062013";"Campolattaro";2;1;0;0;0;;;;1;3;0;0;0;;;;3;4
"062013";"Campolattaro";3;4;0;0;0;;;;4;3;0;0;0;;;;3;7
"062013";"Campolattaro";4;3;0;0;0;;;;3;5;0;0;0;;;;5;8
"062013";"Campolattaro";5;1;0;0;0;;;;1;3;0;0;0;;;;3;4
"062013";"Campolattaro";6;2;0;0;0;;;;2;4;0;0;0;;;;4;6
"062013";"Campolattaro";7;1;0;0;0;;;;1;3;0;0;0;;;;3;4
"062013";"Campolattaro";8;3;0;0;0;;;;3;2;0;0;0;;;;2;5
"062013";"Campolattaro";9;4;0;0;0;;;;4;4;0;0;0;;;;4;8
"062013";"Campolattaro";10;3;0;0;0;;;;3;3;0;0;0;;;;3;6
"062013";"Campolattaro";11;6;0;0;0;;;;6;4;0;0;0;;;;4;10
"062013";"Campolattaro";12;4;0;0;0;;;;4;3;0;0;0;;;;3;7
"062013";"Campolattaro";13;7;0;0;0;;;;7;1;0;0;0;;;;1;8
"062013";"Campolattaro";14;2;0;0;0;;;;2;4;0;0;0;;;;4;6
"062013";"Campolattaro";15;4;0;0;0;;;;4;2;0;0;0;;;;2;6
"062013";"Campolattaro";16;5;0;0;0;;;;5;5;0;0;0;;;;5;10
"062013";"Campolattaro";17;3;0;0;0;;;;3;5;0;0;0;;;;5;8
"062013";"Campolattaro";18;3;0;0;0;;;;3;6;0;0;0;;;;6;9
"062013";"Campolattaro";19;4;0;0;0;;;;4;4;0;0;0;;;;4;8
"062013";"Campolattaro";20;5;0;0;0;;;;5;5;0;0;0;;;;5;10
"062013";"Campolattaro";21;2;0;0;0;;;;2;2;0;0;0;;;;2;4
"062013";"Campolattaro";22;5;0;0;0;;;;5;3;0;0;0;;;;3;8
"062013";"Campolattaro";23;3;0;0;0;;;;3;5;0;0;0;;;;5;8
"062013";"Campolattaro";24;5;0;0;0;;;;5;4;0;0;0;;;;4;9
"062013";"Campolattaro";25;9;1;0;0;;;;10;4;1;0;0;;;;5;15
"062013";"Campolattaro";26;7;0;0;0;;;;7;4;0;0;0;;;;4;11
"062013";"Campolattaro";27;7;0;0;0;;;;7;6;1;0;0;;;;7;14
"062013";"Campolattaro";28;5;2;0;0;;;;7;2;1;0;0;;;;3;10
"062013";"Campolattaro";29;1;1;0;0;;;;2;6;0;0;0;;;;6;8
"062013";"Campolattaro";30;8;0;0;0;;;;8;3;5;0;0;;;;8;16
"062013";"Campolattaro";31;4;0;0;0;;;;4;5;0;0;0;;;;5;9
"062013";"Campolattaro";32;4;0;0;0;;;;4;1;4;0;0;;;;5;9
"062013";"Campolattaro";33;3;3;0;0;;;;6;3;3;0;0;;;;6;12
"062013";"Campolattaro";34;6;3;0;0;;;;9;3;3;0;0;;;;6;15
"062013";"Campolattaro";35;6;1;0;0;;;;7;5;1;0;0;;;;6;13
"062013";"Campolattaro";36;4;1;0;0;;;;5;4;4;0;0;;;;8;13
"062013";"Campolattaro";37;4;1;0;0;;;;5;5;0;0;0;;;;5;10
"062013";"Campolattaro";38;1;5;0;0;;;;6;1;4;1;0;;;;6;12
"062013";"Campolattaro";39;2;2;0;0;;;;4;1;3;0;1;;;;5;9
"062013";"Campolattaro";40;3;1;0;0;;;;4;1;3;0;0;;;;4;8
"062013";"Campolattaro";41;4;3;0;0;;;;7;1;4;0;0;;;;5;12
"062013";"Campolattaro";42;0;9;0;0;;;;9;1;4;0;0;;;;5;14
"062013";"Campolattaro";43;3;1;0;0;;;;4;2;4;0;0;;;;6;10
"062013";"Campolattaro";44;2;5;0;1;;;;8;1;1;0;0;;;;2;10
"062013";"Campolattaro";45;2;4;0;0;;;;6;0;7;1;0;;;;8;14
"062013";"Campolattaro";46;2;1;0;0;;;;3;0;0;0;0;;;;0;3
"062013";"Campolattaro";47;3;5;0;0;;;;8;2;2;1;0;;;;5;13
"062013";"Campolattaro";48;0;4;0;0;;;;4;0;3;0;0;;;;3;7
"062013";"Campolattaro";49;0;3;1;0;;;;4;1;4;1;1;;;;7;11
"062013";"Campolattaro";50;3;1;0;0;;;;4;1;5;1;0;;;;7;11
"062013";"Campolattaro";51;1;4;1;0;;;;6;0;11;2;0;;;;13;19
"062013";"Campolattaro";52;4;3;0;0;;;;7;0;5;0;0;;;;5;12
"062013";"Campolattaro";53;3;4;0;0;;;;7;0;3;1;0;;;;4;11
"062013";"Campolattaro";54;2;5;0;0;;;;7;0;8;0;0;;;;8;15
"062013";"Campolattaro";55;0;6;0;0;;;;6;1;6;1;0;;;;8;14
"062013";"Campolattaro";56;5;6;0;0;;;;11;1;5;0;0;;;;6;17
"062013";"Campolattaro";57;2;8;0;0;;;;10;1;11;1;1;;;;14;24
"062013";"Campolattaro";58;1;7;1;0;;;;9;1;8;0;0;;;;9;18
"062013";"Campolattaro";59;2;9;0;0;;;;11;1;10;0;0;;;;11;22
"062013";"Campolattaro";60;0;8;0;0;;;;8;0;5;0;0;;;;5;13
"062013";"Campolattaro";61;1;6;0;0;;;;7;1;9;0;1;;;;11;18
"062013";"Campolattaro";62;0;9;0;0;;;;9;1;4;1;1;;;;7;16
"062013";"Campolattaro";63;1;5;1;0;;;;7;0;9;0;0;;;;9;16
"062013";"Campolattaro";64;1;7;0;0;;;;8;0;4;0;0;;;;4;12
"062013";"Campolattaro";65;0;2;0;0;;;;2;1;6;0;0;;;;7;9
"062013";"Campolattaro";66;0;6;0;1;;;;7;0;2;0;2;;;;4;11
"062013";"Campolattaro";67;1;4;0;1;;;;6;1;4;0;1;;;;6;12
"062013";"Campolattaro";68;0;7;0;1;;;;8;0;3;0;2;;;;5;13
"062013";"Campolattaro";69;1;2;0;1;;;;4;0;2;0;3;;;;5;9
"062013";"Campolattaro";70;2;5;0;0;;;;7;0;6;0;2;;;;8;15
"062013";"Campolattaro";71;0;7;0;0;;;;7;0;6;0;2;;;;8;15
"062013";"Campolattaro";72;1;6;0;0;;;;7;1;4;0;2;;;;7;14
"062013";"Campolattaro";73;0;6;0;0;;;;6;0;5;0;0;;;;5;11
"062013";"Campolattaro";74;2;7;0;1;;;;10;1;3;0;2;;;;6;16
"062013";"Campolattaro";75;0;1;0;0;;;;1;0;1;0;2;;;;3;4
"062013";"Campolattaro";76;0;5;0;0;;;;5;1;4;0;3;;;;8;13
"062013";"Campolattaro";77;0;3;0;0;;;;3;0;1;1;0;;;;2;5
"062013";"Campolattaro";78;1;6;0;0;;;;7;0;7;0;3;;;;10;17
"062013";"Campolattaro";79;0;3;0;1;;;;4;0;4;0;3;;;;7;11
"062013";"Campolattaro";80;0;1;0;0;;;;1;1;4;0;3;;;;8;9
"062013";"Campolattaro";81;0;3;0;1;;;;4;0;0;0;1;;;;1;5
"062013";"Campolattaro";82;0;1;0;0;;;;1;0;1;0;4;;;;5;6
"062013";"Campolattaro";83;0;3;0;0;;;;3;0;1;0;2;;;;3;6
"062013";"Campolattaro";84;0;5;0;1;;;;6;0;3;0;5;;;;8;14
"062013";"Campolattaro";85;0;3;0;0;;;;3;0;4;0;5;;;;9;12
"062013";"Campolattaro";86;0;0;0;0;;;;0;0;3;1;3;;;;7;7
"062013";"Campolattaro";87;0;1;0;0;;;;1;0;0;0;3;;;;3;4
"062013";"Campolattaro";88;0;1;0;0;;;;1;0;1;0;4;;;;5;6
"062013";"Campolattaro";89;0;4;0;1;;;;5;1;1;0;2;;;;4;9
"062013";"Campolattaro";90;0;2;0;0;;;;2;1;0;0;3;;;;4;6
"062013";"Campolattaro";91;0;2;0;0;;;;2;0;0;0;1;;;;1;3
"062013";"Campolattaro";92;0;0;0;0;;;;0;0;2;0;2;;;;4;4
"062013";"Campolattaro";93;0;1;0;0;;;;1;0;0;0;1;;;;1;2
"062013";"Campolattaro";94;0;1;0;0;;;;1;0;0;0;2;;;;2;3
"062013";"Campolattaro";95;0;0;0;0;;;;0;0;0;0;5;;;;5;5
"062013";"Campolattaro";96;0;1;0;0;;;;1;0;0;0;0;;;;0;1
"062013";"Campolattaro";97;0;0;0;0;;;;0;0;0;0;0;;;;0;0
"062013";"Campolattaro";98;0;0;0;0;;;;0;0;0;0;0;;;;0;0
"062013";"Campolattaro";99;0;0;0;0;;;;0;0;0;0;0;;;;0;0
"062013";"Campolattaro";100;0;0;0;0;;;;0;0;0;0;0;;;;0;0
"062013";"Campolattaro";999;214;243;4;10;;;;471;164;243;13;78;;;;498;969
"062014";"Campoli del Monte Taburno";0;4;0;0;0;;;;4;9;0;0;0;;;;9;13
"062014";"Campoli del Monte Taburno";1;6;0;0;0;;;;6;4;0;0;0;;;;4;10
"062014";"Campoli del Monte Taburno";2;11;0;0;0;;;;11;12;0;0;0;;;;12;23
"062014";"Campoli del Monte Taburno";3;7;0;0;0;;;;7;8;0;0;0;;;;8;15
"062014";"Campoli del Monte Taburno";4;2;0;0;0;;;;2;9;0;0;0;;;;9;11
"062014";"Campoli del Monte Taburno";5;11;0;0;0;;;;11;8;0;0;0;;;;8;19
"062014";"Campoli del Monte Taburno";6;8;0;0;0;;;;8;6;0;0;0;;;;6;14
"062014";"Campoli del Monte Taburno";7;4;0;0;0;;;;4;9;0;0;0;;;;9;13
"062014";"Campoli del Monte Taburno";8;4;0;0;0;;;;4;4;0;0;0;;;;4;8
"062014";"Campoli del Monte Taburno";9;5;0;0;0;;;;5;7;0;0;0;;;;7;12
"062014";"Campoli del Monte Taburno";10;9;0;0;0;;;;9;6;0;0;0;;;;6;15
"062014";"Campoli del Monte Taburno";11;9;0;0;0;;;;9;5;0;0;0;;;;5;14
"062014";"Campoli del Monte Taburno";12;12;0;0;0;;;;12;3;0;0;0;;;;3;15
"062014";"Campoli del Monte Taburno";13;9;0;0;0;;;;9;7;0;0;0;;;;7;16
"062014";"Campoli del Monte Taburno";14;5;0;0;0;;;;5;10;0;0;0;;;;10;15
"062014";"Campoli del Monte Taburno";15;6;0;0;0;;;;6;3;0;0;0;;;;3;9
"062014";"Campoli del Monte Taburno";16;10;0;0;0;;;;10;6;0;0;0;;;;6;16
"062014";"Campoli del Monte Taburno";17;10;0;0;0;;;;10;10;0;0;0;;;;10;20
"062014";"Campoli del Monte Taburno";18;13;0;0;0;;;;13;8;0;0;0;;;;8;21
"062014";"Campoli del Monte Taburno";19;13;0;0;0;;;;13;6;0;0;0;;;;6;19
"062014";"Campoli del Monte Taburno";20;23;0;0;0;;;;23;11;0;0;0;;;;11;34
"062014";"Campoli del Monte Taburno";21;17;0;0;0;;;;17;8;0;0;0;;;;8;25
"062014";"Campoli del Monte Taburno";22;20;0;0;0;;;;20;6;0;0;0;;;;6;26
"062014";"Campoli del Monte Taburno";23;24;0;0;0;;;;24;5;0;0;0;;;;5;29
"062014";"Campoli del Monte Taburno";24;21;0;0;0;;;;21;5;0;0;0;;;;5;26
"062014";"Campoli del Monte Taburno";25;16;0;0;0;;;;16;2;0;0;0;;;;2;18
"062014";"Campoli del Monte Taburno";26;15;0;0;0;;;;15;6;1;0;0;;;;7;22
"062014";"Campoli del Monte Taburno";27;19;0;0;0;;;;19;3;4;0;0;;;;7;26
"062014";"Campoli del Monte Taburno";28;28;0;0;0;;;;28;3;1;0;0;;;;4;32
"062014";"Campoli del Monte Taburno";29;14;0;0;0;;;;14;1;2;0;0;;;;3;17
"062014";"Campoli del Monte Taburno";30;16;3;0;0;;;;19;4;1;0;0;;;;5;24
"062014";"Campoli del Monte Taburno";31;13;2;0;0;;;;15;2;4;0;0;;;;6;21
"062014";"Campoli del Monte Taburno";32;17;1;1;0;;;;19;10;6;0;0;;;;16;35
"062014";"Campoli del Monte Taburno";33;12;3;0;0;;;;15;4;4;0;0;;;;8;23
"062014";"Campoli del Monte Taburno";34;16;6;0;0;;;;22;3;6;0;0;;;;9;31
"062014";"Campoli del Monte Taburno";35;6;7;0;0;;;;13;1;7;0;0;;;;8;21
"062014";"Campoli del Monte Taburno";36;8;5;0;0;;;;13;1;8;0;0;;;;9;22
"062014";"Campoli del Monte Taburno";37;13;4;0;0;;;;17;6;8;0;0;;;;14;31
"062014";"Campoli del Monte Taburno";38;8;8;0;0;;;;16;5;6;0;0;;;;11;27
"062014";"Campoli del Monte Taburno";39;8;1;0;0;;;;9;4;4;0;0;;;;8;17
"062014";"Campoli del Monte Taburno";40;5;9;0;0;;;;14;0;5;0;0;;;;5;19
"062014";"Campoli del Monte Taburno";41;7;6;0;0;;;;13;4;5;0;0;;;;9;22
"062014";"Campoli del Monte Taburno";42;6;6;0;0;;;;12;1;5;0;0;;;;6;18
"062014";"Campoli del Monte Taburno";43;5;6;0;0;;;;11;1;8;0;0;;;;9;20
"062014";"Campoli del Monte Taburno";44;4;4;0;0;;;;8;2;8;0;0;;;;10;18
"062014";"Campoli del Monte Taburno";45;2;4;0;0;;;;6;0;10;0;0;;;;10;16
"062014";"Campoli del Monte Taburno";46;3;8;0;0;;;;11;0;7;0;0;;;;7;18
"062014";"Campoli del Monte Taburno";47;3;11;0;0;;;;14;0;10;0;0;;;;10;24
"062014";"Campoli del Monte Taburno";48;5;6;0;0;;;;11;1;11;0;0;;;;12;23
"062014";"Campoli del Monte Taburno";49;6;12;0;1;;;;19;1;13;0;0;;;;14;33
"062014";"Campoli del Monte Taburno";50;3;11;0;0;;;;14;4;6;0;0;;;;10;24
"062014";"Campoli del Monte Taburno";51;4;5;0;0;;;;9;2;4;0;1;;;;7;16
"062014";"Campoli del Monte Taburno";52;4;9;0;0;;;;13;1;5;0;0;;;;6;19
"062014";"Campoli del Monte Taburno";53;2;7;0;0;;;;9;1;10;1;0;;;;12;21
"062014";"Campoli del Monte Taburno";54;1;14;0;0;;;;15;2;11;0;0;;;;13;28
"062014";"Campoli del Monte Taburno";55;2;12;0;0;;;;14;0;10;0;1;;;;11;25
"062014";"Campoli del Monte Taburno";56;2;4;1;0;;;;7;1;15;0;1;;;;17;24
"062014";"Campoli del Monte Taburno";57;3;7;0;0;;;;10;1;10;0;0;;;;11;21
"062014";"Campoli del Monte Taburno";58;3;7;2;0;;;;12;1;9;1;1;;;;12;24
"062014";"Campoli del Monte Taburno";59;2;14;0;0;;;;16;1;5;0;1;;;;7;23
"062014";"Campoli del Monte Taburno";60;1;15;0;0;;;;16;1;7;1;1;;;;10;26
"062014";"Campoli del Monte Taburno";61;1;10;0;1;;;;12;0;10;0;0;;;;10;22
"062014";"Campoli del Monte Taburno";62;2;9;0;0;;;;11;3;10;1;1;;;;15;26
"062014";"Campoli del Monte Taburno";63;1;9;0;0;;;;10;4;5;0;1;;;;10;20
"062014";"Campoli del Monte Taburno";64;2;10;0;0;;;;12;0;7;0;0;;;;7;19
"062014";"Campoli del Monte Taburno";65;1;8;0;0;;;;9;0;5;0;3;;;;8;17
"062014";"Campoli del Monte Taburno";66;0;9;0;0;;;;9;2;7;0;2;;;;11;20
"062014";"Campoli del Monte Taburno";67;0;6;0;0;;;;6;0;7;0;1;;;;8;14
"062014";"Campoli del Monte Taburno";68;0;7;0;0;;;;7;0;8;1;5;;;;14;21
"062014";"Campoli del Monte Taburno";69;0;7;0;0;;;;7;0;9;0;0;;;;9;16
"062014";"Campoli del Monte Taburno";70;0;6;0;1;;;;7;2;4;0;1;;;;7;14
"062014";"Campoli del Monte Taburno";71;0;6;0;0;;;;6;0;10;0;3;;;;13;19
"062014";"Campoli del Monte Taburno";72;1;3;0;1;;;;5;0;3;0;1;;;;4;9
"062014";"Campoli del Monte Taburno";73;3;6;0;0;;;;9;0;7;0;1;;;;8;17
"062014";"Campoli del Monte Taburno";74;0;4;0;1;;;;5;0;1;0;1;;;;2;7
"062014";"Campoli del Monte Taburno";75;0;9;0;0;;;;9;0;6;0;5;;;;11;20
"062014";"Campoli del Monte Taburno";76;1;2;0;2;;;;5;0;2;0;3;;;;5;10
"062014";"Campoli del Monte Taburno";77;0;7;0;4;;;;11;0;5;0;1;;;;6;17
"062014";"Campoli del Monte Taburno";78;0;2;0;1;;;;3;0;3;0;1;;;;4;7
"062014";"Campoli del Monte Taburno";79;0;5;0;0;;;;5;0;1;0;2;;;;3;8
"062014";"Campoli del Monte Taburno";80;0;2;0;1;;;;3;0;1;0;4;;;;5;8
"062014";"Campoli del Monte Taburno";81;1;5;0;2;;;;8;0;1;0;4;;;;5;13
"062014";"Campoli del Monte Taburno";82;0;4;0;0;;;;4;0;0;0;3;;;;3;7
"062014";"Campoli del Monte Taburno";83;1;1;0;1;;;;3;0;1;0;6;;;;7;10
"062014";"Campoli del Monte Taburno";84;0;3;0;1;;;;4;0;3;0;4;;;;7;11
"062014";"Campoli del Monte Taburno";85;0;3;0;3;;;;6;0;0;0;7;;;;7;13
"062014";"Campoli del Monte Taburno";86;0;1;0;0;;;;1;0;1;0;5;;;;6;7
"062014";"Campoli del Monte Taburno";87;0;2;0;0;;;;2;0;1;0;5;;;;6;8
"062014";"Campoli del Monte Taburno";88;0;0;0;0;;;;0;0;0;0;2;;;;2;2
"062014";"Campoli del Monte Taburno";89;1;1;0;0;;;;2;0;0;0;0;;;;0;2
"062014";"Campoli del Monte Taburno";90;0;1;0;1;;;;2;0;0;0;2;;;;2;4
"062014";"Campoli del Monte Taburno";91;0;0;0;1;;;;1;0;1;0;0;;;;1;2
"062014";"Campoli del Monte Taburno";92;0;1;0;1;;;;2;0;0;0;2;;;;2;4
"062014";"Campoli del Monte Taburno";93;0;0;0;0;;;;0;0;0;0;4;;;;4;4
"062014";"Campoli del Monte Taburno";94;0;0;0;0;;;;0;0;1;0;2;;;;3;3
"062014";"Campoli del Monte Taburno";95;0;0;0;0;;;;0;0;0;0;3;;;;3;3
"062014";"Campoli del Monte Taburno";96;0;0;0;0;;;;0;0;0;0;2;;;;2;2
"062014";"Campoli del Monte Taburno";97;0;0;0;0;;;;0;0;0;0;0;;;;0;0
"062014";"Campoli del Monte Taburno";98;0;0;0;0;;;;0;0;0;0;0;;;;0;0
"062014";"Campoli del Monte Taburno";99;0;0;0;0;;;;0;0;0;0;1;;;;1;1
"062014";"Campoli del Monte Taburno";100;0;0;0;0;;;;0;0;0;0;1;;;;1;1
"062014";"Campoli del Monte Taburno";999;560;366;4;23;;;;953;266;356;5;95;;;;722;1675
"062015";"Casalduni";0;6;0;0;0;;;;6;5;0;0;0;;;;5;11
"062015";"Casalduni";1;2;0;0;0;;;;2;6;0;0;0;;;;6;8
"062015";"Casalduni";2;3;0;0;0;;;;3;4;0;0;0;;;;4;7
"062015";"Casalduni";3;3;0;0;0;;;;3;2;0;0;0;;;;2;5
"062015";"Casalduni";4;2;0;0;0;;;;2;2;0;0;0;;;;2;4
"062015";"Casalduni";5;1;0;0;0;;;;1;4;0;0;0;;;;4;5
"062015";"Casalduni";6;4;0;0;0;;;;4;2;0;0;0;;;;2;6
"062015";"Casalduni";7;8;0;0;0;;;;8;4;0;0;0;;;;4;12
"062015";"Casalduni";8;6;0;0;0;;;;6;2;0;0;0;;;;2;8
"062015";"Casalduni";9;8;0;0;0;;;;8;6;0;0;0;;;;6;14
"062015";"Casalduni";10;4;0;0;0;;;;4;6;0;0;0;;;;6;10
"062015";"Casalduni";11;4;0;0;0;;;;4;4;0;0;0;;;;4;8
"062015";"Casalduni";12;10;0;0;0;;;;10;1;0;0;0;;;;1;11
"062015";"Casalduni";13;5;0;0;0;;;;5;6;0;0;0;;;;6;11
"062015";"Casalduni";14;8;0;0;0;;;;8;1;0;0;0;;;;1;9
"062015";"Casalduni";15;5;0;0;0;;;;5;8;0;0;0;;;;8;13
"062015";"Casalduni";16;3;0;0;0;;;;3;2;0;0;0;;;;2;5
"062015";"Casalduni";17;9;0;0;0;;;;9;10;0;0;0;;;;10;19
"062015";"Casalduni";18;6;0;0;0;;;;6;2;0;0;0;;;;2;8
"062015";"Casalduni";19;7;0;0;0;;;;7;4;0;0;0;;;;4;11
"062015";"Casalduni";20;6;0;0;0;;;;6;3;0;0;0;;;;3;9
"062015";"Casalduni";21;3;0;0;0;;;;3;3;1;0;0;;;;4;7
"062015";"Casalduni";22;5;0;0;0;;;;5;5;0;0;0;;;;5;10
"062015";"Casalduni";23;5;0;0;0;;;;5;7;0;0;0;;;;7;12
"062015";"Casalduni";24;7;0;0;0;;;;7;5;0;0;0;;;;5;12
"062015";"Casalduni";25;4;0;0;0;;;;4;6;0;0;0;;;;6;10
"062015";"Casalduni";26;4;1;0;0;;;;5;3;0;0;0;;;;3;8
"062015";"Casalduni";27;5;0;0;0;;;;5;7;2;0;0;;;;9;14
"062015";"Casalduni";28;6;1;0;0;;;;7;1;1;0;0;;;;2;9
"062015";"Casalduni";29;3;3;0;0;;;;6;3;3;0;0;;;;6;12
"062015";"Casalduni";30;10;0;0;0;;;;10;6;0;0;0;;;;6;16
"062015";"Casalduni";31;6;1;0;0;;;;7;6;4;0;0;;;;10;17
"062015";"Casalduni";32;5;2;0;0;;;;7;4;3;0;0;;;;7;14
"062015";"Casalduni";33;6;3;0;0;;;;9;4;3;0;0;;;;7;16
"062015";"Casalduni";34;5;4;0;0;;;;9;2;3;0;0;;;;5;14
"062015";"Casalduni";35;8;2;0;0;;;;10;0;1;0;0;;;;1;11
"062015";"Casalduni";36;1;2;0;0;;;;3;3;3;0;0;;;;6;9
"062015";"Casalduni";37;7;4;0;0;;;;11;0;6;0;0;;;;6;17
"062015";"Casalduni";38;5;3;0;0;;;;8;3;2;0;0;;;;5;13
"062015";"Casalduni";39;5;3;0;0;;;;8;0;5;0;0;;;;5;13
"062015";"Casalduni";40;6;2;0;0;;;;8;3;1;0;0;;;;4;12
"062015";"Casalduni";41;4;4;0;0;;;;8;2;3;1;1;;;;7;15
"062015";"Casalduni";42;2;1;0;0;;;;3;2;4;0;0;;;;6;9
"062015";"Casalduni";43;2;4;0;0;;;;6;2;4;0;1;;;;7;13
"062015";"Casalduni";44;3;3;1;0;;;;7;0;4;0;0;;;;4;11
"062015";"Casalduni";45;1;2;0;0;;;;3;3;4;0;0;;;;7;10
"062015";"Casalduni";46;2;3;0;0;;;;5;2;12;0;0;;;;14;19
"062015";"Casalduni";47;2;2;0;0;;;;4;1;6;0;0;;;;7;11
"062015";"Casalduni";48;1;11;0;0;;;;12;1;5;1;0;;;;7;19
"062015";"Casalduni";49;2;3;0;0;;;;5;2;5;0;0;;;;7;12
"062015";"Casalduni";50;2;7;1;0;;;;10;1;10;0;0;;;;11;21
"062015";"Casalduni";51;3;5;0;0;;;;8;0;5;0;0;;;;5;13
"062015";"Casalduni";52;5;7;0;0;;;;12;1;7;0;0;;;;8;20
"062015";"Casalduni";53;4;8;0;0;;;;12;1;6;0;0;;;;7;19
"062015";"Casalduni";54;1;6;0;0;;;;7;0;9;0;1;;;;10;17
"062015";"Casalduni";55;2;5;0;1;;;;8;1;5;0;1;;;;7;15
"062015";"Casalduni";56;0;4;0;0;;;;4;0;13;1;0;;;;14;18
"062015";"Casalduni";57;0;6;0;0;;;;6;1;12;1;0;;;;14;20
"062015";"Casalduni";58;3;6;2;0;;;;11;1;12;0;0;;;;13;24
"062015";"Casalduni";59;2;11;1;0;;;;14;1;8;0;0;;;;9;23
"062015";"Casalduni";60;1;10;0;1;;;;12;1;7;0;0;;;;8;20
"062015";"Casalduni";61;1;8;0;0;;;;9;0;6;0;1;;;;7;16
"062015";"Casalduni";62;1;8;0;0;;;;9;2;10;0;2;;;;14;23
"062015";"Casalduni";63;1;9;0;1;;;;11;0;8;0;1;;;;9;20
"062015";"Casalduni";64;2;11;0;0;;;;13;1;4;1;2;;;;8;21
"062015";"Casalduni";65;0;10;0;0;;;;10;1;6;0;2;;;;9;19
"062015";"Casalduni";66;3;11;0;0;;;;14;0;11;0;1;;;;12;26
"062015";"Casalduni";67;1;5;0;0;;;;6;2;5;0;2;;;;9;15
"062015";"Casalduni";68;0;8;0;0;;;;8;1;5;0;0;;;;6;14
"062015";"Casalduni";69;1;7;0;1;;;;9;0;1;0;3;;;;4;13
"062015";"Casalduni";70;2;2;1;0;;;;5;0;9;0;2;;;;11;16
"062015";"Casalduni";71;1;5;0;0;;;;6;3;3;0;0;;;;6;12
"062015";"Casalduni";72;0;7;0;0;;;;7;1;4;0;2;;;;7;14
"062015";"Casalduni";73;0;10;0;0;;;;10;0;7;0;0;;;;7;17
"062015";"Casalduni";74;0;4;0;0;;;;4;1;1;0;1;;;;3;7
"062015";"Casalduni";75;0;6;0;2;;;;8;0;5;1;5;;;;11;19
"062015";"Casalduni";76;1;3;0;0;;;;4;1;7;0;1;;;;9;13
"062015";"Casalduni";77;0;7;0;1;;;;8;0;1;0;2;;;;3;11
"062015";"Casalduni";78;0;6;0;2;;;;8;0;2;0;2;;;;4;12
"062015";"Casalduni";79;0;7;0;0;;;;7;0;2;0;0;;;;2;9
"062015";"Casalduni";80;0;3;0;0;;;;3;0;2;0;1;;;;3;6
"062015";"Casalduni";81;0;3;0;0;;;;3;1;1;0;3;;;;5;8
"062015";"Casalduni";82;1;2;0;1;;;;4;1;3;0;2;;;;6;10
"062015";"Casalduni";83;0;1;0;0;;;;1;0;2;0;4;;;;6;7
"062015";"Casalduni";84;0;3;0;0;;;;3;1;2;0;3;;;;6;9
"062015";"Casalduni";85;0;1;0;1;;;;2;0;1;0;8;;;;9;11
"062015";"Casalduni";86;0;2;0;0;;;;2;1;1;0;5;;;;7;9
"062015";"Casalduni";87;1;2;0;1;;;;4;0;1;0;4;;;;5;9
"062015";"Casalduni";88;0;1;0;1;;;;2;0;2;0;2;;;;4;6
"062015";"Casalduni";89;0;4;0;3;;;;7;0;1;0;2;;;;3;10
"062015";"Casalduni";90;0;1;0;1;;;;2;1;1;0;3;;;;5;7
"062015";"Casalduni";91;0;2;0;1;;;;3;0;0;0;0;;;;0;3
"062015";"Casalduni";92;0;1;0;1;;;;2;0;1;0;2;;;;3;5
"062015";"Casalduni";93;0;0;0;0;;;;0;0;0;0;3;;;;3;3
"062015";"Casalduni";94;0;1;0;0;;;;1;0;1;0;2;;;;3;4
"062015";"Casalduni";95;0;1;0;1;;;;2;0;1;0;0;;;;1;3
"062015";"Casalduni";96;0;0;0;1;;;;1;0;0;0;1;;;;1;2
"062015";"Casalduni";97;0;0;0;1;;;;1;0;0;0;1;;;;1;2
"062015";"Casalduni";98;0;0;0;0;;;;0;0;0;0;2;;;;2;2
"062015";"Casalduni";99;0;0;0;0;;;;0;0;0;0;0;;;;0;0
"062015";"Casalduni";100;0;0;0;0;;;;0;1;0;0;2;;;;3;3
"062015";"Casalduni";999;274;301;6;22;;;;603;197;296;6;83;;;;582;1185
"062016";"Castelfranco in Miscano";0;4;0;0;0;;;;4;1;0;0;0;;;;1;5
"062016";"Castelfranco in Miscano";1;2;0;0;0;;;;2;1;0;0;0;;;;1;3
"062016";"Castelfranco in Miscano";2;5;0;0;0;;;;5;3;0;0;0;;;;3;8
"062016";"Castelfranco in Miscano";3;2;0;0;0;;;;2;3;0;0;0;;;;3;5
"062016";"Castelfranco in Miscano";4;1;0;0;0;;;;1;1;0;0;0;;;;1;2
"062016";"Castelfranco in Miscano";5;7;0;0;0;;;;7;2;0;0;0;;;;2;9
"062016";"Castelfranco in Miscano";6;5;0;0;0;;;;5;5;0;0;0;;;;5;10
"062016";"Castelfranco in Miscano";7;2;0;0;0;;;;2;0;0;0;0;;;;0;2
"062016";"Castelfranco in Miscano";8;2;0;0;0;;;;2;3;0;0;0;;;;3;5
"062016";"Castelfranco in Miscano";9;5;0;0;0;;;;5;1;0;0;0;;;;1;6
"062016";"Castelfranco in Miscano";10;5;0;0;0;;;;5;4;0;0;0;;;;4;9
"062016";"Castelfranco in Miscano";11;3;0;0;0;;;;3;3;0;0;0;;;;3;6
"062016";"Castelfranco in Miscano";12;5;0;0;0;;;;5;2;0;0;0;;;;2;7
"062016";"Castelfranco in Miscano";13;2;0;0;0;;;;2;1;0;0;0;;;;1;3
"062016";"Castelfranco in Miscano";14;3;0;0;0;;;;3;1;0;0;0;;;;1;4
"062016";"Castelfranco in Miscano";15;3;0;0;0;;;;3;1;0;0;0;;;;1;4
"062016";"Castelfranco in Miscano";16;2;0;0;0;;;;2;0;0;0;0;;;;0;2
"062016";"Castelfranco in Miscano";17;2;0;0;0;;;;2;1;0;0;0;;;;1;3
"062016";"Castelfranco in Miscano";18;2;0;0;0;;;;2;2;0;0;0;;;;2;4
"062016";"Castelfranco in Miscano";19;3;0;0;0;;;;3;5;0;0;0;;;;5;8
"062016";"Castelfranco in Miscano";20;4;0;0;0;;;;4;3;0;0;0;;;;3;7
"062016";"Castelfranco in Miscano";21;4;0;0;0;;;;4;2;0;0;0;;;;2;6
"062016";"Castelfranco in Miscano";22;1;0;0;0;;;;1;1;0;0;0;;;;1;2
"062016";"Castelfranco in Miscano";23;3;0;0;0;;;;3;2;1;0;0;;;;3;6
"062016";"Castelfranco in Miscano";24;4;0;0;0;;;;4;4;0;0;0;;;;4;8
"062016";"Castelfranco in Miscano";25;1;0;0;0;;;;1;2;0;0;0;;;;2;3
"062016";"Castelfranco in Miscano";26;1;0;0;0;;;;1;5;0;0;0;;;;5;6
"062016";"Castelfranco in Miscano";27;10;0;0;0;;;;10;8;0;0;0;;;;8;18
"062016";"Castelfranco in Miscano";28;5;0;0;0;;;;5;6;2;0;0;;;;8;13
"062016";"Castelfranco in Miscano";29;5;0;0;0;;;;5;6;0;0;0;;;;6;11
"062016";"Castelfranco in Miscano";30;8;0;0;0;;;;8;2;1;0;0;;;;3;11
"062016";"Castelfranco in Miscano";31;3;0;0;0;;;;3;0;0;0;0;;;;0;3
"062016";"Castelfranco in Miscano";32;4;1;0;0;;;;5;0;0;0;0;;;;0;5
"062016";"Castelfranco in Miscano";33;4;1;0;0;;;;5;1;0;0;0;;;;1;6
"062016";"Castelfranco in Miscano";34;4;0;0;0;;;;4;5;5;0;0;;;;10;14
"062016";"Castelfranco in Miscano";35;5;2;0;0;;;;7;3;4;0;0;;;;7;14
"062016";"Castelfranco in Miscano";36;5;2;0;0;;;;7;3;4;0;0;;;;7;14
"062016";"Castelfranco in Miscano";37;4;2;0;0;;;;6;1;3;0;0;;;;4;10
"062016";"Castelfranco in Miscano";38;2;4;0;0;;;;6;3;2;0;0;;;;5;11
"062016";"Castelfranco in Miscano";39;2;0;0;0;;;;2;1;2;0;0;;;;3;5
"062016";"Castelfranco in Miscano";40;5;4;0;0;;;;9;3;1;0;0;;;;4;13
"062016";"Castelfranco in Miscano";41;2;3;0;0;;;;5;3;4;0;0;;;;7;12
"062016";"Castelfranco in Miscano";42;3;0;0;0;;;;3;1;6;0;0;;;;7;10
"062016";"Castelfranco in Miscano";43;3;4;0;0;;;;7;1;4;0;0;;;;5;12
"062016";"Castelfranco in Miscano";44;2;4;0;0;;;;6;1;2;0;0;;;;3;9
"062016";"Castelfranco in Miscano";45;2;4;0;0;;;;6;1;3;0;0;;;;4;10
"062016";"Castelfranco in Miscano";46;3;1;0;0;;;;4;0;0;0;0;;;;0;4
"062016";"Castelfranco in Miscano";47;3;3;0;0;;;;6;2;2;0;0;;;;4;10
"062016";"Castelfranco in Miscano";48;0;3;0;0;;;;3;2;3;1;0;;;;6;9
"062016";"Castelfranco in Miscano";49;2;5;0;0;;;;7;2;2;0;0;;;;4;11
"062016";"Castelfranco in Miscano";50;2;3;0;0;;;;5;2;0;0;1;;;;3;8
"062016";"Castelfranco in Miscano";51;2;5;0;0;;;;7;3;5;0;0;;;;8;15
"062016";"Castelfranco in Miscano";52;1;5;0;0;;;;6;0;0;0;0;;;;0;6
"062016";"Castelfranco in Miscano";53;3;3;0;0;;;;6;2;3;0;0;;;;5;11
"062016";"Castelfranco in Miscano";54;3;2;0;0;;;;5;0;8;0;0;;;;8;13
"062016";"Castelfranco in Miscano";55;2;4;0;0;;;;6;0;4;0;0;;;;4;10
"062016";"Castelfranco in Miscano";56;2;2;0;0;;;;4;1;2;0;0;;;;3;7
"062016";"Castelfranco in Miscano";57;0;4;1;0;;;;5;0;3;0;1;;;;4;9
"062016";"Castelfranco in Miscano";58;2;6;0;0;;;;8;2;5;1;0;;;;8;16
"062016";"Castelfranco in Miscano";59;0;6;0;0;;;;6;0;6;0;0;;;;6;12
"062016";"Castelfranco in Miscano";60;1;3;0;0;;;;4;1;10;0;0;;;;11;15
"062016";"Castelfranco in Miscano";61;2;3;1;0;;;;6;3;6;1;1;;;;11;17
"062016";"Castelfranco in Miscano";62;1;7;0;0;;;;8;0;2;0;0;;;;2;10
"062016";"Castelfranco in Miscano";63;0;3;0;0;;;;3;2;7;0;1;;;;10;13
"062016";"Castelfranco in Miscano";64;3;12;0;0;;;;15;2;6;0;1;;;;9;24
"062016";"Castelfranco in Miscano";65;0;7;1;0;;;;8;0;3;1;3;;;;7;15
"062016";"Castelfranco in Miscano";66;0;5;0;0;;;;5;0;6;0;2;;;;8;13
"062016";"Castelfranco in Miscano";67;0;1;1;0;;;;2;0;4;0;0;;;;4;6
"062016";"Castelfranco in Miscano";68;1;7;0;0;;;;8;0;5;0;0;;;;5;13
"062016";"Castelfranco in Miscano";69;1;7;0;1;;;;9;0;1;0;1;;;;2;11
"062016";"Castelfranco in Miscano";70;0;1;0;0;;;;1;3;4;0;3;;;;10;11
"062016";"Castelfranco in Miscano";71;1;4;0;0;;;;5;1;3;0;0;;;;4;9
"062016";"Castelfranco in Miscano";72;0;4;0;0;;;;4;0;0;0;1;;;;1;5
"062016";"Castelfranco in Miscano";73;1;5;0;0;;;;6;0;2;0;0;;;;2;8
"062016";"Castelfranco in Miscano";74;0;2;1;0;;;;3;0;2;0;2;;;;4;7
"062016";"Castelfranco in Miscano";75;0;2;0;0;;;;2;0;2;0;3;;;;5;7
"062016";"Castelfranco in Miscano";76;0;3;0;0;;;;3;0;1;1;1;;;;3;6
"062016";"Castelfranco in Miscano";77;0;1;0;0;;;;1;1;0;0;1;;;;2;3
"062016";"Castelfranco in Miscano";78;1;0;0;0;;;;1;0;2;0;3;;;;5;6
"062016";"Castelfranco in Miscano";79;0;2;0;1;;;;3;0;0;0;2;;;;2;5
"062016";"Castelfranco in Miscano";80;0;0;0;0;;;;0;0;0;0;4;;;;4;4
"062016";"Castelfranco in Miscano";81;0;3;0;0;;;;3;0;1;1;3;;;;5;8
"062016";"Castelfranco in Miscano";82;0;1;0;0;;;;1;1;1;0;0;;;;2;3
"062016";"Castelfranco in Miscano";83;0;0;0;0;;;;0;0;0;0;0;;;;0;0
"062016";"Castelfranco in Miscano";84;0;2;0;0;;;;2;1;2;0;2;;;;5;7
"062016";"Castelfranco in Miscano";85;1;1;0;0;;;;2;0;1;0;1;;;;2;4
"062016";"Castelfranco in Miscano";86;0;1;0;1;;;;2;0;2;0;2;;;;4;6
"062016";"Castelfranco in Miscano";87;0;0;0;1;;;;1;1;0;0;6;;;;7;8
"062016";"Castelfranco in Miscano";88;0;2;0;1;;;;3;1;0;0;2;;;;3;6
"062016";"Castelfranco in Miscano";89;1;1;0;3;;;;5;0;0;0;3;;;;3;8
"062016";"Castelfranco in Miscano";90;0;0;0;0;;;;0;0;0;0;5;;;;5;5
"062016";"Castelfranco in Miscano";91;0;1;0;3;;;;4;0;1;0;0;;;;1;5
"062016";"Castelfranco in Miscano";92;0;1;0;0;;;;1;0;0;0;2;;;;2;3
"062016";"Castelfranco in Miscano";93;0;0;0;0;;;;0;0;0;0;0;;;;0;0
"062016";"Castelfranco in Miscano";94;0;0;0;0;;;;0;0;0;0;3;;;;3;3
"062016";"Castelfranco in Miscano";95;0;0;0;0;;;;0;0;0;0;1;;;;1;1
"062016";"Castelfranco in Miscano";96;0;0;0;0;;;;0;0;0;0;0;;;;0;0
"062016";"Castelfranco in Miscano";97;0;0;0;0;;;;0;1;0;0;0;;;;1;1
"062016";"Castelfranco in Miscano";98;0;0;0;0;;;;0;0;0;0;0;;;;0;0
"062016";"Castelfranco in Miscano";99;0;0;0;0;;;;0;0;0;0;0;;;;0;0
"062016";"Castelfranco in Miscano";100;0;0;0;0;;;;0;0;0;0;2;;;;2;2
"062016";"Castelfranco in Miscano";999;200;175;5;11;;;;391;142;161;6;63;;;;372;763
"062017";"Castelpagano";0;7;0;0;0;;;;7;2;0;0;0;;;;2;9
"062017";"Castelpagano";1;5;0;0;0;;;;5;5;0;0;0;;;;5;10
"062017";"Castelpagano";2;3;0;0;0;;;;3;5;0;0;0;;;;5;8
"062017";"Castelpagano";3;7;0;0;0;;;;7;4;0;0;0;;;;4;11
"062017";"Castelpagano";4;3;0;0;0;;;;3;2;0;0;0;;;;2;5
"062017";"Castelpagano";5;4;0;0;0;;;;4;8;0;0;0;;;;8;12
"062017";"Castelpagano";6;4;0;0;0;;;;4;9;0;0;0;;;;9;13
"062017";"Castelpagano";7;2;0;0;0;;;;2;7;0;0;0;;;;7;9
"062017";"Castelpagano";8;10;0;0;0;;;;10;1;0;0;0;;;;1;11
"062017";"Castelpagano";9;3;0;0;0;;;;3;2;0;0;0;;;;2;5
"062017";"Castelpagano";10;6;0;0;0;;;;6;4;0;0;0;;;;4;10
"062017";"Castelpagano";11;3;0;0;0;;;;3;1;0;0;0;;;;1;4
"062017";"Castelpagano";12;5;0;0;0;;;;5;6;0;0;0;;;;6;11
"062017";"Castelpagano";13;4;0;0;0;;;;4;4;0;0;0;;;;4;8
"062017";"Castelpagano";14;4;0;0;0;;;;4;3;0;0;0;;;;3;7
"062017";"Castelpagano";15;8;0;0;0;;;;8;7;0;0;0;;;;7;15
"062017";"Castelpagano";16;8;0;0;0;;;;8;5;0;0;0;;;;5;13
"062017";"Castelpagano";17;9;0;0;0;;;;9;8;0;0;0;;;;8;17
"062017";"Castelpagano";18;5;0;0;0;;;;5;2;0;0;0;;;;2;7
"062017";"Castelpagano";19;6;0;0;0;;;;6;7;0;0;0;;;;7;13
"062017";"Castelpagano";20;10;0;0;0;;;;10;7;0;0;0;;;;7;17
"062017";"Castelpagano";21;9;0;0;0;;;;9;5;0;0;0;;;;5;14
"062017";"Castelpagano";22;9;0;0;0;;;;9;9;0;0;0;;;;9;18
"062017";"Castelpagano";23;11;0;0;0;;;;11;11;0;0;0;;;;11;22
"062017";"Castelpagano";24;10;0;0;0;;;;10;3;1;0;0;;;;4;14
"062017";"Castelpagano";25;5;0;0;0;;;;5;6;1;0;0;;;;7;12
"062017";"Castelpagano";26;7;0;0;0;;;;7;7;0;0;0;;;;7;14
"062017";"Castelpagano";27;8;0;0;0;;;;8;8;1;0;0;;;;9;17
"062017";"Castelpagano";28;11;1;0;0;;;;12;6;3;0;0;;;;9;21
"062017";"Castelpagano";29;8;1;0;0;;;;9;4;1;0;0;;;;5;14
"062017";"Castelpagano";30;8;3;0;0;;;;11;2;3;0;0;;;;5;16
"062017";"Castelpagano";31;2;2;0;0;;;;4;4;4;0;0;;;;8;12
"062017";"Castelpagano";32;6;6;0;0;;;;12;5;3;0;0;;;;8;20
"062017";"Castelpagano";33;9;1;0;0;;;;10;1;1;0;0;;;;2;12
"062017";"Castelpagano";34;4;1;0;0;;;;5;5;3;0;0;;;;8;13
"062017";"Castelpagano";35;3;3;0;0;;;;6;3;2;0;0;;;;5;11
"062017";"Castelpagano";36;5;6;0;0;;;;11;1;5;0;0;;;;6;17
"062017";"Castelpagano";37;3;3;0;0;;;;6;0;7;0;0;;;;7;13
"062017";"Castelpagano";38;3;1;0;0;;;;4;1;9;0;0;;;;10;14
"062017";"Castelpagano";39;4;0;0;0;;;;4;1;2;0;0;;;;3;7
"062017";"Castelpagano";40;0;6;0;0;;;;6;1;6;0;0;;;;7;13
"062017";"Castelpagano";41;5;8;0;0;;;;13;3;7;0;0;;;;10;23
"062017";"Castelpagano";42;1;2;2;0;;;;5;0;4;0;0;;;;4;9
"062017";"Castelpagano";43;3;0;0;0;;;;3;1;3;0;0;;;;4;7
"062017";"Castelpagano";44;1;5;0;0;;;;6;3;6;0;0;;;;9;15
"062017";"Castelpagano";45;3;3;0;0;;;;6;2;8;0;0;;;;10;16
"062017";"Castelpagano";46;0;3;0;0;;;;3;0;8;0;1;;;;9;12
"062017";"Castelpagano";47;1;9;0;0;;;;10;0;10;0;0;;;;10;20
"062017";"Castelpagano";48;3;8;0;0;;;;11;0;5;0;0;;;;5;16
"062017";"Castelpagano";49;2;8;0;0;;;;10;0;8;0;1;;;;9;19
"062017";"Castelpagano";50;2;5;0;0;;;;7;3;8;0;0;;;;11;18
"062017";"Castelpagano";51;1;6;0;0;;;;7;1;7;1;0;;;;9;16
"062017";"Castelpagano";52;1;9;0;0;;;;10;1;7;0;0;;;;8;18
"062017";"Castelpagano";53;2;14;2;0;;;;18;1;11;0;1;;;;13;31
"062017";"Castelpagano";54;1;12;0;0;;;;13;1;12;1;1;;;;15;28
"062017";"Castelpagano";55;2;9;0;0;;;;11;2;7;0;0;;;;9;20
"062017";"Castelpagano";56;3;12;0;0;;;;15;1;6;0;1;;;;8;23
"062017";"Castelpagano";57;2;7;0;0;;;;9;0;13;0;0;;;;13;22
"062017";"Castelpagano";58;0;12;0;0;;;;12;0;6;0;0;;;;6;18
"062017";"Castelpagano";59;1;8;0;0;;;;9;0;9;0;2;;;;11;20
"062017";"Castelpagano";60;2;6;0;0;;;;8;1;7;0;2;;;;10;18
"062017";"Castelpagano";61;1;3;0;0;;;;4;0;8;0;0;;;;8;12
"062017";"Castelpagano";62;1;13;0;0;;;;14;1;7;0;1;;;;9;23
"062017";"Castelpagano";63;2;3;0;0;;;;5;1;7;0;2;;;;10;15
"062017";"Castelpagano";64;2;7;0;1;;;;10;0;8;0;0;;;;8;18
"062017";"Castelpagano";65;0;6;0;0;;;;6;0;3;0;0;;;;3;9
"062017";"Castelpagano";66;1;2;0;0;;;;3;0;11;0;1;;;;12;15
"062017";"Castelpagano";67;1;11;0;0;;;;12;1;4;0;1;;;;6;18
"062017";"Castelpagano";68;0;9;0;1;;;;10;3;7;0;5;;;;15;25
"062017";"Castelpagano";69;0;5;0;0;;;;5;0;7;0;0;;;;7;12
"062017";"Castelpagano";70;0;8;0;1;;;;9;0;4;0;2;;;;6;15
"062017";"Castelpagano";71;2;6;0;0;;;;8;0;6;0;1;;;;7;15
"062017";"Castelpagano";72;0;7;0;0;;;;7;1;6;0;4;;;;11;18
"062017";"Castelpagano";73;0;7;0;1;;;;8;0;5;0;2;;;;7;15
"062017";"Castelpagano";74;1;5;1;1;;;;8;0;7;0;5;;;;12;20
"062017";"Castelpagano";75;1;12;0;1;;;;14;0;3;0;4;;;;7;21
"062017";"Castelpagano";76;0;3;0;2;;;;5;0;6;0;2;;;;8;13
"062017";"Castelpagano";77;1;7;0;1;;;;9;0;3;0;2;;;;5;14
"062017";"Castelpagano";78;1;6;0;1;;;;8;0;5;0;2;;;;7;15
"062017";"Castelpagano";79;0;7;0;0;;;;7;0;5;0;2;;;;7;14
"062017";"Castelpagano";80;0;5;0;1;;;;6;0;3;0;5;;;;8;14
"062017";"Castelpagano";81;0;2;0;0;;;;2;0;3;0;4;;;;7;9
"062017";"Castelpagano";82;0;8;1;0;;;;9;0;4;0;3;;;;7;16
"062017";"Castelpagano";83;0;5;0;0;;;;5;0;1;0;3;;;;4;9
"062017";"Castelpagano";84;1;2;0;1;;;;4;0;1;0;2;;;;3;7
"062017";"Castelpagano";85;0;6;0;1;;;;7;1;1;0;4;;;;6;13
"062017";"Castelpagano";86;0;3;0;2;;;;5;0;2;0;4;;;;6;11
"062017";"Castelpagano";87;0;1;0;0;;;;1;1;2;0;6;;;;9;10
"062017";"Castelpagano";88;0;4;0;1;;;;5;2;0;0;4;;;;6;11
"062017";"Castelpagano";89;0;0;0;1;;;;1;0;0;0;5;;;;5;6
"062017";"Castelpagano";90;0;2;0;1;;;;3;0;1;0;6;;;;7;10
"062017";"Castelpagano";91;0;0;0;2;;;;2;0;1;0;2;;;;3;5
"062017";"Castelpagano";92;0;0;0;0;;;;0;0;1;0;2;;;;3;3
"062017";"Castelpagano";93;0;0;0;2;;;;2;0;0;0;4;;;;4;6
"062017";"Castelpagano";94;0;0;0;1;;;;1;0;0;0;3;;;;3;4
"062017";"Castelpagano";95;0;0;0;1;;;;1;0;0;0;4;;;;4;5
"062017";"Castelpagano";96;0;0;0;1;;;;1;0;0;0;0;;;;0;1
"062017";"Castelpagano";97;0;1;0;0;;;;1;0;0;0;2;;;;2;3
"062017";"Castelpagano";98;0;0;0;1;;;;1;0;0;0;0;;;;0;1
"062017";"Castelpagano";99;0;1;0;0;;;;1;1;0;0;1;;;;2;3
"062017";"Castelpagano";100;0;0;0;0;;;;0;0;0;0;0;;;;0;0
"062017";"Castelpagano";999;292;347;6;26;;;;671;214;336;2;109;;;;661;1332
"062018";"Castelpoto";0;3;0;0;0;;;;3;1;0;0;0;;;;1;4
"062018";"Castelpoto";1;3;0;0;0;;;;3;5;0;0;0;;;;5;8
"062018";"Castelpoto";2;2;0;0;0;;;;2;6;0;0;0;;;;6;8
"062018";"Castelpoto";3;5;0;0;0;;;;5;3;0;0;0;;;;3;8
"062018";"Castelpoto";4;6;0;0;0;;;;6;3;0;0;0;;;;3;9
"062018";"Castelpoto";5;1;0;0;0;;;;1;7;0;0;0;;;;7;8
"062018";"Castelpoto";6;7;0;0;0;;;;7;3;0;0;0;;;;3;10
"062018";"Castelpoto";7;6;0;0;0;;;;6;4;0;0;0;;;;4;10
"062018";"Castelpoto";8;1;0;0;0;;;;1;8;0;0;0;;;;8;9
"062018";"Castelpoto";9;5;0;0;0;;;;5;5;0;0;0;;;;5;10
"062018";"Castelpoto";10;3;0;0;0;;;;3;5;0;0;0;;;;5;8
"062018";"Castelpoto";11;6;0;0;0;;;;6;3;0;0;0;;;;3;9
"062018";"Castelpoto";12;4;0;0;0;;;;4;2;0;0;0;;;;2;6
"062018";"Castelpoto";13;4;0;0;0;;;;4;4;0;0;0;;;;4;8
"062018";"Castelpoto";14;3;0;0;0;;;;3;1;0;0;0;;;;1;4
"062018";"Castelpoto";15;4;0;0;0;;;;4;9;0;0;0;;;;9;13
"062018";"Castelpoto";16;7;0;0;0;;;;7;4;0;0;0;;;;4;11
"062018";"Castelpoto";17;1;0;0;0;;;;1;6;0;0;0;;;;6;7
"062018";"Castelpoto";18;4;0;0;0;;;;4;1;0;0;0;;;;1;5
"062018";"Castelpoto";19;5;0;0;0;;;;5;5;0;0;0;;;;5;10
"062018";"Castelpoto";20;7;0;0;0;;;;7;3;0;0;0;;;;3;10
"062018";"Castelpoto";21;5;0;0;0;;;;5;8;0;0;0;;;;8;13
"062018";"Castelpoto";22;6;0;0;0;;;;6;2;0;0;0;;;;2;8
"062018";"Castelpoto";23;8;0;0;0;;;;8;5;0;0;0;;;;5;13
"062018";"Castelpoto";24;6;0;0;0;;;;6;2;0;0;0;;;;2;8
"062018";"Castelpoto";25;2;0;0;0;;;;2;3;1;0;0;;;;4;6
"062018";"Castelpoto";26;8;0;0;0;;;;8;9;0;0;0;;;;9;17
"062018";"Castelpoto";27;8;0;0;0;;;;8;4;1;0;0;;;;5;13
"062018";"Castelpoto";28;4;0;0;0;;;;4;5;1;0;0;;;;6;10
"062018";"Castelpoto";29;5;0;0;0;;;;5;4;1;0;0;;;;5;10
"062018";"Castelpoto";30;6;0;0;0;;;;6;2;2;0;0;;;;4;10
"062018";"Castelpoto";31;8;3;0;0;;;;11;6;1;0;0;;;;7;18
"062018";"Castelpoto";32;5;1;0;0;;;;6;6;3;0;0;;;;9;15
"062018";"Castelpoto";33;2;2;0;0;;;;4;5;2;0;0;;;;7;11
"062018";"Castelpoto";34;5;3;0;0;;;;8;2;4;0;0;;;;6;14
"062018";"Castelpoto";35;2;2;0;0;;;;4;1;6;0;0;;;;7;11
"062018";"Castelpoto";36;3;2;0;0;;;;5;1;2;0;0;;;;3;8
"062018";"Castelpoto";37;2;5;0;0;;;;7;4;5;0;0;;;;9;16
"062018";"Castelpoto";38;2;1;0;0;;;;3;1;2;0;0;;;;3;6
"062018";"Castelpoto";39;5;1;0;0;;;;6;4;3;0;0;;;;7;13
"062018";"Castelpoto";40;5;3;0;0;;;;8;2;2;0;0;;;;4;12
"062018";"Castelpoto";41;3;5;0;0;;;;8;1;2;0;0;;;;3;11
"062018";"Castelpoto";42;5;3;0;0;;;;8;2;5;0;0;;;;7;15
"062018";"Castelpoto";43;3;7;0;1;;;;11;3;3;0;0;;;;6;17
"062018";"Castelpoto";44;5;4;0;0;;;;9;0;3;0;0;;;;3;12
"062018";"Castelpoto";45;4;2;1;0;;;;7;2;8;0;0;;;;10;17
"062018";"Castelpoto";46;2;3;0;0;;;;5;2;9;0;0;;;;11;16
"062018";"Castelpoto";47;1;6;0;0;;;;7;0;4;1;1;;;;6;13
"062018";"Castelpoto";48;4;4;0;0;;;;8;1;2;0;0;;;;3;11
"062018";"Castelpoto";49;1;1;1;0;;;;3;0;6;1;0;;;;7;10
"062018";"Castelpoto";50;4;4;0;1;;;;9;2;11;0;0;;;;13;22
"062018";"Castelpoto";51;3;3;0;0;;;;6;2;9;0;0;;;;11;17
"062018";"Castelpoto";52;6;9;0;0;;;;15;1;4;1;1;;;;7;22
"062018";"Castelpoto";53;3;4;1;0;;;;8;1;8;0;0;;;;9;17
"062018";"Castelpoto";54;4;11;1;0;;;;16;1;6;0;0;;;;7;23
"062018";"Castelpoto";55;1;7;0;0;;;;8;0;6;0;0;;;;6;14
"062018";"Castelpoto";56;2;3;0;0;;;;5;3;11;1;3;;;;18;23
"062018";"Castelpoto";57;2;8;1;0;;;;11;2;7;0;2;;;;11;22
"062018";"Castelpoto";58;4;7;0;0;;;;11;1;6;3;0;;;;10;21
"062018";"Castelpoto";59;2;7;0;0;;;;9;0;6;0;0;;;;6;15
"062018";"Castelpoto";60;0;7;0;0;;;;7;3;3;1;1;;;;8;15
"062018";"Castelpoto";61;1;9;2;0;;;;12;2;9;0;2;;;;13;25
"062018";"Castelpoto";62;2;7;0;2;;;;11;1;3;0;0;;;;4;15
"062018";"Castelpoto";63;1;8;0;0;;;;9;3;3;1;1;;;;8;17
"062018";"Castelpoto";64;1;3;1;0;;;;5;4;6;1;0;;;;11;16
"062018";"Castelpoto";65;1;9;0;0;;;;10;1;4;0;1;;;;6;16
"062018";"Castelpoto";66;0;2;0;0;;;;2;4;4;1;0;;;;9;11
"062018";"Castelpoto";67;1;3;0;1;;;;5;0;4;0;2;;;;6;11
"062018";"Castelpoto";68;0;5;1;0;;;;6;0;2;1;3;;;;6;12
"062018";"Castelpoto";69;2;8;0;0;;;;10;2;8;0;3;;;;13;23
"062018";"Castelpoto";70;0;3;0;0;;;;3;0;4;0;3;;;;7;10
"062018";"Castelpoto";71;1;6;0;0;;;;7;0;6;0;3;;;;9;16
"062018";"Castelpoto";72;1;3;0;0;;;;4;0;8;0;1;;;;9;13
"062018";"Castelpoto";73;0;5;0;1;;;;6;0;4;0;0;;;;4;10
"062018";"Castelpoto";74;0;3;0;0;;;;3;1;4;0;1;;;;6;9
"062018";"Castelpoto";75;0;7;0;0;;;;7;0;7;0;4;;;;11;18
"062018";"Castelpoto";76;0;4;0;0;;;;4;2;9;0;3;;;;14;18
"062018";"Castelpoto";77;0;3;0;0;;;;3;0;1;0;3;;;;4;7
"062018";"Castelpoto";78;0;5;0;1;;;;6;2;5;0;2;;;;9;15
"062018";"Castelpoto";79;0;3;0;0;;;;3;1;0;0;1;;;;2;5
"062018";"Castelpoto";80;0;3;0;0;;;;3;0;1;0;5;;;;6;9
"062018";"Castelpoto";81;0;4;0;0;;;;4;1;2;1;4;;;;8;12
"062018";"Castelpoto";82;1;5;0;0;;;;6;0;0;0;2;;;;2;8
"062018";"Castelpoto";83;0;2;0;1;;;;3;1;3;0;4;;;;8;11
"062018";"Castelpoto";84;0;3;0;0;;;;3;0;2;0;5;;;;7;10
"062018";"Castelpoto";85;0;5;0;1;;;;6;0;3;0;1;;;;4;10
"062018";"Castelpoto";86;0;2;0;1;;;;3;1;0;0;0;;;;1;4
"062018";"Castelpoto";87;0;3;0;1;;;;4;0;0;0;4;;;;4;8
"062018";"Castelpoto";88;0;2;0;1;;;;3;0;0;0;3;;;;3;6
"062018";"Castelpoto";89;0;2;0;0;;;;2;0;0;1;6;;;;7;9
"062018";"Castelpoto";90;0;0;0;0;;;;0;0;0;0;6;;;;6;6
"062018";"Castelpoto";91;0;2;0;0;;;;2;0;0;0;1;;;;1;3
"062018";"Castelpoto";92;0;1;0;1;;;;2;0;0;0;2;;;;2;4
"062018";"Castelpoto";93;0;0;0;1;;;;1;0;0;0;0;;;;0;1
"062018";"Castelpoto";94;0;0;0;0;;;;0;0;2;0;0;;;;2;2
"062018";"Castelpoto";95;0;2;0;0;;;;2;1;1;0;1;;;;3;5
"062018";"Castelpoto";96;0;0;0;0;;;;0;0;0;0;0;;;;0;0
"062018";"Castelpoto";97;0;0;0;0;;;;0;0;0;0;0;;;;0;0
"062018";"Castelpoto";98;0;0;0;1;;;;1;0;0;0;0;;;;0;1
"062018";"Castelpoto";99;0;0;0;0;;;;0;0;0;0;1;;;;1;1
"062018";"Castelpoto";100;0;0;0;0;;;;0;0;0;0;1;;;;1;1
"062018";"Castelpoto";999;255;260;9;15;;;;539;218;260;14;87;;;;579;1118
"062019";"Castelvenere";0;13;0;0;0;;;;13;5;0;0;0;;;;5;18
"062019";"Castelvenere";1;11;0;0;0;;;;11;10;0;0;0;;;;10;21
"062019";"Castelvenere";2;8;0;0;0;;;;8;4;0;0;0;;;;4;12
"062019";"Castelvenere";3;12;0;0;0;;;;12;5;0;0;0;;;;5;17
"062019";"Castelvenere";4;11;0;0;0;;;;11;11;0;0;0;;;;11;22
"062019";"Castelvenere";5;10;0;0;0;;;;10;10;0;0;0;;;;10;20
"062019";"Castelvenere";6;9;0;0;0;;;;9;10;0;0;0;;;;10;19
"062019";"Castelvenere";7;13;0;0;0;;;;13;11;0;0;0;;;;11;24
"062019";"Castelvenere";8;8;0;0;0;;;;8;10;0;0;0;;;;10;18
"062019";"Castelvenere";9;10;0;0;0;;;;10;5;0;0;0;;;;5;15
"062019";"Castelvenere";10;10;0;0;0;;;;10;7;0;0;0;;;;7;17
"062019";"Castelvenere";11;11;0;0;0;;;;11;15;0;0;0;;;;15;26
"062019";"Castelvenere";12;14;0;0;0;;;;14;7;0;0;0;;;;7;21
"062019";"Castelvenere";13;9;0;0;0;;;;9;12;0;0;0;;;;12;21
"062019";"Castelvenere";14;9;0;0;0;;;;9;11;0;0;0;;;;11;20
"062019";"Castelvenere";15;8;0;0;0;;;;8;10;0;0;0;;;;10;18
"062019";"Castelvenere";16;4;0;0;0;;;;4;12;0;0;0;;;;12;16
"062019";"Castelvenere";17;6;0;0;0;;;;6;8;0;0;0;;;;8;14
"062019";"Castelvenere";18;10;0;0;0;;;;10;9;0;0;0;;;;9;19
"062019";"Castelvenere";19;5;0;0;0;;;;5;11;0;0;0;;;;11;16
"062019";"Castelvenere";20;13;0;0;0;;;;13;12;0;0;0;;;;12;25
"062019";"Castelvenere";21;16;0;0;0;;;;16;9;0;0;0;;;;9;25
"062019";"Castelvenere";22;12;0;0;0;;;;12;13;0;0;0;;;;13;25
"062019";"Castelvenere";23;18;0;0;0;;;;18;7;0;0;0;;;;7;25
"062019";"Castelvenere";24;8;0;0;0;;;;8;9;0;0;0;;;;9;17
"062019";"Castelvenere";25;16;0;0;0;;;;16;11;1;0;0;;;;12;28
"062019";"Castelvenere";26;14;0;0;0;;;;14;8;0;0;0;;;;8;22
"062019";"Castelvenere";27;13;1;0;0;;;;14;12;0;0;0;;;;12;26
"062019";"Castelvenere";28;11;2;0;0;;;;13;12;1;0;0;;;;13;26
"062019";"Castelvenere";29;11;1;0;0;;;;12;7;3;0;0;;;;10;22
"062019";"Castelvenere";30;9;0;0;0;;;;9;10;6;0;0;;;;16;25
"062019";"Castelvenere";31;11;3;0;0;;;;14;13;3;0;0;;;;16;30
"062019";"Castelvenere";32;8;2;0;0;;;;10;8;9;0;0;;;;17;27
"062019";"Castelvenere";33;9;4;0;0;;;;13;8;8;1;0;;;;17;30
"062019";"Castelvenere";34;12;3;0;0;;;;15;7;2;1;0;;;;10;25
"062019";"Castelvenere";35;13;5;0;0;;;;18;7;7;0;0;;;;14;32
"062019";"Castelvenere";36;10;10;1;0;;;;21;11;4;0;0;;;;15;36
"062019";"Castelvenere";37;10;5;0;0;;;;15;6;4;0;1;;;;11;26
"062019";"Castelvenere";38;10;8;0;0;;;;18;4;9;1;0;;;;14;32
"062019";"Castelvenere";39;9;7;0;0;;;;16;4;7;0;0;;;;11;27
"062019";"Castelvenere";40;6;6;0;0;;;;12;6;8;1;0;;;;15;27
"062019";"Castelvenere";41;5;5;1;0;;;;11;8;14;0;1;;;;23;34
"062019";"Castelvenere";42;9;7;0;0;;;;16;4;9;0;1;;;;14;30
"062019";"Castelvenere";43;3;5;0;0;;;;8;2;12;0;0;;;;14;22
"062019";"Castelvenere";44;3;8;0;0;;;;11;7;12;2;0;;;;21;32
"062019";"Castelvenere";45;6;10;0;0;;;;16;3;10;0;0;;;;13;29
"062019";"Castelvenere";46;5;7;1;0;;;;13;3;15;0;0;;;;18;31
"062019";"Castelvenere";47;3;8;1;0;;;;12;1;15;1;0;;;;17;29
"062019";"Castelvenere";48;4;8;1;0;;;;13;0;8;0;0;;;;8;21
"062019";"Castelvenere";49;2;15;1;0;;;;18;2;9;3;0;;;;14;32
"062019";"Castelvenere";50;6;15;1;0;;;;22;7;9;2;0;;;;18;40
"062019";"Castelvenere";51;5;13;1;0;;;;19;3;13;0;0;;;;16;35
"062019";"Castelvenere";52;4;13;0;0;;;;17;5;14;0;0;;;;19;36
"062019";"Castelvenere";53;4;9;0;0;;;;13;3;16;3;0;;;;22;35
"062019";"Castelvenere";54;3;11;1;0;;;;15;4;18;2;0;;;;24;39
"062019";"Castelvenere";55;2;13;2;0;;;;17;3;15;0;1;;;;19;36
"062019";"Castelvenere";56;2;20;0;0;;;;22;3;14;1;0;;;;18;40
"062019";"Castelvenere";57;4;11;0;0;;;;15;1;16;1;5;;;;23;38
"062019";"Castelvenere";58;2;10;1;0;;;;13;3;13;0;4;;;;20;33
"062019";"Castelvenere";59;5;13;0;1;;;;19;1;17;1;2;;;;21;40
"062019";"Castelvenere";60;1;18;1;2;;;;22;1;20;1;3;;;;25;47
"062019";"Castelvenere";61;5;20;0;0;;;;25;2;19;0;2;;;;23;48
"062019";"Castelvenere";62;1;12;2;0;;;;15;2;17;1;0;;;;20;35
"062019";"Castelvenere";63;1;16;3;0;;;;20;2;15;0;2;;;;19;39
"062019";"Castelvenere";64;2;17;0;0;;;;19;0;11;0;1;;;;12;31
"062019";"Castelvenere";65;3;19;0;1;;;;23;1;7;1;2;;;;11;34
"062019";"Castelvenere";66;0;19;0;0;;;;19;0;13;1;5;;;;19;38
"062019";"Castelvenere";67;1;6;0;0;;;;7;1;18;1;2;;;;22;29
"062019";"Castelvenere";68;2;15;1;0;;;;18;0;6;0;4;;;;10;28
"062019";"Castelvenere";69;2;15;0;2;;;;19;0;10;2;3;;;;15;34
"062019";"Castelvenere";70;2;17;0;2;;;;21;0;8;0;3;;;;11;32
"062019";"Castelvenere";71;0;11;0;1;;;;12;0;9;0;8;;;;17;29
"062019";"Castelvenere";72;2;10;1;0;;;;13;0;11;1;2;;;;14;27
"062019";"Castelvenere";73;2;8;0;1;;;;11;0;6;0;7;;;;13;24
"062019";"Castelvenere";74;1;7;0;1;;;;9;1;9;0;2;;;;12;21
"062019";"Castelvenere";75;1;3;0;2;;;;6;1;5;0;7;;;;13;19
"062019";"Castelvenere";76;0;12;1;4;;;;17;1;8;0;9;;;;18;35
"062019";"Castelvenere";77;0;11;1;1;;;;13;0;9;0;7;;;;16;29
"062019";"Castelvenere";78;0;9;0;0;;;;9;1;4;0;8;;;;13;22
"062019";"Castelvenere";79;0;6;0;2;;;;8;0;2;0;6;;;;8;16
"062019";"Castelvenere";80;0;6;0;0;;;;6;1;5;0;5;;;;11;17
"062019";"Castelvenere";81;0;1;0;1;;;;2;0;6;0;9;;;;15;17
"062019";"Castelvenere";82;0;4;0;1;;;;5;1;2;1;7;;;;11;16
"062019";"Castelvenere";83;0;4;0;0;;;;4;2;0;0;4;;;;6;10
"062019";"Castelvenere";84;0;2;0;0;;;;2;2;5;0;5;;;;12;14
"062019";"Castelvenere";85;0;2;0;1;;;;3;0;3;0;9;;;;12;15
"062019";"Castelvenere";86;0;3;0;2;;;;5;1;0;0;5;;;;6;11
"062019";"Castelvenere";87;1;5;0;2;;;;8;0;0;0;4;;;;4;12
"062019";"Castelvenere";88;0;3;0;1;;;;4;0;1;0;1;;;;2;6
"062019";"Castelvenere";89;0;3;0;2;;;;5;0;1;0;8;;;;9;14
"062019";"Castelvenere";90;0;4;0;2;;;;6;0;0;0;7;;;;7;13
"062019";"Castelvenere";91;0;2;0;1;;;;3;0;0;1;4;;;;5;8
"062019";"Castelvenere";92;0;1;1;1;;;;3;0;1;0;6;;;;7;10
"062019";"Castelvenere";93;0;0;0;0;;;;0;0;1;0;5;;;;6;6
"062019";"Castelvenere";94;0;0;0;1;;;;1;0;0;0;5;;;;5;6
"062019";"Castelvenere";95;1;0;0;1;;;;2;0;0;0;0;;;;0;2
"062019";"Castelvenere";96;0;0;0;0;;;;0;0;0;0;0;;;;0;0
"062019";"Castelvenere";97;0;1;0;1;;;;2;0;0;0;1;;;;1;3
"062019";"Castelvenere";98;0;1;0;0;;;;1;0;0;0;0;;;;0;1
"062019";"Castelvenere";99;0;0;0;0;;;;0;0;0;0;0;;;;0;0
"062019";"Castelvenere";100;0;0;0;0;;;;0;0;0;0;1;;;;1;1
"062019";"Castelvenere";999;535;551;23;37;;;;1146;450;553;30;184;;;;1217;2363
"062020";"Castelvetere in Val Fortore";0;1;0;0;0;;;;1;0;0;0;0;;;;0;1
"062020";"Castelvetere in Val Fortore";1;2;0;0;0;;;;2;3;0;0;0;;;;3;5
"062020";"Castelvetere in Val Fortore";2;1;0;0;0;;;;1;1;0;0;0;;;;1;2
"062020";"Castelvetere in Val Fortore";3;1;0;0;0;;;;1;1;0;0;0;;;;1;2
"062020";"Castelvetere in Val Fortore";4;0;0;0;0;;;;0;2;0;0;0;;;;2;2
"062020";"Castelvetere in Val Fortore";5;2;0;0;0;;;;2;4;0;0;0;;;;4;6
"062020";"Castelvetere in Val Fortore";6;1;0;0;0;;;;1;0;0;0;0;;;;0;1
"062020";"Castelvetere in Val Fortore";7;5;0;0;0;;;;5;1;0;0;0;;;;1;6
"062020";"Castelvetere in Val Fortore";8;2;0;0;0;;;;2;0;0;0;0;;;;0;2
"062020";"Castelvetere in Val Fortore";9;1;0;0;0;;;;1;2;0;0;0;;;;2;3
"062020";"Castelvetere in Val Fortore";10;1;0;0;0;;;;1;2;0;0;0;;;;2;3
"062020";"Castelvetere in Val Fortore";11;5;0;0;0;;;;5;3;0;0;0;;;;3;8
"062020";"Castelvetere in Val Fortore";12;3;0;0;0;;;;3;0;0;0;0;;;;0;3
"062020";"Castelvetere in Val Fortore";13;2;0;0;0;;;;2;1;0;0;0;;;;1;3
"062020";"Castelvetere in Val Fortore";14;1;0;0;0;;;;1;4;0;0;0;;;;4;5
"062020";"Castelvetere in Val Fortore";15;2;0;0;0;;;;2;2;0;0;0;;;;2;4
"062020";"Castelvetere in Val Fortore";16;3;0;0;0;;;;3;1;0;0;0;;;;1;4
"062020";"Castelvetere in Val Fortore";17;1;0;0;0;;;;1;1;0;0;0;;;;1;2
"062020";"Castelvetere in Val Fortore";18;1;0;0;0;;;;1;2;0;0;0;;;;2;3
"062020";"Castelvetere in Val Fortore";19;1;0;0;0;;;;1;1;0;0;0;;;;1;2
"062020";"Castelvetere in Val Fortore";20;1;0;0;0;;;;1;2;0;0;0;;;;2;3
"062020";"Castelvetere in Val Fortore";21;3;0;0;0;;;;3;3;0;0;0;;;;3;6
"062020";"Castelvetere in Val Fortore";22;1;0;0;0;;;;1;2;0;0;0;;;;2;3
"062020";"Castelvetere in Val Fortore";23;4;0;0;0;;;;4;3;0;0;0;;;;3;7
"062020";"Castelvetere in Val Fortore";24;3;0;0;0;;;;3;3;0;0;0;;;;3;6
"062020";"Castelvetere in Val Fortore";25;5;0;0;0;;;;5;4;0;0;0;;;;4;9
"062020";"Castelvetere in Val Fortore";26;4;0;0;0;;;;4;1;1;0;0;;;;2;6
"062020";"Castelvetere in Val Fortore";27;3;0;0;0;;;;3;4;0;0;0;;;;4;7
"062020";"Castelvetere in Val Fortore";28;1;0;0;0;;;;1;4;1;0;0;;;;5;6
"062020";"Castelvetere in Val Fortore";29;1;0;0;0;;;;1;3;0;0;0;;;;3;4
"062020";"Castelvetere in Val Fortore";30;3;1;0;0;;;;4;1;0;0;0;;;;1;5
"062020";"Castelvetere in Val Fortore";31;4;0;0;0;;;;4;2;1;0;0;;;;3;7
"062020";"Castelvetere in Val Fortore";32;8;2;0;0;;;;10;2;3;0;0;;;;5;15
"062020";"Castelvetere in Val Fortore";33;5;2;0;0;;;;7;1;1;0;0;;;;2;9
"062020";"Castelvetere in Val Fortore";34;7;0;0;0;;;;7;3;3;0;0;;;;6;13
"062020";"Castelvetere in Val Fortore";35;1;1;0;0;;;;2;1;1;0;0;;;;2;4
"062020";"Castelvetere in Val Fortore";36;2;2;0;0;;;;4;1;1;0;0;;;;2;6
"062020";"Castelvetere in Val Fortore";37;5;2;0;0;;;;7;1;0;0;0;;;;1;8
"062020";"Castelvetere in Val Fortore";38;1;2;0;0;;;;3;2;2;0;0;;;;4;7
"062020";"Castelvetere in Val Fortore";39;3;2;1;0;;;;6;0;6;0;0;;;;6;12
"062020";"Castelvetere in Val Fortore";40;2;2;0;0;;;;4;0;1;1;0;;;;2;6
"062020";"Castelvetere in Val Fortore";41;2;1;1;0;;;;4;1;1;0;1;;;;3;7
"062020";"Castelvetere in Val Fortore";42;1;1;0;0;;;;2;2;2;0;0;;;;4;6
"062020";"Castelvetere in Val Fortore";43;5;3;0;0;;;;8;1;3;0;0;;;;4;12
"062020";"Castelvetere in Val Fortore";44;2;2;0;0;;;;4;1;2;0;0;;;;3;7
"062020";"Castelvetere in Val Fortore";45;2;0;0;0;;;;2;0;4;0;0;;;;4;6
"062020";"Castelvetere in Val Fortore";46;0;0;0;0;;;;0;0;2;0;0;;;;2;2
"062020";"Castelvetere in Val Fortore";47;5;1;0;0;;;;6;2;3;0;1;;;;6;12
"062020";"Castelvetere in Val Fortore";48;3;3;0;0;;;;6;2;1;0;1;;;;4;10
"062020";"Castelvetere in Val Fortore";49;5;2;0;0;;;;7;1;5;0;0;;;;6;13
"062020";"Castelvetere in Val Fortore";50;5;2;0;0;;;;7;3;2;0;0;;;;5;12
"062020";"Castelvetere in Val Fortore";51;4;5;0;0;;;;9;1;2;0;0;;;;3;12
"062020";"Castelvetere in Val Fortore";52;2;1;0;0;;;;3;0;3;0;0;;;;3;6
"062020";"Castelvetere in Val Fortore";53;5;2;0;0;;;;7;1;5;0;0;;;;6;13
"062020";"Castelvetere in Val Fortore";54;1;5;0;1;;;;7;2;6;0;0;;;;8;15
"062020";"Castelvetere in Val Fortore";55;2;2;0;0;;;;4;2;6;0;2;;;;10;14
"062020";"Castelvetere in Val Fortore";56;2;5;0;0;;;;7;0;8;0;0;;;;8;15
"062020";"Castelvetere in Val Fortore";57;3;4;0;0;;;;7;1;2;0;2;;;;5;12
"062020";"Castelvetere in Val Fortore";58;3;8;0;0;;;;11;0;6;1;0;;;;7;18
"062020";"Castelvetere in Val Fortore";59;0;5;0;0;;;;5;2;9;0;0;;;;11;16
"062020";"Castelvetere in Val Fortore";60;2;4;0;0;;;;6;1;4;0;1;;;;6;12
"062020";"Castelvetere in Val Fortore";61;2;7;0;0;;;;9;1;5;1;0;;;;7;16
"062020";"Castelvetere in Val Fortore";62;1;5;0;0;;;;6;1;5;0;2;;;;8;14
"062020";"Castelvetere in Val Fortore";63;0;3;0;0;;;;3;1;8;0;0;;;;9;12
"062020";"Castelvetere in Val Fortore";64;0;7;0;0;;;;7;0;5;0;1;;;;6;13
"062020";"Castelvetere in Val Fortore";65;0;12;0;0;;;;12;0;5;0;0;;;;5;17
"062020";"Castelvetere in Val Fortore";66;2;3;0;0;;;;5;0;3;0;2;;;;5;10
"062020";"Castelvetere in Val Fortore";67;0;9;1;0;;;;10;0;7;0;0;;;;7;17
"062020";"Castelvetere in Val Fortore";68;2;4;0;1;;;;7;1;8;0;1;;;;10;17
"062020";"Castelvetere in Val Fortore";69;2;6;1;1;;;;10;0;2;1;1;;;;4;14
"062020";"Castelvetere in Val Fortore";70;1;6;0;0;;;;7;1;3;0;1;;;;5;12
"062020";"Castelvetere in Val Fortore";71;0;10;1;0;;;;11;0;6;0;4;;;;10;21
"062020";"Castelvetere in Val Fortore";72;0;4;0;0;;;;4;0;6;1;3;;;;10;14
"062020";"Castelvetere in Val Fortore";73;0;1;0;2;;;;3;0;4;0;1;;;;5;8
"062020";"Castelvetere in Val Fortore";74;0;6;1;1;;;;8;2;6;0;5;;;;13;21
"062020";"Castelvetere in Val Fortore";75;0;7;0;3;;;;10;2;11;0;11;;;;24;34
"062020";"Castelvetere in Val Fortore";76;0;7;0;1;;;;8;0;4;0;4;;;;8;16
"062020";"Castelvetere in Val Fortore";77;1;7;0;0;;;;8;0;2;0;6;;;;8;16
"062020";"Castelvetere in Val Fortore";78;0;7;0;1;;;;8;1;6;0;2;;;;9;17
"062020";"Castelvetere in Val Fortore";79;1;4;0;0;;;;5;0;4;0;2;;;;6;11
"062020";"Castelvetere in Val Fortore";80;1;1;0;1;;;;3;0;5;0;6;;;;11;14
"062020";"Castelvetere in Val Fortore";81;1;3;0;1;;;;5;0;2;0;4;;;;6;11
"062020";"Castelvetere in Val Fortore";82;0;8;0;3;;;;11;0;4;0;3;;;;7;18
"062020";"Castelvetere in Val Fortore";83;0;2;0;0;;;;2;0;6;0;5;;;;11;13
"062020";"Castelvetere in Val Fortore";84;0;4;0;6;;;;10;0;2;0;6;;;;8;18
"062020";"Castelvetere in Val Fortore";85;0;8;0;0;;;;8;0;4;0;10;;;;14;22
"062020";"Castelvetere in Val Fortore";86;0;6;0;3;;;;9;0;3;0;5;;;;8;17
"062020";"Castelvetere in Val Fortore";87;0;6;0;2;;;;8;0;3;0;7;;;;10;18
"062020";"Castelvetere in Val Fortore";88;0;3;0;1;;;;4;0;3;0;4;;;;7;11
"062020";"Castelvetere in Val Fortore";89;0;1;0;4;;;;5;0;2;0;4;;;;6;11
"062020";"Castelvetere in Val Fortore";90;0;2;0;2;;;;4;0;0;0;5;;;;5;9
"062020";"Castelvetere in Val Fortore";91;0;2;0;0;;;;2;1;2;0;5;;;;8;10
"062020";"Castelvetere in Val Fortore";92;0;2;0;1;;;;3;0;0;0;4;;;;4;7
"062020";"Castelvetere in Val Fortore";93;0;0;0;0;;;;0;2;0;0;0;;;;2;2
"062020";"Castelvetere in Val Fortore";94;0;0;0;2;;;;2;0;0;0;1;;;;1;3
"062020";"Castelvetere in Val Fortore";95;0;0;0;0;;;;0;0;0;0;0;;;;0;0
"062020";"Castelvetere in Val Fortore";96;0;1;0;0;;;;1;0;0;0;0;;;;0;1
"062020";"Castelvetere in Val Fortore";97;0;0;0;0;;;;0;0;0;0;2;;;;2;2
"062020";"Castelvetere in Val Fortore";98;0;0;0;0;;;;0;0;0;0;0;;;;0;0
"062020";"Castelvetere in Val Fortore";99;0;0;0;0;;;;0;0;0;0;1;;;;1;1
"062020";"Castelvetere in Val Fortore";100;0;0;0;0;;;;0;0;0;0;1;;;;1;1
"062020";"Castelvetere in Val Fortore";999;171;236;6;37;;;;450;110;233;5;127;;;;475;925
"062021";"Cautano";0;7;0;0;0;;;;7;9;0;0;0;;;;9;16
"062021";"Cautano";1;6;0;0;0;;;;6;7;0;0;0;;;;7;13
"062021";"Cautano";2;9;0;0;0;;;;9;7;0;0;0;;;;7;16
"062021";"Cautano";3;7;0;0;0;;;;7;10;0;0;0;;;;10;17
"062021";"Cautano";4;5;0;0;0;;;;5;8;0;0;0;;;;8;13
"062021";"Cautano";5;9;0;0;0;;;;9;8;0;0;0;;;;8;17
"062021";"Cautano";6;12;0;0;0;;;;12;5;0;0;0;;;;5;17
"062021";"Cautano";7;8;0;0;0;;;;8;7;0;0;0;;;;7;15
"062021";"Cautano";8;5;0;0;0;;;;5;9;0;0;0;;;;9;14
"062021";"Cautano";9;9;0;0;0;;;;9;9;0;0;0;;;;9;18
"062021";"Cautano";10;11;0;0;0;;;;11;15;0;0;0;;;;15;26
"062021";"Cautano";11;7;0;0;0;;;;7;5;0;0;0;;;;5;12
"062021";"Cautano";12;6;0;0;0;;;;6;7;0;0;0;;;;7;13
"062021";"Cautano";13;15;0;0;0;;;;15;6;0;0;0;;;;6;21
"062021";"Cautano";14;7;0;0;0;;;;7;5;0;0;0;;;;5;12
"062021";"Cautano";15;10;0;0;0;;;;10;3;0;0;0;;;;3;13
"062021";"Cautano";16;9;0;0;0;;;;9;8;0;0;0;;;;8;17
"062021";"Cautano";17;15;0;0;0;;;;15;12;0;0;0;;;;12;27
"062021";"Cautano";18;6;0;0;0;;;;6;8;0;0;0;;;;8;14
"062021";"Cautano";19;8;0;0;0;;;;8;6;0;0;0;;;;6;14
"062021";"Cautano";20;15;0;0;0;;;;15;10;0;0;0;;;;10;25
"062021";"Cautano";21;10;0;0;0;;;;10;8;0;0;0;;;;8;18
"062021";"Cautano";22;5;0;0;0;;;;5;7;0;0;0;;;;7;12
"062021";"Cautano";23;5;0;0;0;;;;5;6;0;0;0;;;;6;11
"062021";"Cautano";24;17;0;0;0;;;;17;7;2;0;0;;;;9;26
"062021";"Cautano";25;9;1;0;0;;;;10;6;0;0;0;;;;6;16
"062021";"Cautano";26;12;0;0;0;;;;12;8;0;0;0;;;;8;20
"062021";"Cautano";27;12;1;0;0;;;;13;3;3;0;0;;;;6;19
"062021";"Cautano";28;5;1;0;0;;;;6;6;2;0;0;;;;8;14
"062021";"Cautano";29;14;1;0;0;;;;15;4;3;0;0;;;;7;22
"062021";"Cautano";30;8;2;0;0;;;;10;9;4;0;0;;;;13;23
"062021";"Cautano";31;11;2;0;0;;;;13;12;3;0;0;;;;15;28
"062021";"Cautano";32;10;5;0;0;;;;15;9;5;0;0;;;;14;29
"062021";"Cautano";33;8;5;0;0;;;;13;9;5;0;0;;;;14;27
"062021";"Cautano";34;9;4;0;0;;;;13;7;5;0;0;;;;12;25
"062021";"Cautano";35;7;1;0;0;;;;8;7;6;0;0;;;;13;21
"062021";"Cautano";36;11;5;0;0;;;;16;4;8;0;0;;;;12;28
"062021";"Cautano";37;5;1;0;0;;;;6;7;7;0;0;;;;14;20
"062021";"Cautano";38;7;6;0;0;;;;13;0;10;0;0;;;;10;23
"062021";"Cautano";39;3;9;0;0;;;;12;7;9;0;0;;;;16;28
"062021";"Cautano";40;6;8;0;0;;;;14;6;8;0;0;;;;14;28
"062021";"Cautano";41;6;6;0;0;;;;12;0;7;0;0;;;;7;19
"062021";"Cautano";42;6;8;0;0;;;;14;2;10;0;0;;;;12;26
"062021";"Cautano";43;0;9;0;0;;;;9;2;6;0;0;;;;8;17
"062021";"Cautano";44;3;9;0;0;;;;12;2;5;0;0;;;;7;19
"062021";"Cautano";45;5;15;0;0;;;;20;1;14;0;0;;;;15;35
"062021";"Cautano";46;2;7;2;0;;;;11;0;9;0;0;;;;9;20
"062021";"Cautano";47;4;12;0;0;;;;16;1;9;0;1;;;;11;27
"062021";"Cautano";48;3;19;0;0;;;;22;1;10;0;1;;;;12;34
"062021";"Cautano";49;4;5;0;0;;;;9;3;10;0;0;;;;13;22
"062021";"Cautano";50;4;7;1;0;;;;12;1;11;2;0;;;;14;26
"062021";"Cautano";51;3;13;0;0;;;;16;3;5;0;1;;;;9;25
"062021";"Cautano";52;3;13;0;1;;;;17;1;7;0;0;;;;8;25
"062021";"Cautano";53;3;10;0;0;;;;13;3;7;1;0;;;;11;24
"062021";"Cautano";54;3;7;0;0;;;;10;2;13;0;1;;;;16;26
"062021";"Cautano";55;4;12;1;0;;;;17;1;11;0;2;;;;14;31
"062021";"Cautano";56;2;11;0;1;;;;14;2;10;0;0;;;;12;26
"062021";"Cautano";57;3;9;2;3;;;;17;2;18;0;3;;;;23;40
"062021";"Cautano";58;3;13;1;0;;;;17;2;11;1;1;;;;15;32
"062021";"Cautano";59;1;8;0;0;;;;9;2;12;0;2;;;;16;25
"062021";"Cautano";60;1;14;0;0;;;;15;1;10;0;2;;;;13;28
"062021";"Cautano";61;0;11;0;1;;;;12;2;11;1;1;;;;15;27
"062021";"Cautano";62;1;16;1;0;;;;18;2;15;0;4;;;;21;39
"062021";"Cautano";63;0;15;0;0;;;;15;6;9;0;1;;;;16;31
"062021";"Cautano";64;1;12;0;0;;;;13;1;15;0;1;;;;17;30
"062021";"Cautano";65;1;13;0;0;;;;14;1;9;0;2;;;;12;26
"062021";"Cautano";66;1;12;0;0;;;;13;1;9;0;1;;;;11;24
"062021";"Cautano";67;1;8;0;0;;;;9;2;7;0;4;;;;13;22
"062021";"Cautano";68;2;13;1;1;;;;17;0;8;0;4;;;;12;29
"062021";"Cautano";69;2;9;0;0;;;;11;1;12;0;5;;;;18;29
"062021";"Cautano";70;1;16;0;0;;;;17;0;12;2;2;;;;16;33
"062021";"Cautano";71;1;10;0;0;;;;11;1;7;0;4;;;;12;23
"062021";"Cautano";72;1;5;0;1;;;;7;0;5;0;0;;;;5;12
"062021";"Cautano";73;0;8;0;0;;;;8;0;6;0;3;;;;9;17
"062021";"Cautano";74;0;10;0;0;;;;10;1;6;0;3;;;;10;20
"062021";"Cautano";75;0;15;0;0;;;;15;1;2;0;4;;;;7;22
"062021";"Cautano";76;0;6;0;2;;;;8;0;4;0;2;;;;6;14
"062021";"Cautano";77;0;7;0;1;;;;8;0;3;1;8;;;;12;20
"062021";"Cautano";78;1;7;0;0;;;;8;0;4;0;7;;;;11;19
"062021";"Cautano";79;0;3;0;1;;;;4;0;2;0;0;;;;2;6
"062021";"Cautano";80;0;2;0;0;;;;2;0;4;1;1;;;;6;8
"062021";"Cautano";81;0;1;0;3;;;;4;0;1;0;7;;;;8;12
"062021";"Cautano";82;1;1;0;2;;;;4;0;3;0;3;;;;6;10
"062021";"Cautano";83;0;2;0;1;;;;3;0;4;0;6;;;;10;13
"062021";"Cautano";84;0;6;0;0;;;;6;1;2;0;7;;;;10;16
"062021";"Cautano";85;0;4;0;0;;;;4;0;3;0;7;;;;10;14
"062021";"Cautano";86;0;3;0;1;;;;4;0;3;0;6;;;;9;13
"062021";"Cautano";87;0;1;0;0;;;;1;0;0;0;5;;;;5;6
"062021";"Cautano";88;0;2;0;0;;;;2;1;0;0;3;;;;4;6
"062021";"Cautano";89;0;1;0;1;;;;2;0;0;0;1;;;;1;3
"062021";"Cautano";90;0;1;0;2;;;;3;0;0;0;2;;;;2;5
"062021";"Cautano";91;0;1;0;1;;;;2;0;0;0;5;;;;5;7
"062021";"Cautano";92;0;2;0;0;;;;2;1;0;0;2;;;;3;5
"062021";"Cautano";93;0;0;0;0;;;;0;1;1;0;2;;;;4;4
"062021";"Cautano";94;0;0;0;1;;;;1;0;1;0;1;;;;2;3
"062021";"Cautano";95;0;2;0;0;;;;2;0;1;0;1;;;;2;4
"062021";"Cautano";96;0;0;0;0;;;;0;0;0;0;0;;;;0;0
"062021";"Cautano";97;0;0;0;0;;;;0;0;0;0;1;;;;1;1
"062021";"Cautano";98;0;0;0;0;;;;0;0;0;0;0;;;;0;0
"062021";"Cautano";99;0;0;0;0;;;;0;0;0;0;0;;;;0;0
"062021";"Cautano";100;0;0;0;0;;;;0;0;0;0;1;;;;1;1
"062021";"Cautano";999;437;484;9;24;;;;954;351;444;9;131;;;;935;1889
"062022";"Ceppaloni";0;11;0;0;0;;;;11;10;0;0;0;;;;10;21
"062022";"Ceppaloni";1;6;0;0;0;;;;6;5;0;0;0;;;;5;11
"062022";"Ceppaloni";2;11;0;0;0;;;;11;6;0;0;0;;;;6;17
"062022";"Ceppaloni";3;11;0;0;0;;;;11;5;0;0;0;;;;5;16
"062022";"Ceppaloni";4;13;0;0;0;;;;13;9;0;0;0;;;;9;22
"062022";"Ceppaloni";5;8;0;0;0;;;;8;11;0;0;0;;;;11;19
"062022";"Ceppaloni";6;12;0;0;0;;;;12;14;0;0;0;;;;14;26
"062022";"Ceppaloni";7;8;0;0;0;;;;8;10;0;0;0;;;;10;18
"062022";"Ceppaloni";8;14;0;0;0;;;;14;17;0;0;0;;;;17;31
"062022";"Ceppaloni";9;18;0;0;0;;;;18;4;0;0;0;;;;4;22
"062022";"Ceppaloni";10;9;0;0;0;;;;9;8;0;0;0;;;;8;17
"062022";"Ceppaloni";11;15;0;0;0;;;;15;8;0;0;0;;;;8;23
"062022";"Ceppaloni";12;14;0;0;0;;;;14;17;0;0;0;;;;17;31
"062022";"Ceppaloni";13;18;0;0;0;;;;18;14;0;0;0;;;;14;32
"062022";"Ceppaloni";14;14;0;0;0;;;;14;17;0;0;0;;;;17;31
"062022";"Ceppaloni";15;14;0;0;0;;;;14;12;0;0;0;;;;12;26
"062022";"Ceppaloni";16;14;0;0;0;;;;14;15;0;0;0;;;;15;29
"062022";"Ceppaloni";17;14;0;0;0;;;;14;13;0;0;0;;;;13;27
"062022";"Ceppaloni";18;7;0;0;0;;;;7;16;0;0;0;;;;16;23
"062022";"Ceppaloni";19;20;0;0;0;;;;20;13;0;0;0;;;;13;33
"062022";"Ceppaloni";20;22;0;0;0;;;;22;13;0;0;0;;;;13;35
"062022";"Ceppaloni";21;14;0;0;0;;;;14;18;0;0;0;;;;18;32
"062022";"Ceppaloni";22;19;1;0;0;;;;20;9;1;0;0;;;;10;30
"062022";"Ceppaloni";23;13;0;0;0;;;;13;12;1;0;0;;;;13;26
"062022";"Ceppaloni";24;27;0;0;0;;;;27;10;0;0;0;;;;10;37
"062022";"Ceppaloni";25;18;0;0;0;;;;18;16;0;0;0;;;;16;34
"062022";"Ceppaloni";26;15;0;0;0;;;;15;18;1;0;0;;;;19;34
"062022";"Ceppaloni";27;22;0;0;0;;;;22;13;1;0;0;;;;14;36
"062022";"Ceppaloni";28;15;5;0;0;;;;20;15;2;0;0;;;;17;37
"062022";"Ceppaloni";29;23;1;0;0;;;;24;9;1;0;0;;;;10;34
"062022";"Ceppaloni";30;7;1;0;0;;;;8;15;2;0;0;;;;17;25
"062022";"Ceppaloni";31;17;3;0;0;;;;20;10;3;0;0;;;;13;33
"062022";"Ceppaloni";32;15;3;0;0;;;;18;14;4;0;0;;;;18;36
"062022";"Ceppaloni";33;14;2;0;0;;;;16;10;4;0;0;;;;14;30
"062022";"Ceppaloni";34;9;3;0;0;;;;12;9;4;0;0;;;;13;25
"062022";"Ceppaloni";35;12;3;0;0;;;;15;10;11;1;0;;;;22;37
"062022";"Ceppaloni";36;8;6;0;0;;;;14;8;6;1;0;;;;15;29
"062022";"Ceppaloni";37;15;7;0;0;;;;22;5;11;1;0;;;;17;39
"062022";"Ceppaloni";38;15;11;0;0;;;;26;8;7;0;0;;;;15;41
"062022";"Ceppaloni";39;18;8;0;0;;;;26;5;10;0;0;;;;15;41
"062022";"Ceppaloni";40;8;8;1;0;;;;17;7;10;0;0;;;;17;34
"062022";"Ceppaloni";41;13;2;0;0;;;;15;4;17;2;0;;;;23;38
"062022";"Ceppaloni";42;9;13;2;0;;;;24;9;15;0;0;;;;24;48
"062022";"Ceppaloni";43;8;12;0;0;;;;20;4;13;1;1;;;;19;39
"062022";"Ceppaloni";44;9;13;1;0;;;;23;7;11;1;0;;;;19;42
"062022";"Ceppaloni";45;10;19;0;0;;;;29;7;10;0;0;;;;17;46
"062022";"Ceppaloni";46;4;9;1;0;;;;14;7;12;1;0;;;;20;34
"062022";"Ceppaloni";47;6;21;2;0;;;;29;4;16;2;0;;;;22;51
"062022";"Ceppaloni";48;8;13;1;0;;;;22;7;13;1;0;;;;21;43
"062022";"Ceppaloni";49;4;12;1;0;;;;17;1;18;1;2;;;;22;39
"062022";"Ceppaloni";50;5;14;2;0;;;;21;6;11;1;0;;;;18;39
"062022";"Ceppaloni";51;5;20;0;0;;;;25;0;20;2;3;;;;25;50
"062022";"Ceppaloni";52;4;18;0;0;;;;22;4;22;2;3;;;;31;53
"062022";"Ceppaloni";53;6;18;0;0;;;;24;7;13;0;1;;;;21;45
"062022";"Ceppaloni";54;3;13;0;0;;;;16;5;16;0;2;;;;23;39
"062022";"Ceppaloni";55;4;22;2;0;;;;28;2;20;1;1;;;;24;52
"062022";"Ceppaloni";56;6;21;0;0;;;;27;4;14;0;2;;;;20;47
"062022";"Ceppaloni";57;7;18;0;2;;;;27;1;14;2;3;;;;20;47
"062022";"Ceppaloni";58;6;17;0;0;;;;23;5;22;2;3;;;;32;55
"062022";"Ceppaloni";59;5;18;1;0;;;;24;4;23;3;4;;;;34;58
"062022";"Ceppaloni";60;5;12;0;0;;;;17;2;17;0;4;;;;23;40
"062022";"Ceppaloni";61;3;25;2;1;;;;31;3;24;1;4;;;;32;63
"062022";"Ceppaloni";62;4;34;4;0;;;;42;4;16;0;2;;;;22;64
"062022";"Ceppaloni";63;2;24;0;1;;;;27;4;19;3;5;;;;31;58
"062022";"Ceppaloni";64;5;17;5;1;;;;28;2;28;0;3;;;;33;61
"062022";"Ceppaloni";65;5;16;0;0;;;;21;2;30;0;0;;;;32;53
"062022";"Ceppaloni";66;1;24;0;0;;;;25;2;17;0;6;;;;25;50
"062022";"Ceppaloni";67;3;15;0;0;;;;18;5;13;1;7;;;;26;44
"062022";"Ceppaloni";68;1;26;1;0;;;;28;0;15;0;5;;;;20;48
"062022";"Ceppaloni";69;2;17;1;1;;;;21;5;14;0;3;;;;22;43
"062022";"Ceppaloni";70;2;26;0;1;;;;29;2;9;1;8;;;;20;49
"062022";"Ceppaloni";71;0;19;1;2;;;;22;6;15;2;7;;;;30;52
"062022";"Ceppaloni";72;0;9;0;2;;;;11;1;13;1;1;;;;16;27
"062022";"Ceppaloni";73;2;22;1;1;;;;26;1;11;1;0;;;;13;39
"062022";"Ceppaloni";74;0;17;2;1;;;;20;2;10;0;9;;;;21;41
"062022";"Ceppaloni";75;1;19;0;3;;;;23;0;9;0;8;;;;17;40
"062022";"Ceppaloni";76;1;17;2;0;;;;20;0;10;0;10;;;;20;40
"062022";"Ceppaloni";77;0;22;1;1;;;;24;1;7;0;9;;;;17;41
"062022";"Ceppaloni";78;2;18;0;1;;;;21;1;9;0;15;;;;25;46
"062022";"Ceppaloni";79;3;7;0;2;;;;12;0;4;0;6;;;;10;22
"062022";"Ceppaloni";80;0;7;0;2;;;;9;1;7;0;6;;;;14;23
"062022";"Ceppaloni";81;0;4;0;3;;;;7;2;4;0;9;;;;15;22
"062022";"Ceppaloni";82;1;5;0;3;;;;9;0;6;0;3;;;;9;18
"062022";"Ceppaloni";83;0;6;0;2;;;;8;1;5;0;10;;;;16;24
"062022";"Ceppaloni";84;1;8;0;3;;;;12;0;3;0;5;;;;8;20
"062022";"Ceppaloni";85;1;7;0;0;;;;8;3;5;0;8;;;;16;24
"062022";"Ceppaloni";86;0;4;0;1;;;;5;2;5;0;7;;;;14;19
"062022";"Ceppaloni";87;1;4;0;3;;;;8;1;2;0;4;;;;7;15
"062022";"Ceppaloni";88;2;3;0;1;;;;6;1;3;0;2;;;;6;12
"062022";"Ceppaloni";89;0;3;0;1;;;;4;2;1;1;5;;;;9;13
"062022";"Ceppaloni";90;0;2;0;1;;;;3;3;0;0;4;;;;7;10
"062022";"Ceppaloni";91;0;2;0;1;;;;3;2;2;0;5;;;;9;12
"062022";"Ceppaloni";92;0;3;0;2;;;;5;2;0;0;2;;;;4;9
"062022";"Ceppaloni";93;0;2;0;1;;;;3;0;0;0;3;;;;3;6
"062022";"Ceppaloni";94;0;0;0;0;;;;0;0;0;0;5;;;;5;5
"062022";"Ceppaloni";95;0;0;0;0;;;;0;0;0;0;1;;;;1;1
"062022";"Ceppaloni";96;0;0;0;0;;;;0;0;0;0;1;;;;1;1
"062022";"Ceppaloni";97;0;0;0;0;;;;0;0;0;0;2;;;;2;2
"062022";"Ceppaloni";98;0;0;0;0;;;;0;0;0;0;0;;;;0;0
"062022";"Ceppaloni";99;0;0;0;0;;;;0;0;0;0;1;;;;1;1
"062022";"Ceppaloni";100;0;0;0;0;;;;0;0;0;0;0;;;;0;0
"062022";"Ceppaloni";999;747;801;34;44;;;;1626;609;712;36;220;;;;1577;3203
"062023";"Cerreto Sannita";0;9;0;0;0;;;;9;12;0;0;0;;;;12;21
"062023";"Cerreto Sannita";1;19;0;0;0;;;;19;9;0;0;0;;;;9;28
"062023";"Cerreto Sannita";2;11;0;0;0;;;;11;14;0;0;0;;;;14;25
"062023";"Cerreto Sannita";3;10;0;0;0;;;;10;9;0;0;0;;;;9;19
"062023";"Cerreto Sannita";4;11;0;0;0;;;;11;12;0;0;0;;;;12;23
"062023";"Cerreto Sannita";5;19;0;0;0;;;;19;19;0;0;0;;;;19;38
"062023";"Cerreto Sannita";6;16;0;0;0;;;;16;10;0;0;0;;;;10;26
"062023";"Cerreto Sannita";7;12;0;0;0;;;;12;6;0;0;0;;;;6;18
"062023";"Cerreto Sannita";8;14;0;0;0;;;;14;18;0;0;0;;;;18;32
"062023";"Cerreto Sannita";9;13;0;0;0;;;;13;16;0;0;0;;;;16;29
"062023";"Cerreto Sannita";10;11;0;0;0;;;;11;10;0;0;0;;;;10;21
"062023";"Cerreto Sannita";11;15;0;0;0;;;;15;7;0;0;0;;;;7;22
"062023";"Cerreto Sannita";12;14;0;0;0;;;;14;9;0;0;0;;;;9;23
"062023";"Cerreto Sannita";13;17;0;0;0;;;;17;17;0;0;0;;;;17;34
"062023";"Cerreto Sannita";14;18;0;0;0;;;;18;13;0;0;0;;;;13;31
"062023";"Cerreto Sannita";15;15;0;0;0;;;;15;12;0;0;0;;;;12;27
"062023";"Cerreto Sannita";16;18;0;0;0;;;;18;22;0;0;0;;;;22;40
"062023";"Cerreto Sannita";17;23;0;0;0;;;;23;17;0;0;0;;;;17;40
"062023";"Cerreto Sannita";18;18;0;0;0;;;;18;23;0;0;0;;;;23;41
"062023";"Cerreto Sannita";19;13;0;0;0;;;;13;17;0;0;0;;;;17;30
"062023";"Cerreto Sannita";20;24;0;0;0;;;;24;8;0;0;0;;;;8;32
"062023";"Cerreto Sannita";21;23;0;0;0;;;;23;19;0;0;0;;;;19;42
"062023";"Cerreto Sannita";22;15;0;0;0;;;;15;13;0;0;0;;;;13;28
"062023";"Cerreto Sannita";23;21;0;0;0;;;;21;17;1;0;0;;;;18;39
"062023";"Cerreto Sannita";24;24;0;0;0;;;;24;19;0;0;0;;;;19;43
"062023";"Cerreto Sannita";25;21;1;0;0;;;;22;17;0;0;0;;;;17;39
"062023";"Cerreto Sannita";26;18;0;0;0;;;;18;19;0;0;0;;;;19;37
"062023";"Cerreto Sannita";27;16;0;0;0;;;;16;17;1;0;0;;;;18;34
"062023";"Cerreto Sannita";28;23;2;0;0;;;;25;21;3;0;0;;;;24;49
"062023";"Cerreto Sannita";29;19;0;0;0;;;;19;7;8;0;0;;;;15;34
"062023";"Cerreto Sannita";30;15;7;0;0;;;;22;12;5;0;0;;;;17;39
"062023";"Cerreto Sannita";31;19;5;0;0;;;;24;13;5;0;0;;;;18;42
"062023";"Cerreto Sannita";32;19;5;0;0;;;;24;8;8;0;0;;;;16;40
"062023";"Cerreto Sannita";33;20;9;0;0;;;;29;8;14;0;0;;;;22;51
"062023";"Cerreto Sannita";34;12;5;0;0;;;;17;8;12;0;0;;;;20;37
"062023";"Cerreto Sannita";35;10;12;0;0;;;;22;7;10;0;0;;;;17;39
"062023";"Cerreto Sannita";36;14;10;1;0;;;;25;6;13;1;0;;;;20;45
"062023";"Cerreto Sannita";37;13;12;0;0;;;;25;6;10;1;0;;;;17;42
"062023";"Cerreto Sannita";38;11;8;0;0;;;;19;7;15;1;0;;;;23;42
"062023";"Cerreto Sannita";39;11;8;0;0;;;;19;6;14;0;0;;;;20;39
"062023";"Cerreto Sannita";40;10;12;0;0;;;;22;6;12;1;0;;;;19;41
"062023";"Cerreto Sannita";41;8;5;1;0;;;;14;7;23;1;0;;;;31;45
"062023";"Cerreto Sannita";42;8;6;0;0;;;;14;6;11;0;0;;;;17;31
"062023";"Cerreto Sannita";43;6;17;0;0;;;;23;7;11;0;1;;;;19;42
"062023";"Cerreto Sannita";44;6;18;0;0;;;;24;7;10;0;0;;;;17;41
"062023";"Cerreto Sannita";45;7;12;0;0;;;;19;3;13;1;0;;;;17;36
"062023";"Cerreto Sannita";46;12;14;0;0;;;;26;4;23;1;0;;;;28;54
"062023";"Cerreto Sannita";47;7;15;0;0;;;;22;6;16;1;0;;;;23;45
"062023";"Cerreto Sannita";48;8;14;2;0;;;;24;0;18;0;0;;;;18;42
"062023";"Cerreto Sannita";49;4;14;0;0;;;;18;0;28;0;1;;;;29;47
"062023";"Cerreto Sannita";50;7;12;0;0;;;;19;2;19;1;1;;;;23;42
"062023";"Cerreto Sannita";51;6;23;1;0;;;;30;6;16;2;0;;;;24;54
"062023";"Cerreto Sannita";52;6;19;1;0;;;;26;5;25;2;1;;;;33;59
"062023";"Cerreto Sannita";53;5;19;0;0;;;;24;3;20;2;0;;;;25;49
"062023";"Cerreto Sannita";54;4;16;0;1;;;;21;4;29;2;1;;;;36;57
"062023";"Cerreto Sannita";55;13;27;1;0;;;;41;2;25;1;5;;;;33;74
"062023";"Cerreto Sannita";56;5;15;0;0;;;;20;5;18;3;0;;;;26;46
"062023";"Cerreto Sannita";57;7;26;2;0;;;;35;5;28;0;2;;;;35;70
"062023";"Cerreto Sannita";58;4;31;0;1;;;;36;2;25;0;2;;;;29;65
"062023";"Cerreto Sannita";59;4;14;0;1;;;;19;6;18;3;4;;;;31;50
"062023";"Cerreto Sannita";60;8;21;1;0;;;;30;4;19;0;2;;;;25;55
"062023";"Cerreto Sannita";61;6;23;0;0;;;;29;3;14;1;2;;;;20;49
"062023";"Cerreto Sannita";62;3;21;0;3;;;;27;0;26;0;0;;;;26;53
"062023";"Cerreto Sannita";63;2;20;4;0;;;;26;5;11;1;4;;;;21;47
"062023";"Cerreto Sannita";64;1;21;1;0;;;;23;1;20;0;4;;;;25;48
"062023";"Cerreto Sannita";65;5;17;1;0;;;;23;3;19;2;6;;;;30;53
"062023";"Cerreto Sannita";66;1;19;1;0;;;;21;4;19;2;3;;;;28;49
"062023";"Cerreto Sannita";67;5;16;0;1;;;;22;2;16;0;6;;;;24;46
"062023";"Cerreto Sannita";68;1;24;0;0;;;;25;1;13;1;7;;;;22;47
"062023";"Cerreto Sannita";69;2;17;2;0;;;;21;2;20;0;3;;;;25;46
"062023";"Cerreto Sannita";70;2;23;0;2;;;;27;1;18;0;10;;;;29;56
"062023";"Cerreto Sannita";71;0;12;0;1;;;;13;1;14;0;8;;;;23;36
"062023";"Cerreto Sannita";72;0;17;0;0;;;;17;0;13;0;4;;;;17;34
"062023";"Cerreto Sannita";73;1;18;1;2;;;;22;1;12;0;4;;;;17;39
"062023";"Cerreto Sannita";74;2;17;0;3;;;;22;0;7;0;7;;;;14;36
"062023";"Cerreto Sannita";75;1;16;0;0;;;;17;1;18;0;8;;;;27;44
"062023";"Cerreto Sannita";76;1;12;1;0;;;;14;3;16;0;11;;;;30;44
"062023";"Cerreto Sannita";77;1;19;2;0;;;;22;6;13;0;9;;;;28;50
"062023";"Cerreto Sannita";78;1;12;1;0;;;;14;1;10;2;12;;;;25;39
"062023";"Cerreto Sannita";79;2;11;0;1;;;;14;2;9;0;7;;;;18;32
"062023";"Cerreto Sannita";80;1;7;0;3;;;;11;0;6;0;13;;;;19;30
"062023";"Cerreto Sannita";81;0;16;0;0;;;;16;0;6;0;9;;;;15;31
"062023";"Cerreto Sannita";82;2;4;0;1;;;;7;0;1;0;6;;;;7;14
"062023";"Cerreto Sannita";83;1;7;0;2;;;;10;1;3;0;11;;;;15;25
"062023";"Cerreto Sannita";84;2;5;0;0;;;;7;1;4;0;10;;;;15;22
"062023";"Cerreto Sannita";85;0;12;1;7;;;;20;3;3;0;10;;;;16;36
"062023";"Cerreto Sannita";86;0;3;0;1;;;;4;1;3;0;6;;;;10;14
"062023";"Cerreto Sannita";87;0;5;1;4;;;;10;1;3;0;5;;;;9;19
"062023";"Cerreto Sannita";88;1;4;0;4;;;;9;1;2;0;4;;;;7;16
"062023";"Cerreto Sannita";89;0;2;0;1;;;;3;1;1;0;11;;;;13;16
"062023";"Cerreto Sannita";90;1;3;0;1;;;;5;0;0;0;7;;;;7;12
"062023";"Cerreto Sannita";91;0;1;0;1;;;;2;3;0;0;9;;;;12;14
"062023";"Cerreto Sannita";92;0;1;0;0;;;;1;1;1;0;4;;;;6;7
"062023";"Cerreto Sannita";93;0;0;0;0;;;;0;1;0;0;5;;;;6;6
"062023";"Cerreto Sannita";94;0;1;0;1;;;;2;0;0;0;5;;;;5;7
"062023";"Cerreto Sannita";95;0;0;0;0;;;;0;0;2;0;1;;;;3;3
"062023";"Cerreto Sannita";96;0;0;0;1;;;;1;0;0;0;5;;;;5;6
"062023";"Cerreto Sannita";97;0;0;0;0;;;;0;1;0;0;1;;;;2;2
"062023";"Cerreto Sannita";98;0;0;0;0;;;;0;0;0;0;2;;;;2;2
"062023";"Cerreto Sannita";99;0;0;0;0;;;;0;0;0;0;4;;;;4;4
"062023";"Cerreto Sannita";100;0;0;0;1;;;;1;0;0;0;1;;;;1;2
"062023";"Cerreto Sannita";999;834;840;26;44;;;;1744;652;849;33;264;;;;1798;3542
"062024";"Circello";0;8;0;0;0;;;;8;4;0;0;0;;;;4;12
"062024";"Circello";1;1;0;0;0;;;;1;7;0;0;0;;;;7;8
"062024";"Circello";2;5;0;0;0;;;;5;6;0;0;0;;;;6;11
"062024";"Circello";3;3;0;0;0;;;;3;4;0;0;0;;;;4;7
"062024";"Circello";4;4;0;0;0;;;;4;7;0;0;0;;;;7;11
"062024";"Circello";5;1;0;0;0;;;;1;6;0;0;0;;;;6;7
"062024";"Circello";6;7;0;0;0;;;;7;7;0;0;0;;;;7;14
"062024";"Circello";7;6;0;0;0;;;;6;9;0;0;0;;;;9;15
"062024";"Circello";8;3;0;0;0;;;;3;4;0;0;0;;;;4;7
"062024";"Circello";9;9;0;0;0;;;;9;4;0;0;0;;;;4;13
"062024";"Circello";10;10;0;0;0;;;;10;6;0;0;0;;;;6;16
"062024";"Circello";11;6;0;0;0;;;;6;10;0;0;0;;;;10;16
"062024";"Circello";12;6;0;0;0;;;;6;10;0;0;0;;;;10;16
"062024";"Circello";13;15;0;0;0;;;;15;7;0;0;0;;;;7;22
"062024";"Circello";14;8;0;0;0;;;;8;7;0;0;0;;;;7;15
"062024";"Circello";15;4;0;0;0;;;;4;6;0;0;0;;;;6;10
"062024";"Circello";16;10;0;0;0;;;;10;12;0;0;0;;;;12;22
"062024";"Circello";17;14;0;0;0;;;;14;13;0;0;0;;;;13;27
"062024";"Circello";18;18;0;0;0;;;;18;8;0;0;0;;;;8;26
"062024";"Circello";19;12;0;0;0;;;;12;8;0;0;0;;;;8;20
"062024";"Circello";20;15;0;0;0;;;;15;6;0;0;0;;;;6;21
"062024";"Circello";21;12;0;0;0;;;;12;8;0;0;0;;;;8;20
"062024";"Circello";22;15;0;0;0;;;;15;10;0;0;0;;;;10;25
"062024";"Circello";23;12;0;0;0;;;;12;10;0;0;0;;;;10;22
"062024";"Circello";24;15;0;0;0;;;;15;12;0;0;0;;;;12;27
"062024";"Circello";25;7;0;0;0;;;;7;6;0;0;0;;;;6;13
"062024";"Circello";26;16;1;0;0;;;;17;14;2;0;0;;;;16;33
"062024";"Circello";27;10;0;0;0;;;;10;7;0;0;0;;;;7;17
"062024";"Circello";28;7;0;0;0;;;;7;11;4;0;0;;;;15;22
"062024";"Circello";29;9;4;0;0;;;;13;11;2;0;0;;;;13;26
"062024";"Circello";30;12;2;0;0;;;;14;11;4;0;0;;;;15;29
"062024";"Circello";31;11;1;0;0;;;;12;9;2;0;0;;;;11;23
"062024";"Circello";32;8;2;0;0;;;;10;5;2;1;0;;;;8;18
"062024";"Circello";33;10;6;0;0;;;;16;5;6;0;0;;;;11;27
"062024";"Circello";34;12;1;0;0;;;;13;4;8;0;0;;;;12;25
"062024";"Circello";35;7;5;0;0;;;;12;4;3;1;0;;;;8;20
"062024";"Circello";36;4;2;0;0;;;;6;1;12;0;0;;;;13;19
"062024";"Circello";37;5;6;0;0;;;;11;3;3;0;0;;;;6;17
"062024";"Circello";38;2;7;0;0;;;;9;4;6;0;0;;;;10;19
"062024";"Circello";39;2;7;0;0;;;;9;3;5;0;0;;;;8;17
"062024";"Circello";40;8;6;0;0;;;;14;2;5;0;0;;;;7;21
"062024";"Circello";41;5;7;0;0;;;;12;1;8;0;0;;;;9;21
"062024";"Circello";42;6;4;0;0;;;;10;1;5;0;0;;;;6;16
"062024";"Circello";43;6;4;1;0;;;;11;0;9;0;1;;;;10;21
"062024";"Circello";44;5;8;0;0;;;;13;2;14;1;1;;;;18;31
"062024";"Circello";45;3;4;0;0;;;;7;4;7;0;0;;;;11;18
"062024";"Circello";46;2;11;0;0;;;;13;4;10;0;0;;;;14;27
"062024";"Circello";47;4;8;1;0;;;;13;5;13;0;0;;;;18;31
"062024";"Circello";48;2;11;0;0;;;;13;2;12;1;0;;;;15;28
"062024";"Circello";49;1;10;0;0;;;;11;5;14;1;0;;;;20;31
"062024";"Circello";50;4;8;0;0;;;;12;2;11;0;0;;;;13;25
"062024";"Circello";51;6;12;2;0;;;;20;2;7;0;0;;;;9;29
"062024";"Circello";52;5;19;3;0;;;;27;0;11;1;0;;;;12;39
"062024";"Circello";53;4;8;0;0;;;;12;2;9;0;1;;;;12;24
"062024";"Circello";54;4;10;0;0;;;;14;1;18;0;0;;;;19;33
"062024";"Circello";55;9;7;0;0;;;;16;1;17;0;0;;;;18;34
"062024";"Circello";56;4;12;0;0;;;;16;0;15;1;1;;;;17;33
"062024";"Circello";57;0;11;1;0;;;;12;1;14;1;0;;;;16;28
"062024";"Circello";58;1;17;1;0;;;;19;0;12;0;1;;;;13;32
"062024";"Circello";59;3;13;0;1;;;;17;0;14;1;1;;;;16;33
"062024";"Circello";60;2;15;2;1;;;;20;1;27;1;3;;;;32;52
"062024";"Circello";61;3;15;0;1;;;;19;1;9;0;2;;;;12;31
"062024";"Circello";62;4;19;0;0;;;;23;1;12;0;2;;;;15;38
"062024";"Circello";63;3;17;0;0;;;;20;2;10;0;2;;;;14;34
"062024";"Circello";64;0;12;0;0;;;;12;2;12;0;1;;;;15;27
"062024";"Circello";65;2;11;0;0;;;;13;0;11;1;1;;;;13;26
"062024";"Circello";66;5;7;2;0;;;;14;2;14;0;2;;;;18;32
"062024";"Circello";67;0;13;0;0;;;;13;0;6;0;2;;;;8;21
"062024";"Circello";68;0;15;0;0;;;;15;1;10;0;5;;;;16;31
"062024";"Circello";69;0;14;0;0;;;;14;3;10;0;3;;;;16;30
"062024";"Circello";70;1;8;1;2;;;;12;0;10;0;3;;;;13;25
"062024";"Circello";71;0;17;0;0;;;;17;2;13;0;4;;;;19;36
"062024";"Circello";72;2;13;0;0;;;;15;0;14;0;4;;;;18;33
"062024";"Circello";73;0;11;1;0;;;;12;3;9;0;3;;;;15;27
"062024";"Circello";74;1;13;0;0;;;;14;1;8;0;3;;;;12;26
"062024";"Circello";75;0;14;0;1;;;;15;0;5;0;6;;;;11;26
"062024";"Circello";76;1;14;0;0;;;;15;0;11;0;10;;;;21;36
"062024";"Circello";77;3;7;0;0;;;;10;0;8;0;6;;;;14;24
"062024";"Circello";78;0;10;0;0;;;;10;2;6;0;8;;;;16;26
"062024";"Circello";79;0;5;2;0;;;;7;0;6;0;4;;;;10;17
"062024";"Circello";80;0;5;0;1;;;;6;0;3;0;2;;;;5;11
"062024";"Circello";81;0;11;0;1;;;;12;0;4;0;7;;;;11;23
"062024";"Circello";82;1;4;0;0;;;;5;1;3;0;1;;;;5;10
"062024";"Circello";83;0;6;0;2;;;;8;0;6;0;6;;;;12;20
"062024";"Circello";84;0;10;0;4;;;;14;1;5;0;6;;;;12;26
"062024";"Circello";85;1;7;0;3;;;;11;1;3;0;6;;;;10;21
"062024";"Circello";86;0;4;0;1;;;;5;0;4;0;3;;;;7;12
"062024";"Circello";87;0;6;0;1;;;;7;0;4;0;12;;;;16;23
"062024";"Circello";88;0;6;0;0;;;;6;0;2;0;7;;;;9;15
"062024";"Circello";89;0;4;0;1;;;;5;0;0;0;7;;;;7;12
"062024";"Circello";90;0;2;0;0;;;;2;1;1;0;8;;;;10;12
"062024";"Circello";91;0;3;0;1;;;;4;0;0;0;6;;;;6;10
"062024";"Circello";92;0;1;0;0;;;;1;0;0;0;1;;;;1;2
"062024";"Circello";93;0;2;0;2;;;;4;0;1;0;1;;;;2;6
"062024";"Circello";94;0;0;0;0;;;;0;0;0;0;3;;;;3;3
"062024";"Circello";95;0;0;0;0;;;;0;0;0;0;5;;;;5;5
"062024";"Circello";96;0;0;0;0;;;;0;0;0;0;0;;;;0;0
"062024";"Circello";97;0;0;0;0;;;;0;0;0;0;1;;;;1;1
"062024";"Circello";98;0;1;0;0;;;;1;0;0;0;0;;;;0;1
"062024";"Circello";99;0;0;0;1;;;;1;0;0;0;1;;;;1;2
"062024";"Circello";100;0;0;0;0;;;;0;0;0;0;2;;;;2;2
"062024";"Circello";999;452;556;17;24;;;;1049;349;531;11;165;;;;1056;2105
"062025";"Colle Sannita";0;8;0;0;0;;;;8;6;0;0;0;;;;6;14
"062025";"Colle Sannita";1;3;0;0;0;;;;3;5;0;0;0;;;;5;8
"062025";"Colle Sannita";2;8;0;0;0;;;;8;10;0;0;0;;;;10;18
"062025";"Colle Sannita";3;4;0;0;0;;;;4;5;0;0;0;;;;5;9
"062025";"Colle Sannita";4;7;0;0;0;;;;7;7;0;0;0;;;;7;14
"062025";"Colle Sannita";5;4;0;0;0;;;;4;8;0;0;0;;;;8;12
"062025";"Colle Sannita";6;5;0;0;0;;;;5;4;0;0;0;;;;4;9
"062025";"Colle Sannita";7;6;0;0;0;;;;6;6;0;0;0;;;;6;12
"062025";"Colle Sannita";8;8;0;0;0;;;;8;7;0;0;0;;;;7;15
"062025";"Colle Sannita";9;8;0;0;0;;;;8;9;0;0;0;;;;9;17
"062025";"Colle Sannita";10;8;0;0;0;;;;8;11;0;0;0;;;;11;19
"062025";"Colle Sannita";11;7;0;0;0;;;;7;7;0;0;0;;;;7;14
"062025";"Colle Sannita";12;10;0;0;0;;;;10;6;0;0;0;;;;6;16
"062025";"Colle Sannita";13;8;0;0;0;;;;8;7;0;0;0;;;;7;15
"062025";"Colle Sannita";14;16;0;0;0;;;;16;10;0;0;0;;;;10;26
"062025";"Colle Sannita";15;5;0;0;0;;;;5;18;0;0;0;;;;18;23
"062025";"Colle Sannita";16;13;0;0;0;;;;13;9;0;0;0;;;;9;22
"062025";"Colle Sannita";17;14;0;0;0;;;;14;9;0;0;0;;;;9;23
"062025";"Colle Sannita";18;22;0;0;0;;;;22;16;0;0;0;;;;16;38
"062025";"Colle Sannita";19;10;0;0;0;;;;10;14;0;0;0;;;;14;24
"062025";"Colle Sannita";20;11;0;0;0;;;;11;12;0;0;0;;;;12;23
"062025";"Colle Sannita";21;8;0;0;0;;;;8;11;0;0;0;;;;11;19
"062025";"Colle Sannita";22;16;0;0;0;;;;16;10;0;0;0;;;;10;26
"062025";"Colle Sannita";23;8;0;0;0;;;;8;11;0;0;0;;;;11;19
"062025";"Colle Sannita";24;13;0;0;0;;;;13;10;0;0;0;;;;10;23
"062025";"Colle Sannita";25;5;1;0;0;;;;6;1;1;0;0;;;;2;8
"062025";"Colle Sannita";26;8;0;0;0;;;;8;7;1;0;0;;;;8;16
"062025";"Colle Sannita";27;12;1;0;0;;;;13;17;2;0;0;;;;19;32
"062025";"Colle Sannita";28;6;0;0;0;;;;6;4;2;0;0;;;;6;12
"062025";"Colle Sannita";29;14;0;0;0;;;;14;10;5;0;0;;;;15;29
"062025";"Colle Sannita";30;9;2;0;0;;;;11;6;3;0;0;;;;9;20
"062025";"Colle Sannita";31;9;3;1;0;;;;13;5;5;0;0;;;;10;23
"062025";"Colle Sannita";32;7;1;1;0;;;;9;9;5;0;0;;;;14;23
"062025";"Colle Sannita";33;8;4;0;0;;;;12;6;3;0;0;;;;9;21
"062025";"Colle Sannita";34;7;3;0;0;;;;10;5;5;0;0;;;;10;20
"062025";"Colle Sannita";35;3;3;0;0;;;;6;5;7;0;0;;;;12;18
"062025";"Colle Sannita";36;4;10;0;0;;;;14;5;7;0;0;;;;12;26
"062025";"Colle Sannita";37;7;5;0;0;;;;12;5;10;0;0;;;;15;27
"062025";"Colle Sannita";38;2;7;0;0;;;;9;6;8;1;0;;;;15;24
"062025";"Colle Sannita";39;7;6;0;0;;;;13;4;12;0;0;;;;16;29
"062025";"Colle Sannita";40;5;6;0;0;;;;11;5;7;0;0;;;;12;23
"062025";"Colle Sannita";41;4;5;0;0;;;;9;5;6;0;0;;;;11;20
"062025";"Colle Sannita";42;5;7;0;0;;;;12;2;5;0;0;;;;7;19
"062025";"Colle Sannita";43;6;9;1;0;;;;16;1;8;0;0;;;;9;25
"062025";"Colle Sannita";44;3;10;0;0;;;;13;3;9;0;0;;;;12;25
"062025";"Colle Sannita";45;3;12;0;0;;;;15;2;5;0;0;;;;7;22
"062025";"Colle Sannita";46;4;5;1;0;;;;10;4;18;1;1;;;;24;34
"062025";"Colle Sannita";47;4;11;0;0;;;;15;6;11;1;1;;;;19;34
"062025";"Colle Sannita";48;1;7;0;0;;;;8;1;14;0;1;;;;16;24
"062025";"Colle Sannita";49;4;15;0;0;;;;19;0;13;0;0;;;;13;32
"062025";"Colle Sannita";50;4;10;0;0;;;;14;2;5;0;1;;;;8;22
"062025";"Colle Sannita";51;5;7;0;0;;;;12;4;11;1;0;;;;16;28
"062025";"Colle Sannita";52;2;8;2;0;;;;12;3;14;1;0;;;;18;30
"062025";"Colle Sannita";53;3;6;1;0;;;;10;1;12;0;0;;;;13;23
"062025";"Colle Sannita";54;6;12;0;0;;;;18;2;9;2;0;;;;13;31
"062025";"Colle Sannita";55;9;8;0;0;;;;17;1;8;0;1;;;;10;27
"062025";"Colle Sannita";56;2;19;1;0;;;;22;3;12;0;1;;;;16;38
"062025";"Colle Sannita";57;3;10;0;0;;;;13;1;16;0;3;;;;20;33
"062025";"Colle Sannita";58;2;19;1;0;;;;22;3;17;0;2;;;;22;44
"062025";"Colle Sannita";59;6;10;1;0;;;;17;0;14;0;2;;;;16;33
"062025";"Colle Sannita";60;3;17;0;1;;;;21;0;10;0;0;;;;10;31
"062025";"Colle Sannita";61;3;7;0;0;;;;10;3;7;1;2;;;;13;23
"062025";"Colle Sannita";62;4;8;0;0;;;;12;3;14;0;3;;;;20;32
"062025";"Colle Sannita";63;0;13;0;0;;;;13;1;17;1;1;;;;20;33
"062025";"Colle Sannita";64;1;10;0;1;;;;12;3;8;1;0;;;;12;24
"062025";"Colle Sannita";65;2;13;0;0;;;;15;2;8;1;4;;;;15;30
"062025";"Colle Sannita";66;1;9;1;1;;;;12;2;13;0;2;;;;17;29
"062025";"Colle Sannita";67;1;12;0;2;;;;15;3;9;1;7;;;;20;35
"062025";"Colle Sannita";68;3;12;0;1;;;;16;0;10;0;1;;;;11;27
"062025";"Colle Sannita";69;1;11;0;0;;;;12;2;8;0;4;;;;14;26
"062025";"Colle Sannita";70;2;12;0;0;;;;14;0;11;0;4;;;;15;29
"062025";"Colle Sannita";71;1;15;0;1;;;;17;3;15;0;1;;;;19;36
"062025";"Colle Sannita";72;2;16;1;0;;;;19;1;10;0;1;;;;12;31
"062025";"Colle Sannita";73;0;12;0;0;;;;12;2;10;0;3;;;;15;27
"062025";"Colle Sannita";74;2;9;1;1;;;;13;1;8;0;3;;;;12;25
"062025";"Colle Sannita";75;0;14;0;3;;;;17;1;13;0;7;;;;21;38
"062025";"Colle Sannita";76;2;10;0;0;;;;12;0;7;0;10;;;;17;29
"062025";"Colle Sannita";77;2;12;0;1;;;;15;0;10;0;4;;;;14;29
"062025";"Colle Sannita";78;0;10;0;0;;;;10;0;3;0;8;;;;11;21
"062025";"Colle Sannita";79;0;6;0;0;;;;6;0;7;0;4;;;;11;17
"062025";"Colle Sannita";80;0;4;0;1;;;;5;1;6;0;4;;;;11;16
"062025";"Colle Sannita";81;0;9;1;1;;;;11;0;4;0;5;;;;9;20
"062025";"Colle Sannita";82;1;3;0;0;;;;4;0;4;0;10;;;;14;18
"062025";"Colle Sannita";83;1;11;0;1;;;;13;0;1;0;6;;;;7;20
"062025";"Colle Sannita";84;1;3;0;2;;;;6;1;1;0;10;;;;12;18
"062025";"Colle Sannita";85;0;6;0;0;;;;6;1;3;0;7;;;;11;17
"062025";"Colle Sannita";86;0;1;0;5;;;;6;0;5;0;6;;;;11;17
"062025";"Colle Sannita";87;0;4;0;2;;;;6;0;1;0;2;;;;3;9
"062025";"Colle Sannita";88;0;3;0;4;;;;7;0;0;0;7;;;;7;14
"062025";"Colle Sannita";89;0;2;0;1;;;;3;0;0;0;3;;;;3;6
"062025";"Colle Sannita";90;0;4;0;3;;;;7;1;0;0;8;;;;9;16
"062025";"Colle Sannita";91;0;3;0;1;;;;4;0;2;0;4;;;;6;10
"062025";"Colle Sannita";92;0;1;0;1;;;;2;1;1;0;5;;;;7;9
"062025";"Colle Sannita";93;0;0;0;0;;;;0;0;1;0;6;;;;7;7
"062025";"Colle Sannita";94;0;2;0;1;;;;3;0;0;0;5;;;;5;8
"062025";"Colle Sannita";95;0;0;0;1;;;;1;0;0;0;0;;;;0;1
"062025";"Colle Sannita";96;0;1;0;0;;;;1;0;0;0;2;;;;2;3
"062025";"Colle Sannita";97;0;0;0;0;;;;0;0;0;0;0;;;;0;0
"062025";"Colle Sannita";98;0;0;0;0;;;;0;0;0;0;1;;;;1;1
"062025";"Colle Sannita";99;0;0;0;1;;;;1;0;0;0;2;;;;2;3
"062025";"Colle Sannita";100;0;0;0;0;;;;0;0;0;0;1;;;;1;1
"062025";"Colle Sannita";999;452;527;14;37;;;;1030;404;517;12;176;;;;1109;2139
"062026";"Cusano Mutri";0;15;0;0;0;;;;15;13;0;0;0;;;;13;28
"062026";"Cusano Mutri";1;12;0;0;0;;;;12;14;0;0;0;;;;14;26
"062026";"Cusano Mutri";2;12;0;0;0;;;;12;16;0;0;0;;;;16;28
"062026";"Cusano Mutri";3;10;0;0;0;;;;10;14;0;0;0;;;;14;24
"062026";"Cusano Mutri";4;23;0;0;0;;;;23;11;0;0;0;;;;11;34
"062026";"Cusano Mutri";5;15;0;0;0;;;;15;13;0;0;0;;;;13;28
"062026";"Cusano Mutri";6;17;0;0;0;;;;17;12;0;0;0;;;;12;29
"062026";"Cusano Mutri";7;14;0;0;0;;;;14;12;0;0;0;;;;12;26
"062026";"Cusano Mutri";8;13;0;0;0;;;;13;23;0;0;0;;;;23;36
"062026";"Cusano Mutri";9;10;0;0;0;;;;10;13;0;0;0;;;;13;23
"062026";"Cusano Mutri";10;13;0;0;0;;;;13;13;0;0;0;;;;13;26
"062026";"Cusano Mutri";11;10;0;0;0;;;;10;21;0;0;0;;;;21;31
"062026";"Cusano Mutri";12;12;0;0;0;;;;12;20;0;0;0;;;;20;32
"062026";"Cusano Mutri";13;20;0;0;0;;;;20;19;0;0;0;;;;19;39
"062026";"Cusano Mutri";14;15;0;0;0;;;;15;25;0;0;0;;;;25;40
"062026";"Cusano Mutri";15;13;0;0;0;;;;13;15;0;0;0;;;;15;28
"062026";"Cusano Mutri";16;15;0;0;0;;;;15;10;0;0;0;;;;10;25
"062026";"Cusano Mutri";17;22;0;0;0;;;;22;17;0;0;0;;;;17;39
"062026";"Cusano Mutri";18;23;0;0;0;;;;23;13;0;0;0;;;;13;36
"062026";"Cusano Mutri";19;18;0;0;0;;;;18;16;0;0;0;;;;16;34
"062026";"Cusano Mutri";20;26;0;0;0;;;;26;11;0;0;0;;;;11;37
"062026";"Cusano Mutri";21;13;0;0;0;;;;13;17;0;0;0;;;;17;30
"062026";"Cusano Mutri";22;13;0;0;0;;;;13;19;0;0;0;;;;19;32
"062026";"Cusano Mutri";23;19;0;0;0;;;;19;18;1;0;0;;;;19;38
"062026";"Cusano Mutri";24;19;1;0;0;;;;20;19;0;0;0;;;;19;39
"062026";"Cusano Mutri";25;22;1;0;0;;;;23;16;2;0;0;;;;18;41
"062026";"Cusano Mutri";26;21;0;0;0;;;;21;16;6;0;0;;;;22;43
"062026";"Cusano Mutri";27;15;1;0;0;;;;16;14;4;0;0;;;;18;34
"062026";"Cusano Mutri";28;17;1;0;0;;;;18;11;4;1;0;;;;16;34
"062026";"Cusano Mutri";29;14;7;0;0;;;;21;12;6;0;0;;;;18;39
"062026";"Cusano Mutri";30;19;4;0;0;;;;23;20;5;0;0;;;;25;48
"062026";"Cusano Mutri";31;10;6;0;0;;;;16;9;8;0;0;;;;17;33
"062026";"Cusano Mutri";32;20;6;0;0;;;;26;8;16;0;0;;;;24;50
"062026";"Cusano Mutri";33;6;6;0;0;;;;12;13;12;0;0;;;;25;37
"062026";"Cusano Mutri";34;17;8;1;0;;;;26;12;16;0;0;;;;28;54
"062026";"Cusano Mutri";35;12;10;0;0;;;;22;4;10;0;0;;;;14;36
"062026";"Cusano Mutri";36;15;2;0;0;;;;17;6;12;0;0;;;;18;35
"062026";"Cusano Mutri";37;15;8;0;0;;;;23;4;23;0;0;;;;27;50
"062026";"Cusano Mutri";38;13;14;0;0;;;;27;3;19;0;0;;;;22;49
"062026";"Cusano Mutri";39;13;13;0;0;;;;26;7;12;0;0;;;;19;45
"062026";"Cusano Mutri";40;11;15;0;0;;;;26;5;15;2;0;;;;22;48
"062026";"Cusano Mutri";41;15;11;0;0;;;;26;7;16;0;0;;;;23;49
"062026";"Cusano Mutri";42;6;14;0;0;;;;20;4;9;1;1;;;;15;35
"062026";"Cusano Mutri";43;10;19;0;0;;;;29;5;15;1;0;;;;21;50
"062026";"Cusano Mutri";44;10;14;0;0;;;;24;5;16;0;0;;;;21;45
"062026";"Cusano Mutri";45;10;18;1;0;;;;29;2;22;0;2;;;;26;55
"062026";"Cusano Mutri";46;7;17;2;0;;;;26;2;18;0;0;;;;20;46
"062026";"Cusano Mutri";47;6;8;1;0;;;;15;4;15;0;0;;;;19;34
"062026";"Cusano Mutri";48;7;12;1;0;;;;20;8;14;1;0;;;;23;43
"062026";"Cusano Mutri";49;6;15;0;0;;;;21;6;20;0;0;;;;26;47
"062026";"Cusano Mutri";50;10;19;2;0;;;;31;3;29;0;1;;;;33;64
"062026";"Cusano Mutri";51;6;17;0;1;;;;24;2;20;2;0;;;;24;48
"062026";"Cusano Mutri";52;7;19;2;0;;;;28;1;26;0;1;;;;28;56
"062026";"Cusano Mutri";53;3;21;0;0;;;;24;1;21;1;3;;;;26;50
"062026";"Cusano Mutri";54;7;15;1;1;;;;24;3;11;2;2;;;;18;42
"062026";"Cusano Mutri";55;8;26;0;0;;;;34;3;15;0;2;;;;20;54
"062026";"Cusano Mutri";56;4;28;2;0;;;;34;1;21;1;3;;;;26;60
"062026";"Cusano Mutri";57;4;26;1;0;;;;31;2;24;1;1;;;;28;59
"062026";"Cusano Mutri";58;7;14;0;1;;;;22;0;25;1;6;;;;32;54
"062026";"Cusano Mutri";59;8;18;2;0;;;;28;1;27;0;2;;;;30;58
"062026";"Cusano Mutri";60;2;34;1;0;;;;37;2;22;1;4;;;;29;66
"062026";"Cusano Mutri";61;2;17;0;0;;;;19;1;25;0;2;;;;28;47
"062026";"Cusano Mutri";62;7;33;1;1;;;;42;2;25;1;2;;;;30;72
"062026";"Cusano Mutri";63;7;21;3;0;;;;31;3;30;0;5;;;;38;69
"062026";"Cusano Mutri";64;4;29;1;0;;;;34;2;29;1;4;;;;36;70
"062026";"Cusano Mutri";65;3;18;1;1;;;;23;3;27;0;7;;;;37;60
"062026";"Cusano Mutri";66;2;24;1;1;;;;28;2;22;0;5;;;;29;57
"062026";"Cusano Mutri";67;1;26;0;1;;;;28;2;15;0;4;;;;21;49
"062026";"Cusano Mutri";68;1;23;0;2;;;;26;2;14;0;6;;;;22;48
"062026";"Cusano Mutri";69;4;23;0;3;;;;30;1;14;1;7;;;;23;53
"062026";"Cusano Mutri";70;5;24;1;1;;;;31;2;23;0;7;;;;32;63
"062026";"Cusano Mutri";71;4;16;0;0;;;;20;2;15;0;6;;;;23;43
"062026";"Cusano Mutri";72;3;21;0;0;;;;24;0;17;0;4;;;;21;45
"062026";"Cusano Mutri";73;1;12;1;0;;;;14;0;10;0;9;;;;19;33
"062026";"Cusano Mutri";74;3;16;0;2;;;;21;2;14;0;7;;;;23;44
"062026";"Cusano Mutri";75;2;24;0;4;;;;30;0;9;0;13;;;;22;52
"062026";"Cusano Mutri";76;3;17;1;2;;;;23;0;15;0;9;;;;24;47
"062026";"Cusano Mutri";77;2;26;0;2;;;;30;2;7;0;9;;;;18;48
"062026";"Cusano Mutri";78;1;13;1;3;;;;18;0;6;0;9;;;;15;33
"062026";"Cusano Mutri";79;0;11;1;1;;;;13;0;3;0;8;;;;11;24
"062026";"Cusano Mutri";80;0;10;0;3;;;;13;1;8;0;7;;;;16;29
"062026";"Cusano Mutri";81;1;9;0;1;;;;11;0;7;0;8;;;;15;26
"062026";"Cusano Mutri";82;0;6;0;0;;;;6;1;7;0;5;;;;13;19
"062026";"Cusano Mutri";83;0;10;1;4;;;;15;0;6;0;8;;;;14;29
"062026";"Cusano Mutri";84;1;10;0;2;;;;13;0;6;1;9;;;;16;29
"062026";"Cusano Mutri";85;0;7;0;3;;;;10;1;7;0;6;;;;14;24
"062026";"Cusano Mutri";86;0;9;0;5;;;;14;1;2;0;12;;;;15;29
"062026";"Cusano Mutri";87;2;7;0;3;;;;12;0;4;0;10;;;;14;26
"062026";"Cusano Mutri";88;0;4;0;4;;;;8;1;1;0;6;;;;8;16
"062026";"Cusano Mutri";89;0;5;0;3;;;;8;0;3;0;6;;;;9;17
"062026";"Cusano Mutri";90;0;3;0;2;;;;5;0;0;0;12;;;;12;17
"062026";"Cusano Mutri";91;0;1;0;3;;;;4;0;2;0;3;;;;5;9
"062026";"Cusano Mutri";92;0;5;0;2;;;;7;1;0;0;3;;;;4;11
"062026";"Cusano Mutri";93;0;1;0;2;;;;3;0;2;0;6;;;;8;11
"062026";"Cusano Mutri";94;0;0;0;2;;;;2;0;0;0;2;;;;2;4
"062026";"Cusano Mutri";95;0;0;0;1;;;;1;0;0;0;2;;;;2;3
"062026";"Cusano Mutri";96;0;0;0;1;;;;1;0;0;0;0;;;;0;1
"062026";"Cusano Mutri";97;0;0;0;1;;;;1;0;0;0;0;;;;0;1
"062026";"Cusano Mutri";98;0;0;0;0;;;;0;0;0;0;5;;;;5;5
"062026";"Cusano Mutri";99;0;0;0;0;;;;0;0;0;0;1;;;;1;1
"062026";"Cusano Mutri";100;0;0;0;0;;;;0;0;0;0;0;;;;0;0
"062026";"Cusano Mutri";999;834;949;30;69;;;;1882;648;932;19;262;;;;1861;3743
"062027";"Dugenta";0;8;0;0;0;;;;8;7;0;0;0;;;;7;15
"062027";"Dugenta";1;8;0;0;0;;;;8;6;0;0;0;;;;6;14
"062027";"Dugenta";2;12;0;0;0;;;;12;6;0;0;0;;;;6;18
"062027";"Dugenta";3;9;0;0;0;;;;9;7;0;0;0;;;;7;16
"062027";"Dugenta";4;9;0;0;0;;;;9;7;0;0;0;;;;7;16
"062027";"Dugenta";5;5;0;0;0;;;;5;11;0;0;0;;;;11;16
"062027";"Dugenta";6;12;0;0;0;;;;12;9;0;0;0;;;;9;21
"062027";"Dugenta";7;9;0;0;0;;;;9;4;0;0;0;;;;4;13
"062027";"Dugenta";8;10;0;0;0;;;;10;6;0;0;0;;;;6;16
"062027";"Dugenta";9;8;0;0;0;;;;8;13;0;0;0;;;;13;21
"062027";"Dugenta";10;8;0;0;0;;;;8;9;0;0;0;;;;9;17
"062027";"Dugenta";11;8;0;0;0;;;;8;15;0;0;0;;;;15;23
"062027";"Dugenta";12;15;0;0;0;;;;15;13;0;0;0;;;;13;28
"062027";"Dugenta";13;17;0;0;0;;;;17;10;0;0;0;;;;10;27
"062027";"Dugenta";14;21;0;0;0;;;;21;17;0;0;0;;;;17;38
"062027";"Dugenta";15;13;0;0;0;;;;13;10;0;0;0;;;;10;23
"062027";"Dugenta";16;9;0;0;0;;;;9;12;0;0;0;;;;12;21
"062027";"Dugenta";17;9;0;0;0;;;;9;23;0;0;0;;;;23;32
"062027";"Dugenta";18;18;0;0;0;;;;18;12;0;0;0;;;;12;30
"062027";"Dugenta";19;18;0;0;0;;;;18;22;0;0;0;;;;22;40
"062027";"Dugenta";20;5;0;0;0;;;;5;16;0;0;0;;;;16;21
"062027";"Dugenta";21;18;0;0;0;;;;18;18;0;0;0;;;;18;36
"062027";"Dugenta";22;15;0;0;0;;;;15;7;1;0;0;;;;8;23
"062027";"Dugenta";23;18;0;0;0;;;;18;13;0;0;0;;;;13;31
"062027";"Dugenta";24;12;0;0;0;;;;12;11;0;0;0;;;;11;23
"062027";"Dugenta";25;11;0;0;0;;;;11;11;1;0;0;;;;12;23
"062027";"Dugenta";26;15;0;0;0;;;;15;15;1;0;0;;;;16;31
"062027";"Dugenta";27;18;1;0;0;;;;19;7;2;0;0;;;;9;28
"062027";"Dugenta";28;14;0;0;0;;;;14;12;1;0;0;;;;13;27
"062027";"Dugenta";29;12;2;0;0;;;;14;7;2;0;0;;;;9;23
"062027";"Dugenta";30;10;1;0;0;;;;11;7;1;0;0;;;;8;19
"062027";"Dugenta";31;14;4;0;0;;;;18;8;7;0;0;;;;15;33
"062027";"Dugenta";32;12;3;0;0;;;;15;8;6;0;0;;;;14;29
"062027";"Dugenta";33;9;2;0;0;;;;11;14;8;0;0;;;;22;33
"062027";"Dugenta";34;15;5;0;0;;;;20;8;13;0;0;;;;21;41
"062027";"Dugenta";35;12;5;0;0;;;;17;13;12;0;0;;;;25;42
"062027";"Dugenta";36;6;8;0;0;;;;14;4;6;1;0;;;;11;25
"062027";"Dugenta";37;8;11;0;0;;;;19;8;8;0;0;;;;16;35
"062027";"Dugenta";38;11;9;0;0;;;;20;4;7;2;0;;;;13;33
"062027";"Dugenta";39;5;14;1;0;;;;20;1;12;0;0;;;;13;33
"062027";"Dugenta";40;10;4;0;0;;;;14;5;12;0;0;;;;17;31
"062027";"Dugenta";41;6;11;0;0;;;;17;6;8;0;0;;;;14;31
"062027";"Dugenta";42;3;7;0;0;;;;10;2;10;1;0;;;;13;23
"062027";"Dugenta";43;8;11;0;0;;;;19;4;14;0;0;;;;18;37
"062027";"Dugenta";44;3;8;0;0;;;;11;4;13;0;0;;;;17;28
"062027";"Dugenta";45;11;13;1;0;;;;25;1;16;0;0;;;;17;42
"062027";"Dugenta";46;3;6;1;0;;;;10;7;17;1;1;;;;26;36
"062027";"Dugenta";47;3;12;0;0;;;;15;1;17;0;1;;;;19;34
"062027";"Dugenta";48;3;12;0;0;;;;15;5;11;0;1;;;;17;32
"062027";"Dugenta";49;7;20;1;0;;;;28;4;15;0;1;;;;20;48
"062027";"Dugenta";50;1;15;0;0;;;;16;3;12;2;0;;;;17;33
"062027";"Dugenta";51;7;10;1;0;;;;18;3;15;0;0;;;;18;36
"062027";"Dugenta";52;6;17;2;0;;;;25;1;11;0;0;;;;12;37
"062027";"Dugenta";53;8;16;1;0;;;;25;3;14;0;0;;;;17;42
"062027";"Dugenta";54;3;14;0;1;;;;18;4;17;2;0;;;;23;41
"062027";"Dugenta";55;4;21;1;0;;;;26;6;21;1;2;;;;30;56
"062027";"Dugenta";56;3;21;0;0;;;;24;3;10;0;1;;;;14;38
"062027";"Dugenta";57;4;20;0;0;;;;24;3;21;2;0;;;;26;50
"062027";"Dugenta";58;3;13;2;0;;;;18;4;15;0;0;;;;19;37
"062027";"Dugenta";59;1;14;1;1;;;;17;5;19;3;1;;;;28;45
"062027";"Dugenta";60;2;10;1;1;;;;14;6;19;2;4;;;;31;45
"062027";"Dugenta";61;0;19;1;0;;;;20;3;13;0;0;;;;16;36
"062027";"Dugenta";62;1;16;0;0;;;;17;0;12;1;2;;;;15;32
"062027";"Dugenta";63;4;16;1;0;;;;21;2;11;0;4;;;;17;38
"062027";"Dugenta";64;1;11;1;0;;;;13;2;14;0;2;;;;18;31
"062027";"Dugenta";65;2;16;2;1;;;;21;3;19;0;3;;;;25;46
"062027";"Dugenta";66;0;14;2;0;;;;16;0;18;0;2;;;;20;36
"062027";"Dugenta";67;1;17;0;1;;;;19;2;16;0;4;;;;22;41
"062027";"Dugenta";68;0;11;0;0;;;;11;6;5;0;3;;;;14;25
"062027";"Dugenta";69;1;21;0;0;;;;22;1;12;0;1;;;;14;36
"062027";"Dugenta";70;1;15;0;0;;;;16;1;11;0;2;;;;14;30
"062027";"Dugenta";71;0;10;0;2;;;;12;1;10;0;6;;;;17;29
"062027";"Dugenta";72;1;9;0;0;;;;10;2;14;1;2;;;;19;29
"062027";"Dugenta";73;1;10;0;1;;;;12;1;12;0;5;;;;18;30
"062027";"Dugenta";74;0;15;0;1;;;;16;2;7;0;8;;;;17;33
"062027";"Dugenta";75;0;9;0;1;;;;10;4;8;0;3;;;;15;25
"062027";"Dugenta";76;0;9;1;1;;;;11;1;7;0;7;;;;15;26
"062027";"Dugenta";77;2;14;1;1;;;;18;0;6;0;6;;;;12;30
"062027";"Dugenta";78;1;9;0;2;;;;12;3;12;0;8;;;;23;35
"062027";"Dugenta";79;2;6;0;4;;;;12;1;7;0;9;;;;17;29
"062027";"Dugenta";80;1;6;0;1;;;;8;0;5;0;8;;;;13;21
"062027";"Dugenta";81;0;8;0;1;;;;9;0;1;0;9;;;;10;19
"062027";"Dugenta";82;0;8;0;1;;;;9;0;3;0;11;;;;14;23
"062027";"Dugenta";83;0;3;0;2;;;;5;0;6;0;3;;;;9;14
"062027";"Dugenta";84;1;8;0;0;;;;9;0;1;1;7;;;;9;18
"062027";"Dugenta";85;0;4;0;0;;;;4;0;2;0;8;;;;10;14
"062027";"Dugenta";86;0;6;0;1;;;;7;0;3;0;7;;;;10;17
"062027";"Dugenta";87;0;3;0;0;;;;3;0;0;0;3;;;;3;6
"062027";"Dugenta";88;0;3;0;1;;;;4;0;2;0;8;;;;10;14
"062027";"Dugenta";89;0;1;0;0;;;;1;2;1;0;4;;;;7;8
"062027";"Dugenta";90;0;0;0;2;;;;2;0;0;0;1;;;;1;3
"062027";"Dugenta";91;0;0;0;0;;;;0;0;0;0;5;;;;5;5
"062027";"Dugenta";92;2;1;0;1;;;;4;0;1;0;4;;;;5;9
"062027";"Dugenta";93;0;1;0;1;;;;2;0;0;0;3;;;;3;5
"062027";"Dugenta";94;0;0;0;0;;;;0;0;0;0;2;;;;2;2
"062027";"Dugenta";95;0;0;0;1;;;;1;0;0;0;0;;;;0;1
"062027";"Dugenta";96;0;0;0;0;;;;0;1;0;0;3;;;;4;4
"062027";"Dugenta";97;0;0;0;0;;;;0;0;0;0;1;;;;1;1
"062027";"Dugenta";98;0;0;0;1;;;;1;0;0;0;0;;;;0;1
"062027";"Dugenta";99;0;0;0;0;;;;0;0;0;0;1;;;;1;1
"062027";"Dugenta";100;0;0;0;0;;;;0;1;0;0;1;;;;2;2
"062027";"Dugenta";999;587;639;22;31;;;;1279;530;634;20;178;;;;1362;2641
"062028";"Durazzano";0;10;0;0;0;;;;10;5;0;0;0;;;;5;15
"062028";"Durazzano";1;9;0;0;0;;;;9;8;0;0;0;;;;8;17
"062028";"Durazzano";2;14;0;0;0;;;;14;5;0;0;0;;;;5;19
"062028";"Durazzano";3;5;0;0;0;;;;5;11;0;0;0;;;;11;16
"062028";"Durazzano";4;5;0;0;0;;;;5;7;0;0;0;;;;7;12
"062028";"Durazzano";5;11;0;0;0;;;;11;7;0;0;0;;;;7;18
"062028";"Durazzano";6;5;0;0;0;;;;5;10;0;0;0;;;;10;15
"062028";"Durazzano";7;4;0;0;0;;;;4;7;0;0;0;;;;7;11
"062028";"Durazzano";8;11;0;0;0;;;;11;12;0;0;0;;;;12;23
"062028";"Durazzano";9;8;0;0;0;;;;8;3;0;0;0;;;;3;11
"062028";"Durazzano";10;13;0;0;0;;;;13;9;0;0;0;;;;9;22
"062028";"Durazzano";11;13;0;0;0;;;;13;10;0;0;0;;;;10;23
"062028";"Durazzano";12;16;0;0;0;;;;16;9;0;0;0;;;;9;25
"062028";"Durazzano";13;8;0;0;0;;;;8;10;0;0;0;;;;10;18
"062028";"Durazzano";14;12;0;0;0;;;;12;6;0;0;0;;;;6;18
"062028";"Durazzano";15;11;0;0;0;;;;11;13;0;0;0;;;;13;24
"062028";"Durazzano";16;14;0;0;0;;;;14;15;0;0;0;;;;15;29
"062028";"Durazzano";17;15;0;0;0;;;;15;13;0;0;0;;;;13;28
"062028";"Durazzano";18;10;0;0;0;;;;10;8;0;0;0;;;;8;18
"062028";"Durazzano";19;20;0;0;0;;;;20;11;0;0;0;;;;11;31
"062028";"Durazzano";20;15;0;0;0;;;;15;11;0;0;0;;;;11;26
"062028";"Durazzano";21;10;0;0;0;;;;10;17;0;0;0;;;;17;27
"062028";"Durazzano";22;10;0;0;0;;;;10;10;1;0;0;;;;11;21
"062028";"Durazzano";23;8;1;0;0;;;;9;12;0;0;0;;;;12;21
"062028";"Durazzano";24;12;0;0;0;;;;12;6;0;0;0;;;;6;18
"062028";"Durazzano";25;13;0;0;0;;;;13;8;0;0;0;;;;8;21
"062028";"Durazzano";26;14;0;0;0;;;;14;8;4;0;0;;;;12;26
"062028";"Durazzano";27;5;1;0;0;;;;6;5;3;0;0;;;;8;14
"062028";"Durazzano";28;12;1;0;0;;;;13;6;0;0;0;;;;6;19
"062028";"Durazzano";29;17;4;0;0;;;;21;10;4;0;0;;;;14;35
"062028";"Durazzano";30;10;3;0;0;;;;13;1;3;0;0;;;;4;17
"062028";"Durazzano";31;10;2;0;0;;;;12;10;2;0;0;;;;12;24
"062028";"Durazzano";32;11;1;0;0;;;;12;5;3;1;0;;;;9;21
"062028";"Durazzano";33;12;4;0;0;;;;16;5;6;0;0;;;;11;27
"062028";"Durazzano";34;8;5;1;0;;;;14;7;11;1;0;;;;19;33
"062028";"Durazzano";35;7;4;0;0;;;;11;2;8;0;0;;;;10;21
"062028";"Durazzano";36;6;2;0;0;;;;8;4;6;1;0;;;;11;19
"062028";"Durazzano";37;5;4;0;0;;;;9;6;6;0;0;;;;12;21
"062028";"Durazzano";38;7;7;0;0;;;;14;2;9;0;1;;;;12;26
"062028";"Durazzano";39;7;8;0;0;;;;15;4;5;0;0;;;;9;24
"062028";"Durazzano";40;3;6;0;0;;;;9;4;11;1;0;;;;16;25
"062028";"Durazzano";41;5;8;1;0;;;;14;2;7;1;0;;;;10;24
"062028";"Durazzano";42;3;10;0;0;;;;13;2;6;1;0;;;;9;22
"062028";"Durazzano";43;7;11;0;1;;;;19;1;9;0;1;;;;11;30
"062028";"Durazzano";44;5;6;0;0;;;;11;3;10;1;0;;;;14;25
"062028";"Durazzano";45;2;7;0;0;;;;9;5;9;0;0;;;;14;23
"062028";"Durazzano";46;4;7;0;0;;;;11;2;10;0;0;;;;12;23
"062028";"Durazzano";47;3;15;0;0;;;;18;2;11;0;0;;;;13;31
"062028";"Durazzano";48;2;13;0;1;;;;16;4;13;0;0;;;;17;33
"062028";"Durazzano";49;4;7;0;0;;;;11;0;13;0;0;;;;13;24
"062028";"Durazzano";50;6;6;0;0;;;;12;1;15;0;1;;;;17;29
"062028";"Durazzano";51;3;21;1;1;;;;26;1;11;1;1;;;;14;40
"062028";"Durazzano";52;1;13;1;0;;;;15;0;14;1;1;;;;16;31
"062028";"Durazzano";53;3;9;0;1;;;;13;1;21;0;0;;;;22;35
"062028";"Durazzano";54;1;15;1;0;;;;17;1;10;1;2;;;;14;31
"062028";"Durazzano";55;1;15;1;1;;;;18;2;15;0;0;;;;17;35
"062028";"Durazzano";56;3;18;0;0;;;;21;2;17;1;0;;;;20;41
"062028";"Durazzano";57;1;15;0;0;;;;16;3;23;0;0;;;;26;42
"062028";"Durazzano";58;3;17;1;0;;;;21;0;16;1;1;;;;18;39
"062028";"Durazzano";59;0;17;2;0;;;;19;1;12;0;1;;;;14;33
"062028";"Durazzano";60;0;13;0;0;;;;13;1;9;0;1;;;;11;24
"062028";"Durazzano";61;1;14;0;1;;;;16;1;17;0;1;;;;19;35
"062028";"Durazzano";62;0;15;0;2;;;;17;1;11;1;4;;;;17;34
"062028";"Durazzano";63;2;11;1;0;;;;14;1;13;0;0;;;;14;28
"062028";"Durazzano";64;1;16;1;0;;;;18;2;13;0;2;;;;17;35
"062028";"Durazzano";65;1;10;1;1;;;;13;3;13;0;3;;;;19;32
"062028";"Durazzano";66;4;6;0;0;;;;10;3;8;0;2;;;;13;23
"062028";"Durazzano";67;1;13;0;0;;;;14;1;3;0;0;;;;4;18
"062028";"Durazzano";68;1;10;2;0;;;;13;1;9;0;2;;;;12;25
"062028";"Durazzano";69;1;12;0;1;;;;14;0;4;0;2;;;;6;20
"062028";"Durazzano";70;0;14;0;2;;;;16;1;17;0;4;;;;22;38
"062028";"Durazzano";71;0;7;0;1;;;;8;0;5;0;1;;;;6;14
"062028";"Durazzano";72;0;4;0;0;;;;4;0;7;0;2;;;;9;13
"062028";"Durazzano";73;1;9;0;3;;;;13;0;3;0;0;;;;3;16
"062028";"Durazzano";74;0;10;0;0;;;;10;1;9;0;3;;;;13;23
"062028";"Durazzano";75;1;9;0;0;;;;10;0;3;1;4;;;;8;18
"062028";"Durazzano";76;0;9;0;1;;;;10;1;3;1;2;;;;7;17
"062028";"Durazzano";77;0;6;0;1;;;;7;0;3;0;4;;;;7;14
"062028";"Durazzano";78;0;2;0;1;;;;3;1;5;0;6;;;;12;15
"062028";"Durazzano";79;0;3;0;0;;;;3;0;4;0;3;;;;7;10
"062028";"Durazzano";80;0;7;0;1;;;;8;1;1;0;2;;;;4;12
"062028";"Durazzano";81;0;2;0;2;;;;4;0;2;0;6;;;;8;12
"062028";"Durazzano";82;1;4;0;0;;;;5;1;2;0;1;;;;4;9
"062028";"Durazzano";83;1;2;0;1;;;;4;0;2;0;4;;;;6;10
"062028";"Durazzano";84;0;2;0;4;;;;6;2;2;0;7;;;;11;17
"062028";"Durazzano";85;0;2;0;1;;;;3;1;1;0;3;;;;5;8
"062028";"Durazzano";86;0;4;0;0;;;;4;1;0;0;1;;;;2;6
"062028";"Durazzano";87;0;2;0;0;;;;2;2;1;0;6;;;;9;11
"062028";"Durazzano";88;0;1;0;0;;;;1;1;2;0;7;;;;10;11
"062028";"Durazzano";89;0;2;0;0;;;;2;1;0;0;4;;;;5;7
"062028";"Durazzano";90;1;0;0;0;;;;1;0;1;0;8;;;;9;10
"062028";"Durazzano";91;0;0;0;0;;;;0;0;0;0;4;;;;4;4
"062028";"Durazzano";92;0;1;0;1;;;;2;1;0;0;3;;;;4;6
"062028";"Durazzano";93;0;0;0;0;;;;0;2;2;0;1;;;;5;5
"062028";"Durazzano";94;0;1;0;1;;;;2;0;0;0;1;;;;1;3
"062028";"Durazzano";95;0;0;0;0;;;;0;0;0;0;1;;;;1;1
"062028";"Durazzano";96;0;0;0;0;;;;0;0;0;0;2;;;;2;2
"062028";"Durazzano";97;0;0;0;1;;;;1;0;1;0;0;;;;1;2
"062028";"Durazzano";98;0;0;0;0;;;;0;0;0;0;0;;;;0;0
"062028";"Durazzano";99;0;0;0;0;;;;0;0;0;0;0;;;;0;0
"062028";"Durazzano";100;0;0;0;0;;;;0;0;0;0;1;;;;1;1
"062028";"Durazzano";999;490;506;14;31;;;;1041;386;500;15;117;;;;1018;2059
"062029";"Faicchio";0;6;0;0;0;;;;6;8;0;0;0;;;;8;14
"062029";"Faicchio";1;4;0;0;0;;;;4;14;0;0;0;;;;14;18
"062029";"Faicchio";2;18;0;0;0;;;;18;13;0;0;0;;;;13;31
"062029";"Faicchio";3;8;0;0;0;;;;8;12;0;0;0;;;;12;20
"062029";"Faicchio";4;7;0;0;0;;;;7;8;0;0;0;;;;8;15
"062029";"Faicchio";5;8;0;0;0;;;;8;9;0;0;0;;;;9;17
"062029";"Faicchio";6;8;0;0;0;;;;8;12;0;0;0;;;;12;20
"062029";"Faicchio";7;15;0;0;0;;;;15;11;0;0;0;;;;11;26
"062029";"Faicchio";8;17;0;0;0;;;;17;11;0;0;0;;;;11;28
"062029";"Faicchio";9;9;0;0;0;;;;9;15;0;0;0;;;;15;24
"062029";"Faicchio";10;13;0;0;0;;;;13;6;0;0;0;;;;6;19
"062029";"Faicchio";11;19;0;0;0;;;;19;11;0;0;0;;;;11;30
"062029";"Faicchio";12;16;0;0;0;;;;16;10;0;0;0;;;;10;26
"062029";"Faicchio";13;14;0;0;0;;;;14;5;0;0;0;;;;5;19
"062029";"Faicchio";14;18;0;0;0;;;;18;14;0;0;0;;;;14;32
"062029";"Faicchio";15;18;0;0;0;;;;18;13;0;0;0;;;;13;31
"062029";"Faicchio";16;11;0;0;0;;;;11;14;0;0;0;;;;14;25
"062029";"Faicchio";17;19;0;0;0;;;;19;12;0;0;0;;;;12;31
"062029";"Faicchio";18;14;0;0;0;;;;14;14;0;0;0;;;;14;28
"062029";"Faicchio";19;15;0;0;0;;;;15;11;0;0;0;;;;11;26
"062029";"Faicchio";20;15;0;0;0;;;;15;13;1;0;0;;;;14;29
"062029";"Faicchio";21;21;0;0;0;;;;21;15;0;0;0;;;;15;36
"062029";"Faicchio";22;22;0;0;0;;;;22;22;0;0;0;;;;22;44
"062029";"Faicchio";23;21;0;0;0;;;;21;14;1;0;0;;;;15;36
"062029";"Faicchio";24;17;0;0;0;;;;17;19;1;0;0;;;;20;37
"062029";"Faicchio";25;11;1;0;0;;;;12;16;0;0;0;;;;16;28
"062029";"Faicchio";26;12;1;0;0;;;;13;12;2;0;0;;;;14;27
"062029";"Faicchio";27;14;2;0;0;;;;16;11;2;0;0;;;;13;29
"062029";"Faicchio";28;16;1;0;0;;;;17;13;2;0;0;;;;15;32
"062029";"Faicchio";29;16;3;0;0;;;;19;12;3;0;0;;;;15;34
"062029";"Faicchio";30;17;1;0;0;;;;18;11;7;0;0;;;;18;36
"062029";"Faicchio";31;20;6;0;0;;;;26;11;3;0;0;;;;14;40
"062029";"Faicchio";32;15;3;0;0;;;;18;15;4;0;0;;;;19;37
"062029";"Faicchio";33;19;8;0;0;;;;27;9;6;1;0;;;;16;43
"062029";"Faicchio";34;12;7;0;0;;;;19;11;13;0;0;;;;24;43
"062029";"Faicchio";35;12;5;0;0;;;;17;7;8;0;0;;;;15;32
"062029";"Faicchio";36;9;14;0;0;;;;23;6;11;0;0;;;;17;40
"062029";"Faicchio";37;12;5;0;0;;;;17;9;10;0;0;;;;19;36
"062029";"Faicchio";38;12;6;0;0;;;;18;6;10;0;0;;;;16;34
"062029";"Faicchio";39;12;11;0;0;;;;23;5;3;1;0;;;;9;32
"062029";"Faicchio";40;8;8;1;0;;;;17;7;16;0;0;;;;23;40
"062029";"Faicchio";41;8;8;0;0;;;;16;3;17;1;0;;;;21;37
"062029";"Faicchio";42;6;8;0;0;;;;14;10;8;1;0;;;;19;33
"062029";"Faicchio";43;7;7;1;0;;;;15;4;14;0;0;;;;18;33
"062029";"Faicchio";44;7;9;1;0;;;;17;3;6;0;1;;;;10;27
"062029";"Faicchio";45;3;7;0;0;;;;10;1;22;1;0;;;;24;34
"062029";"Faicchio";46;10;10;1;0;;;;21;7;11;1;0;;;;19;40
"062029";"Faicchio";47;5;15;0;0;;;;20;5;15;1;0;;;;21;41
"062029";"Faicchio";48;7;17;0;0;;;;24;4;14;1;0;;;;19;43
"062029";"Faicchio";49;6;15;1;0;;;;22;3;17;0;0;;;;20;42
"062029";"Faicchio";50;7;19;0;0;;;;26;4;25;0;0;;;;29;55
"062029";"Faicchio";51;3;12;2;0;;;;17;4;19;0;2;;;;25;42
"062029";"Faicchio";52;9;19;1;0;;;;29;1;21;4;0;;;;26;55
"062029";"Faicchio";53;7;17;3;0;;;;27;5;20;4;1;;;;30;57
"062029";"Faicchio";54;6;24;0;1;;;;31;3;15;2;1;;;;21;52
"062029";"Faicchio";55;7;13;0;2;;;;22;4;20;2;3;;;;29;51
"062029";"Faicchio";56;6;29;1;0;;;;36;3;20;3;4;;;;30;66
"062029";"Faicchio";57;3;21;0;0;;;;24;10;24;2;3;;;;39;63
"062029";"Faicchio";58;3;24;0;0;;;;27;6;19;1;1;;;;27;54
"062029";"Faicchio";59;4;20;1;0;;;;25;1;21;1;4;;;;27;52
"062029";"Faicchio";60;5;19;1;1;;;;26;8;17;2;1;;;;28;54
"062029";"Faicchio";61;2;25;1;2;;;;30;5;24;2;3;;;;34;64
"062029";"Faicchio";62;3;24;2;0;;;;29;3;23;0;4;;;;30;59
"062029";"Faicchio";63;2;27;0;1;;;;30;1;17;0;1;;;;19;49
"062029";"Faicchio";64;4;23;1;1;;;;29;0;17;0;3;;;;20;49
"062029";"Faicchio";65;4;12;1;1;;;;18;1;15;0;7;;;;23;41
"062029";"Faicchio";66;2;14;0;1;;;;17;1;13;1;3;;;;18;35
"062029";"Faicchio";67;2;23;1;1;;;;27;2;12;0;3;;;;17;44
"062029";"Faicchio";68;0;14;2;0;;;;16;1;13;1;5;;;;20;36
"062029";"Faicchio";69;3;16;1;2;;;;22;0;9;0;3;;;;12;34
"062029";"Faicchio";70;2;13;2;1;;;;18;2;19;0;5;;;;26;44
"062029";"Faicchio";71;0;14;0;0;;;;14;2;9;0;3;;;;14;28
"062029";"Faicchio";72;0;16;0;5;;;;21;1;19;0;7;;;;27;48
"062029";"Faicchio";73;2;11;0;1;;;;14;0;12;0;3;;;;15;29
"062029";"Faicchio";74;2;17;0;1;;;;20;0;4;0;8;;;;12;32
"062029";"Faicchio";75;3;12;0;0;;;;15;0;8;0;7;;;;15;30
"062029";"Faicchio";76;0;19;0;3;;;;22;0;9;0;9;;;;18;40
"062029";"Faicchio";77;1;7;0;2;;;;10;0;8;0;8;;;;16;26
"062029";"Faicchio";78;1;10;0;2;;;;13;0;12;0;9;;;;21;34
"062029";"Faicchio";79;1;7;0;2;;;;10;0;9;0;9;;;;18;28
"062029";"Faicchio";80;0;8;0;0;;;;8;0;5;0;12;;;;17;25
"062029";"Faicchio";81;0;18;1;2;;;;21;1;7;0;16;;;;24;45
"062029";"Faicchio";82;0;3;0;0;;;;3;0;1;0;8;;;;9;12
"062029";"Faicchio";83;1;8;0;1;;;;10;0;4;0;9;;;;13;23
"062029";"Faicchio";84;2;5;0;4;;;;11;0;9;0;18;;;;27;38
"062029";"Faicchio";85;0;6;0;4;;;;10;0;3;0;11;;;;14;24
"062029";"Faicchio";86;1;11;0;1;;;;13;1;3;0;14;;;;18;31
"062029";"Faicchio";87;0;3;0;1;;;;4;0;0;0;13;;;;13;17
"062029";"Faicchio";88;0;3;0;4;;;;7;2;1;0;3;;;;6;13
"062029";"Faicchio";89;1;3;0;0;;;;4;1;0;0;5;;;;6;10
"062029";"Faicchio";90;0;3;0;3;;;;6;0;3;0;3;;;;6;12
"062029";"Faicchio";91;0;1;0;4;;;;5;0;0;0;7;;;;7;12
"062029";"Faicchio";92;0;2;0;3;;;;5;0;0;0;5;;;;5;10
"062029";"Faicchio";93;0;0;0;2;;;;2;0;1;0;3;;;;4;6
"062029";"Faicchio";94;0;2;0;0;;;;2;0;0;0;5;;;;5;7
"062029";"Faicchio";95;0;0;0;1;;;;1;0;0;0;4;;;;4;5
"062029";"Faicchio";96;0;0;0;1;;;;1;0;0;0;1;;;;1;2
"062029";"Faicchio";97;0;0;0;0;;;;0;0;0;0;1;;;;1;1
"062029";"Faicchio";98;0;1;0;2;;;;3;0;0;0;0;;;;0;3
"062029";"Faicchio";99;0;0;0;0;;;;0;0;0;0;1;;;;1;1
"062029";"Faicchio";100;0;0;0;1;;;;1;0;0;0;0;;;;0;1
"062029";"Faicchio";999;728;776;26;64;;;;1594;580;737;33;260;;;;1610;3204
"062030";"Foglianise";0;14;0;0;0;;;;14;10;0;0;0;;;;10;24
"062030";"Foglianise";1;15;0;0;0;;;;15;10;0;0;0;;;;10;25
"062030";"Foglianise";2;12;0;0;0;;;;12;7;0;0;0;;;;7;19
"062030";"Foglianise";3;8;0;0;0;;;;8;9;0;0;0;;;;9;17
"062030";"Foglianise";4;10;0;0;0;;;;10;17;0;0;0;;;;17;27
"062030";"Foglianise";5;11;0;0;0;;;;11;14;0;0;0;;;;14;25
"062030";"Foglianise";6;14;0;0;0;;;;14;15;0;0;0;;;;15;29
"062030";"Foglianise";7;10;0;0;0;;;;10;11;0;0;0;;;;11;21
"062030";"Foglianise";8;17;0;0;0;;;;17;16;0;0;0;;;;16;33
"062030";"Foglianise";9;10;0;0;0;;;;10;12;0;0;0;;;;12;22
"062030";"Foglianise";10;17;0;0;0;;;;17;10;0;0;0;;;;10;27
"062030";"Foglianise";11;15;0;0;0;;;;15;15;0;0;0;;;;15;30
"062030";"Foglianise";12;9;0;0;0;;;;9;14;0;0;0;;;;14;23
"062030";"Foglianise";13;16;0;0;0;;;;16;11;0;0;0;;;;11;27
"062030";"Foglianise";14;11;0;0;0;;;;11;12;0;0;0;;;;12;23
"062030";"Foglianise";15;19;0;0;0;;;;19;13;0;0;0;;;;13;32
"062030";"Foglianise";16;16;0;0;0;;;;16;8;0;0;0;;;;8;24
"062030";"Foglianise";17;14;0;0;0;;;;14;16;0;0;0;;;;16;30
"062030";"Foglianise";18;15;0;0;0;;;;15;9;0;0;0;;;;9;24
"062030";"Foglianise";19;22;0;0;0;;;;22;17;0;0;0;;;;17;39
"062030";"Foglianise";20;18;0;0;0;;;;18;19;0;0;0;;;;19;37
"062030";"Foglianise";21;17;0;0;0;;;;17;20;0;0;0;;;;20;37
"062030";"Foglianise";22;18;0;0;0;;;;18;22;0;0;0;;;;22;40
"062030";"Foglianise";23;11;0;0;0;;;;11;10;0;0;0;;;;10;21
"062030";"Foglianise";24;14;0;0;0;;;;14;14;1;0;0;;;;15;29
"062030";"Foglianise";25;12;0;0;0;;;;12;16;0;0;0;;;;16;28
"062030";"Foglianise";26;14;0;0;0;;;;14;19;1;0;0;;;;20;34
"062030";"Foglianise";27;15;1;0;0;;;;16;25;4;0;0;;;;29;45
"062030";"Foglianise";28;14;1;0;0;;;;15;12;2;0;0;;;;14;29
"062030";"Foglianise";29;23;3;0;0;;;;26;15;7;0;0;;;;22;48
"062030";"Foglianise";30;18;4;0;0;;;;22;14;5;0;0;;;;19;41
"062030";"Foglianise";31;13;5;0;0;;;;18;13;7;0;0;;;;20;38
"062030";"Foglianise";32;13;6;0;0;;;;19;8;5;0;0;;;;13;32
"062030";"Foglianise";33;13;8;0;0;;;;21;3;6;0;0;;;;9;30
"062030";"Foglianise";34;14;4;0;0;;;;18;10;11;0;0;;;;21;39
"062030";"Foglianise";35;9;9;0;0;;;;18;11;11;0;0;;;;22;40
"062030";"Foglianise";36;8;5;0;0;;;;13;7;5;0;0;;;;12;25
"062030";"Foglianise";37;12;9;0;0;;;;21;8;12;0;0;;;;20;41
"062030";"Foglianise";38;9;7;0;0;;;;16;4;6;0;0;;;;10;26
"062030";"Foglianise";39;11;3;0;0;;;;14;6;17;0;1;;;;24;38
"062030";"Foglianise";40;7;5;0;0;;;;12;4;12;1;0;;;;17;29
"062030";"Foglianise";41;8;6;0;0;;;;14;4;6;0;0;;;;10;24
"062030";"Foglianise";42;4;11;0;0;;;;15;4;18;1;0;;;;23;38
"062030";"Foglianise";43;5;13;0;0;;;;18;1;10;1;0;;;;12;30
"062030";"Foglianise";44;5;6;0;0;;;;11;2;16;1;0;;;;19;30
"062030";"Foglianise";45;6;11;0;0;;;;17;1;11;0;1;;;;13;30
"062030";"Foglianise";46;8;12;0;1;;;;21;1;7;0;0;;;;8;29
"062030";"Foglianise";47;5;11;1;0;;;;17;5;12;0;0;;;;17;34
"062030";"Foglianise";48;6;15;0;0;;;;21;4;18;0;1;;;;23;44
"062030";"Foglianise";49;5;14;0;0;;;;19;1;15;1;0;;;;17;36
"062030";"Foglianise";50;5;15;0;1;;;;21;1;20;0;0;;;;21;42
"062030";"Foglianise";51;7;10;1;0;;;;18;2;20;3;0;;;;25;43
"062030";"Foglianise";52;6;27;1;0;;;;34;3;23;2;1;;;;29;63
"062030";"Foglianise";53;6;14;0;0;;;;20;1;17;2;1;;;;21;41
"062030";"Foglianise";54;8;12;0;0;;;;20;2;17;1;1;;;;21;41
"062030";"Foglianise";55;4;24;1;1;;;;30;2;23;0;1;;;;26;56
"062030";"Foglianise";56;3;25;0;1;;;;29;0;25;1;1;;;;27;56
"062030";"Foglianise";57;4;16;1;0;;;;21;5;24;0;2;;;;31;52
"062030";"Foglianise";58;2;22;1;0;;;;25;2;38;2;1;;;;43;68
"062030";"Foglianise";59;3;27;0;1;;;;31;3;27;1;4;;;;35;66
"062030";"Foglianise";60;1;22;0;2;;;;25;2;30;2;4;;;;38;63
"062030";"Foglianise";61;2;23;1;0;;;;26;1;31;1;1;;;;34;60
"062030";"Foglianise";62;3;22;1;3;;;;29;2;15;0;2;;;;19;48
"062030";"Foglianise";63;3;20;0;0;;;;23;2;16;0;7;;;;25;48
"062030";"Foglianise";64;1;24;0;1;;;;26;1;20;0;5;;;;26;52
"062030";"Foglianise";65;3;30;0;0;;;;33;1;14;1;5;;;;21;54
"062030";"Foglianise";66;2;25;0;0;;;;27;1;12;2;4;;;;19;46
"062030";"Foglianise";67;2;15;0;2;;;;19;0;18;0;1;;;;19;38
"062030";"Foglianise";68;0;11;2;1;;;;14;1;14;0;5;;;;20;34
"062030";"Foglianise";69;2;13;0;0;;;;15;1;16;0;4;;;;21;36
"062030";"Foglianise";70;3;20;0;1;;;;24;1;9;0;6;;;;16;40
"062030";"Foglianise";71;0;11;0;1;;;;12;2;12;2;3;;;;19;31
"062030";"Foglianise";72;1;20;1;0;;;;22;1;16;0;1;;;;18;40
"062030";"Foglianise";73;0;16;0;0;;;;16;0;12;0;5;;;;17;33
"062030";"Foglianise";74;0;13;0;0;;;;13;1;8;0;5;;;;14;27
"062030";"Foglianise";75;0;22;1;2;;;;25;1;9;2;2;;;;14;39
"062030";"Foglianise";76;0;14;1;0;;;;15;1;10;0;7;;;;18;33
"062030";"Foglianise";77;0;10;0;0;;;;10;2;6;0;9;;;;17;27
"062030";"Foglianise";78;1;8;1;2;;;;12;2;9;0;4;;;;15;27
"062030";"Foglianise";79;0;7;1;1;;;;9;0;7;0;8;;;;15;24
"062030";"Foglianise";80;1;4;0;0;;;;5;0;7;0;8;;;;15;20
"062030";"Foglianise";81;1;10;0;2;;;;13;0;2;1;3;;;;6;19
"062030";"Foglianise";82;0;4;0;0;;;;4;1;3;0;8;;;;12;16
"062030";"Foglianise";83;0;7;0;1;;;;8;1;3;0;7;;;;11;19
"062030";"Foglianise";84;0;8;0;3;;;;11;3;7;0;11;;;;21;32
"062030";"Foglianise";85;0;11;0;0;;;;11;1;0;0;10;;;;11;22
"062030";"Foglianise";86;0;2;0;1;;;;3;1;3;0;4;;;;8;11
"062030";"Foglianise";87;0;5;0;1;;;;6;0;3;0;10;;;;13;19
"062030";"Foglianise";88;0;3;0;0;;;;3;2;0;0;4;;;;6;9
"062030";"Foglianise";89;0;1;0;0;;;;1;0;0;0;11;;;;11;12
"062030";"Foglianise";90;0;2;0;1;;;;3;0;0;0;7;;;;7;10
"062030";"Foglianise";91;0;1;0;1;;;;2;0;3;0;2;;;;5;7
"062030";"Foglianise";92;0;0;0;1;;;;1;0;0;0;3;;;;3;4
"062030";"Foglianise";93;0;2;0;0;;;;2;0;1;0;5;;;;6;8
"062030";"Foglianise";94;0;0;0;1;;;;1;0;0;0;3;;;;3;4
"062030";"Foglianise";95;0;1;0;0;;;;1;1;0;0;3;;;;4;5
"062030";"Foglianise";96;0;0;0;0;;;;0;0;0;0;1;;;;1;1
"062030";"Foglianise";97;0;0;0;0;;;;0;1;0;0;1;;;;2;2
"062030";"Foglianise";98;0;0;0;1;;;;1;0;0;0;2;;;;2;3
"062030";"Foglianise";99;0;1;0;0;;;;1;0;0;0;1;;;;1;2
"062030";"Foglianise";100;0;0;0;0;;;;0;0;0;0;0;;;;0;0
"062030";"Foglianise";999;684;769;15;34;;;;1502;584;775;28;207;;;;1594;3096
"062031";"Foiano di Val Fortore";0;5;0;0;0;;;;5;3;0;0;0;;;;3;8
"062031";"Foiano di Val Fortore";1;6;0;0;0;;;;6;1;0;0;0;;;;1;7
"062031";"Foiano di Val Fortore";2;4;0;0;0;;;;4;3;0;0;0;;;;3;7
"062031";"Foiano di Val Fortore";3;7;0;0;0;;;;7;7;0;0;0;;;;7;14
"062031";"Foiano di Val Fortore";4;4;0;0;0;;;;4;2;0;0;0;;;;2;6
"062031";"Foiano di Val Fortore";5;4;0;0;0;;;;4;6;0;0;0;;;;6;10
"062031";"Foiano di Val Fortore";6;2;0;0;0;;;;2;4;0;0;0;;;;4;6
"062031";"Foiano di Val Fortore";7;8;0;0;0;;;;8;5;0;0;0;;;;5;13
"062031";"Foiano di Val Fortore";8;3;0;0;0;;;;3;4;0;0;0;;;;4;7
"062031";"Foiano di Val Fortore";9;3;0;0;0;;;;3;8;0;0;0;;;;8;11
"062031";"Foiano di Val Fortore";10;4;0;0;0;;;;4;7;0;0;0;;;;7;11
"062031";"Foiano di Val Fortore";11;5;0;0;0;;;;5;2;0;0;0;;;;2;7
"062031";"Foiano di Val Fortore";12;5;0;0;0;;;;5;4;0;0;0;;;;4;9
"062031";"Foiano di Val Fortore";13;7;0;0;0;;;;7;2;0;0;0;;;;2;9
"062031";"Foiano di Val Fortore";14;6;0;0;0;;;;6;8;0;0;0;;;;8;14
"062031";"Foiano di Val Fortore";15;7;0;0;0;;;;7;2;0;0;0;;;;2;9
"062031";"Foiano di Val Fortore";16;7;0;0;0;;;;7;6;0;0;0;;;;6;13
"062031";"Foiano di Val Fortore";17;8;0;0;0;;;;8;5;0;0;0;;;;5;13
"062031";"Foiano di Val Fortore";18;5;0;0;0;;;;5;6;0;0;0;;;;6;11
"062031";"Foiano di Val Fortore";19;11;0;0;0;;;;11;9;1;0;0;;;;10;21
"062031";"Foiano di Val Fortore";20;4;0;0;0;;;;4;7;0;0;0;;;;7;11
"062031";"Foiano di Val Fortore";21;8;0;0;0;;;;8;3;0;0;0;;;;3;11
"062031";"Foiano di Val Fortore";22;8;0;0;0;;;;8;4;0;0;0;;;;4;12
"062031";"Foiano di Val Fortore";23;3;0;0;0;;;;3;7;0;0;0;;;;7;10
"062031";"Foiano di Val Fortore";24;9;0;0;0;;;;9;9;0;0;0;;;;9;18
"062031";"Foiano di Val Fortore";25;5;0;0;0;;;;5;8;0;0;0;;;;8;13
"062031";"Foiano di Val Fortore";26;6;0;0;0;;;;6;5;0;0;0;;;;5;11
"062031";"Foiano di Val Fortore";27;9;0;0;0;;;;9;11;1;0;0;;;;12;21
"062031";"Foiano di Val Fortore";28;4;0;0;0;;;;4;7;2;0;0;;;;9;13
"062031";"Foiano di Val Fortore";29;6;0;0;0;;;;6;5;3;0;0;;;;8;14
"062031";"Foiano di Val Fortore";30;5;2;0;0;;;;7;5;1;0;0;;;;6;13
"062031";"Foiano di Val Fortore";31;5;1;0;0;;;;6;6;0;0;0;;;;6;12
"062031";"Foiano di Val Fortore";32;2;2;0;0;;;;4;6;6;0;0;;;;12;16
"062031";"Foiano di Val Fortore";33;4;2;0;0;;;;6;3;4;0;0;;;;7;13
"062031";"Foiano di Val Fortore";34;7;2;0;0;;;;9;4;7;0;0;;;;11;20
"062031";"Foiano di Val Fortore";35;7;4;0;0;;;;11;4;5;0;0;;;;9;20
"062031";"Foiano di Val Fortore";36;7;5;0;0;;;;12;1;6;0;0;;;;7;19
"062031";"Foiano di Val Fortore";37;9;3;0;0;;;;12;4;1;0;0;;;;5;17
"062031";"Foiano di Val Fortore";38;3;3;0;0;;;;6;7;5;0;0;;;;12;18
"062031";"Foiano di Val Fortore";39;6;1;0;0;;;;7;2;2;0;0;;;;4;11
"062031";"Foiano di Val Fortore";40;4;5;0;0;;;;9;2;4;0;0;;;;6;15
"062031";"Foiano di Val Fortore";41;3;5;0;0;;;;8;1;4;1;0;;;;6;14
"062031";"Foiano di Val Fortore";42;4;5;0;0;;;;9;0;2;0;0;;;;2;11
"062031";"Foiano di Val Fortore";43;3;1;0;0;;;;4;2;2;0;0;;;;4;8
"062031";"Foiano di Val Fortore";44;2;6;0;0;;;;8;3;6;0;0;;;;9;17
"062031";"Foiano di Val Fortore";45;3;5;0;0;;;;8;2;6;0;0;;;;8;16
"062031";"Foiano di Val Fortore";46;1;8;0;0;;;;9;0;9;1;1;;;;11;20
"062031";"Foiano di Val Fortore";47;3;3;0;0;;;;6;1;8;0;0;;;;9;15
"062031";"Foiano di Val Fortore";48;4;3;0;0;;;;7;0;6;0;0;;;;6;13
"062031";"Foiano di Val Fortore";49;3;7;0;0;;;;10;0;5;0;0;;;;5;15
"062031";"Foiano di Val Fortore";50;3;6;0;0;;;;9;1;8;0;0;;;;9;18
"062031";"Foiano di Val Fortore";51;1;6;0;0;;;;7;0;8;0;1;;;;9;16
"062031";"Foiano di Val Fortore";52;1;4;0;0;;;;5;2;9;0;0;;;;11;16
"062031";"Foiano di Val Fortore";53;0;6;0;0;;;;6;0;5;2;0;;;;7;13
"062031";"Foiano di Val Fortore";54;1;6;0;0;;;;7;2;8;2;0;;;;12;19
"062031";"Foiano di Val Fortore";55;4;7;0;0;;;;11;1;6;0;2;;;;9;20
"062031";"Foiano di Val Fortore";56;2;15;0;0;;;;17;2;10;0;0;;;;12;29
"062031";"Foiano di Val Fortore";57;2;10;0;0;;;;12;0;13;0;1;;;;14;26
"062031";"Foiano di Val Fortore";58;2;14;1;0;;;;17;0;8;0;0;;;;8;25
"062031";"Foiano di Val Fortore";59;1;9;0;0;;;;10;1;15;0;1;;;;17;27
"062031";"Foiano di Val Fortore";60;4;10;1;1;;;;16;1;7;1;0;;;;9;25
"062031";"Foiano di Val Fortore";61;3;6;0;1;;;;10;1;6;0;2;;;;9;19
"062031";"Foiano di Val Fortore";62;2;7;0;0;;;;9;0;4;0;1;;;;5;14
"062031";"Foiano di Val Fortore";63;1;7;0;0;;;;8;1;5;0;3;;;;9;17
"062031";"Foiano di Val Fortore";64;1;10;0;1;;;;12;0;10;0;1;;;;11;23
"062031";"Foiano di Val Fortore";65;0;10;1;0;;;;11;1;10;0;3;;;;14;25
"062031";"Foiano di Val Fortore";66;2;9;0;0;;;;11;0;9;0;1;;;;10;21
"062031";"Foiano di Val Fortore";67;0;6;0;0;;;;6;1;9;0;0;;;;10;16
"062031";"Foiano di Val Fortore";68;0;8;1;0;;;;9;0;9;0;0;;;;9;18
"062031";"Foiano di Val Fortore";69;1;8;0;0;;;;9;1;7;1;2;;;;11;20
"062031";"Foiano di Val Fortore";70;0;13;0;0;;;;13;0;5;0;1;;;;6;19
"062031";"Foiano di Val Fortore";71;1;4;0;0;;;;5;1;5;0;2;;;;8;13
"062031";"Foiano di Val Fortore";72;2;5;0;0;;;;7;0;4;0;0;;;;4;11
"062031";"Foiano di Val Fortore";73;1;5;0;0;;;;6;0;3;0;2;;;;5;11
"062031";"Foiano di Val Fortore";74;2;10;0;0;;;;12;0;2;0;3;;;;5;17
"062031";"Foiano di Val Fortore";75;0;4;0;0;;;;4;1;7;0;2;;;;10;14
"062031";"Foiano di Val Fortore";76;0;7;0;0;;;;7;0;5;0;2;;;;7;14
"062031";"Foiano di Val Fortore";77;0;7;0;0;;;;7;1;9;0;1;;;;11;18
"062031";"Foiano di Val Fortore";78;0;6;0;0;;;;6;0;1;0;2;;;;3;9
"062031";"Foiano di Val Fortore";79;0;0;0;2;;;;2;0;1;0;1;;;;2;4
"062031";"Foiano di Val Fortore";80;0;2;0;2;;;;4;0;2;0;0;;;;2;6
"062031";"Foiano di Val Fortore";81;1;3;0;2;;;;6;1;3;0;1;;;;5;11
"062031";"Foiano di Val Fortore";82;2;4;0;1;;;;7;0;2;0;1;;;;3;10
"062031";"Foiano di Val Fortore";83;0;0;0;0;;;;0;0;2;1;3;;;;6;6
"062031";"Foiano di Val Fortore";84;0;5;0;0;;;;5;0;8;0;6;;;;14;19
"062031";"Foiano di Val Fortore";85;1;1;0;0;;;;2;0;1;0;5;;;;6;8
"062031";"Foiano di Val Fortore";86;0;4;0;1;;;;5;1;2;0;5;;;;8;13
"062031";"Foiano di Val Fortore";87;0;1;0;1;;;;2;0;1;0;1;;;;2;4
"062031";"Foiano di Val Fortore";88;0;3;0;0;;;;3;0;1;0;5;;;;6;9
"062031";"Foiano di Val Fortore";89;0;0;0;0;;;;0;1;0;0;5;;;;6;6
"062031";"Foiano di Val Fortore";90;0;0;0;0;;;;0;0;0;0;1;;;;1;1
"062031";"Foiano di Val Fortore";91;0;0;0;1;;;;1;0;0;0;1;;;;1;2
"062031";"Foiano di Val Fortore";92;0;1;0;0;;;;1;0;0;0;2;;;;2;3
"062031";"Foiano di Val Fortore";93;0;2;0;0;;;;2;0;0;0;7;;;;7;9
"062031";"Foiano di Val Fortore";94;0;1;0;1;;;;2;0;0;0;0;;;;0;2
"062031";"Foiano di Val Fortore";95;0;0;0;0;;;;0;0;1;0;1;;;;2;2
"062031";"Foiano di Val Fortore";96;0;0;0;1;;;;1;0;1;0;0;;;;1;2
"062031";"Foiano di Val Fortore";97;0;0;0;0;;;;0;0;1;0;1;;;;2;2
"062031";"Foiano di Val Fortore";98;0;1;0;0;;;;1;0;0;0;2;;;;2;3
"062031";"Foiano di Val Fortore";99;0;0;0;0;;;;0;0;0;0;0;;;;0;0
"062031";"Foiano di Val Fortore";100;0;0;0;0;;;;0;0;0;0;0;;;;0;0
"062031";"Foiano di Val Fortore";999;299;326;4;15;;;;644;234;329;9;82;;;;654;1298
"062032";"Forchia";0;7;0;0;0;;;;7;7;0;0;0;;;;7;14
"062032";"Forchia";1;5;0;0;0;;;;5;2;0;0;0;;;;2;7
"062032";"Forchia";2;10;0;0;0;;;;10;8;0;0;0;;;;8;18
"062032";"Forchia";3;7;0;0;0;;;;7;3;0;0;0;;;;3;10
"062032";"Forchia";4;5;0;0;0;;;;5;8;0;0;0;;;;8;13
"062032";"Forchia";5;3;0;0;0;;;;3;3;0;0;0;;;;3;6
"062032";"Forchia";6;5;0;0;0;;;;5;8;0;0;0;;;;8;13
"062032";"Forchia";7;12;0;0;0;;;;12;4;0;0;0;;;;4;16
"062032";"Forchia";8;2;0;0;0;;;;2;8;0;0;0;;;;8;10
"062032";"Forchia";9;8;0;0;0;;;;8;3;0;0;0;;;;3;11
"062032";"Forchia";10;6;0;0;0;;;;6;8;0;0;0;;;;8;14
"062032";"Forchia";11;6;0;0;0;;;;6;5;0;0;0;;;;5;11
"062032";"Forchia";12;8;0;0;0;;;;8;6;0;0;0;;;;6;14
"062032";"Forchia";13;7;0;0;0;;;;7;6;0;0;0;;;;6;13
"062032";"Forchia";14;3;0;0;0;;;;3;5;0;0;0;;;;5;8
"062032";"Forchia";15;8;0;0;0;;;;8;6;0;0;0;;;;6;14
"062032";"Forchia";16;5;0;0;0;;;;5;2;0;0;0;;;;2;7
"062032";"Forchia";17;4;0;0;0;;;;4;9;0;0;0;;;;9;13
"062032";"Forchia";18;10;0;0;0;;;;10;2;0;0;0;;;;2;12
"062032";"Forchia";19;10;0;0;0;;;;10;3;0;0;0;;;;3;13
"062032";"Forchia";20;12;0;0;0;;;;12;6;0;0;0;;;;6;18
"062032";"Forchia";21;9;0;0;0;;;;9;8;0;0;0;;;;8;17
"062032";"Forchia";22;12;0;0;0;;;;12;14;0;0;0;;;;14;26
"062032";"Forchia";23;4;0;0;0;;;;4;8;0;0;0;;;;8;12
"062032";"Forchia";24;9;0;0;0;;;;9;2;0;0;0;;;;2;11
"062032";"Forchia";25;9;1;0;0;;;;10;11;1;0;0;;;;12;22
"062032";"Forchia";26;6;0;0;0;;;;6;5;3;0;0;;;;8;14
"062032";"Forchia";27;6;1;0;0;;;;7;8;2;0;0;;;;10;17
"062032";"Forchia";28;5;3;0;0;;;;8;4;2;0;0;;;;6;14
"062032";"Forchia";29;5;1;0;0;;;;6;5;2;0;0;;;;7;13
"062032";"Forchia";30;3;0;0;0;;;;3;8;2;0;0;;;;10;13
"062032";"Forchia";31;1;0;0;0;;;;1;3;2;1;0;;;;6;7
"062032";"Forchia";32;6;3;0;0;;;;9;3;5;0;0;;;;8;17
"062032";"Forchia";33;6;1;0;0;;;;7;3;4;0;0;;;;7;14
"062032";"Forchia";34;6;3;0;0;;;;9;3;2;0;0;;;;5;14
"062032";"Forchia";35;2;5;0;0;;;;7;0;8;0;0;;;;8;15
"062032";"Forchia";36;7;3;0;0;;;;10;0;7;1;0;;;;8;18
"062032";"Forchia";37;3;5;0;0;;;;8;0;5;0;0;;;;5;13
"062032";"Forchia";38;4;7;0;0;;;;11;1;5;0;0;;;;6;17
"062032";"Forchia";39;3;6;0;0;;;;9;4;7;1;0;;;;12;21
"062032";"Forchia";40;3;2;0;0;;;;5;0;3;0;0;;;;3;8
"062032";"Forchia";41;1;7;0;0;;;;8;1;5;0;0;;;;6;14
"062032";"Forchia";42;0;5;0;0;;;;5;2;7;0;0;;;;9;14
"062032";"Forchia";43;2;13;0;0;;;;15;1;1;0;0;;;;2;17
"062032";"Forchia";44;0;3;0;0;;;;3;1;8;1;0;;;;10;13
"062032";"Forchia";45;2;5;0;0;;;;7;0;5;0;0;;;;5;12
"062032";"Forchia";46;4;8;0;0;;;;12;0;13;0;0;;;;13;25
"062032";"Forchia";47;3;6;0;0;;;;9;1;12;0;0;;;;13;22
"062032";"Forchia";48;0;5;0;0;;;;5;0;8;1;0;;;;9;14
"062032";"Forchia";49;1;13;0;0;;;;14;0;11;0;0;;;;11;25
"062032";"Forchia";50;1;6;0;0;;;;7;0;6;1;0;;;;7;14
"062032";"Forchia";51;3;10;0;0;;;;13;0;6;0;0;;;;6;19
"062032";"Forchia";52;2;9;0;0;;;;11;1;11;1;0;;;;13;24
"062032";"Forchia";53;0;7;0;0;;;;7;1;3;0;1;;;;5;12
"062032";"Forchia";54;1;10;1;0;;;;12;0;8;0;0;;;;8;20
"062032";"Forchia";55;1;6;0;0;;;;7;0;5;0;0;;;;5;12
"062032";"Forchia";56;0;12;0;0;;;;12;0;10;0;2;;;;12;24
"062032";"Forchia";57;1;10;0;0;;;;11;0;10;0;0;;;;10;21
"062032";"Forchia";58;1;5;1;0;;;;7;0;9;1;0;;;;10;17
"062032";"Forchia";59;2;12;0;0;;;;14;1;5;0;1;;;;7;21
"062032";"Forchia";60;1;8;0;0;;;;9;1;5;0;1;;;;7;16
"062032";"Forchia";61;0;8;0;0;;;;8;1;6;1;2;;;;10;18
"062032";"Forchia";62;0;5;0;0;;;;5;0;10;0;0;;;;10;15
"062032";"Forchia";63;1;9;0;0;;;;10;1;2;0;2;;;;5;15
"062032";"Forchia";64;0;6;0;0;;;;6;1;3;0;0;;;;4;10
"062032";"Forchia";65;0;7;0;0;;;;7;0;11;0;3;;;;14;21
"062032";"Forchia";66;0;2;0;0;;;;2;0;4;0;2;;;;6;8
"062032";"Forchia";67;0;4;0;1;;;;5;1;2;1;1;;;;5;10
"062032";"Forchia";68;0;6;0;1;;;;7;0;6;1;1;;;;8;15
"062032";"Forchia";69;1;6;2;1;;;;10;0;0;1;1;;;;2;12
"062032";"Forchia";70;0;6;0;0;;;;6;0;0;0;2;;;;2;8
"062032";"Forchia";71;1;4;0;0;;;;5;1;6;1;3;;;;11;16
"062032";"Forchia";72;0;3;0;0;;;;3;0;6;0;2;;;;8;11
"062032";"Forchia";73;0;3;0;1;;;;4;0;4;0;3;;;;7;11
"062032";"Forchia";74;1;6;0;0;;;;7;0;1;0;1;;;;2;9
"062032";"Forchia";75;0;4;0;0;;;;4;1;7;0;1;;;;9;13
"062032";"Forchia";76;0;4;0;0;;;;4;1;8;0;0;;;;9;13
"062032";"Forchia";77;0;6;0;1;;;;7;0;4;0;4;;;;8;15
"062032";"Forchia";78;0;3;0;1;;;;4;1;2;0;3;;;;6;10
"062032";"Forchia";79;0;1;0;1;;;;2;1;2;0;2;;;;5;7
"062032";"Forchia";80;0;3;0;0;;;;3;0;0;0;2;;;;2;5
"062032";"Forchia";81;0;0;0;0;;;;0;0;0;0;4;;;;4;4
"062032";"Forchia";82;0;2;1;0;;;;3;0;0;0;2;;;;2;5
"062032";"Forchia";83;0;1;0;0;;;;1;0;0;0;1;;;;1;2
"062032";"Forchia";84;1;1;0;2;;;;4;0;0;0;2;;;;2;6
"062032";"Forchia";85;0;1;0;1;;;;2;0;1;0;3;;;;4;6
"062032";"Forchia";86;0;1;0;1;;;;2;0;0;0;1;;;;1;3
"062032";"Forchia";87;0;0;0;0;;;;0;0;1;0;1;;;;2;2
"062032";"Forchia";88;0;0;0;2;;;;2;0;0;0;2;;;;2;4
"062032";"Forchia";89;0;0;0;1;;;;1;0;0;0;1;;;;1;2
"062032";"Forchia";90;0;1;0;0;;;;1;0;0;0;0;;;;0;1
"062032";"Forchia";91;0;0;0;0;;;;0;0;1;0;0;;;;1;1
"062032";"Forchia";92;0;0;0;0;;;;0;0;0;0;0;;;;0;0
"062032";"Forchia";93;0;0;0;0;;;;0;0;0;0;1;;;;1;1
"062032";"Forchia";94;0;0;0;0;;;;0;0;0;0;0;;;;0;0
"062032";"Forchia";95;0;0;0;0;;;;0;0;0;0;0;;;;0;0
"062032";"Forchia";96;0;0;0;0;;;;0;0;0;0;0;;;;0;0
"062032";"Forchia";97;0;0;0;0;;;;0;0;0;0;0;;;;0;0
"062032";"Forchia";98;0;0;0;0;;;;0;0;0;0;0;;;;0;0
"062032";"Forchia";99;0;0;0;0;;;;0;0;0;0;0;;;;0;0
"062032";"Forchia";100;0;0;0;0;;;;0;0;0;0;0;;;;0;0
"062032";"Forchia";999;283;304;5;14;;;;606;221;295;13;58;;;;587;1193
"062033";"Fragneto l'Abate";0;2;0;0;0;;;;2;3;0;0;0;;;;3;5
"062033";"Fragneto l'Abate";1;0;0;0;0;;;;0;0;0;0;0;;;;0;0
"062033";"Fragneto l'Abate";2;4;0;0;0;;;;4;4;0;0;0;;;;4;8
"062033";"Fragneto l'Abate";3;2;0;0;0;;;;2;1;0;0;0;;;;1;3
"062033";"Fragneto l'Abate";4;3;0;0;0;;;;3;5;0;0;0;;;;5;8
"062033";"Fragneto l'Abate";5;4;0;0;0;;;;4;5;0;0;0;;;;5;9
"062033";"Fragneto l'Abate";6;1;0;0;0;;;;1;2;0;0;0;;;;2;3
"062033";"Fragneto l'Abate";7;4;0;0;0;;;;4;4;0;0;0;;;;4;8
"062033";"Fragneto l'Abate";8;7;0;0;0;;;;7;2;0;0;0;;;;2;9
"062033";"Fragneto l'Abate";9;3;0;0;0;;;;3;0;0;0;0;;;;0;3
"062033";"Fragneto l'Abate";10;2;0;0;0;;;;2;4;0;0;0;;;;4;6
"062033";"Fragneto l'Abate";11;1;0;0;0;;;;1;6;0;0;0;;;;6;7
"062033";"Fragneto l'Abate";12;1;0;0;0;;;;1;2;0;0;0;;;;2;3
"062033";"Fragneto l'Abate";13;5;0;0;0;;;;5;4;0;0;0;;;;4;9
"062033";"Fragneto l'Abate";14;5;0;0;0;;;;5;2;0;0;0;;;;2;7
"062033";"Fragneto l'Abate";15;1;0;0;0;;;;1;6;0;0;0;;;;6;7
"062033";"Fragneto l'Abate";16;4;0;0;0;;;;4;3;0;0;0;;;;3;7
"062033";"Fragneto l'Abate";17;8;0;0;0;;;;8;6;0;0;0;;;;6;14
"062033";"Fragneto l'Abate";18;3;0;0;0;;;;3;3;0;0;0;;;;3;6
"062033";"Fragneto l'Abate";19;3;0;0;0;;;;3;4;0;0;0;;;;4;7
"062033";"Fragneto l'Abate";20;6;0;0;0;;;;6;4;0;0;0;;;;4;10
"062033";"Fragneto l'Abate";21;6;0;0;0;;;;6;9;0;0;0;;;;9;15
"062033";"Fragneto l'Abate";22;2;0;0;0;;;;2;0;0;0;0;;;;0;2
"062033";"Fragneto l'Abate";23;5;0;0;0;;;;5;3;0;0;0;;;;3;8
"062033";"Fragneto l'Abate";24;6;0;0;0;;;;6;5;0;0;0;;;;5;11
"062033";"Fragneto l'Abate";25;8;0;0;0;;;;8;5;0;0;0;;;;5;13
"062033";"Fragneto l'Abate";26;2;0;0;0;;;;2;9;0;0;0;;;;9;11
"062033";"Fragneto l'Abate";27;3;0;0;0;;;;3;4;0;0;0;;;;4;7
"062033";"Fragneto l'Abate";28;7;0;0;0;;;;7;3;2;0;0;;;;5;12
"062033";"Fragneto l'Abate";29;3;0;0;0;;;;3;6;1;0;0;;;;7;10
"062033";"Fragneto l'Abate";30;3;1;0;0;;;;4;4;3;0;0;;;;7;11
"062033";"Fragneto l'Abate";31;3;2;0;0;;;;5;2;0;0;0;;;;2;7
"062033";"Fragneto l'Abate";32;5;1;0;0;;;;6;3;2;0;0;;;;5;11
"062033";"Fragneto l'Abate";33;3;0;0;0;;;;3;3;1;0;0;;;;4;7
"062033";"Fragneto l'Abate";34;3;1;0;0;;;;4;2;3;0;0;;;;5;9
"062033";"Fragneto l'Abate";35;4;1;0;0;;;;5;1;1;0;0;;;;2;7
"062033";"Fragneto l'Abate";36;2;3;0;0;;;;5;4;4;0;0;;;;8;13
"062033";"Fragneto l'Abate";37;2;3;0;0;;;;5;1;0;0;0;;;;1;6
"062033";"Fragneto l'Abate";38;2;2;0;0;;;;4;2;1;0;0;;;;3;7
"062033";"Fragneto l'Abate";39;1;1;0;0;;;;2;4;6;0;0;;;;10;12
"062033";"Fragneto l'Abate";40;3;2;0;0;;;;5;0;2;0;0;;;;2;7
"062033";"Fragneto l'Abate";41;5;2;0;0;;;;7;0;6;0;0;;;;6;13
"062033";"Fragneto l'Abate";42;1;1;0;0;;;;2;1;3;0;1;;;;5;7
"062033";"Fragneto l'Abate";43;3;2;0;0;;;;5;1;2;0;0;;;;3;8
"062033";"Fragneto l'Abate";44;3;3;0;0;;;;6;0;4;0;0;;;;4;10
"062033";"Fragneto l'Abate";45;2;2;0;0;;;;4;0;3;0;0;;;;3;7
"062033";"Fragneto l'Abate";46;1;6;0;0;;;;7;1;5;0;1;;;;7;14
"062033";"Fragneto l'Abate";47;2;3;0;0;;;;5;2;2;1;0;;;;5;10
"062033";"Fragneto l'Abate";48;2;2;0;0;;;;4;0;6;0;1;;;;7;11
"062033";"Fragneto l'Abate";49;2;3;0;0;;;;5;0;4;1;0;;;;5;10
"062033";"Fragneto l'Abate";50;2;3;0;0;;;;5;3;2;0;0;;;;5;10
"062033";"Fragneto l'Abate";51;1;7;0;0;;;;8;0;6;0;0;;;;6;14
"062033";"Fragneto l'Abate";52;1;0;0;0;;;;1;0;8;1;0;;;;9;10
"062033";"Fragneto l'Abate";53;0;10;0;0;;;;10;1;6;0;0;;;;7;17
"062033";"Fragneto l'Abate";54;2;4;0;0;;;;6;1;6;1;0;;;;8;14
"062033";"Fragneto l'Abate";55;1;9;0;0;;;;10;2;7;0;0;;;;9;19
"062033";"Fragneto l'Abate";56;4;11;0;0;;;;15;0;8;0;0;;;;8;23
"062033";"Fragneto l'Abate";57;0;5;0;0;;;;5;0;6;0;0;;;;6;11
"062033";"Fragneto l'Abate";58;2;5;0;0;;;;7;0;7;0;0;;;;7;14
"062033";"Fragneto l'Abate";59;1;2;0;1;;;;4;0;9;0;1;;;;10;14
"062033";"Fragneto l'Abate";60;2;11;1;0;;;;14;0;6;2;0;;;;8;22
"062033";"Fragneto l'Abate";61;1;8;0;1;;;;10;1;4;0;0;;;;5;15
"062033";"Fragneto l'Abate";62;0;1;0;0;;;;1;0;6;1;1;;;;8;9
"062033";"Fragneto l'Abate";63;0;3;0;0;;;;3;1;6;0;0;;;;7;10
"062033";"Fragneto l'Abate";64;0;6;1;0;;;;7;0;10;1;0;;;;11;18
"062033";"Fragneto l'Abate";65;0;5;0;0;;;;5;0;6;0;1;;;;7;12
"062033";"Fragneto l'Abate";66;0;7;0;1;;;;8;1;1;0;3;;;;5;13
"062033";"Fragneto l'Abate";67;1;10;0;0;;;;11;1;2;0;2;;;;5;16
"062033";"Fragneto l'Abate";68;1;4;0;0;;;;5;0;3;0;5;;;;8;13
"062033";"Fragneto l'Abate";69;1;1;0;0;;;;2;0;5;0;0;;;;5;7
"062033";"Fragneto l'Abate";70;3;5;0;0;;;;8;1;5;0;2;;;;8;16
"062033";"Fragneto l'Abate";71;2;7;0;0;;;;9;1;5;0;3;;;;9;18
"062033";"Fragneto l'Abate";72;0;3;0;0;;;;3;1;5;0;2;;;;8;11
"062033";"Fragneto l'Abate";73;1;6;0;0;;;;7;0;3;0;3;;;;6;13
"062033";"Fragneto l'Abate";74;0;2;0;1;;;;3;0;2;0;2;;;;4;7
"062033";"Fragneto l'Abate";75;0;4;0;2;;;;6;1;5;0;5;;;;11;17
"062033";"Fragneto l'Abate";76;1;5;0;0;;;;6;1;4;0;4;;;;9;15
"062033";"Fragneto l'Abate";77;1;3;0;1;;;;5;0;5;0;2;;;;7;12
"062033";"Fragneto l'Abate";78;0;5;0;1;;;;6;0;4;0;1;;;;5;11
"062033";"Fragneto l'Abate";79;0;2;0;0;;;;2;0;0;0;0;;;;0;2
"062033";"Fragneto l'Abate";80;0;2;0;0;;;;2;0;4;0;3;;;;7;9
"062033";"Fragneto l'Abate";81;0;2;0;0;;;;2;0;1;0;4;;;;5;7
"062033";"Fragneto l'Abate";82;0;3;0;0;;;;3;0;0;0;6;;;;6;9
"062033";"Fragneto l'Abate";83;0;5;1;1;;;;7;0;3;0;3;;;;6;13
"062033";"Fragneto l'Abate";84;0;3;0;0;;;;3;0;2;0;1;;;;3;6
"062033";"Fragneto l'Abate";85;0;4;0;0;;;;4;0;2;0;2;;;;4;8
"062033";"Fragneto l'Abate";86;0;2;0;0;;;;2;0;1;0;1;;;;2;4
"062033";"Fragneto l'Abate";87;0;3;0;1;;;;4;0;2;0;3;;;;5;9
"062033";"Fragneto l'Abate";88;0;3;0;1;;;;4;0;2;1;4;;;;7;11
"062033";"Fragneto l'Abate";89;0;1;0;1;;;;2;0;0;0;4;;;;4;6
"062033";"Fragneto l'Abate";90;0;2;0;0;;;;2;0;0;0;6;;;;6;8
"062033";"Fragneto l'Abate";91;0;0;0;0;;;;0;0;0;0;2;;;;2;2
"062033";"Fragneto l'Abate";92;0;1;0;1;;;;2;1;0;0;6;;;;7;9
"062033";"Fragneto l'Abate";93;0;0;0;1;;;;1;0;0;0;4;;;;4;5
"062033";"Fragneto l'Abate";94;0;0;0;0;;;;0;0;0;0;1;;;;1;1
"062033";"Fragneto l'Abate";95;0;0;0;1;;;;1;0;0;0;2;;;;2;3
"062033";"Fragneto l'Abate";96;0;0;0;0;;;;0;0;0;0;2;;;;2;2
"062033";"Fragneto l'Abate";97;0;0;0;0;;;;0;0;0;0;0;;;;0;0
"062033";"Fragneto l'Abate";98;0;0;0;0;;;;0;0;0;0;0;;;;0;0
"062033";"Fragneto l'Abate";99;0;0;0;0;;;;0;0;0;0;0;;;;0;0
"062033";"Fragneto l'Abate";100;0;0;0;0;;;;0;0;0;0;1;;;;1;1
"062033";"Fragneto l'Abate";999;191;226;3;15;;;;435;162;230;9;95;;;;496;931
"062034";"Fragneto Monforte";0;2;0;0;0;;;;2;7;0;0;0;;;;7;9
"062034";"Fragneto Monforte";1;5;0;0;0;;;;5;5;0;0;0;;;;5;10
"062034";"Fragneto Monforte";2;5;0;0;0;;;;5;9;0;0;0;;;;9;14
"062034";"Fragneto Monforte";3;3;0;0;0;;;;3;3;0;0;0;;;;3;6
"062034";"Fragneto Monforte";4;3;0;0;0;;;;3;7;0;0;0;;;;7;10
"062034";"Fragneto Monforte";5;3;0;0;0;;;;3;7;0;0;0;;;;7;10
"062034";"Fragneto Monforte";6;4;0;0;0;;;;4;5;0;0;0;;;;5;9
"062034";"Fragneto Monforte";7;8;0;0;0;;;;8;5;0;0;0;;;;5;13
"062034";"Fragneto Monforte";8;7;0;0;0;;;;7;3;0;0;0;;;;3;10
"062034";"Fragneto Monforte";9;9;0;0;0;;;;9;7;0;0;0;;;;7;16
"062034";"Fragneto Monforte";10;7;0;0;0;;;;7;6;0;0;0;;;;6;13
"062034";"Fragneto Monforte";11;4;0;0;0;;;;4;5;0;0;0;;;;5;9
"062034";"Fragneto Monforte";12;5;0;0;0;;;;5;5;0;0;0;;;;5;10
"062034";"Fragneto Monforte";13;9;0;0;0;;;;9;10;0;0;0;;;;10;19
"062034";"Fragneto Monforte";14;13;0;0;0;;;;13;7;0;0;0;;;;7;20
"062034";"Fragneto Monforte";15;6;0;0;0;;;;6;8;0;0;0;;;;8;14
"062034";"Fragneto Monforte";16;6;0;0;0;;;;6;4;0;0;0;;;;4;10
"062034";"Fragneto Monforte";17;11;0;0;0;;;;11;12;0;0;0;;;;12;23
"062034";"Fragneto Monforte";18;11;0;0;0;;;;11;8;0;0;0;;;;8;19
"062034";"Fragneto Monforte";19;5;0;0;0;;;;5;7;0;0;0;;;;7;12
"062034";"Fragneto Monforte";20;7;0;0;0;;;;7;10;0;0;0;;;;10;17
"062034";"Fragneto Monforte";21;9;0;0;0;;;;9;9;0;0;0;;;;9;18
"062034";"Fragneto Monforte";22;6;0;0;0;;;;6;11;0;0;0;;;;11;17
"062034";"Fragneto Monforte";23;7;0;0;0;;;;7;11;1;0;0;;;;12;19
"062034";"Fragneto Monforte";24;10;0;0;0;;;;10;11;0;0;0;;;;11;21
"062034";"Fragneto Monforte";25;8;0;0;0;;;;8;7;2;0;0;;;;9;17
"062034";"Fragneto Monforte";26;7;1;0;0;;;;8;6;0;0;0;;;;6;14
"062034";"Fragneto Monforte";27;2;0;0;0;;;;2;6;1;0;0;;;;7;9
"062034";"Fragneto Monforte";28;8;0;0;0;;;;8;10;1;0;0;;;;11;19
"062034";"Fragneto Monforte";29;5;0;0;0;;;;5;7;2;0;0;;;;9;14
"062034";"Fragneto Monforte";30;9;1;0;0;;;;10;6;2;0;0;;;;8;18
"062034";"Fragneto Monforte";31;8;2;0;0;;;;10;2;1;0;0;;;;3;13
"062034";"Fragneto Monforte";32;4;4;0;0;;;;8;7;5;0;0;;;;12;20
"062034";"Fragneto Monforte";33;7;3;0;0;;;;10;2;4;0;0;;;;6;16
"062034";"Fragneto Monforte";34;9;3;0;0;;;;12;3;2;0;0;;;;5;17
"062034";"Fragneto Monforte";35;8;1;0;0;;;;9;1;4;0;0;;;;5;14
"062034";"Fragneto Monforte";36;7;6;0;0;;;;13;4;5;0;0;;;;9;22
"062034";"Fragneto Monforte";37;11;4;0;0;;;;15;3;8;1;0;;;;12;27
"062034";"Fragneto Monforte";38;6;2;0;0;;;;8;2;5;0;0;;;;7;15
"062034";"Fragneto Monforte";39;2;7;0;0;;;;9;6;5;0;0;;;;11;20
"062034";"Fragneto Monforte";40;4;6;0;0;;;;10;0;4;0;0;;;;4;14
"062034";"Fragneto Monforte";41;2;5;0;0;;;;7;4;5;0;0;;;;9;16
"062034";"Fragneto Monforte";42;5;4;0;0;;;;9;1;10;0;0;;;;11;20
"062034";"Fragneto Monforte";43;6;4;0;0;;;;10;5;2;0;0;;;;7;17
"062034";"Fragneto Monforte";44;4;2;0;0;;;;6;1;7;0;0;;;;8;14
"062034";"Fragneto Monforte";45;6;7;1;0;;;;14;0;11;0;0;;;;11;25
"062034";"Fragneto Monforte";46;8;8;0;0;;;;16;2;15;1;0;;;;18;34
"062034";"Fragneto Monforte";47;5;5;0;0;;;;10;2;5;0;0;;;;7;17
"062034";"Fragneto Monforte";48;1;6;0;0;;;;7;1;9;1;1;;;;12;19
"062034";"Fragneto Monforte";49;2;6;0;0;;;;8;0;10;0;1;;;;11;19
"062034";"Fragneto Monforte";50;3;7;0;0;;;;10;0;13;1;0;;;;14;24
"062034";"Fragneto Monforte";51;2;11;0;0;;;;13;4;13;1;0;;;;18;31
"062034";"Fragneto Monforte";52;2;9;0;0;;;;11;0;12;0;0;;;;12;23
"062034";"Fragneto Monforte";53;1;8;1;0;;;;10;0;9;0;1;;;;10;20
"062034";"Fragneto Monforte";54;3;9;0;0;;;;12;2;7;0;1;;;;10;22
"062034";"Fragneto Monforte";55;1;8;2;1;;;;12;1;11;0;0;;;;12;24
"062034";"Fragneto Monforte";56;0;20;0;0;;;;20;1;12;0;0;;;;13;33
"062034";"Fragneto Monforte";57;1;13;1;0;;;;15;4;9;0;0;;;;13;28
"062034";"Fragneto Monforte";58;3;16;0;1;;;;20;2;11;0;1;;;;14;34
"062034";"Fragneto Monforte";59;1;13;0;0;;;;14;3;12;0;3;;;;18;32
"062034";"Fragneto Monforte";60;4;11;0;1;;;;16;1;18;0;0;;;;19;35
"062034";"Fragneto Monforte";61;4;11;0;0;;;;15;3;15;0;0;;;;18;33
"062034";"Fragneto Monforte";62;1;12;0;1;;;;14;1;12;0;1;;;;14;28
"062034";"Fragneto Monforte";63;3;10;0;0;;;;13;0;11;0;3;;;;14;27
"062034";"Fragneto Monforte";64;0;12;0;0;;;;12;1;11;0;2;;;;14;26
"062034";"Fragneto Monforte";65;0;11;1;2;;;;14;1;8;0;4;;;;13;27
"062034";"Fragneto Monforte";66;0;11;0;0;;;;11;2;8;0;4;;;;14;25
"062034";"Fragneto Monforte";67;1;10;0;0;;;;11;1;9;0;1;;;;11;22
"062034";"Fragneto Monforte";68;0;7;1;0;;;;8;2;7;0;3;;;;12;20
"062034";"Fragneto Monforte";69;3;10;0;0;;;;13;0;5;0;0;;;;5;18
"062034";"Fragneto Monforte";70;0;13;0;0;;;;13;0;8;0;4;;;;12;25
"062034";"Fragneto Monforte";71;1;10;0;0;;;;11;0;7;0;3;;;;10;21
"062034";"Fragneto Monforte";72;0;11;0;0;;;;11;0;12;0;4;;;;16;27
"062034";"Fragneto Monforte";73;0;6;1;0;;;;7;0;5;0;1;;;;6;13
"062034";"Fragneto Monforte";74;2;11;1;0;;;;14;0;9;0;4;;;;13;27
"062034";"Fragneto Monforte";75;0;8;0;0;;;;8;0;11;0;4;;;;15;23
"062034";"Fragneto Monforte";76;0;8;0;1;;;;9;0;7;0;4;;;;11;20
"062034";"Fragneto Monforte";77;0;7;0;1;;;;8;0;5;0;6;;;;11;19
"062034";"Fragneto Monforte";78;0;8;0;2;;;;10;1;1;0;3;;;;5;15
"062034";"Fragneto Monforte";79;0;7;0;0;;;;7;0;3;0;3;;;;6;13
"062034";"Fragneto Monforte";80;0;5;0;1;;;;6;0;0;0;1;;;;1;7
"062034";"Fragneto Monforte";81;0;2;0;0;;;;2;0;1;0;3;;;;4;6
"062034";"Fragneto Monforte";82;1;3;0;1;;;;5;0;1;1;5;;;;7;12
"062034";"Fragneto Monforte";83;0;2;0;0;;;;2;0;0;0;4;;;;4;6
"062034";"Fragneto Monforte";84;0;5;0;0;;;;5;2;0;0;4;;;;6;11
"062034";"Fragneto Monforte";85;0;2;0;0;;;;2;0;1;0;0;;;;1;3
"062034";"Fragneto Monforte";86;0;4;0;4;;;;8;0;4;0;5;;;;9;17
"062034";"Fragneto Monforte";87;1;3;0;2;;;;6;0;0;0;5;;;;5;11
"062034";"Fragneto Monforte";88;0;1;0;0;;;;1;1;0;0;5;;;;6;7
"062034";"Fragneto Monforte";89;0;1;0;0;;;;1;0;2;0;5;;;;7;8
"062034";"Fragneto Monforte";90;0;1;0;1;;;;2;0;0;0;7;;;;7;9
"062034";"Fragneto Monforte";91;0;1;0;0;;;;1;0;0;0;8;;;;8;9
"062034";"Fragneto Monforte";92;0;0;0;1;;;;1;0;0;0;1;;;;1;2
"062034";"Fragneto Monforte";93;0;0;0;0;;;;0;0;0;0;4;;;;4;4
"062034";"Fragneto Monforte";94;0;0;0;3;;;;3;0;1;0;3;;;;4;7
"062034";"Fragneto Monforte";95;0;0;0;0;;;;0;0;0;0;0;;;;0;0
"062034";"Fragneto Monforte";96;0;0;0;0;;;;0;0;0;0;0;;;;0;0
"062034";"Fragneto Monforte";97;0;0;0;0;;;;0;0;0;0;2;;;;2;2
"062034";"Fragneto Monforte";98;0;0;0;1;;;;1;0;0;0;0;;;;0;1
"062034";"Fragneto Monforte";99;0;0;0;0;;;;0;0;0;0;0;;;;0;0
"062034";"Fragneto Monforte";100;0;0;0;0;;;;0;0;0;0;1;;;;1;1
"062034";"Fragneto Monforte";999;347;425;9;24;;;;805;303;417;6;125;;;;851;1656
"062035";"Frasso Telesino";0;9;0;0;0;;;;9;3;0;0;0;;;;3;12
"062035";"Frasso Telesino";1;9;0;0;0;;;;9;6;0;0;0;;;;6;15
"062035";"Frasso Telesino";2;8;0;0;0;;;;8;7;0;0;0;;;;7;15
"062035";"Frasso Telesino";3;5;0;0;0;;;;5;6;0;0;0;;;;6;11
"062035";"Frasso Telesino";4;8;0;0;0;;;;8;6;0;0;0;;;;6;14
"062035";"Frasso Telesino";5;8;0;0;0;;;;8;5;0;0;0;;;;5;13
"062035";"Frasso Telesino";6;6;0;0;0;;;;6;4;0;0;0;;;;4;10
"062035";"Frasso Telesino";7;16;0;0;0;;;;16;12;0;0;0;;;;12;28
"062035";"Frasso Telesino";8;7;0;0;0;;;;7;5;0;0;0;;;;5;12
"062035";"Frasso Telesino";9;12;0;0;0;;;;12;5;0;0;0;;;;5;17
"062035";"Frasso Telesino";10;12;0;0;0;;;;12;10;0;0;0;;;;10;22
"062035";"Frasso Telesino";11;10;0;0;0;;;;10;7;0;0;0;;;;7;17
"062035";"Frasso Telesino";12;8;0;0;0;;;;8;5;0;0;0;;;;5;13
"062035";"Frasso Telesino";13;7;0;0;0;;;;7;5;0;0;0;;;;5;12
"062035";"Frasso Telesino";14;9;0;0;0;;;;9;7;0;0;0;;;;7;16
"062035";"Frasso Telesino";15;9;0;0;0;;;;9;7;0;0;0;;;;7;16
"062035";"Frasso Telesino";16;10;0;0;0;;;;10;7;0;0;0;;;;7;17
"062035";"Frasso Telesino";17;8;0;0;0;;;;8;10;0;0;0;;;;10;18
"062035";"Frasso Telesino";18;5;0;0;0;;;;5;7;0;0;0;;;;7;12
"062035";"Frasso Telesino";19;13;0;0;0;;;;13;9;0;0;0;;;;9;22
"062035";"Frasso Telesino";20;16;0;0;0;;;;16;6;0;0;0;;;;6;22
"062035";"Frasso Telesino";21;10;0;0;0;;;;10;10;0;0;0;;;;10;20
"062035";"Frasso Telesino";22;12;0;0;0;;;;12;8;0;0;0;;;;8;20
"062035";"Frasso Telesino";23;11;0;0;0;;;;11;7;0;0;0;;;;7;18
"062035";"Frasso Telesino";24;13;0;0;0;;;;13;6;0;0;0;;;;6;19
"062035";"Frasso Telesino";25;15;0;0;0;;;;15;12;0;0;0;;;;12;27
"062035";"Frasso Telesino";26;11;0;0;0;;;;11;6;0;0;0;;;;6;17
"062035";"Frasso Telesino";27;11;0;0;0;;;;11;13;0;0;0;;;;13;24
"062035";"Frasso Telesino";28;11;0;0;0;;;;11;13;1;0;0;;;;14;25
"062035";"Frasso Telesino";29;9;2;0;0;;;;11;6;1;0;0;;;;7;18
"062035";"Frasso Telesino";30;12;0;0;0;;;;12;9;6;0;0;;;;15;27
"062035";"Frasso Telesino";31;11;0;0;0;;;;11;3;1;0;0;;;;4;15
"062035";"Frasso Telesino";32;8;6;0;0;;;;14;7;1;0;0;;;;8;22
"062035";"Frasso Telesino";33;12;2;0;0;;;;14;5;2;0;0;;;;7;21
"062035";"Frasso Telesino";34;4;1;0;0;;;;5;6;4;0;0;;;;10;15
"062035";"Frasso Telesino";35;9;4;0;0;;;;13;9;8;0;0;;;;17;30
"062035";"Frasso Telesino";36;5;3;0;0;;;;8;4;5;0;0;;;;9;17
"062035";"Frasso Telesino";37;8;2;0;0;;;;10;3;9;0;0;;;;12;22
"062035";"Frasso Telesino";38;7;4;0;0;;;;11;3;5;0;0;;;;8;19
"062035";"Frasso Telesino";39;6;4;0;0;;;;10;4;8;0;0;;;;12;22
"062035";"Frasso Telesino";40;4;5;0;0;;;;9;2;8;1;0;;;;11;20
"062035";"Frasso Telesino";41;5;8;0;0;;;;13;1;13;0;1;;;;15;28
"062035";"Frasso Telesino";42;7;4;0;0;;;;11;4;6;0;0;;;;10;21
"062035";"Frasso Telesino";43;7;3;1;0;;;;11;3;10;0;0;;;;13;24
"062035";"Frasso Telesino";44;2;7;0;0;;;;9;2;10;0;0;;;;12;21
"062035";"Frasso Telesino";45;5;8;0;0;;;;13;4;9;0;0;;;;13;26
"062035";"Frasso Telesino";46;6;9;0;0;;;;15;3;11;0;0;;;;14;29
"062035";"Frasso Telesino";47;4;11;0;0;;;;15;1;6;0;0;;;;7;22
"062035";"Frasso Telesino";48;5;14;0;0;;;;19;5;13;2;2;;;;22;41
"062035";"Frasso Telesino";49;4;9;0;0;;;;13;2;7;2;1;;;;12;25
"062035";"Frasso Telesino";50;4;13;1;0;;;;18;1;8;0;0;;;;9;27
"062035";"Frasso Telesino";51;2;9;0;0;;;;11;1;4;1;1;;;;7;18
"062035";"Frasso Telesino";52;2;7;2;0;;;;11;6;14;1;0;;;;21;32
"062035";"Frasso Telesino";53;4;2;2;0;;;;8;1;18;0;2;;;;21;29
"062035";"Frasso Telesino";54;2;8;0;0;;;;10;3;10;1;1;;;;15;25
"062035";"Frasso Telesino";55;5;7;1;0;;;;13;0;10;0;2;;;;12;25
"062035";"Frasso Telesino";56;3;7;0;0;;;;10;2;14;2;3;;;;21;31
"062035";"Frasso Telesino";57;3;15;1;0;;;;19;4;14;0;0;;;;18;37
"062035";"Frasso Telesino";58;2;12;0;0;;;;14;2;10;1;0;;;;13;27
"062035";"Frasso Telesino";59;5;17;1;0;;;;23;6;6;1;0;;;;13;36
"062035";"Frasso Telesino";60;2;9;0;0;;;;11;2;18;1;1;;;;22;33
"062035";"Frasso Telesino";61;0;13;0;0;;;;13;3;15;1;3;;;;22;35
"062035";"Frasso Telesino";62;4;11;1;0;;;;16;1;6;1;1;;;;9;25
"062035";"Frasso Telesino";63;3;12;1;1;;;;17;1;12;0;3;;;;16;33
"062035";"Frasso Telesino";64;1;13;0;1;;;;15;0;12;1;0;;;;13;28
"062035";"Frasso Telesino";65;1;13;0;2;;;;16;5;9;0;3;;;;17;33
"062035";"Frasso Telesino";66;1;9;1;1;;;;12;2;12;0;4;;;;18;30
"062035";"Frasso Telesino";67;2;14;0;1;;;;17;0;7;1;5;;;;13;30
"062035";"Frasso Telesino";68;1;9;1;0;;;;11;1;4;0;0;;;;5;16
"062035";"Frasso Telesino";69;0;13;1;0;;;;14;0;11;1;2;;;;14;28
"062035";"Frasso Telesino";70;1;14;0;1;;;;16;3;8;0;4;;;;15;31
"062035";"Frasso Telesino";71;0;8;0;1;;;;9;0;14;0;7;;;;21;30
"062035";"Frasso Telesino";72;2;8;0;0;;;;10;1;14;2;6;;;;23;33
"062035";"Frasso Telesino";73;0;3;1;2;;;;6;0;8;1;4;;;;13;19
"062035";"Frasso Telesino";74;1;15;1;2;;;;19;0;8;0;4;;;;12;31
"062035";"Frasso Telesino";75;1;14;0;3;;;;18;0;5;0;3;;;;8;26
"062035";"Frasso Telesino";76;0;10;0;0;;;;10;0;7;0;3;;;;10;20
"062035";"Frasso Telesino";77;1;10;0;1;;;;12;0;4;0;2;;;;6;18
"062035";"Frasso Telesino";78;0;13;1;0;;;;14;0;6;0;10;;;;16;30
"062035";"Frasso Telesino";79;0;4;0;3;;;;7;0;4;0;6;;;;10;17
"062035";"Frasso Telesino";80;0;5;0;2;;;;7;0;3;0;6;;;;9;16
"062035";"Frasso Telesino";81;2;7;0;0;;;;9;0;2;0;4;;;;6;15
"062035";"Frasso Telesino";82;1;8;0;0;;;;9;0;5;0;7;;;;12;21
"062035";"Frasso Telesino";83;0;4;0;0;;;;4;1;4;0;4;;;;9;13
"062035";"Frasso Telesino";84;0;5;0;1;;;;6;1;5;0;3;;;;9;15
"062035";"Frasso Telesino";85;0;2;0;1;;;;3;1;2;0;12;;;;15;18
"062035";"Frasso Telesino";86;0;5;0;0;;;;5;0;1;0;2;;;;3;8
"062035";"Frasso Telesino";87;0;2;0;2;;;;4;0;1;0;5;;;;6;10
"062035";"Frasso Telesino";88;0;1;0;1;;;;2;0;3;0;3;;;;6;8
"062035";"Frasso Telesino";89;0;3;0;2;;;;5;1;0;0;7;;;;8;13
"062035";"Frasso Telesino";90;0;3;0;1;;;;4;0;1;0;2;;;;3;7
"062035";"Frasso Telesino";91;0;1;0;2;;;;3;0;0;0;5;;;;5;8
"062035";"Frasso Telesino";92;0;2;0;0;;;;2;0;0;0;3;;;;3;5
"062035";"Frasso Telesino";93;0;0;0;0;;;;0;0;1;0;1;;;;2;2
"062035";"Frasso Telesino";94;0;0;0;1;;;;1;0;0;0;1;;;;1;2
"062035";"Frasso Telesino";95;0;1;0;0;;;;1;0;1;0;0;;;;1;2
"062035";"Frasso Telesino";96;0;0;0;1;;;;1;0;0;0;3;;;;3;4
"062035";"Frasso Telesino";97;0;0;0;0;;;;0;0;0;0;1;;;;1;1
"062035";"Frasso Telesino";98;0;0;0;0;;;;0;0;0;0;0;;;;0;0
"062035";"Frasso Telesino";99;0;0;0;0;;;;0;0;0;0;0;;;;0;0
"062035";"Frasso Telesino";100;0;0;0;1;;;;1;0;0;0;0;;;;0;1
"062035";"Frasso Telesino";999;485;467;17;34;;;;1003;349;465;21;153;;;;988;1991
"062036";"Ginestra degli Schiavoni";0;1;0;0;0;;;;1;2;0;0;0;;;;2;3
"062036";"Ginestra degli Schiavoni";1;1;0;0;0;;;;1;0;0;0;0;;;;0;1
"062036";"Ginestra degli Schiavoni";2;0;0;0;0;;;;0;0;0;0;0;;;;0;0
"062036";"Ginestra degli Schiavoni";3;0;0;0;0;;;;0;1;0;0;0;;;;1;1
"062036";"Ginestra degli Schiavoni";4;1;0;0;0;;;;1;0;0;0;0;;;;0;1
"062036";"Ginestra degli Schiavoni";5;1;0;0;0;;;;1;2;0;0;0;;;;2;3
"062036";"Ginestra degli Schiavoni";6;1;0;0;0;;;;1;0;0;0;0;;;;0;1
"062036";"Ginestra degli Schiavoni";7;1;0;0;0;;;;1;2;0;0;0;;;;2;3
"062036";"Ginestra degli Schiavoni";8;0;0;0;0;;;;0;0;0;0;0;;;;0;0
"062036";"Ginestra degli Schiavoni";9;1;0;0;0;;;;1;0;0;0;0;;;;0;1
"062036";"Ginestra degli Schiavoni";10;2;0;0;0;;;;2;0;0;0;0;;;;0;2
"062036";"Ginestra degli Schiavoni";11;1;0;0;0;;;;1;2;0;0;0;;;;2;3
"062036";"Ginestra degli Schiavoni";12;0;0;0;0;;;;0;0;0;0;0;;;;0;0
"062036";"Ginestra degli Schiavoni";13;1;0;0;0;;;;1;0;0;0;0;;;;0;1
"062036";"Ginestra degli Schiavoni";14;1;0;0;0;;;;1;1;0;0;0;;;;1;2
"062036";"Ginestra degli Schiavoni";15;1;0;0;0;;;;1;3;0;0;0;;;;3;4
"062036";"Ginestra degli Schiavoni";16;1;0;0;0;;;;1;2;0;0;0;;;;2;3
"062036";"Ginestra degli Schiavoni";17;1;0;0;0;;;;1;2;0;0;0;;;;2;3
"062036";"Ginestra degli Schiavoni";18;1;0;0;0;;;;1;2;0;0;0;;;;2;3
"062036";"Ginestra degli Schiavoni";19;0;0;0;0;;;;0;2;0;0;0;;;;2;2
"062036";"Ginestra degli Schiavoni";20;3;0;0;0;;;;3;4;0;0;0;;;;4;7
"062036";"Ginestra degli Schiavoni";21;4;0;0;0;;;;4;0;0;0;0;;;;0;4
"062036";"Ginestra degli Schiavoni";22;1;0;0;0;;;;1;2;0;0;0;;;;2;3
"062036";"Ginestra degli Schiavoni";23;4;0;0;0;;;;4;3;0;0;0;;;;3;7
"062036";"Ginestra degli Schiavoni";24;2;0;0;0;;;;2;1;0;0;0;;;;1;3
"062036";"Ginestra degli Schiavoni";25;1;0;0;0;;;;1;0;0;0;0;;;;0;1
"062036";"Ginestra degli Schiavoni";26;3;0;0;0;;;;3;0;1;0;0;;;;1;4
"062036";"Ginestra degli Schiavoni";27;0;1;0;0;;;;1;2;0;0;0;;;;2;3
"062036";"Ginestra degli Schiavoni";28;3;0;0;0;;;;3;0;0;0;0;;;;0;3
"062036";"Ginestra degli Schiavoni";29;2;0;0;0;;;;2;0;1;0;0;;;;1;3
"062036";"Ginestra degli Schiavoni";30;2;0;0;0;;;;2;0;1;0;0;;;;1;3
"062036";"Ginestra degli Schiavoni";31;3;0;0;0;;;;3;0;0;0;0;;;;0;3
"062036";"Ginestra degli Schiavoni";32;2;0;0;0;;;;2;2;1;0;0;;;;3;5
"062036";"Ginestra degli Schiavoni";33;2;1;0;0;;;;3;5;0;0;0;;;;5;8
"062036";"Ginestra degli Schiavoni";34;0;0;0;0;;;;0;1;0;0;0;;;;1;1
"062036";"Ginestra degli Schiavoni";35;1;1;0;0;;;;2;2;1;1;0;;;;4;6
"062036";"Ginestra degli Schiavoni";36;0;1;0;0;;;;1;3;1;0;0;;;;4;5
"062036";"Ginestra degli Schiavoni";37;1;0;0;0;;;;1;2;1;0;0;;;;3;4
"062036";"Ginestra degli Schiavoni";38;0;1;0;0;;;;1;1;3;0;0;;;;4;5
"062036";"Ginestra degli Schiavoni";39;0;2;0;0;;;;2;0;0;0;0;;;;0;2
"062036";"Ginestra degli Schiavoni";40;1;0;0;0;;;;1;1;2;0;0;;;;3;4
"062036";"Ginestra degli Schiavoni";41;2;1;0;0;;;;3;0;0;0;0;;;;0;3
"062036";"Ginestra degli Schiavoni";42;0;1;0;0;;;;1;2;1;0;0;;;;3;4
"062036";"Ginestra degli Schiavoni";43;2;0;0;0;;;;2;1;0;0;0;;;;1;3
"062036";"Ginestra degli Schiavoni";44;2;0;1;0;;;;3;0;0;0;0;;;;0;3
"062036";"Ginestra degli Schiavoni";45;3;2;0;0;;;;5;0;0;0;0;;;;0;5
"062036";"Ginestra degli Schiavoni";46;2;0;0;0;;;;2;1;2;0;0;;;;3;5
"062036";"Ginestra degli Schiavoni";47;2;0;0;0;;;;2;1;4;0;0;;;;5;7
"062036";"Ginestra degli Schiavoni";48;0;4;0;0;;;;4;0;2;1;0;;;;3;7
"062036";"Ginestra degli Schiavoni";49;1;2;0;0;;;;3;2;1;0;0;;;;3;6
"062036";"Ginestra degli Schiavoni";50;0;1;0;0;;;;1;0;4;0;0;;;;4;5
"062036";"Ginestra degli Schiavoni";51;2;0;0;0;;;;2;0;2;0;0;;;;2;4
"062036";"Ginestra degli Schiavoni";52;1;2;0;0;;;;3;0;2;0;0;;;;2;5
"062036";"Ginestra degli Schiavoni";53;5;0;1;0;;;;6;0;3;0;1;;;;4;10
"062036";"Ginestra degli Schiavoni";54;1;1;0;1;;;;3;0;1;0;1;;;;2;5
"062036";"Ginestra degli Schiavoni";55;1;1;0;0;;;;2;1;2;0;0;;;;3;5
"062036";"Ginestra degli Schiavoni";56;1;2;0;0;;;;3;2;1;0;0;;;;3;6
"062036";"Ginestra degli Schiavoni";57;1;3;0;0;;;;4;0;4;1;0;;;;5;9
"062036";"Ginestra degli Schiavoni";58;1;4;0;0;;;;5;0;3;0;0;;;;3;8
"062036";"Ginestra degli Schiavoni";59;1;2;0;0;;;;3;0;3;0;1;;;;4;7
"062036";"Ginestra degli Schiavoni";60;0;1;2;0;;;;3;0;3;0;0;;;;3;6
"062036";"Ginestra degli Schiavoni";61;2;6;0;0;;;;8;1;2;0;0;;;;3;11
"062036";"Ginestra degli Schiavoni";62;0;4;0;1;;;;5;1;5;0;0;;;;6;11
"062036";"Ginestra degli Schiavoni";63;0;0;0;0;;;;0;0;1;0;0;;;;1;1
"062036";"Ginestra degli Schiavoni";64;1;2;0;0;;;;3;1;2;0;0;;;;3;6
"062036";"Ginestra degli Schiavoni";65;0;2;0;0;;;;2;0;1;0;1;;;;2;4
"062036";"Ginestra degli Schiavoni";66;0;1;0;0;;;;1;0;2;0;0;;;;2;3
"062036";"Ginestra degli Schiavoni";67;0;5;0;0;;;;5;0;3;0;0;;;;3;8
"062036";"Ginestra degli Schiavoni";68;0;1;0;0;;;;1;0;0;0;0;;;;0;1
"062036";"Ginestra degli Schiavoni";69;0;2;0;0;;;;2;0;3;0;0;;;;3;5
"062036";"Ginestra degli Schiavoni";70;1;1;0;1;;;;3;0;2;0;1;;;;3;6
"062036";"Ginestra degli Schiavoni";71;0;3;0;0;;;;3;0;4;0;0;;;;4;7
"062036";"Ginestra degli Schiavoni";72;1;1;0;0;;;;2;1;2;0;1;;;;4;6
"062036";"Ginestra degli Schiavoni";73;2;2;0;0;;;;4;1;2;0;0;;;;3;7
"062036";"Ginestra degli Schiavoni";74;0;4;0;0;;;;4;0;3;0;0;;;;3;7
"062036";"Ginestra degli Schiavoni";75;1;2;0;0;;;;3;0;3;0;0;;;;3;6
"062036";"Ginestra degli Schiavoni";76;0;3;0;1;;;;4;0;0;0;1;;;;1;5
"062036";"Ginestra degli Schiavoni";77;0;4;0;0;;;;4;0;3;0;2;;;;5;9
"062036";"Ginestra degli Schiavoni";78;0;0;0;1;;;;1;0;1;0;2;;;;3;4
"062036";"Ginestra degli Schiavoni";79;0;1;0;0;;;;1;0;1;0;0;;;;1;2
"062036";"Ginestra degli Schiavoni";80;0;1;0;0;;;;1;0;1;0;0;;;;1;2
"062036";"Ginestra degli Schiavoni";81;0;2;0;0;;;;2;0;1;0;0;;;;1;3
"062036";"Ginestra degli Schiavoni";82;0;1;0;0;;;;1;0;0;0;1;;;;1;2
"062036";"Ginestra degli Schiavoni";83;0;1;0;0;;;;1;0;1;0;0;;;;1;2
"062036";"Ginestra degli Schiavoni";84;0;1;0;1;;;;2;0;1;0;0;;;;1;3
"062036";"Ginestra degli Schiavoni";85;0;1;0;0;;;;1;0;0;0;1;;;;1;2
"062036";"Ginestra degli Schiavoni";86;0;1;0;0;;;;1;0;0;0;1;;;;1;2
"062036";"Ginestra degli Schiavoni";87;0;2;0;1;;;;3;1;0;0;3;;;;4;7
"062036";"Ginestra degli Schiavoni";88;0;0;0;1;;;;1;0;0;0;1;;;;1;2
"062036";"Ginestra degli Schiavoni";89;0;2;0;1;;;;3;0;0;0;2;;;;2;5
"062036";"Ginestra degli Schiavoni";90;0;0;0;0;;;;0;0;0;0;0;;;;0;0
"062036";"Ginestra degli Schiavoni";91;1;0;0;0;;;;1;0;1;0;3;;;;4;5
"062036";"Ginestra degli Schiavoni";92;0;0;0;1;;;;1;0;0;0;2;;;;2;3
"062036";"Ginestra degli Schiavoni";93;0;0;0;0;;;;0;0;0;0;1;;;;1;1
"062036";"Ginestra degli Schiavoni";94;0;0;0;0;;;;0;0;0;0;0;;;;0;0
"062036";"Ginestra degli Schiavoni";95;0;0;0;0;;;;0;0;0;0;0;;;;0;0
"062036";"Ginestra degli Schiavoni";96;0;0;0;0;;;;0;0;0;0;1;;;;1;1
"062036";"Ginestra degli Schiavoni";97;0;0;0;1;;;;1;0;0;0;0;;;;0;1
"062036";"Ginestra degli Schiavoni";98;0;0;0;0;;;;0;0;0;0;0;;;;0;0
"062036";"Ginestra degli Schiavoni";99;0;0;0;0;;;;0;0;0;0;0;;;;0;0
"062036";"Ginestra degli Schiavoni";100;0;0;0;0;;;;0;0;0;0;0;;;;0;0
"062036";"Ginestra degli Schiavoni";999;88;90;4;11;;;;193;66;95;3;27;;;;191;384
"062037";"Guardia Sanframondi";0;12;0;0;0;;;;12;7;0;0;0;;;;7;19
"062037";"Guardia Sanframondi";1;19;0;0;0;;;;19;10;0;0;0;;;;10;29
"062037";"Guardia Sanframondi";2;11;0;0;0;;;;11;9;0;0;0;;;;9;20
"062037";"Guardia Sanframondi";3;10;0;0;0;;;;10;12;0;0;0;;;;12;22
"062037";"Guardia Sanframondi";4;12;0;0;0;;;;12;8;0;0;0;;;;8;20
"062037";"Guardia Sanframondi";5;9;0;0;0;;;;9;16;0;0;0;;;;16;25
"062037";"Guardia Sanframondi";6;12;0;0;0;;;;12;20;0;0;0;;;;20;32
"062037";"Guardia Sanframondi";7;11;0;0;0;;;;11;11;0;0;0;;;;11;22
"062037";"Guardia Sanframondi";8;17;0;0;0;;;;17;21;0;0;0;;;;21;38
"062037";"Guardia Sanframondi";9;29;0;0;0;;;;29;11;0;0;0;;;;11;40
"062037";"Guardia Sanframondi";10;8;0;0;0;;;;8;16;0;0;0;;;;16;24
"062037";"Guardia Sanframondi";11;9;0;0;0;;;;9;24;0;0;0;;;;24;33
"062037";"Guardia Sanframondi";12;19;0;0;0;;;;19;11;0;0;0;;;;11;30
"062037";"Guardia Sanframondi";13;8;0;0;0;;;;8;13;0;0;0;;;;13;21
"062037";"Guardia Sanframondi";14;16;0;0;0;;;;16;14;0;0;0;;;;14;30
"062037";"Guardia Sanframondi";15;21;0;0;0;;;;21;19;0;0;0;;;;19;40
"062037";"Guardia Sanframondi";16;14;0;0;0;;;;14;22;0;0;0;;;;22;36
"062037";"Guardia Sanframondi";17;15;0;0;0;;;;15;15;0;0;0;;;;15;30
"062037";"Guardia Sanframondi";18;21;0;0;0;;;;21;16;0;0;0;;;;16;37
"062037";"Guardia Sanframondi";19;23;0;0;0;;;;23;19;0;0;0;;;;19;42
"062037";"Guardia Sanframondi";20;26;0;0;0;;;;26;24;0;0;0;;;;24;50
"062037";"Guardia Sanframondi";21;15;0;0;0;;;;15;15;0;0;0;;;;15;30
"062037";"Guardia Sanframondi";22;23;0;0;0;;;;23;19;0;0;0;;;;19;42
"062037";"Guardia Sanframondi";23;25;0;0;0;;;;25;20;0;0;0;;;;20;45
"062037";"Guardia Sanframondi";24;26;0;0;0;;;;26;25;0;0;0;;;;25;51
"062037";"Guardia Sanframondi";25;30;1;0;0;;;;31;21;1;0;0;;;;22;53
"062037";"Guardia Sanframondi";26;21;1;0;0;;;;22;34;2;0;0;;;;36;58
"062037";"Guardia Sanframondi";27;24;0;0;0;;;;24;28;0;0;0;;;;28;52
"062037";"Guardia Sanframondi";28;27;0;0;0;;;;27;21;0;0;0;;;;21;48
"062037";"Guardia Sanframondi";29;36;2;0;0;;;;38;15;2;0;0;;;;17;55
"062037";"Guardia Sanframondi";30;29;3;1;0;;;;33;25;7;0;0;;;;32;65
"062037";"Guardia Sanframondi";31;15;5;0;0;;;;20;17;3;0;0;;;;20;40
"062037";"Guardia Sanframondi";32;23;6;0;0;;;;29;14;15;0;0;;;;29;58
"062037";"Guardia Sanframondi";33;22;5;0;0;;;;27;11;10;0;0;;;;21;48
"062037";"Guardia Sanframondi";34;30;8;0;0;;;;38;8;13;0;0;;;;21;59
"062037";"Guardia Sanframondi";35;14;5;0;0;;;;19;9;14;0;0;;;;23;42
"062037";"Guardia Sanframondi";36;21;12;0;0;;;;33;8;11;0;0;;;;19;52
"062037";"Guardia Sanframondi";37;12;11;0;0;;;;23;7;22;1;0;;;;30;53
"062037";"Guardia Sanframondi";38;17;8;0;0;;;;25;5;13;1;0;;;;19;44
"062037";"Guardia Sanframondi";39;10;14;1;0;;;;25;7;15;0;0;;;;22;47
"062037";"Guardia Sanframondi";40;9;18;0;0;;;;27;3;16;0;0;;;;19;46
"062037";"Guardia Sanframondi";41;14;10;0;0;;;;24;3;13;0;1;;;;17;41
"062037";"Guardia Sanframondi";42;11;17;0;0;;;;28;5;16;0;0;;;;21;49
"062037";"Guardia Sanframondi";43;9;12;0;0;;;;21;7;17;0;0;;;;24;45
"062037";"Guardia Sanframondi";44;13;20;0;0;;;;33;3;15;3;0;;;;21;54
"062037";"Guardia Sanframondi";45;14;12;1;0;;;;27;5;20;2;0;;;;27;54
"062037";"Guardia Sanframondi";46;12;17;1;0;;;;30;1;16;0;0;;;;17;47
"062037";"Guardia Sanframondi";47;12;18;0;0;;;;30;3;26;1;1;;;;31;61
"062037";"Guardia Sanframondi";48;7;20;0;0;;;;27;2;24;1;0;;;;27;54
"062037";"Guardia Sanframondi";49;10;22;0;0;;;;32;6;22;1;1;;;;30;62
"062037";"Guardia Sanframondi";50;7;28;0;0;;;;35;3;21;2;0;;;;26;61
"062037";"Guardia Sanframondi";51;6;20;1;2;;;;29;6;20;1;0;;;;27;56
"062037";"Guardia Sanframondi";52;5;26;0;0;;;;31;4;34;3;2;;;;43;74
"062037";"Guardia Sanframondi";53;6;22;2;0;;;;30;8;20;0;1;;;;29;59
"062037";"Guardia Sanframondi";54;6;26;0;0;;;;32;3;24;1;1;;;;29;61
"062037";"Guardia Sanframondi";55;6;13;2;0;;;;21;4;29;1;2;;;;36;57
"062037";"Guardia Sanframondi";56;10;24;1;0;;;;35;3;36;0;2;;;;41;76
"062037";"Guardia Sanframondi";57;7;35;1;1;;;;44;1;43;4;3;;;;51;95
"062037";"Guardia Sanframondi";58;9;34;1;0;;;;44;7;32;2;0;;;;41;85
"062037";"Guardia Sanframondi";59;6;31;0;1;;;;38;6;37;1;3;;;;47;85
"062037";"Guardia Sanframondi";60;4;42;1;0;;;;47;3;40;2;5;;;;50;97
"062037";"Guardia Sanframondi";61;2;26;5;1;;;;34;2;33;0;6;;;;41;75
"062037";"Guardia Sanframondi";62;3;25;0;0;;;;28;2;23;1;3;;;;29;57
"062037";"Guardia Sanframondi";63;6;35;1;1;;;;43;5;31;0;2;;;;38;81
"062037";"Guardia Sanframondi";64;3;49;0;1;;;;53;2;33;1;8;;;;44;97
"062037";"Guardia Sanframondi";65;6;31;1;0;;;;38;1;33;0;7;;;;41;79
"062037";"Guardia Sanframondi";66;7;29;0;1;;;;37;1;27;1;4;;;;33;70
"062037";"Guardia Sanframondi";67;7;27;0;2;;;;36;4;33;0;3;;;;40;76
"062037";"Guardia Sanframondi";68;3;25;1;1;;;;30;1;22;0;3;;;;26;56
"062037";"Guardia Sanframondi";69;3;36;0;5;;;;44;1;17;1;8;;;;27;71
"062037";"Guardia Sanframondi";70;2;20;0;4;;;;26;3;26;1;7;;;;37;63
"062037";"Guardia Sanframondi";71;4;25;1;3;;;;33;0;18;0;9;;;;27;60
"062037";"Guardia Sanframondi";72;4;30;1;1;;;;36;1;22;1;8;;;;32;68
"062037";"Guardia Sanframondi";73;5;23;0;1;;;;29;1;19;0;7;;;;27;56
"062037";"Guardia Sanframondi";74;4;21;0;1;;;;26;2;21;1;8;;;;32;58
"062037";"Guardia Sanframondi";75;3;18;0;0;;;;21;0;17;0;8;;;;25;46
"062037";"Guardia Sanframondi";76;0;24;1;1;;;;26;0;21;0;11;;;;32;58
"062037";"Guardia Sanframondi";77;3;21;0;4;;;;28;4;15;0;16;;;;35;63
"062037";"Guardia Sanframondi";78;2;25;0;3;;;;30;2;8;0;8;;;;18;48
"062037";"Guardia Sanframondi";79;2;14;0;1;;;;17;1;4;0;4;;;;9;26
"062037";"Guardia Sanframondi";80;1;16;0;2;;;;19;1;6;0;8;;;;15;34
"062037";"Guardia Sanframondi";81;1;13;0;1;;;;15;0;7;0;9;;;;16;31
"062037";"Guardia Sanframondi";82;0;5;0;1;;;;6;1;3;0;16;;;;20;26
"062037";"Guardia Sanframondi";83;2;11;0;2;;;;15;3;4;0;11;;;;18;33
"062037";"Guardia Sanframondi";84;0;7;0;6;;;;13;0;5;0;15;;;;20;33
"062037";"Guardia Sanframondi";85;1;10;0;2;;;;13;0;5;0;12;;;;17;30
"062037";"Guardia Sanframondi";86;0;5;0;3;;;;8;0;3;1;14;;;;18;26
"062037";"Guardia Sanframondi";87;0;9;0;2;;;;11;1;3;0;18;;;;22;33
"062037";"Guardia Sanframondi";88;0;2;1;2;;;;5;0;2;0;13;;;;15;20
"062037";"Guardia Sanframondi";89;0;3;1;6;;;;10;1;2;0;14;;;;17;27
"062037";"Guardia Sanframondi";90;0;4;0;4;;;;8;0;3;0;8;;;;11;19
"062037";"Guardia Sanframondi";91;0;5;0;1;;;;6;1;1;0;9;;;;11;17
"062037";"Guardia Sanframondi";92;0;0;0;0;;;;0;0;2;0;3;;;;5;5
"062037";"Guardia Sanframondi";93;0;1;0;0;;;;1;0;1;0;14;;;;15;16
"062037";"Guardia Sanframondi";94;0;1;0;0;;;;1;0;0;0;4;;;;4;5
"062037";"Guardia Sanframondi";95;1;0;0;2;;;;3;0;0;0;5;;;;5;8
"062037";"Guardia Sanframondi";96;0;3;0;1;;;;4;0;0;0;3;;;;3;7
"062037";"Guardia Sanframondi";97;0;0;0;1;;;;1;0;0;0;4;;;;4;5
"062037";"Guardia Sanframondi";98;0;0;0;0;;;;0;0;0;0;1;;;;1;1
"062037";"Guardia Sanframondi";99;0;1;0;0;;;;1;0;0;0;2;;;;2;3
"062037";"Guardia Sanframondi";100;0;0;0;0;;;;0;0;0;0;1;;;;1;1
"062037";"Guardia Sanframondi";999;1000;1148;26;71;;;;2245;754;1119;35;336;;;;2244;4489
"062038";"Limatola";0;13;0;0;0;;;;13;17;0;0;0;;;;17;30
"062038";"Limatola";1;16;0;0;0;;;;16;13;0;0;0;;;;13;29
"062038";"Limatola";2;21;0;0;0;;;;21;19;0;0;0;;;;19;40
"062038";"Limatola";3;10;0;0;0;;;;10;15;0;0;0;;;;15;25
"062038";"Limatola";4;13;0;0;0;;;;13;17;0;0;0;;;;17;30
"062038";"Limatola";5;16;0;0;0;;;;16;18;0;0;0;;;;18;34
"062038";"Limatola";6;22;0;0;0;;;;22;20;0;0;0;;;;20;42
"062038";"Limatola";7;14;0;0;0;;;;14;25;0;0;0;;;;25;39
"062038";"Limatola";8;18;0;0;0;;;;18;17;0;0;0;;;;17;35
"062038";"Limatola";9;12;0;0;0;;;;12;18;0;0;0;;;;18;30
"062038";"Limatola";10;19;0;0;0;;;;19;11;0;0;0;;;;11;30
"062038";"Limatola";11;13;0;0;0;;;;13;15;0;0;0;;;;15;28
"062038";"Limatola";12;21;0;0;0;;;;21;19;0;0;0;;;;19;40
"062038";"Limatola";13;16;0;0;0;;;;16;22;0;0;0;;;;22;38
"062038";"Limatola";14;15;0;0;0;;;;15;22;0;0;0;;;;22;37
"062038";"Limatola";15;25;0;0;0;;;;25;18;0;0;0;;;;18;43
"062038";"Limatola";16;16;0;0;0;;;;16;26;0;0;0;;;;26;42
"062038";"Limatola";17;23;0;0;0;;;;23;18;0;0;0;;;;18;41
"062038";"Limatola";18;27;0;0;0;;;;27;21;0;0;0;;;;21;48
"062038";"Limatola";19;20;0;0;0;;;;20;34;0;0;0;;;;34;54
"062038";"Limatola";20;27;0;0;0;;;;27;19;0;0;0;;;;19;46
"062038";"Limatola";21;31;0;0;0;;;;31;26;0;0;0;;;;26;57
"062038";"Limatola";22;28;0;0;0;;;;28;20;1;0;0;;;;21;49
"062038";"Limatola";23;33;0;0;0;;;;33;23;0;0;0;;;;23;56
"062038";"Limatola";24;30;0;0;0;;;;30;16;1;0;0;;;;17;47
"062038";"Limatola";25;27;0;0;0;;;;27;20;3;0;0;;;;23;50
"062038";"Limatola";26;23;0;0;0;;;;23;13;1;0;0;;;;14;37
"062038";"Limatola";27;28;3;0;0;;;;31;17;4;0;0;;;;21;52
"062038";"Limatola";28;25;2;0;0;;;;27;18;2;2;0;;;;22;49
"062038";"Limatola";29;27;2;0;0;;;;29;17;9;0;0;;;;26;55
"062038";"Limatola";30;33;4;0;0;;;;37;13;6;0;0;;;;19;56
"062038";"Limatola";31;31;5;0;0;;;;36;20;8;0;0;;;;28;64
"062038";"Limatola";32;28;5;0;0;;;;33;15;9;0;0;;;;24;57
"062038";"Limatola";33;19;9;0;0;;;;28;15;9;0;0;;;;24;52
"062038";"Limatola";34;23;10;0;0;;;;33;10;18;0;0;;;;28;61
"062038";"Limatola";35;30;11;0;0;;;;41;13;12;0;0;;;;25;66
"062038";"Limatola";36;23;14;0;0;;;;37;14;22;0;0;;;;36;73
"062038";"Limatola";37;12;14;0;0;;;;26;7;17;1;0;;;;25;51
"062038";"Limatola";38;10;15;0;0;;;;25;5;16;1;0;;;;22;47
"062038";"Limatola";39;15;18;0;0;;;;33;3;15;0;0;;;;18;51
"062038";"Limatola";40;10;14;0;0;;;;24;5;22;1;1;;;;29;53
"062038";"Limatola";41;13;22;2;0;;;;37;3;20;0;0;;;;23;60
"062038";"Limatola";42;12;20;0;0;;;;32;4;11;0;1;;;;16;48
"062038";"Limatola";43;10;17;1;0;;;;28;5;23;1;0;;;;29;57
"062038";"Limatola";44;10;19;0;0;;;;29;4;20;2;0;;;;26;55
"062038";"Limatola";45;8;22;1;0;;;;31;4;27;2;2;;;;35;66
"062038";"Limatola";46;6;21;0;0;;;;27;4;25;1;0;;;;30;57
"062038";"Limatola";47;9;29;0;0;;;;38;4;21;2;1;;;;28;66
"062038";"Limatola";48;3;24;1;0;;;;28;5;23;3;0;;;;31;59
"062038";"Limatola";49;8;23;0;0;;;;31;3;22;2;0;;;;27;58
"062038";"Limatola";50;6;24;2;0;;;;32;2;28;0;0;;;;30;62
"062038";"Limatola";51;4;26;0;1;;;;31;4;29;3;1;;;;37;68
"062038";"Limatola";52;7;25;3;0;;;;35;6;31;1;0;;;;38;73
"062038";"Limatola";53;8;25;1;0;;;;34;2;30;3;1;;;;36;70
"062038";"Limatola";54;7;25;2;0;;;;34;4;27;2;1;;;;34;68
"062038";"Limatola";55;3;24;1;0;;;;28;1;15;1;2;;;;19;47
"062038";"Limatola";56;1;29;1;0;;;;31;2;21;1;5;;;;29;60
"062038";"Limatola";57;6;29;4;0;;;;39;2;27;0;1;;;;30;69
"062038";"Limatola";58;6;20;1;3;;;;30;1;24;2;4;;;;31;61
"062038";"Limatola";59;5;27;2;1;;;;35;3;28;0;2;;;;33;68
"062038";"Limatola";60;3;25;1;1;;;;30;3;22;0;2;;;;27;57
"062038";"Limatola";61;4;22;1;2;;;;29;1;23;0;3;;;;27;56
"062038";"Limatola";62;6;22;0;0;;;;28;3;20;1;1;;;;25;53
"062038";"Limatola";63;2;22;0;2;;;;26;2;18;1;5;;;;26;52
"062038";"Limatola";64;3;23;0;0;;;;26;2;22;1;2;;;;27;53
"062038";"Limatola";65;4;14;2;1;;;;21;1;18;0;8;;;;27;48
"062038";"Limatola";66;1;18;3;0;;;;22;1;16;0;5;;;;22;44
"062038";"Limatola";67;0;26;1;1;;;;28;0;21;0;4;;;;25;53
"062038";"Limatola";68;1;15;0;2;;;;18;0;20;1;3;;;;24;42
"062038";"Limatola";69;1;26;1;1;;;;29;0;18;0;2;;;;20;49
"062038";"Limatola";70;2;20;0;3;;;;25;0;29;0;3;;;;32;57
"062038";"Limatola";71;1;25;0;0;;;;26;0;14;0;13;;;;27;53
"062038";"Limatola";72;1;15;1;2;;;;19;1;10;2;4;;;;17;36
"062038";"Limatola";73;1;19;0;2;;;;22;1;16;0;7;;;;24;46
"062038";"Limatola";74;0;16;0;3;;;;19;4;19;0;10;;;;33;52
"062038";"Limatola";75;0;18;1;1;;;;20;0;11;1;8;;;;20;40
"062038";"Limatola";76;1;19;0;1;;;;21;2;11;1;8;;;;22;43
"062038";"Limatola";77;0;17;0;3;;;;20;0;9;0;5;;;;14;34
"062038";"Limatola";78;1;15;0;1;;;;17;0;16;1;4;;;;21;38
"062038";"Limatola";79;0;7;0;1;;;;8;2;4;0;11;;;;17;25
"062038";"Limatola";80;0;13;0;1;;;;14;0;7;0;11;;;;18;32
"062038";"Limatola";81;0;15;0;1;;;;16;0;2;0;4;;;;6;22
"062038";"Limatola";82;2;3;0;2;;;;7;0;4;0;6;;;;10;17
"062038";"Limatola";83;0;4;0;0;;;;4;0;2;0;5;;;;7;11
"062038";"Limatola";84;0;5;0;2;;;;7;1;2;0;9;;;;12;19
"062038";"Limatola";85;0;4;0;2;;;;6;0;3;0;10;;;;13;19
"062038";"Limatola";86;0;5;0;3;;;;8;1;4;0;8;;;;13;21
"062038";"Limatola";87;0;8;0;1;;;;9;0;5;0;6;;;;11;20
"062038";"Limatola";88;0;3;0;4;;;;7;1;1;0;6;;;;8;15
"062038";"Limatola";89;0;1;0;0;;;;1;0;2;0;4;;;;6;7
"062038";"Limatola";90;0;0;0;2;;;;2;1;0;0;8;;;;9;11
"062038";"Limatola";91;0;3;0;0;;;;3;2;0;0;4;;;;6;9
"062038";"Limatola";92;0;1;0;2;;;;3;1;0;0;1;;;;2;5
"062038";"Limatola";93;0;0;0;0;;;;0;0;0;0;8;;;;8;8
"062038";"Limatola";94;0;2;0;2;;;;4;0;0;0;4;;;;4;8
"062038";"Limatola";95;0;1;0;0;;;;1;0;0;0;2;;;;2;3
"062038";"Limatola";96;0;0;0;0;;;;0;0;0;0;2;;;;2;2
"062038";"Limatola";97;0;0;0;0;;;;0;1;0;0;1;;;;2;2
"062038";"Limatola";98;0;0;0;0;;;;0;0;0;0;3;;;;3;3
"062038";"Limatola";99;0;0;0;0;;;;0;0;0;0;1;;;;1;1
"062038";"Limatola";100;0;0;0;0;;;;0;0;0;0;0;;;;0;0
"062038";"Limatola";999;1029;1029;33;54;;;;2145;788;996;40;233;;;;2057;4202
"062039";"Melizzano";0;3;0;0;0;;;;3;2;0;0;0;;;;2;5
"062039";"Melizzano";1;1;0;0;0;;;;1;4;0;0;0;;;;4;5
"062039";"Melizzano";2;2;0;0;0;;;;2;8;0;0;0;;;;8;10
"062039";"Melizzano";3;5;0;0;0;;;;5;2;0;0;0;;;;2;7
"062039";"Melizzano";4;8;0;0;0;;;;8;5;0;0;0;;;;5;13
"062039";"Melizzano";5;8;0;0;0;;;;8;5;0;0;0;;;;5;13
"062039";"Melizzano";6;4;0;0;0;;;;4;5;0;0;0;;;;5;9
"062039";"Melizzano";7;13;0;0;0;;;;13;2;0;0;0;;;;2;15
"062039";"Melizzano";8;7;0;0;0;;;;7;4;0;0;0;;;;4;11
"062039";"Melizzano";9;4;0;0;0;;;;4;4;0;0;0;;;;4;8
"062039";"Melizzano";10;9;0;0;0;;;;9;4;0;0;0;;;;4;13
"062039";"Melizzano";11;10;0;0;0;;;;10;3;0;0;0;;;;3;13
"062039";"Melizzano";12;4;0;0;0;;;;4;6;0;0;0;;;;6;10
"062039";"Melizzano";13;7;0;0;0;;;;7;13;0;0;0;;;;13;20
"062039";"Melizzano";14;8;0;0;0;;;;8;5;0;0;0;;;;5;13
"062039";"Melizzano";15;2;0;0;0;;;;2;8;0;0;0;;;;8;10
"062039";"Melizzano";16;13;0;0;0;;;;13;3;0;0;0;;;;3;16
"062039";"Melizzano";17;5;0;0;0;;;;5;10;0;0;0;;;;10;15
"062039";"Melizzano";18;5;0;0;0;;;;5;10;0;0;0;;;;10;15
"062039";"Melizzano";19;10;0;0;0;;;;10;8;0;0;0;;;;8;18
"062039";"Melizzano";20;9;0;0;0;;;;9;5;0;0;0;;;;5;14
"062039";"Melizzano";21;8;0;0;0;;;;8;5;0;0;0;;;;5;13
"062039";"Melizzano";22;7;0;0;0;;;;7;8;0;0;0;;;;8;15
"062039";"Melizzano";23;5;0;0;0;;;;5;8;0;0;0;;;;8;13
"062039";"Melizzano";24;6;0;0;0;;;;6;12;0;0;0;;;;12;18
"062039";"Melizzano";25;12;0;0;0;;;;12;3;0;0;0;;;;3;15
"062039";"Melizzano";26;5;0;0;0;;;;5;6;0;0;0;;;;6;11
"062039";"Melizzano";27;12;0;0;0;;;;12;3;0;0;0;;;;3;15
"062039";"Melizzano";28;8;0;0;0;;;;8;7;0;0;0;;;;7;15
"062039";"Melizzano";29;11;0;0;0;;;;11;7;1;0;0;;;;8;19
"062039";"Melizzano";30;9;0;0;0;;;;9;3;0;0;0;;;;3;12
"062039";"Melizzano";31;8;1;0;0;;;;9;6;5;0;0;;;;11;20
"062039";"Melizzano";32;11;2;0;0;;;;13;5;1;0;0;;;;6;19
"062039";"Melizzano";33;6;2;0;0;;;;8;1;1;0;0;;;;2;10
"062039";"Melizzano";34;8;1;0;0;;;;9;7;3;0;0;;;;10;19
"062039";"Melizzano";35;5;2;1;0;;;;8;3;7;0;0;;;;10;18
"062039";"Melizzano";36;10;0;0;0;;;;10;8;1;0;0;;;;9;19
"062039";"Melizzano";37;2;1;1;0;;;;4;2;5;0;0;;;;7;11
"062039";"Melizzano";38;10;3;1;0;;;;14;3;2;1;0;;;;6;20
"062039";"Melizzano";39;6;5;1;0;;;;12;2;10;0;0;;;;12;24
"062039";"Melizzano";40;6;8;0;0;;;;14;9;4;0;0;;;;13;27
"062039";"Melizzano";41;4;6;0;0;;;;10;4;6;1;1;;;;12;22
"062039";"Melizzano";42;5;8;1;0;;;;14;1;2;0;0;;;;3;17
"062039";"Melizzano";43;7;8;0;0;;;;15;4;7;0;0;;;;11;26
"062039";"Melizzano";44;5;9;1;0;;;;15;0;10;0;0;;;;10;25
"062039";"Melizzano";45;4;5;0;0;;;;9;2;11;0;0;;;;13;22
"062039";"Melizzano";46;2;7;0;0;;;;9;9;13;1;0;;;;23;32
"062039";"Melizzano";47;2;9;1;0;;;;12;2;5;0;0;;;;7;19
"062039";"Melizzano";48;5;9;0;0;;;;14;2;10;2;1;;;;15;29
"062039";"Melizzano";49;1;12;1;0;;;;14;4;10;0;0;;;;14;28
"062039";"Melizzano";50;2;19;0;0;;;;21;3;9;0;0;;;;12;33
"062039";"Melizzano";51;4;5;0;1;;;;10;2;13;1;0;;;;16;26
"062039";"Melizzano";52;2;8;0;0;;;;10;1;8;0;0;;;;9;19
"062039";"Melizzano";53;0;5;1;0;;;;6;2;10;0;0;;;;12;18
"062039";"Melizzano";54;3;10;0;0;;;;13;1;11;2;0;;;;14;27
"062039";"Melizzano";55;2;10;1;0;;;;13;1;14;1;0;;;;16;29
"062039";"Melizzano";56;2;12;0;0;;;;14;2;7;0;0;;;;9;23
"062039";"Melizzano";57;1;11;1;0;;;;13;2;16;1;1;;;;20;33
"062039";"Melizzano";58;4;9;1;0;;;;14;1;11;0;2;;;;14;28
"062039";"Melizzano";59;3;12;2;0;;;;17;1;12;3;2;;;;18;35
"062039";"Melizzano";60;3;8;1;0;;;;12;0;15;0;1;;;;16;28
"062039";"Melizzano";61;2;14;1;0;;;;17;6;7;1;3;;;;17;34
"062039";"Melizzano";62;0;10;1;0;;;;11;1;13;0;2;;;;16;27
"062039";"Melizzano";63;2;15;0;2;;;;19;0;10;0;1;;;;11;30
"062039";"Melizzano";64;0;7;1;0;;;;8;3;16;0;1;;;;20;28
"062039";"Melizzano";65;2;8;1;1;;;;12;0;12;0;1;;;;13;25
"062039";"Melizzano";66;0;8;0;0;;;;8;0;6;1;4;;;;11;19
"062039";"Melizzano";67;2;10;0;0;;;;12;0;10;0;1;;;;11;23
"062039";"Melizzano";68;3;8;1;0;;;;12;0;7;0;3;;;;10;22
"062039";"Melizzano";69;0;12;1;1;;;;14;1;5;0;1;;;;7;21
"062039";"Melizzano";70;3;7;0;0;;;;10;1;8;1;5;;;;15;25
"062039";"Melizzano";71;1;7;1;0;;;;9;1;12;0;0;;;;13;22
"062039";"Melizzano";72;0;9;0;0;;;;9;0;6;0;2;;;;8;17
"062039";"Melizzano";73;2;8;0;1;;;;11;0;5;0;5;;;;10;21
"062039";"Melizzano";74;1;13;0;1;;;;15;1;3;0;5;;;;9;24
"062039";"Melizzano";75;0;9;0;0;;;;9;0;5;0;2;;;;7;16
"062039";"Melizzano";76;0;6;1;0;;;;7;1;5;0;2;;;;8;15
"062039";"Melizzano";77;0;4;0;1;;;;5;0;5;0;4;;;;9;14
"062039";"Melizzano";78;0;9;0;0;;;;9;1;8;1;5;;;;15;24
"062039";"Melizzano";79;0;5;0;0;;;;5;0;3;0;3;;;;6;11
"062039";"Melizzano";80;1;5;0;1;;;;7;0;1;1;6;;;;8;15
"062039";"Melizzano";81;0;7;0;2;;;;9;0;4;0;2;;;;6;15
"062039";"Melizzano";82;1;7;1;1;;;;10;0;3;0;1;;;;4;14
"062039";"Melizzano";83;0;5;0;2;;;;7;0;1;0;3;;;;4;11
"062039";"Melizzano";84;0;5;0;2;;;;7;0;1;0;2;;;;3;10
"062039";"Melizzano";85;0;1;0;0;;;;1;1;0;1;6;;;;8;9
"062039";"Melizzano";86;0;1;0;1;;;;2;0;4;0;7;;;;11;13
"062039";"Melizzano";87;0;1;0;2;;;;3;0;1;0;5;;;;6;9
"062039";"Melizzano";88;0;0;0;0;;;;0;1;1;0;4;;;;6;6
"062039";"Melizzano";89;0;3;0;1;;;;4;0;0;0;2;;;;2;6
"062039";"Melizzano";90;0;0;0;5;;;;5;0;1;0;3;;;;4;9
"062039";"Melizzano";91;0;0;0;0;;;;0;0;0;0;2;;;;2;2
"062039";"Melizzano";92;0;1;0;0;;;;1;0;0;0;6;;;;6;7
"062039";"Melizzano";93;0;2;0;0;;;;2;0;0;0;2;;;;2;4
"062039";"Melizzano";94;0;0;0;1;;;;1;0;0;0;0;;;;0;1
"062039";"Melizzano";95;0;0;0;0;;;;0;0;0;0;1;;;;1;1
"062039";"Melizzano";96;0;0;0;0;;;;0;0;0;0;1;;;;1;1
"062039";"Melizzano";97;0;0;0;0;;;;0;0;0;0;1;;;;1;1
"062039";"Melizzano";98;0;0;0;1;;;;1;0;0;0;0;;;;0;1
"062039";"Melizzano";99;0;0;0;0;;;;0;0;0;0;0;;;;0;0
"062039";"Melizzano";100;0;0;0;0;;;;0;0;0;0;0;;;;0;0
"062039";"Melizzano";999;373;414;24;27;;;;838;286;403;19;112;;;;820;1658
"062040";"Moiano";0;15;0;0;0;;;;15;14;0;0;0;;;;14;29
"062040";"Moiano";1;17;0;0;0;;;;17;14;0;0;0;;;;14;31
"062040";"Moiano";2;17;0;0;0;;;;17;16;0;0;0;;;;16;33
"062040";"Moiano";3;26;0;0;0;;;;26;12;0;0;0;;;;12;38
"062040";"Moiano";4;17;0;0;0;;;;17;19;0;0;0;;;;19;36
"062040";"Moiano";5;21;0;0;0;;;;21;16;0;0;0;;;;16;37
"062040";"Moiano";6;18;0;0;0;;;;18;17;0;0;0;;;;17;35
"062040";"Moiano";7;20;0;0;0;;;;20;18;0;0;0;;;;18;38
"062040";"Moiano";8;25;0;0;0;;;;25;21;0;0;0;;;;21;46
"062040";"Moiano";9;18;0;0;0;;;;18;13;0;0;0;;;;13;31
"062040";"Moiano";10;14;0;0;0;;;;14;18;0;0;0;;;;18;32
"062040";"Moiano";11;22;0;0;0;;;;22;18;0;0;0;;;;18;40
"062040";"Moiano";12;18;0;0;0;;;;18;18;0;0;0;;;;18;36
"062040";"Moiano";13;24;0;0;0;;;;24;21;0;0;0;;;;21;45
"062040";"Moiano";14;10;0;0;0;;;;10;21;0;0;0;;;;21;31
"062040";"Moiano";15;28;0;0;0;;;;28;17;0;0;0;;;;17;45
"062040";"Moiano";16;28;0;0;0;;;;28;22;0;0;0;;;;22;50
"062040";"Moiano";17;33;0;0;0;;;;33;19;0;0;0;;;;19;52
"062040";"Moiano";18;46;0;0;0;;;;46;17;0;0;0;;;;17;63
"062040";"Moiano";19;20;0;0;0;;;;20;22;0;0;0;;;;22;42
"062040";"Moiano";20;22;0;0;0;;;;22;34;0;0;0;;;;34;56
"062040";"Moiano";21;25;0;0;0;;;;25;19;0;0;0;;;;19;44
"062040";"Moiano";22;23;0;0;0;;;;23;20;0;0;0;;;;20;43
"062040";"Moiano";23;17;0;0;0;;;;17;21;0;0;0;;;;21;38
"062040";"Moiano";24;24;1;0;0;;;;25;13;0;0;0;;;;13;38
"062040";"Moiano";25;17;0;0;0;;;;17;18;1;0;0;;;;19;36
"062040";"Moiano";26;24;0;0;0;;;;24;18;2;0;0;;;;20;44
"062040";"Moiano";27;26;0;0;0;;;;26;12;4;0;0;;;;16;42
"062040";"Moiano";28;30;2;0;0;;;;32;14;2;0;0;;;;16;48
"062040";"Moiano";29;19;1;0;0;;;;20;14;4;0;0;;;;18;38
"062040";"Moiano";30;12;2;0;0;;;;14;11;4;0;0;;;;15;29
"062040";"Moiano";31;15;1;0;0;;;;16;22;8;0;0;;;;30;46
"062040";"Moiano";32;17;7;0;0;;;;24;13;12;0;0;;;;25;49
"062040";"Moiano";33;18;8;2;0;;;;28;11;18;0;0;;;;29;57
"062040";"Moiano";34;12;6;0;0;;;;18;13;16;0;0;;;;29;47
"062040";"Moiano";35;12;11;0;0;;;;23;6;15;0;0;;;;21;44
"062040";"Moiano";36;14;14;0;0;;;;28;10;15;1;0;;;;26;54
"062040";"Moiano";37;15;15;0;0;;;;30;3;16;1;0;;;;20;50
"062040";"Moiano";38;10;12;0;0;;;;22;10;14;1;0;;;;25;47
"062040";"Moiano";39;8;15;0;0;;;;23;5;15;0;0;;;;20;43
"062040";"Moiano";40;7;14;0;0;;;;21;9;14;1;0;;;;24;45
"062040";"Moiano";41;10;17;0;0;;;;27;6;21;1;1;;;;29;56
"062040";"Moiano";42;8;20;0;0;;;;28;2;21;0;0;;;;23;51
"062040";"Moiano";43;8;14;0;0;;;;22;7;23;1;1;;;;32;54
"062040";"Moiano";44;8;13;0;0;;;;21;5;18;0;0;;;;23;44
"062040";"Moiano";45;8;19;1;0;;;;28;8;24;2;0;;;;34;62
"062040";"Moiano";46;11;14;1;0;;;;26;6;22;0;0;;;;28;54
"062040";"Moiano";47;6;21;1;0;;;;28;3;20;0;0;;;;23;51
"062040";"Moiano";48;12;28;1;0;;;;41;5;25;1;0;;;;31;72
"062040";"Moiano";49;7;22;1;0;;;;30;1;29;1;1;;;;32;62
"062040";"Moiano";50;10;20;0;0;;;;30;3;25;2;0;;;;30;60
"062040";"Moiano";51;7;25;2;1;;;;35;1;24;1;2;;;;28;63
"062040";"Moiano";52;2;22;1;0;;;;25;7;24;0;5;;;;36;61
"062040";"Moiano";53;5;29;0;1;;;;35;4;27;0;1;;;;32;67
"062040";"Moiano";54;5;16;1;1;;;;23;4;15;2;1;;;;22;45
"062040";"Moiano";55;1;25;0;0;;;;26;3;26;0;0;;;;29;55
"062040";"Moiano";56;5;34;1;1;;;;41;5;30;1;1;;;;37;78
"062040";"Moiano";57;5;40;0;0;;;;45;3;30;0;3;;;;36;81
"062040";"Moiano";58;1;37;2;0;;;;40;4;24;0;2;;;;30;70
"062040";"Moiano";59;3;25;1;0;;;;29;4;21;1;1;;;;27;56
"062040";"Moiano";60;6;26;2;0;;;;34;4;25;1;3;;;;33;67
"062040";"Moiano";61;3;23;2;1;;;;29;3;20;0;3;;;;26;55
"062040";"Moiano";62;3;21;0;0;;;;24;4;28;0;0;;;;32;56
"062040";"Moiano";63;4;20;0;0;;;;24;2;18;0;3;;;;23;47
"062040";"Moiano";64;0;21;0;1;;;;22;1;19;1;2;;;;23;45
"062040";"Moiano";65;1;25;0;2;;;;28;3;16;1;3;;;;23;51
"062040";"Moiano";66;3;13;0;0;;;;16;1;16;0;5;;;;22;38
"062040";"Moiano";67;2;20;0;0;;;;22;2;15;0;2;;;;19;41
"062040";"Moiano";68;1;15;0;0;;;;16;3;23;0;6;;;;32;48
"062040";"Moiano";69;1;18;1;2;;;;22;2;12;0;7;;;;21;43
"062040";"Moiano";70;2;14;0;0;;;;16;3;14;1;2;;;;20;36
"062040";"Moiano";71;1;12;1;2;;;;16;2;9;0;4;;;;15;31
"062040";"Moiano";72;1;15;1;1;;;;18;2;16;0;6;;;;24;42
"062040";"Moiano";73;0;20;0;4;;;;24;1;15;0;9;;;;25;49
"062040";"Moiano";74;0;22;1;1;;;;24;2;6;1;12;;;;21;45
"062040";"Moiano";75;2;15;0;0;;;;17;2;12;0;7;;;;21;38
"062040";"Moiano";76;1;17;1;3;;;;22;2;18;0;4;;;;24;46
"062040";"Moiano";77;1;11;0;0;;;;12;1;8;0;6;;;;15;27
"062040";"Moiano";78;0;14;0;1;;;;15;0;8;0;6;;;;14;29
"062040";"Moiano";79;0;8;0;3;;;;11;1;5;0;5;;;;11;22
"062040";"Moiano";80;0;4;0;0;;;;4;0;3;0;10;;;;13;17
"062040";"Moiano";81;1;3;0;3;;;;7;2;8;0;9;;;;19;26
"062040";"Moiano";82;0;8;0;0;;;;8;2;8;1;6;;;;17;25
"062040";"Moiano";83;0;5;0;1;;;;6;0;2;0;11;;;;13;19
"062040";"Moiano";84;1;13;0;4;;;;18;2;2;0;8;;;;12;30
"062040";"Moiano";85;0;10;0;1;;;;11;2;5;1;13;;;;21;32
"062040";"Moiano";86;1;5;0;2;;;;8;1;4;0;6;;;;11;19
"062040";"Moiano";87;1;6;0;2;;;;9;0;1;1;8;;;;10;19
"062040";"Moiano";88;0;5;0;2;;;;7;1;4;0;6;;;;11;18
"062040";"Moiano";89;0;5;0;3;;;;8;0;1;0;8;;;;9;17
"062040";"Moiano";90;0;2;0;1;;;;3;1;2;0;5;;;;8;11
"062040";"Moiano";91;0;0;0;0;;;;0;2;2;0;10;;;;14;14
"062040";"Moiano";92;0;1;0;1;;;;2;1;0;0;3;;;;4;6
"062040";"Moiano";93;0;0;0;2;;;;2;0;0;0;3;;;;3;5
"062040";"Moiano";94;0;2;0;2;;;;4;0;0;0;3;;;;3;7
"062040";"Moiano";95;0;0;0;0;;;;0;0;0;0;1;;;;1;1
"062040";"Moiano";96;0;0;0;0;;;;0;2;0;0;1;;;;3;3
"062040";"Moiano";97;0;0;0;0;;;;0;0;0;0;0;;;;0;0
"062040";"Moiano";98;0;0;0;0;;;;0;0;0;0;1;;;;1;1
"062040";"Moiano";99;0;0;0;0;;;;0;0;0;0;1;;;;1;1
"062040";"Moiano";100;0;0;0;0;;;;0;0;0;0;1;;;;1;1
"062040";"Moiano";999;962;969;24;49;;;;2004;787;954;25;228;;;;1994;3998
"062041";"Molinara";0;0;0;0;0;;;;0;5;0;0;0;;;;5;5
"062041";"Molinara";1;5;0;0;0;;;;5;5;0;0;0;;;;5;10
"062041";"Molinara";2;4;0;0;0;;;;4;2;0;0;0;;;;2;6
"062041";"Molinara";3;6;0;0;0;;;;6;5;0;0;0;;;;5;11
"062041";"Molinara";4;6;0;0;0;;;;6;3;0;0;0;;;;3;9
"062041";"Molinara";5;5;0;0;0;;;;5;3;0;0;0;;;;3;8
"062041";"Molinara";6;3;0;0;0;;;;3;6;0;0;0;;;;6;9
"062041";"Molinara";7;4;0;0;0;;;;4;4;0;0;0;;;;4;8
"062041";"Molinara";8;7;0;0;0;;;;7;5;0;0;0;;;;5;12
"062041";"Molinara";9;4;0;0;0;;;;4;6;0;0;0;;;;6;10
"062041";"Molinara";10;3;0;0;0;;;;3;9;0;0;0;;;;9;12
"062041";"Molinara";11;6;0;0;0;;;;6;5;0;0;0;;;;5;11
"062041";"Molinara";12;8;0;0;0;;;;8;4;0;0;0;;;;4;12
"062041";"Molinara";13;10;0;0;0;;;;10;5;0;0;0;;;;5;15
"062041";"Molinara";14;7;0;0;0;;;;7;7;0;0;0;;;;7;14
"062041";"Molinara";15;5;0;0;0;;;;5;8;0;0;0;;;;8;13
"062041";"Molinara";16;4;0;0;0;;;;4;6;0;0;0;;;;6;10
"062041";"Molinara";17;6;0;0;0;;;;6;3;0;0;0;;;;3;9
"062041";"Molinara";18;8;0;0;0;;;;8;5;0;0;0;;;;5;13
"062041";"Molinara";19;4;0;0;0;;;;4;6;0;0;0;;;;6;10
"062041";"Molinara";20;4;0;0;0;;;;4;5;0;0;0;;;;5;9
"062041";"Molinara";21;3;0;0;0;;;;3;3;0;0;0;;;;3;6
"062041";"Molinara";22;7;0;0;0;;;;7;15;0;0;0;;;;15;22
"062041";"Molinara";23;3;1;0;0;;;;4;5;0;0;0;;;;5;9
"062041";"Molinara";24;4;0;0;0;;;;4;2;0;0;0;;;;2;6
"062041";"Molinara";25;6;0;0;0;;;;6;6;0;0;0;;;;6;12
"062041";"Molinara";26;8;0;0;0;;;;8;6;0;0;0;;;;6;14
"062041";"Molinara";27;7;1;0;0;;;;8;4;0;0;0;;;;4;12
"062041";"Molinara";28;9;0;0;0;;;;9;7;2;0;0;;;;9;18
"062041";"Molinara";29;4;0;0;0;;;;4;3;0;0;0;;;;3;7
"062041";"Molinara";30;14;0;0;0;;;;14;4;0;0;0;;;;4;18
"062041";"Molinara";31;7;0;0;0;;;;7;7;0;0;1;;;;8;15
"062041";"Molinara";32;10;0;0;0;;;;10;5;3;0;0;;;;8;18
"062041";"Molinara";33;3;4;0;0;;;;7;3;4;0;0;;;;7;14
"062041";"Molinara";34;9;2;0;0;;;;11;10;0;0;0;;;;10;21
"062041";"Molinara";35;3;2;0;0;;;;5;3;1;0;0;;;;4;9
"062041";"Molinara";36;7;1;0;0;;;;8;4;4;0;0;;;;8;16
"062041";"Molinara";37;4;0;1;0;;;;5;4;4;0;0;;;;8;13
"062041";"Molinara";38;4;2;0;0;;;;6;6;1;0;0;;;;7;13
"062041";"Molinara";39;6;4;0;0;;;;10;2;5;0;0;;;;7;17
"062041";"Molinara";40;8;4;0;0;;;;12;0;5;1;0;;;;6;18
"062041";"Molinara";41;3;2;0;0;;;;5;3;7;0;0;;;;10;15
"062041";"Molinara";42;0;4;0;0;;;;4;5;1;0;0;;;;6;10
"062041";"Molinara";43;3;5;0;0;;;;8;4;7;0;0;;;;11;19
"062041";"Molinara";44;7;4;0;0;;;;11;1;5;0;0;;;;6;17
"062041";"Molinara";45;2;2;0;0;;;;4;1;3;0;0;;;;4;8
"062041";"Molinara";46;6;2;0;0;;;;8;1;5;0;0;;;;6;14
"062041";"Molinara";47;3;5;1;1;;;;10;2;9;1;0;;;;12;22
"062041";"Molinara";48;2;4;0;0;;;;6;3;7;0;0;;;;10;16
"062041";"Molinara";49;0;5;0;0;;;;5;2;10;1;0;;;;13;18
"062041";"Molinara";50;5;14;0;0;;;;19;1;10;0;0;;;;11;30
"062041";"Molinara";51;5;5;0;0;;;;10;3;7;0;0;;;;10;20
"062041";"Molinara";52;3;4;1;0;;;;8;0;5;0;0;;;;5;13
"062041";"Molinara";53;2;8;0;0;;;;10;3;6;1;1;;;;11;21
"062041";"Molinara";54;1;10;0;0;;;;11;1;11;1;0;;;;13;24
"062041";"Molinara";55;3;7;0;0;;;;10;3;12;0;0;;;;15;25
"062041";"Molinara";56;0;6;1;0;;;;7;1;14;0;0;;;;15;22
"062041";"Molinara";57;1;6;1;0;;;;8;1;8;1;0;;;;10;18
"062041";"Molinara";58;1;8;1;0;;;;10;0;9;0;0;;;;9;19
"062041";"Molinara";59;3;5;1;0;;;;9;0;12;0;2;;;;14;23
"062041";"Molinara";60;4;6;0;0;;;;10;1;6;0;0;;;;7;17
"062041";"Molinara";61;2;9;0;0;;;;11;1;6;0;1;;;;8;19
"062041";"Molinara";62;2;5;0;1;;;;8;0;13;0;3;;;;16;24
"062041";"Molinara";63;0;8;1;1;;;;10;1;8;0;3;;;;12;22
"062041";"Molinara";64;0;12;0;0;;;;12;1;7;0;1;;;;9;21
"062041";"Molinara";65;2;7;0;1;;;;10;0;8;0;0;;;;8;18
"062041";"Molinara";66;0;11;0;1;;;;12;1;13;0;1;;;;15;27
"062041";"Molinara";67;2;7;0;0;;;;9;1;9;0;2;;;;12;21
"062041";"Molinara";68;0;7;0;2;;;;9;1;4;0;3;;;;8;17
"062041";"Molinara";69;2;4;1;1;;;;8;1;4;0;1;;;;6;14
"062041";"Molinara";70;1;10;0;0;;;;11;1;9;1;0;;;;11;22
"062041";"Molinara";71;0;10;0;0;;;;10;2;14;0;3;;;;19;29
"062041";"Molinara";72;1;7;0;1;;;;9;1;6;0;1;;;;8;17
"062041";"Molinara";73;0;9;0;0;;;;9;0;8;0;3;;;;11;20
"062041";"Molinara";74;2;9;1;2;;;;14;0;8;0;4;;;;12;26
"062041";"Molinara";75;1;7;0;1;;;;9;0;6;0;3;;;;9;18
"062041";"Molinara";76;0;6;0;1;;;;7;0;9;0;4;;;;13;20
"062041";"Molinara";77;2;14;0;1;;;;17;2;4;0;3;;;;9;26
"062041";"Molinara";78;1;7;0;1;;;;9;2;2;0;4;;;;8;17
"062041";"Molinara";79;1;4;0;0;;;;5;0;8;0;2;;;;10;15
"062041";"Molinara";80;0;3;0;1;;;;4;1;4;0;2;;;;7;11
"062041";"Molinara";81;0;6;0;2;;;;8;1;1;0;3;;;;5;13
"062041";"Molinara";82;0;4;0;2;;;;6;1;1;0;6;;;;8;14
"062041";"Molinara";83;0;8;0;1;;;;9;0;3;0;3;;;;6;15
"062041";"Molinara";84;0;3;0;1;;;;4;1;3;0;4;;;;8;12
"062041";"Molinara";85;1;4;0;0;;;;5;0;2;0;3;;;;5;10
"062041";"Molinara";86;0;2;0;0;;;;2;0;2;0;7;;;;9;11
"062041";"Molinara";87;1;2;0;2;;;;5;0;3;0;6;;;;9;14
"062041";"Molinara";88;0;2;0;1;;;;3;2;0;0;5;;;;7;10
"062041";"Molinara";89;1;3;0;2;;;;6;2;2;0;3;;;;7;13
"062041";"Molinara";90;0;4;0;2;;;;6;0;1;0;7;;;;8;14
"062041";"Molinara";91;0;1;0;0;;;;1;0;1;0;2;;;;3;4
"062041";"Molinara";92;0;0;0;1;;;;1;0;1;0;5;;;;6;7
"062041";"Molinara";93;0;1;0;0;;;;1;0;1;0;2;;;;3;4
"062041";"Molinara";94;0;0;0;0;;;;0;0;0;0;1;;;;1;1
"062041";"Molinara";95;0;0;0;2;;;;2;0;1;0;1;;;;2;4
"062041";"Molinara";96;0;0;0;1;;;;1;0;0;0;0;;;;0;1
"062041";"Molinara";97;0;0;0;0;;;;0;1;0;0;1;;;;2;2
"062041";"Molinara";98;0;0;0;0;;;;0;0;0;0;1;;;;1;1
"062041";"Molinara";99;0;0;0;0;;;;0;0;0;0;1;;;;1;1
"062041";"Molinara";100;0;1;0;1;;;;2;0;0;0;0;;;;0;2
"062041";"Molinara";999;311;330;10;34;;;;685;266;355;7;109;;;;737;1422
"062042";"Montefalcone di Val Fortore";0;4;0;0;0;;;;4;7;0;0;0;;;;7;11
"062042";"Montefalcone di Val Fortore";1;2;0;0;0;;;;2;5;0;0;0;;;;5;7
"062042";"Montefalcone di Val Fortore";2;2;0;0;0;;;;2;2;0;0;0;;;;2;4
"062042";"Montefalcone di Val Fortore";3;4;0;0;0;;;;4;4;0;0;0;;;;4;8
"062042";"Montefalcone di Val Fortore";4;5;0;0;0;;;;5;4;0;0;0;;;;4;9
"062042";"Montefalcone di Val Fortore";5;2;0;0;0;;;;2;4;0;0;0;;;;4;6
"062042";"Montefalcone di Val Fortore";6;5;0;0;0;;;;5;2;0;0;0;;;;2;7
"062042";"Montefalcone di Val Fortore";7;2;0;0;0;;;;2;6;0;0;0;;;;6;8
"062042";"Montefalcone di Val Fortore";8;0;0;0;0;;;;0;5;0;0;0;;;;5;5
"062042";"Montefalcone di Val Fortore";9;2;0;0;0;;;;2;3;0;0;0;;;;3;5
"062042";"Montefalcone di Val Fortore";10;3;0;0;0;;;;3;3;0;0;0;;;;3;6
"062042";"Montefalcone di Val Fortore";11;2;0;0;0;;;;2;2;0;0;0;;;;2;4
"062042";"Montefalcone di Val Fortore";12;7;0;0;0;;;;7;3;0;0;0;;;;3;10
"062042";"Montefalcone di Val Fortore";13;2;0;0;0;;;;2;12;0;0;0;;;;12;14
"062042";"Montefalcone di Val Fortore";14;1;0;0;0;;;;1;5;0;0;0;;;;5;6
"062042";"Montefalcone di Val Fortore";15;11;0;0;0;;;;11;3;0;0;0;;;;3;14
"062042";"Montefalcone di Val Fortore";16;3;0;0;0;;;;3;4;0;0;0;;;;4;7
"062042";"Montefalcone di Val Fortore";17;3;0;0;0;;;;3;2;0;0;0;;;;2;5
"062042";"Montefalcone di Val Fortore";18;4;0;0;0;;;;4;3;0;0;0;;;;3;7
"062042";"Montefalcone di Val Fortore";19;3;0;0;0;;;;3;7;0;0;0;;;;7;10
"062042";"Montefalcone di Val Fortore";20;8;0;0;0;;;;8;4;0;0;0;;;;4;12
"062042";"Montefalcone di Val Fortore";21;5;0;0;0;;;;5;3;0;0;0;;;;3;8
"062042";"Montefalcone di Val Fortore";22;6;0;0;0;;;;6;5;0;0;0;;;;5;11
"062042";"Montefalcone di Val Fortore";23;5;0;0;0;;;;5;8;0;0;0;;;;8;13
"062042";"Montefalcone di Val Fortore";24;4;0;0;0;;;;4;5;1;0;0;;;;6;10
"062042";"Montefalcone di Val Fortore";25;8;0;0;0;;;;8;7;0;0;0;;;;7;15
"062042";"Montefalcone di Val Fortore";26;6;0;0;0;;;;6;10;0;0;0;;;;10;16
"062042";"Montefalcone di Val Fortore";27;9;1;0;0;;;;10;2;0;0;0;;;;2;12
"062042";"Montefalcone di Val Fortore";28;6;0;0;0;;;;6;3;0;0;0;;;;3;9
"062042";"Montefalcone di Val Fortore";29;5;1;0;0;;;;6;6;0;0;0;;;;6;12
"062042";"Montefalcone di Val Fortore";30;3;0;0;0;;;;3;7;2;0;0;;;;9;12
"062042";"Montefalcone di Val Fortore";31;6;1;0;0;;;;7;3;3;0;0;;;;6;13
"062042";"Montefalcone di Val Fortore";32;5;1;0;0;;;;6;5;1;0;0;;;;6;12
"062042";"Montefalcone di Val Fortore";33;5;2;0;0;;;;7;7;1;0;0;;;;8;15
"062042";"Montefalcone di Val Fortore";34;4;0;0;0;;;;4;3;2;0;0;;;;5;9
"062042";"Montefalcone di Val Fortore";35;7;1;0;0;;;;8;4;3;0;0;;;;7;15
"062042";"Montefalcone di Val Fortore";36;7;3;0;0;;;;10;4;2;0;0;;;;6;16
"062042";"Montefalcone di Val Fortore";37;2;2;0;0;;;;4;6;4;0;0;;;;10;14
"062042";"Montefalcone di Val Fortore";38;4;1;0;0;;;;5;4;2;0;0;;;;6;11
"062042";"Montefalcone di Val Fortore";39;5;5;1;0;;;;11;4;5;0;0;;;;9;20
"062042";"Montefalcone di Val Fortore";40;4;3;0;0;;;;7;6;2;0;0;;;;8;15
"062042";"Montefalcone di Val Fortore";41;3;4;0;0;;;;7;6;5;0;0;;;;11;18
"062042";"Montefalcone di Val Fortore";42;1;4;0;0;;;;5;2;2;0;0;;;;4;9
"062042";"Montefalcone di Val Fortore";43;2;1;0;0;;;;3;3;2;0;0;;;;5;8
"062042";"Montefalcone di Val Fortore";44;1;5;0;0;;;;6;2;4;0;0;;;;6;12
"062042";"Montefalcone di Val Fortore";45;1;4;0;0;;;;5;5;5;0;0;;;;10;15
"062042";"Montefalcone di Val Fortore";46;4;6;0;0;;;;10;1;3;0;0;;;;4;14
"062042";"Montefalcone di Val Fortore";47;2;3;0;0;;;;5;5;3;0;0;;;;8;13
"062042";"Montefalcone di Val Fortore";48;5;4;0;0;;;;9;3;3;0;1;;;;7;16
"062042";"Montefalcone di Val Fortore";49;4;0;0;0;;;;4;4;5;0;0;;;;9;13
"062042";"Montefalcone di Val Fortore";50;4;3;0;0;;;;7;0;5;0;0;;;;5;12
"062042";"Montefalcone di Val Fortore";51;5;4;0;0;;;;9;1;7;0;0;;;;8;17
"062042";"Montefalcone di Val Fortore";52;3;4;0;0;;;;7;5;12;0;0;;;;17;24
"062042";"Montefalcone di Val Fortore";53;3;9;0;0;;;;12;2;16;0;0;;;;18;30
"062042";"Montefalcone di Val Fortore";54;4;9;0;0;;;;13;3;8;1;0;;;;12;25
"062042";"Montefalcone di Val Fortore";55;4;6;0;0;;;;10;2;8;1;0;;;;11;21
"062042";"Montefalcone di Val Fortore";56;6;8;1;0;;;;15;2;12;1;0;;;;15;30
"062042";"Montefalcone di Val Fortore";57;5;5;1;0;;;;11;3;13;0;1;;;;17;28
"062042";"Montefalcone di Val Fortore";58;1;9;0;0;;;;10;1;5;0;0;;;;6;16
"062042";"Montefalcone di Val Fortore";59;4;11;0;0;;;;15;1;12;0;0;;;;13;28
"062042";"Montefalcone di Val Fortore";60;5;6;1;0;;;;12;3;14;0;1;;;;18;30
"062042";"Montefalcone di Val Fortore";61;2;9;0;0;;;;11;0;5;0;1;;;;6;17
"062042";"Montefalcone di Val Fortore";62;1;8;0;1;;;;10;2;5;0;2;;;;9;19
"062042";"Montefalcone di Val Fortore";63;1;10;0;0;;;;11;1;9;0;1;;;;11;22
"062042";"Montefalcone di Val Fortore";64;1;9;0;0;;;;10;0;8;0;0;;;;8;18
"062042";"Montefalcone di Val Fortore";65;6;6;0;0;;;;12;2;7;0;0;;;;9;21
"062042";"Montefalcone di Val Fortore";66;2;5;0;0;;;;7;1;8;0;1;;;;10;17
"062042";"Montefalcone di Val Fortore";67;2;9;0;0;;;;11;0;5;0;2;;;;7;18
"062042";"Montefalcone di Val Fortore";68;3;11;0;0;;;;14;0;3;0;0;;;;3;17
"062042";"Montefalcone di Val Fortore";69;1;8;0;0;;;;9;0;6;0;0;;;;6;15
"062042";"Montefalcone di Val Fortore";70;1;8;0;1;;;;10;0;7;0;3;;;;10;20
"062042";"Montefalcone di Val Fortore";71;1;4;0;0;;;;5;0;3;0;1;;;;4;9
"062042";"Montefalcone di Val Fortore";72;1;5;0;0;;;;6;1;4;1;2;;;;8;14
"062042";"Montefalcone di Val Fortore";73;0;4;0;0;;;;4;3;2;0;1;;;;6;10
"062042";"Montefalcone di Val Fortore";74;2;5;0;1;;;;8;0;1;0;3;;;;4;12
"062042";"Montefalcone di Val Fortore";75;1;3;0;0;;;;4;2;5;1;2;;;;10;14
"062042";"Montefalcone di Val Fortore";76;2;6;1;0;;;;9;1;4;0;3;;;;8;17
"062042";"Montefalcone di Val Fortore";77;1;6;0;1;;;;8;1;3;0;5;;;;9;17
"062042";"Montefalcone di Val Fortore";78;1;6;0;1;;;;8;0;4;0;4;;;;8;16
"062042";"Montefalcone di Val Fortore";79;0;2;0;0;;;;2;0;3;0;4;;;;7;9
"062042";"Montefalcone di Val Fortore";80;1;4;1;0;;;;6;1;2;0;4;;;;7;13
"062042";"Montefalcone di Val Fortore";81;0;7;0;0;;;;7;1;2;0;6;;;;9;16
"062042";"Montefalcone di Val Fortore";82;0;3;0;0;;;;3;0;1;0;3;;;;4;7
"062042";"Montefalcone di Val Fortore";83;1;4;0;0;;;;5;1;0;0;6;;;;7;12
"062042";"Montefalcone di Val Fortore";84;1;2;0;1;;;;4;2;4;0;3;;;;9;13
"062042";"Montefalcone di Val Fortore";85;0;4;0;2;;;;6;2;1;0;7;;;;10;16
"062042";"Montefalcone di Val Fortore";86;0;2;0;1;;;;3;2;5;0;9;;;;16;19
"062042";"Montefalcone di Val Fortore";87;0;2;0;1;;;;3;0;1;0;6;;;;7;10
"062042";"Montefalcone di Val Fortore";88;0;2;0;0;;;;2;0;0;0;11;;;;11;13
"062042";"Montefalcone di Val Fortore";89;0;0;0;2;;;;2;0;2;0;3;;;;5;7
"062042";"Montefalcone di Val Fortore";90;0;2;0;1;;;;3;0;5;0;6;;;;11;14
"062042";"Montefalcone di Val Fortore";91;0;1;0;3;;;;4;1;0;0;7;;;;8;12
"062042";"Montefalcone di Val Fortore";92;0;4;0;2;;;;6;0;0;0;4;;;;4;10
"062042";"Montefalcone di Val Fortore";93;0;0;0;0;;;;0;0;0;0;4;;;;4;4
"062042";"Montefalcone di Val Fortore";94;0;0;0;1;;;;1;1;0;0;2;;;;3;4
"062042";"Montefalcone di Val Fortore";95;0;1;0;1;;;;2;0;0;0;2;;;;2;4
"062042";"Montefalcone di Val Fortore";96;0;0;0;0;;;;0;0;0;0;6;;;;6;6
"062042";"Montefalcone di Val Fortore";97;0;0;0;1;;;;1;1;0;0;1;;;;2;3
"062042";"Montefalcone di Val Fortore";98;0;0;0;0;;;;0;0;0;0;3;;;;3;3
"062042";"Montefalcone di Val Fortore";99;0;0;0;0;;;;0;0;0;0;1;;;;1;1
"062042";"Montefalcone di Val Fortore";100;0;0;0;0;;;;0;0;0;0;2;;;;2;2
"062042";"Montefalcone di Val Fortore";999;280;288;6;21;;;;595;272;287;5;134;;;;698;1293
"062043";"Montesarchio";0;40;0;0;0;;;;40;42;0;0;0;;;;42;82
"062043";"Montesarchio";1;60;0;0;0;;;;60;46;0;0;0;;;;46;106
"062043";"Montesarchio";2;52;0;0;0;;;;52;50;0;0;0;;;;50;102
"062043";"Montesarchio";3;54;0;0;0;;;;54;42;0;0;0;;;;42;96
"062043";"Montesarchio";4;60;0;0;0;;;;60;57;0;0;0;;;;57;117
"062043";"Montesarchio";5;60;0;0;0;;;;60;53;0;0;0;;;;53;113
"062043";"Montesarchio";6;39;0;0;0;;;;39;63;0;0;0;;;;63;102
"062043";"Montesarchio";7;45;0;0;0;;;;45;63;0;0;0;;;;63;108
"062043";"Montesarchio";8;55;0;0;0;;;;55;59;0;0;0;;;;59;114
"062043";"Montesarchio";9;54;0;0;0;;;;54;62;0;0;0;;;;62;116
"062043";"Montesarchio";10;45;0;0;0;;;;45;57;0;0;0;;;;57;102
"062043";"Montesarchio";11;71;0;0;0;;;;71;56;0;0;0;;;;56;127
"062043";"Montesarchio";12;65;0;0;0;;;;65;53;0;0;0;;;;53;118
"062043";"Montesarchio";13;56;0;0;0;;;;56;53;0;0;0;;;;53;109
"062043";"Montesarchio";14;72;0;0;0;;;;72;68;0;0;0;;;;68;140
"062043";"Montesarchio";15;82;0;0;0;;;;82;61;0;0;0;;;;61;143
"062043";"Montesarchio";16;56;0;0;0;;;;56;58;0;0;0;;;;58;114
"062043";"Montesarchio";17;83;0;0;0;;;;83;70;0;0;0;;;;70;153
"062043";"Montesarchio";18;86;0;0;0;;;;86;64;0;0;0;;;;64;150
"062043";"Montesarchio";19;74;0;0;0;;;;74;72;0;0;0;;;;72;146
"062043";"Montesarchio";20;78;0;0;0;;;;78;38;0;0;0;;;;38;116
"062043";"Montesarchio";21;86;0;0;0;;;;86;59;0;0;0;;;;59;145
"062043";"Montesarchio";22;81;0;0;0;;;;81;63;1;0;0;;;;64;145
"062043";"Montesarchio";23;87;0;0;0;;;;87;78;2;0;0;;;;80;167
"062043";"Montesarchio";24;87;1;0;0;;;;88;79;2;0;0;;;;81;169
"062043";"Montesarchio";25;89;1;0;0;;;;90;75;4;0;0;;;;79;169
"062043";"Montesarchio";26;88;2;0;0;;;;90;69;4;0;0;;;;73;163
"062043";"Montesarchio";27;90;0;0;0;;;;90;68;11;0;0;;;;79;169
"062043";"Montesarchio";28;74;7;0;0;;;;81;51;9;0;0;;;;60;141
"062043";"Montesarchio";29;86;5;0;0;;;;91;57;17;0;0;;;;74;165
"062043";"Montesarchio";30;74;15;0;0;;;;89;41;26;0;0;;;;67;156
"062043";"Montesarchio";31;67;16;0;0;;;;83;56;24;1;0;;;;81;164
"062043";"Montesarchio";32;79;19;1;0;;;;99;53;33;0;0;;;;86;185
"062043";"Montesarchio";33;74;16;0;0;;;;90;49;32;0;0;;;;81;171
"062043";"Montesarchio";34;73;31;0;0;;;;104;50;33;1;0;;;;84;188
"062043";"Montesarchio";35;71;28;0;0;;;;99;42;42;2;0;;;;86;185
"062043";"Montesarchio";36;63;40;1;0;;;;104;34;45;0;0;;;;79;183
"062043";"Montesarchio";37;47;31;0;0;;;;78;31;46;1;1;;;;79;157
"062043";"Montesarchio";38;40;26;1;0;;;;67;22;53;1;0;;;;76;143
"062043";"Montesarchio";39;47;45;0;0;;;;92;23;59;3;0;;;;85;177
"062043";"Montesarchio";40;42;51;0;0;;;;93;27;60;2;1;;;;90;183
"062043";"Montesarchio";41;32;44;1;0;;;;77;28;41;1;0;;;;70;147
"062043";"Montesarchio";42;47;48;0;0;;;;95;12;57;2;1;;;;72;167
"062043";"Montesarchio";43;18;43;0;0;;;;61;26;59;2;0;;;;87;148
"062043";"Montesarchio";44;36;53;3;1;;;;93;15;64;2;1;;;;82;175
"062043";"Montesarchio";45;26;48;3;0;;;;77;16;72;1;1;;;;90;167
"062043";"Montesarchio";46;30;57;3;0;;;;90;12;73;7;1;;;;93;183
"062043";"Montesarchio";47;28;48;3;0;;;;79;11;73;9;0;;;;93;172
"062043";"Montesarchio";48;19;80;4;0;;;;103;17;68;4;2;;;;91;194
"062043";"Montesarchio";49;20;66;2;1;;;;89;8;65;5;2;;;;80;169
"062043";"Montesarchio";50;23;53;4;0;;;;80;14;71;4;5;;;;94;174
"062043";"Montesarchio";51;15;71;1;0;;;;87;11;74;3;1;;;;89;176
"062043";"Montesarchio";52;24;56;1;0;;;;81;14;97;3;3;;;;117;198
"062043";"Montesarchio";53;26;69;4;1;;;;100;14;68;3;4;;;;89;189
"062043";"Montesarchio";54;18;77;3;1;;;;99;11;82;4;3;;;;100;199
"062043";"Montesarchio";55;16;87;4;0;;;;107;16;82;6;1;;;;105;212
"062043";"Montesarchio";56;11;73;3;0;;;;87;19;77;6;5;;;;107;194
"062043";"Montesarchio";57;14;80;1;1;;;;96;9;80;2;5;;;;96;192
"062043";"Montesarchio";58;13;88;3;1;;;;105;10;91;5;7;;;;113;218
"062043";"Montesarchio";59;8;86;3;4;;;;101;10;73;5;9;;;;97;198
"062043";"Montesarchio";60;8;88;3;2;;;;101;16;94;3;14;;;;127;228
"062043";"Montesarchio";61;9;83;5;3;;;;100;18;88;0;11;;;;117;217
"062043";"Montesarchio";62;13;75;3;0;;;;91;4;68;7;14;;;;93;184
"062043";"Montesarchio";63;3;87;5;0;;;;95;10;78;2;14;;;;104;199
"062043";"Montesarchio";64;7;80;4;2;;;;93;7;68;4;11;;;;90;183
"062043";"Montesarchio";65;11;79;0;7;;;;97;7;73;1;13;;;;94;191
"062043";"Montesarchio";66;11;52;1;4;;;;68;9;56;2;12;;;;79;147
"062043";"Montesarchio";67;7;68;1;3;;;;79;6;65;3;17;;;;91;170
"062043";"Montesarchio";68;5;66;1;6;;;;78;6;56;3;10;;;;75;153
"062043";"Montesarchio";69;6;60;2;3;;;;71;8;44;4;17;;;;73;144
"062043";"Montesarchio";70;5;48;5;2;;;;60;3;52;3;21;;;;79;139
"062043";"Montesarchio";71;2;55;2;2;;;;61;2;35;2;19;;;;58;119
"062043";"Montesarchio";72;0;54;1;7;;;;62;5;25;2;20;;;;52;114
"062043";"Montesarchio";73;4;45;1;5;;;;55;5;32;0;25;;;;62;117
"062043";"Montesarchio";74;1;46;1;8;;;;56;4;37;1;13;;;;55;111
"062043";"Montesarchio";75;2;49;1;2;;;;54;4;34;0;29;;;;67;121
"062043";"Montesarchio";76;1;40;2;5;;;;48;2;34;0;21;;;;57;105
"062043";"Montesarchio";77;0;46;0;5;;;;51;1;35;1;33;;;;70;121
"062043";"Montesarchio";78;1;42;2;3;;;;48;3;36;1;17;;;;57;105
"062043";"Montesarchio";79;2;27;1;3;;;;33;3;14;0;29;;;;46;79
"062043";"Montesarchio";80;0;20;1;5;;;;26;5;16;2;14;;;;37;63
"062043";"Montesarchio";81;1;24;0;5;;;;30;2;14;1;27;;;;44;74
"062043";"Montesarchio";82;1;33;0;5;;;;39;5;16;1;21;;;;43;82
"062043";"Montesarchio";83;1;17;0;5;;;;23;1;15;0;20;;;;36;59
"062043";"Montesarchio";84;0;24;0;6;;;;30;1;11;0;23;;;;35;65
"062043";"Montesarchio";85;0;15;1;9;;;;25;4;11;1;26;;;;42;67
"062043";"Montesarchio";86;0;11;0;1;;;;12;0;4;1;27;;;;32;44
"062043";"Montesarchio";87;1;17;0;7;;;;25;3;3;0;20;;;;26;51
"062043";"Montesarchio";88;0;5;0;6;;;;11;2;3;0;28;;;;33;44
"062043";"Montesarchio";89;0;4;0;1;;;;5;2;4;0;23;;;;29;34
"062043";"Montesarchio";90;0;6;0;4;;;;10;2;3;1;14;;;;20;30
"062043";"Montesarchio";91;0;3;0;1;;;;4;3;3;1;16;;;;23;27
"062043";"Montesarchio";92;0;2;0;4;;;;6;0;0;0;10;;;;10;16
"062043";"Montesarchio";93;0;4;0;3;;;;7;3;2;0;4;;;;9;16
"062043";"Montesarchio";94;0;2;0;2;;;;4;2;0;0;17;;;;19;23
"062043";"Montesarchio";95;0;0;0;0;;;;0;0;0;0;11;;;;11;11
"062043";"Montesarchio";96;0;0;0;0;;;;0;1;0;0;3;;;;4;4
"062043";"Montesarchio";97;0;0;0;0;;;;0;0;0;0;1;;;;1;1
"062043";"Montesarchio";98;0;0;0;1;;;;1;0;0;0;2;;;;2;3
"062043";"Montesarchio";99;0;0;0;0;;;;0;0;0;0;2;;;;2;2
"062043";"Montesarchio";100;0;0;0;1;;;;1;1;0;0;3;;;;4;5
"062043";"Montesarchio";999;3258;2938;92;148;;;;6436;2647;2999;132;725;;;;6503;12939
"062044";"Morcone";0;11;0;0;0;;;;11;16;0;0;0;;;;16;27
"062044";"Morcone";1;12;0;0;0;;;;12;11;0;0;0;;;;11;23
"062044";"Morcone";2;14;0;0;0;;;;14;19;0;0;0;;;;19;33
"062044";"Morcone";3;10;0;0;0;;;;10;8;0;0;0;;;;8;18
"062044";"Morcone";4;16;0;0;0;;;;16;14;0;0;0;;;;14;30
"062044";"Morcone";5;14;0;0;0;;;;14;12;0;0;0;;;;12;26
"062044";"Morcone";6;15;0;0;0;;;;15;11;0;0;0;;;;11;26
"062044";"Morcone";7;16;0;0;0;;;;16;21;0;0;0;;;;21;37
"062044";"Morcone";8;17;0;0;0;;;;17;10;0;0;0;;;;10;27
"062044";"Morcone";9;14;0;0;0;;;;14;20;0;0;0;;;;20;34
"062044";"Morcone";10;8;0;0;0;;;;8;19;0;0;0;;;;19;27
"062044";"Morcone";11;20;0;0;0;;;;20;14;0;0;0;;;;14;34
"062044";"Morcone";12;14;0;0;0;;;;14;15;0;0;0;;;;15;29
"062044";"Morcone";13;15;0;0;0;;;;15;20;0;0;0;;;;20;35
"062044";"Morcone";14;14;0;0;0;;;;14;25;0;0;0;;;;25;39
"062044";"Morcone";15;14;0;0;0;;;;14;17;0;0;0;;;;17;31
"062044";"Morcone";16;19;0;0;0;;;;19;20;0;0;0;;;;20;39
"062044";"Morcone";17;21;0;0;0;;;;21;20;0;0;0;;;;20;41
"062044";"Morcone";18;29;0;0;0;;;;29;15;0;0;0;;;;15;44
"062044";"Morcone";19;30;0;0;0;;;;30;21;0;0;0;;;;21;51
"062044";"Morcone";20;24;0;0;0;;;;24;17;0;0;0;;;;17;41
"062044";"Morcone";21;19;0;0;0;;;;19;21;0;0;0;;;;21;40
"062044";"Morcone";22;21;0;0;0;;;;21;23;1;0;0;;;;24;45
"062044";"Morcone";23;18;1;0;0;;;;19;17;0;0;0;;;;17;36
"062044";"Morcone";24;32;0;0;0;;;;32;17;2;0;0;;;;19;51
"062044";"Morcone";25;12;0;0;0;;;;12;17;0;0;0;;;;17;29
"062044";"Morcone";26;23;0;0;0;;;;23;27;2;0;0;;;;29;52
"062044";"Morcone";27;11;0;0;0;;;;11;12;1;0;0;;;;13;24
"062044";"Morcone";28;25;1;0;0;;;;26;18;1;0;0;;;;19;45
"062044";"Morcone";29;21;1;0;0;;;;22;18;4;0;0;;;;22;44
"062044";"Morcone";30;22;0;0;0;;;;22;15;2;0;0;;;;17;39
"062044";"Morcone";31;19;4;0;0;;;;23;17;7;0;0;;;;24;47
"062044";"Morcone";32;27;4;0;0;;;;31;9;11;0;0;;;;20;51
"062044";"Morcone";33;18;7;0;0;;;;25;23;10;0;0;;;;33;58
"062044";"Morcone";34;24;12;0;0;;;;36;10;14;0;0;;;;24;60
"062044";"Morcone";35;18;8;0;0;;;;26;16;12;0;0;;;;28;54
"062044";"Morcone";36;16;15;0;0;;;;31;4;15;0;0;;;;19;50
"062044";"Morcone";37;16;9;1;0;;;;26;3;14;0;0;;;;17;43
"062044";"Morcone";38;21;11;0;0;;;;32;7;15;0;0;;;;22;54
"062044";"Morcone";39;10;11;0;0;;;;21;4;13;0;0;;;;17;38
"062044";"Morcone";40;11;7;0;0;;;;18;5;20;2;0;;;;27;45
"062044";"Morcone";41;16;18;0;0;;;;34;7;13;1;1;;;;22;56
"062044";"Morcone";42;15;11;1;0;;;;27;11;21;0;1;;;;33;60
"062044";"Morcone";43;14;13;0;0;;;;27;7;24;0;2;;;;33;60
"062044";"Morcone";44;7;18;0;0;;;;25;5;21;2;1;;;;29;54
"062044";"Morcone";45;10;22;0;0;;;;32;5;14;0;1;;;;20;52
"062044";"Morcone";46;12;20;0;0;;;;32;6;19;0;0;;;;25;57
"062044";"Morcone";47;15;14;0;0;;;;29;4;23;1;0;;;;28;57
"062044";"Morcone";48;16;33;0;0;;;;49;5;15;1;0;;;;21;70
"062044";"Morcone";49;8;16;1;0;;;;25;4;28;1;0;;;;33;58
"062044";"Morcone";50;8;24;1;0;;;;33;8;27;2;0;;;;37;70
"062044";"Morcone";51;7;17;3;0;;;;27;7;35;1;0;;;;43;70
"062044";"Morcone";52;4;24;1;0;;;;29;4;28;1;1;;;;34;63
"062044";"Morcone";53;6;22;1;1;;;;30;4;20;3;0;;;;27;57
"062044";"Morcone";54;16;25;0;0;;;;41;1;29;1;1;;;;32;73
"062044";"Morcone";55;3;22;0;0;;;;25;6;22;1;1;;;;30;55
"062044";"Morcone";56;4;28;0;0;;;;32;2;30;0;2;;;;34;66
"062044";"Morcone";57;8;25;2;0;;;;35;3;35;1;3;;;;42;77
"062044";"Morcone";58;5;30;1;0;;;;36;3;31;0;3;;;;37;73
"062044";"Morcone";59;8;31;0;0;;;;39;3;24;1;4;;;;32;71
"062044";"Morcone";60;3;27;2;0;;;;32;1;24;0;5;;;;30;62
"062044";"Morcone";61;6;24;1;0;;;;31;2;34;1;1;;;;38;69
"062044";"Morcone";62;2;24;4;1;;;;31;1;32;1;4;;;;38;69
"062044";"Morcone";63;3;18;2;2;;;;25;0;26;1;4;;;;31;56
"062044";"Morcone";64;5;23;0;2;;;;30;1;28;1;0;;;;30;60
"062044";"Morcone";65;1;28;0;0;;;;29;2;20;0;6;;;;28;57
"062044";"Morcone";66;3;24;2;0;;;;29;1;21;1;3;;;;26;55
"062044";"Morcone";67;7;31;0;0;;;;38;1;22;0;8;;;;31;69
"062044";"Morcone";68;3;26;2;0;;;;31;2;26;0;5;;;;33;64
"062044";"Morcone";69;1;26;0;0;;;;27;1;24;1;3;;;;29;56
"062044";"Morcone";70;2;23;3;1;;;;29;0;30;0;6;;;;36;65
"062044";"Morcone";71;1;19;1;1;;;;22;1;24;1;8;;;;34;56
"062044";"Morcone";72;1;30;0;3;;;;34;3;21;0;14;;;;38;72
"062044";"Morcone";73;1;21;0;0;;;;22;5;10;0;13;;;;28;50
"062044";"Morcone";74;1;18;0;3;;;;22;2;28;0;19;;;;49;71
"062044";"Morcone";75;2;32;0;1;;;;35;0;10;0;11;;;;21;56
"062044";"Morcone";76;0;27;0;3;;;;30;0;14;2;11;;;;27;57
"062044";"Morcone";77;6;21;0;0;;;;27;0;15;0;22;;;;37;64
"062044";"Morcone";78;3;18;1;1;;;;23;2;19;1;14;;;;36;59
"062044";"Morcone";79;0;22;0;1;;;;23;1;9;0;6;;;;16;39
"062044";"Morcone";80;1;11;0;2;;;;14;2;7;0;9;;;;18;32
"062044";"Morcone";81;3;13;0;2;;;;18;1;7;0;16;;;;24;42
"062044";"Morcone";82;0;7;0;2;;;;9;3;7;0;7;;;;17;26
"062044";"Morcone";83;1;13;1;3;;;;18;2;9;1;18;;;;30;48
"062044";"Morcone";84;1;13;0;6;;;;20;1;5;0;16;;;;22;42
"062044";"Morcone";85;0;12;1;2;;;;15;1;9;0;16;;;;26;41
"062044";"Morcone";86;0;16;0;4;;;;20;1;8;0;7;;;;16;36
"062044";"Morcone";87;1;7;0;1;;;;9;0;3;0;22;;;;25;34
"062044";"Morcone";88;0;8;0;1;;;;9;1;2;0;13;;;;16;25
"062044";"Morcone";89;0;7;0;1;;;;8;1;0;0;16;;;;17;25
"062044";"Morcone";90;0;8;0;3;;;;11;2;2;0;10;;;;14;25
"062044";"Morcone";91;0;6;0;4;;;;10;0;2;0;8;;;;10;20
"062044";"Morcone";92;0;2;0;0;;;;2;1;1;0;9;;;;11;13
"062044";"Morcone";93;1;1;0;1;;;;3;1;1;1;5;;;;8;11
"062044";"Morcone";94;1;1;0;4;;;;6;1;0;0;8;;;;9;15
"062044";"Morcone";95;0;4;0;1;;;;5;1;1;0;5;;;;7;12
"062044";"Morcone";96;0;2;0;1;;;;3;0;1;0;5;;;;6;9
"062044";"Morcone";97;0;0;0;0;;;;0;1;0;0;5;;;;6;6
"062044";"Morcone";98;0;1;0;0;;;;1;0;0;0;0;;;;0;1
"062044";"Morcone";99;0;0;0;0;;;;0;0;0;0;0;;;;0;0
"062044";"Morcone";100;0;1;0;0;;;;1;1;0;0;2;;;;3;4
"062044";"Morcone";999;973;1119;32;58;;;;2182;770;1105;31;381;;;;2287;4469
"062045";"Paduli";0;10;0;0;0;;;;10;8;0;0;0;;;;8;18
"062045";"Paduli";1;14;0;0;0;;;;14;21;0;0;0;;;;21;35
"062045";"Paduli";2;7;0;0;0;;;;7;4;0;0;0;;;;4;11
"062045";"Paduli";3;15;0;0;0;;;;15;11;0;0;0;;;;11;26
"062045";"Paduli";4;7;0;0;0;;;;7;10;0;0;0;;;;10;17
"062045";"Paduli";5;13;0;0;0;;;;13;11;0;0;0;;;;11;24
"062045";"Paduli";6;18;0;0;0;;;;18;23;0;0;0;;;;23;41
"062045";"Paduli";7;13;0;0;0;;;;13;16;0;0;0;;;;16;29
"062045";"Paduli";8;11;0;0;0;;;;11;13;0;0;0;;;;13;24
"062045";"Paduli";9;11;0;0;0;;;;11;15;0;0;0;;;;15;26
"062045";"Paduli";10;22;0;0;0;;;;22;13;0;0;0;;;;13;35
"062045";"Paduli";11;23;0;0;0;;;;23;14;0;0;0;;;;14;37
"062045";"Paduli";12;11;0;0;0;;;;11;10;0;0;0;;;;10;21
"062045";"Paduli";13;19;0;0;0;;;;19;13;0;0;0;;;;13;32
"062045";"Paduli";14;14;0;0;0;;;;14;13;0;0;0;;;;13;27
"062045";"Paduli";15;22;0;0;0;;;;22;19;0;0;0;;;;19;41
"062045";"Paduli";16;17;0;0;0;;;;17;10;0;0;0;;;;10;27
"062045";"Paduli";17;16;0;0;0;;;;16;13;0;0;0;;;;13;29
"062045";"Paduli";18;13;0;0;0;;;;13;20;0;0;0;;;;20;33
"062045";"Paduli";19;10;0;0;0;;;;10;10;0;0;0;;;;10;20
"062045";"Paduli";20;18;0;0;0;;;;18;13;0;0;0;;;;13;31
"062045";"Paduli";21;14;0;0;0;;;;14;12;0;0;0;;;;12;26
"062045";"Paduli";22;19;0;0;0;;;;19;19;1;0;0;;;;20;39
"062045";"Paduli";23;17;0;0;0;;;;17;18;0;0;0;;;;18;35
"062045";"Paduli";24;18;0;0;0;;;;18;13;0;0;0;;;;13;31
"062045";"Paduli";25;15;0;0;0;;;;15;19;0;0;0;;;;19;34
"062045";"Paduli";26;21;0;0;0;;;;21;18;0;0;0;;;;18;39
"062045";"Paduli";27;27;0;0;0;;;;27;19;0;0;0;;;;19;46
"062045";"Paduli";28;15;0;0;0;;;;15;16;1;0;0;;;;17;32
"062045";"Paduli";29;21;1;0;0;;;;22;11;1;0;0;;;;12;34
"062045";"Paduli";30;13;1;0;0;;;;14;15;4;0;0;;;;19;33
"062045";"Paduli";31;18;1;0;0;;;;19;13;4;0;0;;;;17;36
"062045";"Paduli";32;14;2;0;0;;;;16;7;7;0;0;;;;14;30
"062045";"Paduli";33;19;5;0;0;;;;24;8;9;0;1;;;;18;42
"062045";"Paduli";34;14;7;0;0;;;;21;9;15;0;0;;;;24;45
"062045";"Paduli";35;16;10;1;0;;;;27;9;5;0;0;;;;14;41
"062045";"Paduli";36;13;6;0;0;;;;19;5;16;0;0;;;;21;40
"062045";"Paduli";37;7;5;0;0;;;;12;6;13;1;1;;;;21;33
"062045";"Paduli";38;9;12;0;0;;;;21;4;12;2;0;;;;18;39
"062045";"Paduli";39;17;7;0;0;;;;24;6;11;1;0;;;;18;42
"062045";"Paduli";40;13;19;0;0;;;;32;3;16;1;1;;;;21;53
"062045";"Paduli";41;10;10;1;0;;;;21;4;22;2;1;;;;29;50
"062045";"Paduli";42;10;9;2;1;;;;22;10;8;2;0;;;;20;42
"062045";"Paduli";43;10;17;0;0;;;;27;6;16;2;0;;;;24;51
"062045";"Paduli";44;7;13;1;0;;;;21;8;15;2;0;;;;25;46
"062045";"Paduli";45;9;21;0;0;;;;30;3;23;3;0;;;;29;59
"062045";"Paduli";46;9;13;0;1;;;;23;10;17;1;0;;;;28;51
"062045";"Paduli";47;5;15;1;0;;;;21;6;13;0;0;;;;19;40
"062045";"Paduli";48;4;12;5;0;;;;21;3;15;1;0;;;;19;40
"062045";"Paduli";49;11;20;0;0;;;;31;6;19;0;0;;;;25;56
"062045";"Paduli";50;6;15;3;1;;;;25;5;19;0;0;;;;24;49
"062045";"Paduli";51;8;14;2;0;;;;24;4;16;0;0;;;;20;44
"062045";"Paduli";52;4;25;1;0;;;;30;3;23;1;0;;;;27;57
"062045";"Paduli";53;4;14;2;1;;;;21;0;17;0;1;;;;18;39
"062045";"Paduli";54;3;12;3;2;;;;20;4;23;3;1;;;;31;51
"062045";"Paduli";55;7;17;1;0;;;;25;3;28;3;1;;;;35;60
"062045";"Paduli";56;3;24;1;0;;;;28;1;15;1;1;;;;18;46
"062045";"Paduli";57;3;21;1;0;;;;25;3;24;0;1;;;;28;53
"062045";"Paduli";58;2;23;3;0;;;;28;3;25;0;2;;;;30;58
"062045";"Paduli";59;5;25;4;1;;;;35;3;15;0;0;;;;18;53
"062045";"Paduli";60;2;21;1;2;;;;26;1;29;1;7;;;;38;64
"062045";"Paduli";61;2;18;3;0;;;;23;3;26;1;1;;;;31;54
"062045";"Paduli";62;5;26;0;1;;;;32;1;17;0;6;;;;24;56
"062045";"Paduli";63;4;20;0;0;;;;24;2;25;0;2;;;;29;53
"062045";"Paduli";64;2;25;1;0;;;;28;0;27;0;2;;;;29;57
"062045";"Paduli";65;2;20;1;0;;;;23;2;21;1;6;;;;30;53
"062045";"Paduli";66;2;12;2;2;;;;18;0;19;2;1;;;;22;40
"062045";"Paduli";67;2;22;0;1;;;;25;0;19;2;4;;;;25;50
"062045";"Paduli";68;1;19;1;0;;;;21;5;13;0;3;;;;21;42
"062045";"Paduli";69;3;20;1;1;;;;25;1;13;2;3;;;;19;44
"062045";"Paduli";70;4;20;0;2;;;;26;1;15;0;4;;;;20;46
"062045";"Paduli";71;1;18;1;0;;;;20;1;17;0;5;;;;23;43
"062045";"Paduli";72;5;17;2;0;;;;24;1;12;1;3;;;;17;41
"062045";"Paduli";73;3;21;0;1;;;;25;2;11;1;8;;;;22;47
"062045";"Paduli";74;1;23;1;2;;;;27;1;20;1;6;;;;28;55
"062045";"Paduli";75;1;14;1;2;;;;18;0;11;1;12;;;;24;42
"062045";"Paduli";76;1;17;1;0;;;;19;0;10;0;14;;;;24;43
"062045";"Paduli";77;0;17;1;0;;;;18;1;22;0;17;;;;40;58
"062045";"Paduli";78;0;21;0;4;;;;25;1;13;0;8;;;;22;47
"062045";"Paduli";79;0;8;0;2;;;;10;2;10;0;7;;;;19;29
"062045";"Paduli";80;0;9;0;1;;;;10;1;6;0;6;;;;13;23
"062045";"Paduli";81;0;13;1;4;;;;18;0;1;0;13;;;;14;32
"062045";"Paduli";82;0;9;1;3;;;;13;0;0;1;6;;;;7;20
"062045";"Paduli";83;0;7;0;0;;;;7;0;2;1;7;;;;10;17
"062045";"Paduli";84;0;7;1;2;;;;10;4;5;0;13;;;;22;32
"062045";"Paduli";85;0;7;0;4;;;;11;1;8;0;16;;;;25;36
"062045";"Paduli";86;0;10;0;6;;;;16;1;6;0;8;;;;15;31
"062045";"Paduli";87;0;5;0;2;;;;7;2;2;0;13;;;;17;24
"062045";"Paduli";88;0;6;0;8;;;;14;2;2;1;11;;;;16;30
"062045";"Paduli";89;0;4;0;2;;;;6;0;4;0;11;;;;15;21
"062045";"Paduli";90;0;2;0;2;;;;4;2;0;0;11;;;;13;17
"062045";"Paduli";91;0;2;0;1;;;;3;1;0;0;4;;;;5;8
"062045";"Paduli";92;0;3;0;2;;;;5;1;1;0;6;;;;8;13
"062045";"Paduli";93;0;0;0;1;;;;1;1;0;0;4;;;;5;6
"062045";"Paduli";94;0;0;0;1;;;;1;2;0;0;1;;;;3;4
"062045";"Paduli";95;0;0;0;0;;;;0;0;0;0;0;;;;0;0
"062045";"Paduli";96;0;1;0;0;;;;1;0;0;0;0;;;;0;1
"062045";"Paduli";97;0;0;0;0;;;;0;0;0;0;4;;;;4;4
"062045";"Paduli";98;0;0;0;0;;;;0;0;0;0;1;;;;1;1
"062045";"Paduli";99;0;0;0;1;;;;1;0;0;0;1;;;;1;2
"062045";"Paduli";100;0;0;0;0;;;;0;0;0;0;1;;;;1;1
"062045";"Paduli";999;785;860;52;67;;;;1764;638;855;42;267;;;;1802;3566
"062046";"Pago Veiano";0;7;0;0;0;;;;7;3;0;0;0;;;;3;10
"062046";"Pago Veiano";1;5;0;0;0;;;;5;2;0;0;0;;;;2;7
"062046";"Pago Veiano";2;8;0;0;0;;;;8;8;0;0;0;;;;8;16
"062046";"Pago Veiano";3;8;0;0;0;;;;8;6;0;0;0;;;;6;14
"062046";"Pago Veiano";4;7;0;0;0;;;;7;6;0;0;0;;;;6;13
"062046";"Pago Veiano";5;5;0;0;0;;;;5;4;0;0;0;;;;4;9
"062046";"Pago Veiano";6;9;0;0;0;;;;9;9;0;0;0;;;;9;18
"062046";"Pago Veiano";7;10;0;0;0;;;;10;15;0;0;0;;;;15;25
"062046";"Pago Veiano";8;5;0;0;0;;;;5;10;0;0;0;;;;10;15
"062046";"Pago Veiano";9;10;0;0;0;;;;10;6;0;0;0;;;;6;16
"062046";"Pago Veiano";10;9;0;0;0;;;;9;6;0;0;0;;;;6;15
"062046";"Pago Veiano";11;13;0;0;0;;;;13;6;0;0;0;;;;6;19
"062046";"Pago Veiano";12;3;0;0;0;;;;3;6;0;0;0;;;;6;9
"062046";"Pago Veiano";13;9;0;0;0;;;;9;7;0;0;0;;;;7;16
"062046";"Pago Veiano";14;10;0;0;0;;;;10;8;0;0;0;;;;8;18
"062046";"Pago Veiano";15;8;0;0;0;;;;8;11;0;0;0;;;;11;19
"062046";"Pago Veiano";16;8;0;0;0;;;;8;11;0;0;0;;;;11;19
"062046";"Pago Veiano";17;10;0;0;0;;;;10;15;0;0;0;;;;15;25
"062046";"Pago Veiano";18;7;0;0;0;;;;7;7;0;0;0;;;;7;14
"062046";"Pago Veiano";19;9;0;0;0;;;;9;7;0;0;0;;;;7;16
"062046";"Pago Veiano";20;13;0;0;0;;;;13;6;0;0;0;;;;6;19
"062046";"Pago Veiano";21;15;1;0;0;;;;16;14;0;0;0;;;;14;30
"062046";"Pago Veiano";22;9;0;0;0;;;;9;9;1;0;0;;;;10;19
"062046";"Pago Veiano";23;13;0;0;0;;;;13;5;0;0;0;;;;5;18
"062046";"Pago Veiano";24;15;0;0;0;;;;15;16;0;0;0;;;;16;31
"062046";"Pago Veiano";25;10;0;0;0;;;;10;6;0;0;0;;;;6;16
"062046";"Pago Veiano";26;20;0;0;0;;;;20;7;1;0;0;;;;8;28
"062046";"Pago Veiano";27;12;0;0;0;;;;12;10;1;0;0;;;;11;23
"062046";"Pago Veiano";28;7;0;0;0;;;;7;8;3;0;0;;;;11;18
"062046";"Pago Veiano";29;10;0;0;0;;;;10;10;0;0;0;;;;10;20
"062046";"Pago Veiano";30;7;1;0;0;;;;8;6;6;0;0;;;;12;20
"062046";"Pago Veiano";31;10;1;0;0;;;;11;4;3;0;0;;;;7;18
"062046";"Pago Veiano";32;7;4;0;0;;;;11;6;5;0;0;;;;11;22
"062046";"Pago Veiano";33;16;5;0;0;;;;21;6;3;0;0;;;;9;30
"062046";"Pago Veiano";34;11;4;0;0;;;;15;4;8;0;1;;;;13;28
"062046";"Pago Veiano";35;6;5;0;0;;;;11;4;14;1;0;;;;19;30
"062046";"Pago Veiano";36;4;5;0;0;;;;9;7;8;0;0;;;;15;24
"062046";"Pago Veiano";37;4;4;0;0;;;;8;2;7;0;0;;;;9;17
"062046";"Pago Veiano";38;7;5;0;0;;;;12;1;7;0;0;;;;8;20
"062046";"Pago Veiano";39;7;12;0;0;;;;19;4;13;0;0;;;;17;36
"062046";"Pago Veiano";40;13;12;0;0;;;;25;5;10;1;0;;;;16;41
"062046";"Pago Veiano";41;10;8;0;0;;;;18;5;10;0;0;;;;15;33
"062046";"Pago Veiano";42;7;6;0;0;;;;13;2;6;2;0;;;;10;23
"062046";"Pago Veiano";43;6;7;0;0;;;;13;2;8;0;0;;;;10;23
"062046";"Pago Veiano";44;6;15;0;0;;;;21;4;7;1;1;;;;13;34
"062046";"Pago Veiano";45;4;7;1;0;;;;12;1;8;0;0;;;;9;21
"062046";"Pago Veiano";46;6;4;1;0;;;;11;1;7;1;0;;;;9;20
"062046";"Pago Veiano";47;8;8;1;0;;;;17;6;12;1;0;;;;19;36
"062046";"Pago Veiano";48;3;6;0;0;;;;9;1;10;1;0;;;;12;21
"062046";"Pago Veiano";49;2;11;1;0;;;;14;4;16;1;0;;;;21;35
"062046";"Pago Veiano";50;9;6;0;0;;;;15;2;19;1;0;;;;22;37
"062046";"Pago Veiano";51;7;9;1;0;;;;17;3;14;0;0;;;;17;34
"062046";"Pago Veiano";52;2;15;0;0;;;;17;2;6;1;2;;;;11;28
"062046";"Pago Veiano";53;2;20;3;0;;;;25;3;12;2;0;;;;17;42
"062046";"Pago Veiano";54;3;12;1;0;;;;16;2;13;1;5;;;;21;37
"062046";"Pago Veiano";55;1;11;2;0;;;;14;4;17;1;1;;;;23;37
"062046";"Pago Veiano";56;2;8;4;0;;;;14;3;15;0;0;;;;18;32
"062046";"Pago Veiano";57;2;15;1;0;;;;18;2;20;0;1;;;;23;41
"062046";"Pago Veiano";58;0;21;0;0;;;;21;1;8;1;0;;;;10;31
"062046";"Pago Veiano";59;2;16;0;1;;;;19;2;16;0;0;;;;18;37
"062046";"Pago Veiano";60;5;14;2;0;;;;21;2;9;2;2;;;;15;36
"062046";"Pago Veiano";61;0;13;1;0;;;;14;2;10;1;5;;;;18;32
"062046";"Pago Veiano";62;1;15;0;0;;;;16;1;18;1;2;;;;22;38
"062046";"Pago Veiano";63;0;7;1;1;;;;9;2;21;0;2;;;;25;34
"062046";"Pago Veiano";64;1;14;0;0;;;;15;1;7;0;3;;;;11;26
"062046";"Pago Veiano";65;0;20;0;1;;;;21;1;12;0;4;;;;17;38
"062046";"Pago Veiano";66;1;13;0;0;;;;14;3;10;0;1;;;;14;28
"062046";"Pago Veiano";67;3;7;1;0;;;;11;1;9;1;4;;;;15;26
"062046";"Pago Veiano";68;2;12;0;2;;;;16;1;15;0;1;;;;17;33
"062046";"Pago Veiano";69;1;8;0;2;;;;11;0;15;0;5;;;;20;31
"062046";"Pago Veiano";70;1;14;0;0;;;;15;1;12;0;3;;;;16;31
"062046";"Pago Veiano";71;0;16;0;3;;;;19;1;11;0;6;;;;18;37
"062046";"Pago Veiano";72;0;5;0;1;;;;6;0;10;0;4;;;;14;20
"062046";"Pago Veiano";73;1;10;1;0;;;;12;0;8;0;4;;;;12;24
"062046";"Pago Veiano";74;0;10;0;0;;;;10;0;10;0;5;;;;15;25
"062046";"Pago Veiano";75;1;8;0;1;;;;10;0;6;0;5;;;;11;21
"062046";"Pago Veiano";76;1;13;1;0;;;;15;2;8;0;6;;;;16;31
"062046";"Pago Veiano";77;2;12;1;3;;;;18;0;5;2;6;;;;13;31
"062046";"Pago Veiano";78;0;4;0;1;;;;5;0;6;0;2;;;;8;13
"062046";"Pago Veiano";79;1;10;0;1;;;;12;0;3;1;2;;;;6;18
"062046";"Pago Veiano";80;0;8;0;1;;;;9;2;5;0;5;;;;12;21
"062046";"Pago Veiano";81;0;10;0;0;;;;10;0;3;0;9;;;;12;22
"062046";"Pago Veiano";82;1;8;0;1;;;;10;0;3;0;3;;;;6;16
"062046";"Pago Veiano";83;0;4;0;2;;;;6;0;2;0;3;;;;5;11
"062046";"Pago Veiano";84;0;6;0;2;;;;8;0;3;0;4;;;;7;15
"062046";"Pago Veiano";85;1;4;0;1;;;;6;0;2;0;4;;;;6;12
"062046";"Pago Veiano";86;1;3;0;2;;;;6;0;2;0;4;;;;6;12
"062046";"Pago Veiano";87;0;5;0;4;;;;9;0;2;0;3;;;;5;14
"062046";"Pago Veiano";88;0;2;0;1;;;;3;0;2;0;3;;;;5;8
"062046";"Pago Veiano";89;0;0;0;0;;;;0;0;2;0;3;;;;5;5
"062046";"Pago Veiano";90;1;2;0;0;;;;3;0;1;0;5;;;;6;9
"062046";"Pago Veiano";91;1;4;0;0;;;;5;0;2;0;7;;;;9;14
"062046";"Pago Veiano";92;0;0;0;1;;;;1;0;0;0;4;;;;4;5
"062046";"Pago Veiano";93;0;0;0;1;;;;1;0;1;0;2;;;;3;4
"062046";"Pago Veiano";94;0;1;0;1;;;;2;1;0;0;1;;;;2;4
"062046";"Pago Veiano";95;0;0;0;1;;;;1;0;0;0;4;;;;4;5
"062046";"Pago Veiano";96;0;0;0;0;;;;0;0;0;0;0;;;;0;0
"062046";"Pago Veiano";97;0;0;0;0;;;;0;0;1;0;1;;;;2;2
"062046";"Pago Veiano";98;0;1;0;0;;;;1;0;0;0;1;;;;1;2
"062046";"Pago Veiano";99;0;0;0;0;;;;0;0;1;0;0;;;;1;1
"062046";"Pago Veiano";100;0;0;0;0;;;;0;0;0;0;2;;;;2;2
"062046";"Pago Veiano";999;484;547;24;35;;;;1090;364;551;24;151;;;;1090;2180
"062047";"Pannarano";0;11;0;0;0;;;;11;4;0;0;0;;;;4;15
"062047";"Pannarano";1;8;0;0;0;;;;8;13;0;0;0;;;;13;21
"062047";"Pannarano";2;6;0;0;0;;;;6;4;0;0;0;;;;4;10
"062047";"Pannarano";3;5;0;0;0;;;;5;6;0;0;0;;;;6;11
"062047";"Pannarano";4;11;0;0;0;;;;11;4;0;0;0;;;;4;15
"062047";"Pannarano";5;7;0;0;0;;;;7;5;0;0;0;;;;5;12
"062047";"Pannarano";6;8;0;0;0;;;;8;7;0;0;0;;;;7;15
"062047";"Pannarano";7;6;0;0;0;;;;6;8;0;0;0;;;;8;14
"062047";"Pannarano";8;4;0;0;0;;;;4;7;0;0;0;;;;7;11
"062047";"Pannarano";9;9;0;0;0;;;;9;4;0;0;0;;;;4;13
"062047";"Pannarano";10;7;0;0;0;;;;7;3;0;0;0;;;;3;10
"062047";"Pannarano";11;8;0;0;0;;;;8;6;0;0;0;;;;6;14
"062047";"Pannarano";12;8;0;0;0;;;;8;3;0;0;0;;;;3;11
"062047";"Pannarano";13;18;0;0;0;;;;18;11;0;0;0;;;;11;29
"062047";"Pannarano";14;6;0;0;0;;;;6;8;0;0;0;;;;8;14
"062047";"Pannarano";15;10;0;0;0;;;;10;11;0;0;0;;;;11;21
"062047";"Pannarano";16;9;0;0;0;;;;9;10;0;0;0;;;;10;19
"062047";"Pannarano";17;7;0;0;0;;;;7;9;0;0;0;;;;9;16
"062047";"Pannarano";18;12;0;0;0;;;;12;9;0;0;0;;;;9;21
"062047";"Pannarano";19;5;0;0;0;;;;5;6;0;0;0;;;;6;11
"062047";"Pannarano";20;15;0;0;0;;;;15;18;0;0;0;;;;18;33
"062047";"Pannarano";21;10;0;0;0;;;;10;9;0;0;0;;;;9;19
"062047";"Pannarano";22;17;0;0;0;;;;17;9;0;0;0;;;;9;26
"062047";"Pannarano";23;12;0;0;0;;;;12;10;1;0;0;;;;11;23
"062047";"Pannarano";24;14;1;0;0;;;;15;12;0;0;0;;;;12;27
"062047";"Pannarano";25;10;0;0;0;;;;10;12;1;0;0;;;;13;23
"062047";"Pannarano";26;15;0;0;0;;;;15;15;0;0;0;;;;15;30
"062047";"Pannarano";27;15;1;0;0;;;;16;11;0;0;0;;;;11;27
"062047";"Pannarano";28;7;1;0;0;;;;8;8;1;0;0;;;;9;17
"062047";"Pannarano";29;9;1;0;0;;;;10;16;1;0;0;;;;17;27
"062047";"Pannarano";30;12;2;0;0;;;;14;6;2;0;0;;;;8;22
"062047";"Pannarano";31;13;0;0;0;;;;13;14;2;0;0;;;;16;29
"062047";"Pannarano";32;16;2;1;0;;;;19;6;3;0;0;;;;9;28
"062047";"Pannarano";33;12;6;0;0;;;;18;11;4;0;0;;;;15;33
"062047";"Pannarano";34;11;1;0;0;;;;12;5;8;1;0;;;;14;26
"062047";"Pannarano";35;6;2;0;0;;;;8;5;5;1;0;;;;11;19
"062047";"Pannarano";36;11;2;0;0;;;;13;9;6;0;0;;;;15;28
"062047";"Pannarano";37;9;3;0;0;;;;12;3;9;0;0;;;;12;24
"062047";"Pannarano";38;14;6;0;0;;;;20;5;9;0;0;;;;14;34
"062047";"Pannarano";39;8;10;0;0;;;;18;4;1;1;0;;;;6;24
"062047";"Pannarano";40;4;8;0;0;;;;12;5;7;1;0;;;;13;25
"062047";"Pannarano";41;8;5;2;0;;;;15;2;4;1;0;;;;7;22
"062047";"Pannarano";42;5;12;1;0;;;;18;3;10;1;0;;;;14;32
"062047";"Pannarano";43;6;7;1;0;;;;14;2;8;1;1;;;;12;26
"062047";"Pannarano";44;4;10;0;0;;;;14;5;8;0;0;;;;13;27
"062047";"Pannarano";45;4;5;2;0;;;;11;8;4;0;0;;;;12;23
"062047";"Pannarano";46;5;9;2;0;;;;16;3;12;1;0;;;;16;32
"062047";"Pannarano";47;5;8;1;0;;;;14;3;9;3;0;;;;15;29
"062047";"Pannarano";48;2;8;0;0;;;;10;0;11;1;1;;;;13;23
"062047";"Pannarano";49;8;2;1;0;;;;11;1;14;0;2;;;;17;28
"062047";"Pannarano";50;4;13;1;0;;;;18;2;8;1;2;;;;13;31
"062047";"Pannarano";51;8;15;1;0;;;;24;2;10;0;1;;;;13;37
"062047";"Pannarano";52;2;12;0;0;;;;14;4;10;0;0;;;;14;28
"062047";"Pannarano";53;1;10;0;0;;;;11;2;11;0;1;;;;14;25
"062047";"Pannarano";54;5;14;3;1;;;;23;4;16;0;0;;;;20;43
"062047";"Pannarano";55;6;16;1;1;;;;24;2;10;1;0;;;;13;37
"062047";"Pannarano";56;0;10;1;1;;;;12;1;14;0;0;;;;15;27
"062047";"Pannarano";57;6;8;0;0;;;;14;0;12;0;1;;;;13;27
"062047";"Pannarano";58;4;14;2;0;;;;20;0;9;0;0;;;;9;29
"062047";"Pannarano";59;1;14;1;0;;;;16;0;9;0;1;;;;10;26
"062047";"Pannarano";60;2;14;1;0;;;;17;0;14;0;3;;;;17;34
"062047";"Pannarano";61;4;9;0;0;;;;13;2;11;0;2;;;;15;28
"062047";"Pannarano";62;1;11;0;0;;;;12;2;8;0;1;;;;11;23
"062047";"Pannarano";63;2;18;1;1;;;;22;1;11;1;4;;;;17;39
"062047";"Pannarano";64;1;21;3;0;;;;25;2;9;2;1;;;;14;39
"062047";"Pannarano";65;3;7;0;1;;;;11;1;10;1;1;;;;13;24
"062047";"Pannarano";66;2;7;1;0;;;;10;1;17;0;2;;;;20;30
"062047";"Pannarano";67;0;11;0;1;;;;12;3;5;0;2;;;;10;22
"062047";"Pannarano";68;1;14;1;1;;;;17;1;6;0;3;;;;10;27
"062047";"Pannarano";69;3;15;0;0;;;;18;0;12;0;6;;;;18;36
"062047";"Pannarano";70;1;9;0;0;;;;10;1;6;0;2;;;;9;19
"062047";"Pannarano";71;0;14;0;1;;;;15;0;1;0;3;;;;4;19
"062047";"Pannarano";72;0;10;0;0;;;;10;1;6;0;3;;;;10;20
"062047";"Pannarano";73;1;8;0;1;;;;10;1;5;0;5;;;;11;21
"062047";"Pannarano";74;2;9;0;0;;;;11;2;3;1;5;;;;11;22
"062047";"Pannarano";75;3;5;0;0;;;;8;0;5;0;4;;;;9;17
"062047";"Pannarano";76;0;5;0;1;;;;6;0;6;0;4;;;;10;16
"062047";"Pannarano";77;2;4;0;1;;;;7;1;5;0;3;;;;9;16
"062047";"Pannarano";78;0;10;0;1;;;;11;2;2;0;5;;;;9;20
"062047";"Pannarano";79;0;4;0;0;;;;4;0;3;1;5;;;;9;13
"062047";"Pannarano";80;0;0;0;1;;;;1;0;0;0;2;;;;2;3
"062047";"Pannarano";81;0;2;1;0;;;;3;0;1;1;1;;;;3;6
"062047";"Pannarano";82;0;1;0;0;;;;1;1;2;0;4;;;;7;8
"062047";"Pannarano";83;0;2;0;0;;;;2;0;0;0;4;;;;4;6
"062047";"Pannarano";84;1;2;1;1;;;;5;0;2;0;6;;;;8;13
"062047";"Pannarano";85;0;2;0;1;;;;3;0;2;0;1;;;;3;6
"062047";"Pannarano";86;0;0;0;2;;;;2;0;2;0;4;;;;6;8
"062047";"Pannarano";87;2;2;0;0;;;;4;0;0;1;1;;;;2;6
"062047";"Pannarano";88;0;1;0;0;;;;1;0;0;0;2;;;;2;3
"062047";"Pannarano";89;0;1;0;0;;;;1;0;1;0;3;;;;4;5
"062047";"Pannarano";90;0;0;0;1;;;;1;0;0;0;2;;;;2;3
"062047";"Pannarano";91;0;2;0;0;;;;2;0;0;0;2;;;;2;4
"062047";"Pannarano";92;0;0;0;0;;;;0;0;1;0;2;;;;3;3
"062047";"Pannarano";93;0;0;0;0;;;;0;0;0;0;1;;;;1;1
"062047";"Pannarano";94;0;0;0;0;;;;0;0;0;0;0;;;;0;0
"062047";"Pannarano";95;0;0;0;0;;;;0;0;0;0;2;;;;2;2
"062047";"Pannarano";96;0;0;0;0;;;;0;0;0;0;1;;;;1;1
"062047";"Pannarano";97;0;0;0;0;;;;0;0;0;0;0;;;;0;0
"062047";"Pannarano";98;0;0;0;0;;;;0;0;0;0;1;;;;1;1
"062047";"Pannarano";99;0;0;0;0;;;;0;0;0;0;0;;;;0;0
"062047";"Pannarano";100;0;0;0;0;;;;0;0;0;0;1;;;;1;1
"062047";"Pannarano";999;520;458;30;18;;;;1026;397;405;22;114;;;;938;1964
"062048";"Paolisi";0;6;0;0;0;;;;6;4;0;0;0;;;;4;10
"062048";"Paolisi";1;6;0;0;0;;;;6;8;0;0;0;;;;8;14
"062048";"Paolisi";2;7;0;0;0;;;;7;12;0;0;0;;;;12;19
"062048";"Paolisi";3;8;0;0;0;;;;8;4;0;0;0;;;;4;12
"062048";"Paolisi";4;6;0;0;0;;;;6;7;0;0;0;;;;7;13
"062048";"Paolisi";5;11;0;0;0;;;;11;10;0;0;0;;;;10;21
"062048";"Paolisi";6;14;0;0;0;;;;14;10;0;0;0;;;;10;24
"062048";"Paolisi";7;9;0;0;0;;;;9;9;0;0;0;;;;9;18
"062048";"Paolisi";8;9;0;0;0;;;;9;9;0;0;0;;;;9;18
"062048";"Paolisi";9;13;0;0;0;;;;13;9;0;0;0;;;;9;22
"062048";"Paolisi";10;7;0;0;0;;;;7;10;0;0;0;;;;10;17
"062048";"Paolisi";11;15;0;0;0;;;;15;10;0;0;0;;;;10;25
"062048";"Paolisi";12;10;0;0;0;;;;10;10;0;0;0;;;;10;20
"062048";"Paolisi";13;12;0;0;0;;;;12;5;0;0;0;;;;5;17
"062048";"Paolisi";14;6;0;0;0;;;;6;13;0;0;0;;;;13;19
"062048";"Paolisi";15;12;0;0;0;;;;12;8;0;0;0;;;;8;20
"062048";"Paolisi";16;8;0;0;0;;;;8;10;0;0;0;;;;10;18
"062048";"Paolisi";17;9;0;0;0;;;;9;20;0;0;0;;;;20;29
"062048";"Paolisi";18;10;0;0;0;;;;10;5;0;0;0;;;;5;15
"062048";"Paolisi";19;10;0;0;0;;;;10;8;0;0;0;;;;8;18
"062048";"Paolisi";20;10;0;0;0;;;;10;9;0;0;0;;;;9;19
"062048";"Paolisi";21;12;0;0;0;;;;12;15;0;0;0;;;;15;27
"062048";"Paolisi";22;9;0;0;0;;;;9;11;0;0;0;;;;11;20
"062048";"Paolisi";23;12;0;0;0;;;;12;11;1;0;0;;;;12;24
"062048";"Paolisi";24;7;1;0;0;;;;8;10;0;0;0;;;;10;18
"062048";"Paolisi";25;13;0;0;0;;;;13;10;0;0;0;;;;10;23
"062048";"Paolisi";26;11;0;0;0;;;;11;5;1;0;0;;;;6;17
"062048";"Paolisi";27;7;0;0;0;;;;7;12;0;0;0;;;;12;19
"062048";"Paolisi";28;15;0;0;0;;;;15;12;3;0;0;;;;15;30
"062048";"Paolisi";29;9;2;0;0;;;;11;8;4;0;0;;;;12;23
"062048";"Paolisi";30;9;2;0;0;;;;11;10;6;0;0;;;;16;27
"062048";"Paolisi";31;9;2;0;0;;;;11;4;6;0;0;;;;10;21
"062048";"Paolisi";32;7;2;0;0;;;;9;5;2;0;0;;;;7;16
"062048";"Paolisi";33;6;3;0;0;;;;9;9;3;1;0;;;;13;22
"062048";"Paolisi";34;7;5;0;0;;;;12;3;9;0;0;;;;12;24
"062048";"Paolisi";35;6;3;0;0;;;;9;3;5;0;0;;;;8;17
"062048";"Paolisi";36;8;5;0;0;;;;13;1;5;0;0;;;;6;19
"062048";"Paolisi";37;10;2;0;0;;;;12;4;6;1;0;;;;11;23
"062048";"Paolisi";38;12;5;0;0;;;;17;6;9;0;0;;;;15;32
"062048";"Paolisi";39;5;7;0;0;;;;12;4;6;0;0;;;;10;22
"062048";"Paolisi";40;7;7;0;0;;;;14;5;8;0;0;;;;13;27
"062048";"Paolisi";41;2;9;1;0;;;;12;6;7;0;0;;;;13;25
"062048";"Paolisi";42;4;6;2;0;;;;12;0;10;1;0;;;;11;23
"062048";"Paolisi";43;4;12;0;0;;;;16;0;13;0;0;;;;13;29
"062048";"Paolisi";44;9;9;0;0;;;;18;1;17;0;0;;;;18;36
"062048";"Paolisi";45;5;8;0;0;;;;13;1;16;0;0;;;;17;30
"062048";"Paolisi";46;6;9;0;0;;;;15;2;8;0;1;;;;11;26
"062048";"Paolisi";47;3;14;0;0;;;;17;4;16;0;0;;;;20;37
"062048";"Paolisi";48;2;12;1;0;;;;15;2;17;0;0;;;;19;34
"062048";"Paolisi";49;3;10;1;0;;;;14;3;10;1;0;;;;14;28
"062048";"Paolisi";50;4;16;1;0;;;;21;3;14;0;1;;;;18;39
"062048";"Paolisi";51;9;12;0;0;;;;21;2;8;1;0;;;;11;32
"062048";"Paolisi";52;4;9;0;0;;;;13;0;16;1;1;;;;18;31
"062048";"Paolisi";53;5;10;2;0;;;;17;0;9;1;1;;;;11;28
"062048";"Paolisi";54;3;14;0;0;;;;17;1;9;1;0;;;;11;28
"062048";"Paolisi";55;1;17;2;0;;;;20;1;12;0;0;;;;13;33
"062048";"Paolisi";56;6;12;1;0;;;;19;1;9;1;3;;;;14;33
"062048";"Paolisi";57;1;12;1;0;;;;14;2;13;0;0;;;;15;29
"062048";"Paolisi";58;5;11;0;0;;;;16;0;11;1;1;;;;13;29
"062048";"Paolisi";59;0;8;1;0;;;;9;0;10;0;3;;;;13;22
"062048";"Paolisi";60;1;18;0;0;;;;19;1;15;0;0;;;;16;35
"062048";"Paolisi";61;2;12;0;1;;;;15;0;11;2;0;;;;13;28
"062048";"Paolisi";62;2;12;0;0;;;;14;0;17;2;0;;;;19;33
"062048";"Paolisi";63;1;21;0;1;;;;23;2;8;0;1;;;;11;34
"062048";"Paolisi";64;0;14;0;1;;;;15;2;8;0;0;;;;10;25
"062048";"Paolisi";65;0;7;0;0;;;;7;2;9;0;0;;;;11;18
"062048";"Paolisi";66;3;6;0;1;;;;10;2;7;0;6;;;;15;25
"062048";"Paolisi";67;0;8;1;0;;;;9;0;12;0;3;;;;15;24
"062048";"Paolisi";68;0;6;0;0;;;;6;0;4;1;1;;;;6;12
"062048";"Paolisi";69;1;9;1;0;;;;11;1;7;1;2;;;;11;22
"062048";"Paolisi";70;0;7;0;0;;;;7;0;8;0;3;;;;11;18
"062048";"Paolisi";71;1;8;0;0;;;;9;1;1;0;1;;;;3;12
"062048";"Paolisi";72;0;10;0;0;;;;10;0;11;0;0;;;;11;21
"062048";"Paolisi";73;0;8;0;0;;;;8;4;3;0;2;;;;9;17
"062048";"Paolisi";74;1;7;0;0;;;;8;0;8;0;5;;;;13;21
"062048";"Paolisi";75;0;8;1;1;;;;10;0;4;0;1;;;;5;15
"062048";"Paolisi";76;0;11;0;2;;;;13;1;5;1;5;;;;12;25
"062048";"Paolisi";77;0;6;0;0;;;;6;1;4;0;2;;;;7;13
"062048";"Paolisi";78;0;5;0;2;;;;7;0;4;0;3;;;;7;14
"062048";"Paolisi";79;1;3;0;0;;;;4;0;3;0;2;;;;5;9
"062048";"Paolisi";80;0;3;0;0;;;;3;0;3;0;1;;;;4;7
"062048";"Paolisi";81;1;6;0;1;;;;8;0;2;0;4;;;;6;14
"062048";"Paolisi";82;0;7;0;2;;;;9;1;1;0;5;;;;7;16
"062048";"Paolisi";83;0;2;0;2;;;;4;1;2;0;3;;;;6;10
"062048";"Paolisi";84;0;2;0;1;;;;3;0;1;0;3;;;;4;7
"062048";"Paolisi";85;0;2;0;0;;;;2;1;2;0;5;;;;8;10
"062048";"Paolisi";86;0;2;0;1;;;;3;0;3;0;1;;;;4;7
"062048";"Paolisi";87;0;0;0;2;;;;2;0;1;0;2;;;;3;5
"062048";"Paolisi";88;0;0;0;0;;;;0;0;0;0;3;;;;3;3
"062048";"Paolisi";89;0;2;0;0;;;;2;0;0;0;5;;;;5;7
"062048";"Paolisi";90;0;1;0;1;;;;2;0;1;0;1;;;;2;4
"062048";"Paolisi";91;0;2;0;2;;;;4;0;0;0;3;;;;3;7
"062048";"Paolisi";92;0;0;0;0;;;;0;0;0;0;1;;;;1;1
"062048";"Paolisi";93;0;1;0;0;;;;1;0;1;0;0;;;;1;2
"062048";"Paolisi";94;0;0;0;1;;;;1;0;0;0;3;;;;3;4
"062048";"Paolisi";95;0;1;0;0;;;;1;1;1;0;1;;;;3;4
"062048";"Paolisi";96;0;0;0;0;;;;0;0;0;0;2;;;;2;2
"062048";"Paolisi";97;0;0;0;0;;;;0;0;0;0;0;;;;0;0
"062048";"Paolisi";98;0;0;0;0;;;;0;0;0;0;0;;;;0;0
"062048";"Paolisi";99;0;0;0;0;;;;0;0;0;0;0;;;;0;0
"062048";"Paolisi";100;0;0;0;0;;;;0;0;0;0;1;;;;1;1
"062048";"Paolisi";999;469;473;16;22;;;;980;388;466;17;92;;;;963;1943
"062049";"Paupisi";0;4;0;0;0;;;;4;6;0;0;0;;;;6;10
"062049";"Paupisi";1;5;0;0;0;;;;5;8;0;0;0;;;;8;13
"062049";"Paupisi";2;5;0;0;0;;;;5;6;0;0;0;;;;6;11
"062049";"Paupisi";3;8;0;0;0;;;;8;6;0;0;0;;;;6;14
"062049";"Paupisi";4;8;0;0;0;;;;8;7;0;0;0;;;;7;15
"062049";"Paupisi";5;5;0;0;0;;;;5;8;0;0;0;;;;8;13
"062049";"Paupisi";6;3;0;0;0;;;;3;7;0;0;0;;;;7;10
"062049";"Paupisi";7;2;0;0;0;;;;2;4;0;0;0;;;;4;6
"062049";"Paupisi";8;9;0;0;0;;;;9;4;0;0;0;;;;4;13
"062049";"Paupisi";9;11;0;0;0;;;;11;2;0;0;0;;;;2;13
"062049";"Paupisi";10;8;0;0;0;;;;8;3;0;0;0;;;;3;11
"062049";"Paupisi";11;4;0;0;0;;;;4;4;0;0;0;;;;4;8
"062049";"Paupisi";12;2;0;0;0;;;;2;6;0;0;0;;;;6;8
"062049";"Paupisi";13;6;0;0;0;;;;6;8;0;0;0;;;;8;14
"062049";"Paupisi";14;5;0;0;0;;;;5;5;0;0;0;;;;5;10
"062049";"Paupisi";15;9;0;0;0;;;;9;11;0;0;0;;;;11;20
"062049";"Paupisi";16;1;0;0;0;;;;1;8;0;0;0;;;;8;9
"062049";"Paupisi";17;6;0;0;0;;;;6;8;0;0;0;;;;8;14
"062049";"Paupisi";18;7;0;0;0;;;;7;8;0;0;0;;;;8;15
"062049";"Paupisi";19;7;0;0;0;;;;7;4;0;0;0;;;;4;11
"062049";"Paupisi";20;9;0;0;0;;;;9;6;0;0;0;;;;6;15
"062049";"Paupisi";21;9;0;0;0;;;;9;5;1;0;0;;;;6;15
"062049";"Paupisi";22;5;0;0;0;;;;5;7;0;0;0;;;;7;12
"062049";"Paupisi";23;11;0;0;0;;;;11;5;0;0;0;;;;5;16
"062049";"Paupisi";24;9;0;0;0;;;;9;8;0;0;0;;;;8;17
"062049";"Paupisi";25;7;1;0;0;;;;8;4;1;0;0;;;;5;13
"062049";"Paupisi";26;4;0;0;0;;;;4;8;0;0;0;;;;8;12
"062049";"Paupisi";27;9;0;0;0;;;;9;6;1;0;0;;;;7;16
"062049";"Paupisi";28;10;1;0;0;;;;11;9;0;0;0;;;;9;20
"062049";"Paupisi";29;8;0;0;0;;;;8;9;1;0;0;;;;10;18
"062049";"Paupisi";30;11;1;0;0;;;;12;4;2;0;0;;;;6;18
"062049";"Paupisi";31;9;2;0;0;;;;11;2;4;0;0;;;;6;17
"062049";"Paupisi";32;7;0;0;0;;;;7;3;6;0;1;;;;10;17
"062049";"Paupisi";33;9;5;0;0;;;;14;4;7;0;0;;;;11;25
"062049";"Paupisi";34;8;1;1;0;;;;10;4;3;0;0;;;;7;17
"062049";"Paupisi";35;9;1;0;0;;;;10;1;2;0;0;;;;3;13
"062049";"Paupisi";36;9;3;0;0;;;;12;3;2;0;0;;;;5;17
"062049";"Paupisi";37;3;3;0;0;;;;6;3;5;0;0;;;;8;14
"062049";"Paupisi";38;3;2;0;0;;;;5;0;5;0;0;;;;5;10
"062049";"Paupisi";39;4;4;0;0;;;;8;3;10;0;0;;;;13;21
"062049";"Paupisi";40;6;3;1;0;;;;10;1;3;0;0;;;;4;14
"062049";"Paupisi";41;6;3;0;0;;;;9;1;7;0;0;;;;8;17
"062049";"Paupisi";42;2;9;0;0;;;;11;1;10;1;0;;;;12;23
"062049";"Paupisi";43;1;5;0;0;;;;6;3;6;0;0;;;;9;15
"062049";"Paupisi";44;4;6;0;0;;;;10;2;5;1;0;;;;8;18
"062049";"Paupisi";45;2;5;0;0;;;;7;1;7;0;0;;;;8;15
"062049";"Paupisi";46;3;8;0;0;;;;11;0;7;1;0;;;;8;19
"062049";"Paupisi";47;2;8;0;0;;;;10;0;6;0;0;;;;6;16
"062049";"Paupisi";48;0;7;1;0;;;;8;2;7;0;1;;;;10;18
"062049";"Paupisi";49;2;11;1;0;;;;14;0;7;0;0;;;;7;21
"062049";"Paupisi";50;4;8;1;0;;;;13;1;4;1;1;;;;7;20
"062049";"Paupisi";51;1;8;0;0;;;;9;2;9;1;0;;;;12;21
"062049";"Paupisi";52;1;7;1;0;;;;9;3;6;0;0;;;;9;18
"062049";"Paupisi";53;0;8;1;0;;;;9;0;12;0;0;;;;12;21
"062049";"Paupisi";54;2;6;0;0;;;;8;1;17;0;0;;;;18;26
"062049";"Paupisi";55;1;6;0;0;;;;7;2;9;1;0;;;;12;19
"062049";"Paupisi";56;0;11;3;0;;;;14;4;2;1;2;;;;9;23
"062049";"Paupisi";57;0;10;1;0;;;;11;1;6;0;0;;;;7;18
"062049";"Paupisi";58;2;12;1;0;;;;15;0;21;0;1;;;;22;37
"062049";"Paupisi";59;2;5;0;0;;;;7;0;5;0;1;;;;6;13
"062049";"Paupisi";60;2;16;0;0;;;;18;0;9;1;2;;;;12;30
"062049";"Paupisi";61;1;10;0;1;;;;12;2;5;1;3;;;;11;23
"062049";"Paupisi";62;1;2;1;0;;;;4;1;12;0;0;;;;13;17
"062049";"Paupisi";63;3;8;0;0;;;;11;1;4;0;1;;;;6;17
"062049";"Paupisi";64;1;10;1;0;;;;12;1;7;1;1;;;;10;22
"062049";"Paupisi";65;0;15;0;0;;;;15;0;8;0;0;;;;8;23
"062049";"Paupisi";66;0;4;1;0;;;;5;1;5;0;1;;;;7;12
"062049";"Paupisi";67;0;5;0;0;;;;5;0;5;0;2;;;;7;12
"062049";"Paupisi";68;0;7;0;0;;;;7;0;1;0;0;;;;1;8
"062049";"Paupisi";69;1;9;0;0;;;;10;0;7;1;2;;;;10;20
"062049";"Paupisi";70;1;12;0;0;;;;13;1;6;0;3;;;;10;23
"062049";"Paupisi";71;0;9;0;0;;;;9;2;6;0;5;;;;13;22
"062049";"Paupisi";72;0;7;0;0;;;;7;1;6;0;0;;;;7;14
"062049";"Paupisi";73;1;5;0;0;;;;6;0;3;0;0;;;;3;9
"062049";"Paupisi";74;0;9;0;0;;;;9;0;4;0;2;;;;6;15
"062049";"Paupisi";75;1;5;0;0;;;;6;1;3;0;6;;;;10;16
"062049";"Paupisi";76;0;4;0;2;;;;6;0;5;0;5;;;;10;16
"062049";"Paupisi";77;1;6;0;1;;;;8;1;5;0;3;;;;9;17
"062049";"Paupisi";78;0;5;0;3;;;;8;0;5;0;2;;;;7;15
"062049";"Paupisi";79;0;4;0;1;;;;5;0;2;0;4;;;;6;11
"062049";"Paupisi";80;0;5;0;0;;;;5;1;5;0;2;;;;8;13
"062049";"Paupisi";81;1;4;0;0;;;;5;0;1;0;4;;;;5;10
"062049";"Paupisi";82;1;1;0;0;;;;2;0;0;0;3;;;;3;5
"062049";"Paupisi";83;0;3;0;0;;;;3;0;1;0;3;;;;4;7
"062049";"Paupisi";84;0;2;0;1;;;;3;0;1;0;7;;;;8;11
"062049";"Paupisi";85;0;1;0;1;;;;2;0;1;0;2;;;;3;5
"062049";"Paupisi";86;0;2;0;0;;;;2;0;2;0;4;;;;6;8
"062049";"Paupisi";87;0;3;0;1;;;;4;1;2;0;6;;;;9;13
"062049";"Paupisi";88;0;3;0;0;;;;3;1;0;0;5;;;;6;9
"062049";"Paupisi";89;0;2;0;2;;;;4;0;1;0;3;;;;4;8
"062049";"Paupisi";90;0;1;0;2;;;;3;0;0;0;2;;;;2;5
"062049";"Paupisi";91;0;0;0;0;;;;0;0;1;0;1;;;;2;2
"062049";"Paupisi";92;0;0;0;0;;;;0;0;0;0;9;;;;9;9
"062049";"Paupisi";93;0;0;0;3;;;;3;1;0;0;1;;;;2;5
"062049";"Paupisi";94;0;1;0;0;;;;1;1;0;0;4;;;;5;6
"062049";"Paupisi";95;0;0;0;0;;;;0;0;0;0;1;;;;1;1
"062049";"Paupisi";96;0;0;0;0;;;;0;0;0;0;0;;;;0;0
"062049";"Paupisi";97;0;0;0;1;;;;1;0;0;0;1;;;;1;2
"062049";"Paupisi";98;0;0;0;0;;;;0;0;0;0;0;;;;0;0
"062049";"Paupisi";99;0;0;0;0;;;;0;0;0;0;0;;;;0;0
"062049";"Paupisi";100;0;0;0;0;;;;0;0;0;0;0;;;;0;0
"062049";"Paupisi";999;324;350;15;19;;;;708;259;329;11;107;;;;706;1414
"062050";"Pesco Sannita";0;3;0;0;0;;;;3;5;0;0;0;;;;5;8
"062050";"Pesco Sannita";1;7;0;0;0;;;;7;6;0;0;0;;;;6;13
"062050";"Pesco Sannita";2;6;0;0;0;;;;6;8;0;0;0;;;;8;14
"062050";"Pesco Sannita";3;3;0;0;0;;;;3;14;0;0;0;;;;14;17
"062050";"Pesco Sannita";4;6;0;0;0;;;;6;5;0;0;0;;;;5;11
"062050";"Pesco Sannita";5;11;0;0;0;;;;11;3;0;0;0;;;;3;14
"062050";"Pesco Sannita";6;7;0;0;0;;;;7;5;0;0;0;;;;5;12
"062050";"Pesco Sannita";7;10;0;0;0;;;;10;7;0;0;0;;;;7;17
"062050";"Pesco Sannita";8;7;0;0;0;;;;7;6;0;0;0;;;;6;13
"062050";"Pesco Sannita";9;11;0;0;0;;;;11;9;0;0;0;;;;9;20
"062050";"Pesco Sannita";10;5;0;0;0;;;;5;5;0;0;0;;;;5;10
"062050";"Pesco Sannita";11;10;0;0;0;;;;10;6;0;0;0;;;;6;16
"062050";"Pesco Sannita";12;5;0;0;0;;;;5;6;0;0;0;;;;6;11
"062050";"Pesco Sannita";13;8;0;0;0;;;;8;6;0;0;0;;;;6;14
"062050";"Pesco Sannita";14;11;0;0;0;;;;11;9;0;0;0;;;;9;20
"062050";"Pesco Sannita";15;4;0;0;0;;;;4;6;0;0;0;;;;6;10
"062050";"Pesco Sannita";16;8;0;0;0;;;;8;5;0;0;0;;;;5;13
"062050";"Pesco Sannita";17;5;0;0;0;;;;5;8;0;0;0;;;;8;13
"062050";"Pesco Sannita";18;3;0;0;0;;;;3;8;0;0;0;;;;8;11
"062050";"Pesco Sannita";19;9;0;0;0;;;;9;6;0;0;0;;;;6;15
"062050";"Pesco Sannita";20;6;0;0;0;;;;6;12;0;0;0;;;;12;18
"062050";"Pesco Sannita";21;9;0;0;0;;;;9;10;0;0;0;;;;10;19
"062050";"Pesco Sannita";22;10;0;0;0;;;;10;8;0;0;0;;;;8;18
"062050";"Pesco Sannita";23;11;0;0;0;;;;11;12;0;0;0;;;;12;23
"062050";"Pesco Sannita";24;8;0;0;0;;;;8;9;0;0;0;;;;9;17
"062050";"Pesco Sannita";25;16;0;0;0;;;;16;11;1;0;0;;;;12;28
"062050";"Pesco Sannita";26;14;0;0;0;;;;14;13;0;0;0;;;;13;27
"062050";"Pesco Sannita";27;4;0;0;0;;;;4;11;3;0;0;;;;14;18
"062050";"Pesco Sannita";28;10;0;0;0;;;;10;12;0;0;0;;;;12;22
"062050";"Pesco Sannita";29;5;0;0;0;;;;5;5;2;0;0;;;;7;12
"062050";"Pesco Sannita";30;13;1;0;0;;;;14;7;2;0;0;;;;9;23
"062050";"Pesco Sannita";31;3;2;0;0;;;;5;7;6;0;0;;;;13;18
"062050";"Pesco Sannita";32;9;1;0;0;;;;10;3;5;0;0;;;;8;18
"062050";"Pesco Sannita";33;7;3;0;0;;;;10;2;8;0;0;;;;10;20
"062050";"Pesco Sannita";34;10;3;0;0;;;;13;4;4;0;0;;;;8;21
"062050";"Pesco Sannita";35;4;3;0;0;;;;7;3;7;0;0;;;;10;17
"062050";"Pesco Sannita";36;7;5;0;0;;;;12;4;2;0;0;;;;6;18
"062050";"Pesco Sannita";37;4;1;0;0;;;;5;4;8;0;0;;;;12;17
"062050";"Pesco Sannita";38;4;8;0;0;;;;12;3;7;0;0;;;;10;22
"062050";"Pesco Sannita";39;7;5;0;0;;;;12;3;9;0;0;;;;12;24
"062050";"Pesco Sannita";40;0;4;1;0;;;;5;4;7;0;0;;;;11;16
"062050";"Pesco Sannita";41;6;9;0;0;;;;15;0;3;0;0;;;;3;18
"062050";"Pesco Sannita";42;5;6;0;0;;;;11;4;5;0;0;;;;9;20
"062050";"Pesco Sannita";43;4;6;0;0;;;;10;2;12;1;0;;;;15;25
"062050";"Pesco Sannita";44;1;10;0;0;;;;11;1;7;0;0;;;;8;19
"062050";"Pesco Sannita";45;3;5;0;0;;;;8;3;8;0;1;;;;12;20
"062050";"Pesco Sannita";46;5;6;0;0;;;;11;2;5;0;0;;;;7;18
"062050";"Pesco Sannita";47;3;4;1;0;;;;8;0;10;1;1;;;;12;20
"062050";"Pesco Sannita";48;5;7;0;0;;;;12;2;11;1;0;;;;14;26
"062050";"Pesco Sannita";49;3;4;0;0;;;;7;1;9;0;1;;;;11;18
"062050";"Pesco Sannita";50;3;4;1;0;;;;8;2;7;0;0;;;;9;17
"062050";"Pesco Sannita";51;1;9;1;0;;;;11;2;12;0;0;;;;14;25
"062050";"Pesco Sannita";52;2;6;0;0;;;;8;2;6;0;1;;;;9;17
"062050";"Pesco Sannita";53;0;9;1;0;;;;10;3;15;0;0;;;;18;28
"062050";"Pesco Sannita";54;2;14;0;0;;;;16;2;8;0;1;;;;11;27
"062050";"Pesco Sannita";55;5;12;2;0;;;;19;0;10;3;2;;;;15;34
"062050";"Pesco Sannita";56;3;13;0;0;;;;16;4;7;0;2;;;;13;29
"062050";"Pesco Sannita";57;2;12;1;1;;;;16;1;15;0;1;;;;17;33
"062050";"Pesco Sannita";58;6;6;0;0;;;;12;1;10;0;0;;;;11;23
"062050";"Pesco Sannita";59;3;11;0;1;;;;15;1;11;0;0;;;;12;27
"062050";"Pesco Sannita";60;3;12;0;0;;;;15;1;17;1;1;;;;20;35
"062050";"Pesco Sannita";61;1;16;0;1;;;;18;2;18;1;0;;;;21;39
"062050";"Pesco Sannita";62;0;19;0;0;;;;19;2;8;0;2;;;;12;31
"062050";"Pesco Sannita";63;2;4;0;1;;;;7;1;15;1;2;;;;19;26
"062050";"Pesco Sannita";64;2;11;0;1;;;;14;0;11;0;2;;;;13;27
"062050";"Pesco Sannita";65;0;12;0;0;;;;12;0;11;1;3;;;;15;27
"062050";"Pesco Sannita";66;2;7;0;0;;;;9;2;8;0;1;;;;11;20
"062050";"Pesco Sannita";67;0;6;3;0;;;;9;0;12;1;1;;;;14;23
"062050";"Pesco Sannita";68;1;11;1;1;;;;14;2;11;1;1;;;;15;29
"062050";"Pesco Sannita";69;1;10;3;0;;;;14;1;10;0;3;;;;14;28
"062050";"Pesco Sannita";70;1;16;1;0;;;;18;0;7;0;1;;;;8;26
"062050";"Pesco Sannita";71;2;9;0;1;;;;12;0;7;0;4;;;;11;23
"062050";"Pesco Sannita";72;1;12;1;1;;;;15;4;8;0;4;;;;16;31
"062050";"Pesco Sannita";73;0;6;0;0;;;;6;0;3;0;2;;;;5;11
"062050";"Pesco Sannita";74;2;8;1;1;;;;12;1;10;0;4;;;;15;27
"062050";"Pesco Sannita";75;3;15;0;1;;;;19;1;7;0;1;;;;9;28
"062050";"Pesco Sannita";76;0;11;0;3;;;;14;2;7;0;6;;;;15;29
"062050";"Pesco Sannita";77;1;10;0;0;;;;11;0;3;0;4;;;;7;18
"062050";"Pesco Sannita";78;0;7;0;0;;;;7;0;6;0;4;;;;10;17
"062050";"Pesco Sannita";79;0;7;0;0;;;;7;0;5;0;3;;;;8;15
"062050";"Pesco Sannita";80;0;3;0;0;;;;3;2;2;0;3;;;;7;10
"062050";"Pesco Sannita";81;1;3;0;0;;;;4;0;8;0;11;;;;19;23
"062050";"Pesco Sannita";82;0;3;0;0;;;;3;0;2;1;5;;;;8;11
"062050";"Pesco Sannita";83;0;6;0;0;;;;6;0;7;0;8;;;;15;21
"062050";"Pesco Sannita";84;0;7;0;1;;;;8;1;1;0;6;;;;8;16
"062050";"Pesco Sannita";85;1;2;0;1;;;;4;1;1;1;8;;;;11;15
"062050";"Pesco Sannita";86;0;5;0;2;;;;7;0;1;0;4;;;;5;12
"062050";"Pesco Sannita";87;0;5;0;0;;;;5;0;0;0;4;;;;4;9
"062050";"Pesco Sannita";88;0;4;0;2;;;;6;0;5;0;6;;;;11;17
"062050";"Pesco Sannita";89;0;3;0;3;;;;6;0;0;0;2;;;;2;8
"062050";"Pesco Sannita";90;0;0;0;2;;;;2;0;1;0;3;;;;4;6
"062050";"Pesco Sannita";91;0;1;0;2;;;;3;1;1;0;3;;;;5;8
"062050";"Pesco Sannita";92;0;1;0;3;;;;4;1;0;0;5;;;;6;10
"062050";"Pesco Sannita";93;0;0;0;0;;;;0;1;0;0;5;;;;6;6
"062050";"Pesco Sannita";94;0;1;0;0;;;;1;0;0;0;3;;;;3;4
"062050";"Pesco Sannita";95;0;1;0;0;;;;1;0;0;0;1;;;;1;2
"062050";"Pesco Sannita";96;0;1;0;0;;;;1;0;0;0;1;;;;1;2
"062050";"Pesco Sannita";97;0;0;0;0;;;;0;0;0;0;1;;;;1;1
"062050";"Pesco Sannita";98;0;0;0;0;;;;0;0;0;0;0;;;;0;0
"062050";"Pesco Sannita";99;0;0;0;0;;;;0;1;0;0;1;;;;2;2
"062050";"Pesco Sannita";100;0;0;0;0;;;;0;0;0;0;2;;;;2;2
"062050";"Pesco Sannita";999;386;444;18;29;;;;877;340;455;14;141;;;;950;1827
"062051";"Pietraroja";0;2;0;0;0;;;;2;2;0;0;0;;;;2;4
"062051";"Pietraroja";1;2;0;0;0;;;;2;1;0;0;0;;;;1;3
"062051";"Pietraroja";2;0;0;0;0;;;;0;1;0;0;0;;;;1;1
"062051";"Pietraroja";3;2;0;0;0;;;;2;1;0;0;0;;;;1;3
"062051";"Pietraroja";4;7;0;0;0;;;;7;1;0;0;0;;;;1;8
"062051";"Pietraroja";5;3;0;0;0;;;;3;4;0;0;0;;;;4;7
"062051";"Pietraroja";6;3;0;0;0;;;;3;0;0;0;0;;;;0;3
"062051";"Pietraroja";7;0;0;0;0;;;;0;3;0;0;0;;;;3;3
"062051";"Pietraroja";8;0;0;0;0;;;;0;1;0;0;0;;;;1;1
"062051";"Pietraroja";9;3;0;0;0;;;;3;0;0;0;0;;;;0;3
"062051";"Pietraroja";10;1;0;0;0;;;;1;1;0;0;0;;;;1;2
"062051";"Pietraroja";11;0;0;0;0;;;;0;3;0;0;0;;;;3;3
"062051";"Pietraroja";12;1;0;0;0;;;;1;4;0;0;0;;;;4;5
"062051";"Pietraroja";13;0;0;0;0;;;;0;0;0;0;0;;;;0;0
"062051";"Pietraroja";14;1;0;0;0;;;;1;5;0;0;0;;;;5;6
"062051";"Pietraroja";15;0;0;0;0;;;;0;1;0;0;0;;;;1;1
"062051";"Pietraroja";16;1;0;0;0;;;;1;2;0;0;0;;;;2;3
"062051";"Pietraroja";17;1;0;0;0;;;;1;2;0;0;0;;;;2;3
"062051";"Pietraroja";18;1;0;0;0;;;;1;2;0;0;0;;;;2;3
"062051";"Pietraroja";19;3;0;0;0;;;;3;3;0;0;0;;;;3;6
"062051";"Pietraroja";20;2;0;0;0;;;;2;4;0;0;0;;;;4;6
"062051";"Pietraroja";21;4;0;0;0;;;;4;5;0;0;0;;;;5;9
"062051";"Pietraroja";22;1;0;0;0;;;;1;3;0;0;0;;;;3;4
"062051";"Pietraroja";23;4;0;0;0;;;;4;3;0;0;0;;;;3;7
"062051";"Pietraroja";24;2;0;0;0;;;;2;1;0;0;0;;;;1;3
"062051";"Pietraroja";25;0;0;0;0;;;;0;1;0;0;0;;;;1;1
"062051";"Pietraroja";26;4;1;0;0;;;;5;3;0;0;0;;;;3;8
"062051";"Pietraroja";27;2;0;0;0;;;;2;4;0;0;0;;;;4;6
"062051";"Pietraroja";28;6;0;0;0;;;;6;4;0;0;0;;;;4;10
"062051";"Pietraroja";29;2;0;0;0;;;;2;3;1;0;0;;;;4;6
"062051";"Pietraroja";30;1;0;0;0;;;;1;4;1;0;0;;;;5;6
"062051";"Pietraroja";31;2;0;0;0;;;;2;1;1;0;0;;;;2;4
"062051";"Pietraroja";32;5;0;0;0;;;;5;3;2;0;0;;;;5;10
"062051";"Pietraroja";33;3;1;0;0;;;;4;2;1;0;0;;;;3;7
"062051";"Pietraroja";34;3;0;0;0;;;;3;4;0;0;0;;;;4;7
"062051";"Pietraroja";35;3;3;0;0;;;;6;1;3;0;0;;;;4;10
"062051";"Pietraroja";36;2;1;0;0;;;;3;1;2;0;0;;;;3;6
"062051";"Pietraroja";37;1;0;0;0;;;;1;1;2;0;0;;;;3;4
"062051";"Pietraroja";38;0;1;0;0;;;;1;1;0;0;0;;;;1;2
"062051";"Pietraroja";39;3;0;0;0;;;;3;2;1;0;0;;;;3;6
"062051";"Pietraroja";40;0;1;0;0;;;;1;2;1;0;0;;;;3;4
"062051";"Pietraroja";41;2;2;0;0;;;;4;1;1;0;0;;;;2;6
"062051";"Pietraroja";42;1;1;0;0;;;;2;3;1;0;0;;;;4;6
"062051";"Pietraroja";43;0;1;0;0;;;;1;2;1;0;0;;;;3;4
"062051";"Pietraroja";44;2;0;0;0;;;;2;0;0;0;0;;;;0;2
"062051";"Pietraroja";45;0;3;0;0;;;;3;1;7;0;0;;;;8;11
"062051";"Pietraroja";46;1;1;0;0;;;;2;1;0;1;0;;;;2;4
"062051";"Pietraroja";47;1;2;0;0;;;;3;0;1;0;0;;;;1;4
"062051";"Pietraroja";48;0;1;0;0;;;;1;0;3;0;0;;;;3;4
"062051";"Pietraroja";49;0;0;0;0;;;;0;2;3;0;0;;;;5;5
"062051";"Pietraroja";50;1;1;0;0;;;;2;0;3;0;0;;;;3;5
"062051";"Pietraroja";51;1;1;0;0;;;;2;0;5;0;0;;;;5;7
"062051";"Pietraroja";52;0;3;0;0;;;;3;0;1;0;0;;;;1;4
"062051";"Pietraroja";53;2;3;0;0;;;;5;0;4;0;0;;;;4;9
"062051";"Pietraroja";54;1;2;0;0;;;;3;0;4;0;0;;;;4;7
"062051";"Pietraroja";55;0;7;0;0;;;;7;0;4;0;1;;;;5;12
"062051";"Pietraroja";56;0;3;0;0;;;;3;0;5;1;0;;;;6;9
"062051";"Pietraroja";57;2;3;0;0;;;;5;1;3;0;1;;;;5;10
"062051";"Pietraroja";58;2;3;0;0;;;;5;3;4;0;0;;;;7;12
"062051";"Pietraroja";59;0;5;0;0;;;;5;1;4;0;1;;;;6;11
"062051";"Pietraroja";60;1;2;0;0;;;;3;1;2;0;1;;;;4;7
"062051";"Pietraroja";61;0;4;0;0;;;;4;2;1;0;0;;;;3;7
"062051";"Pietraroja";62;1;2;0;0;;;;3;0;1;0;0;;;;1;4
"062051";"Pietraroja";63;0;4;1;0;;;;5;0;1;0;0;;;;1;6
"062051";"Pietraroja";64;1;3;0;0;;;;4;1;1;0;0;;;;2;6
"062051";"Pietraroja";65;1;3;0;0;;;;4;2;3;0;0;;;;5;9
"062051";"Pietraroja";66;1;5;0;0;;;;6;0;4;0;1;;;;5;11
"062051";"Pietraroja";67;1;4;0;0;;;;5;0;0;0;0;;;;0;5
"062051";"Pietraroja";68;0;1;0;0;;;;1;0;5;0;2;;;;7;8
"062051";"Pietraroja";69;0;5;0;1;;;;6;0;2;0;1;;;;3;9
"062051";"Pietraroja";70;2;0;0;0;;;;2;1;1;0;2;;;;4;6
"062051";"Pietraroja";71;0;0;0;1;;;;1;0;1;0;1;;;;2;3
"062051";"Pietraroja";72;0;1;0;0;;;;1;1;1;0;0;;;;2;3
"062051";"Pietraroja";73;0;2;0;0;;;;2;0;2;0;2;;;;4;6
"062051";"Pietraroja";74;0;1;0;0;;;;1;0;1;0;0;;;;1;2
"062051";"Pietraroja";75;0;3;0;0;;;;3;0;2;0;1;;;;3;6
"062051";"Pietraroja";76;0;2;0;0;;;;2;0;1;0;3;;;;4;6
"062051";"Pietraroja";77;0;2;0;0;;;;2;0;4;0;0;;;;4;6
"062051";"Pietraroja";78;0;4;0;1;;;;5;1;1;0;1;;;;3;8
"062051";"Pietraroja";79;0;2;0;0;;;;2;0;1;0;0;;;;1;3
"062051";"Pietraroja";80;1;0;0;0;;;;1;2;0;0;2;;;;4;5
"062051";"Pietraroja";81;0;3;0;1;;;;4;0;0;0;0;;;;0;4
"062051";"Pietraroja";82;0;0;0;0;;;;0;0;0;0;0;;;;0;0
"062051";"Pietraroja";83;0;1;1;0;;;;2;0;1;0;4;;;;5;7
"062051";"Pietraroja";84;0;1;0;0;;;;1;0;0;0;1;;;;1;2
"062051";"Pietraroja";85;0;0;0;1;;;;1;1;1;0;4;;;;6;7
"062051";"Pietraroja";86;0;2;0;2;;;;4;0;0;0;3;;;;3;7
"062051";"Pietraroja";87;0;1;0;2;;;;3;1;1;0;6;;;;8;11
"062051";"Pietraroja";88;0;2;0;0;;;;2;0;0;0;2;;;;2;4
"062051";"Pietraroja";89;0;0;0;0;;;;0;1;0;0;2;;;;3;3
"062051";"Pietraroja";90;0;1;0;0;;;;1;1;1;0;2;;;;4;5
"062051";"Pietraroja";91;0;0;0;0;;;;0;0;1;0;2;;;;3;3
"062051";"Pietraroja";92;0;0;0;0;;;;0;0;0;0;2;;;;2;2
"062051";"Pietraroja";93;0;0;0;1;;;;1;0;0;0;0;;;;0;1
"062051";"Pietraroja";94;0;0;0;0;;;;0;0;0;0;0;;;;0;0
"062051";"Pietraroja";95;0;0;0;2;;;;2;0;0;0;0;;;;0;2
"062051";"Pietraroja";96;0;0;0;0;;;;0;0;0;0;0;;;;0;0
"062051";"Pietraroja";97;0;0;0;0;;;;0;0;0;0;1;;;;1;1
"062051";"Pietraroja";98;0;0;0;0;;;;0;0;0;0;0;;;;0;0
"062051";"Pietraroja";99;0;0;0;0;;;;0;1;0;0;0;;;;1;1
"062051";"Pietraroja";100;0;0;0;0;;;;0;1;0;0;0;;;;1;1
"062051";"Pietraroja";999;106;111;2;12;;;;231;122;109;2;49;;;;282;513
"062052";"Pietrelcina";0;11;0;0;0;;;;11;6;0;0;0;;;;6;17
"062052";"Pietrelcina";1;10;0;0;0;;;;10;11;0;0;0;;;;11;21
"062052";"Pietrelcina";2;8;0;0;0;;;;8;9;0;0;0;;;;9;17
"062052";"Pietrelcina";3;8;0;0;0;;;;8;6;0;0;0;;;;6;14
"062052";"Pietrelcina";4;8;0;0;0;;;;8;7;0;0;0;;;;7;15
"062052";"Pietrelcina";5;9;0;0;0;;;;9;7;0;0;0;;;;7;16
"062052";"Pietrelcina";6;5;0;0;0;;;;5;10;0;0;0;;;;10;15
"062052";"Pietrelcina";7;16;0;0;0;;;;16;16;0;0;0;;;;16;32
"062052";"Pietrelcina";8;14;0;0;0;;;;14;7;0;0;0;;;;7;21
"062052";"Pietrelcina";9;11;0;0;0;;;;11;17;0;0;0;;;;17;28
"062052";"Pietrelcina";10;13;0;0;0;;;;13;19;0;0;0;;;;19;32
"062052";"Pietrelcina";11;12;0;0;0;;;;12;15;0;0;0;;;;15;27
"062052";"Pietrelcina";12;9;0;0;0;;;;9;13;0;0;0;;;;13;22
"062052";"Pietrelcina";13;18;0;0;0;;;;18;10;0;0;0;;;;10;28
"062052";"Pietrelcina";14;16;0;0;0;;;;16;5;0;0;0;;;;5;21
"062052";"Pietrelcina";15;17;0;0;0;;;;17;10;0;0;0;;;;10;27
"062052";"Pietrelcina";16;16;0;0;0;;;;16;13;0;0;0;;;;13;29
"062052";"Pietrelcina";17;16;0;0;0;;;;16;10;0;0;0;;;;10;26
"062052";"Pietrelcina";18;16;0;0;0;;;;16;11;0;0;0;;;;11;27
"062052";"Pietrelcina";19;8;0;0;0;;;;8;18;0;0;0;;;;18;26
"062052";"Pietrelcina";20;16;0;0;0;;;;16;14;0;0;0;;;;14;30
"062052";"Pietrelcina";21;16;0;0;0;;;;16;11;0;0;0;;;;11;27
"062052";"Pietrelcina";22;11;0;0;0;;;;11;11;0;0;0;;;;11;22
"062052";"Pietrelcina";23;16;0;0;0;;;;16;8;0;0;0;;;;8;24
"062052";"Pietrelcina";24;21;0;0;0;;;;21;11;0;0;0;;;;11;32
"062052";"Pietrelcina";25;20;1;0;0;;;;21;12;2;0;0;;;;14;35
"062052";"Pietrelcina";26;18;2;0;0;;;;20;7;0;0;0;;;;7;27
"062052";"Pietrelcina";27;18;1;0;0;;;;19;10;1;0;0;;;;11;30
"062052";"Pietrelcina";28;20;0;0;0;;;;20;15;1;0;0;;;;16;36
"062052";"Pietrelcina";29;17;0;0;0;;;;17;13;2;0;0;;;;15;32
"062052";"Pietrelcina";30;17;0;0;0;;;;17;5;2;0;0;;;;7;24
"062052";"Pietrelcina";31;12;2;0;0;;;;14;9;6;0;0;;;;15;29
"062052";"Pietrelcina";32;15;3;0;0;;;;18;11;5;1;0;;;;17;35
"062052";"Pietrelcina";33;19;4;0;0;;;;23;8;5;0;0;;;;13;36
"062052";"Pietrelcina";34;11;4;0;0;;;;15;8;8;1;0;;;;17;32
"062052";"Pietrelcina";35;13;7;0;0;;;;20;6;11;0;0;;;;17;37
"062052";"Pietrelcina";36;16;6;0;0;;;;22;9;8;0;0;;;;17;39
"062052";"Pietrelcina";37;6;14;0;0;;;;20;6;13;0;0;;;;19;39
"062052";"Pietrelcina";38;10;4;0;0;;;;14;8;12;0;0;;;;20;34
"062052";"Pietrelcina";39;10;4;0;0;;;;14;7;8;0;0;;;;15;29
"062052";"Pietrelcina";40;12;5;0;0;;;;17;3;11;1;0;;;;15;32
"062052";"Pietrelcina";41;4;10;2;0;;;;16;3;11;0;0;;;;14;30
"062052";"Pietrelcina";42;6;14;0;0;;;;20;2;17;0;0;;;;19;39
"062052";"Pietrelcina";43;7;12;0;0;;;;19;4;12;0;0;;;;16;35
"062052";"Pietrelcina";44;8;17;0;0;;;;25;6;13;0;0;;;;19;44
"062052";"Pietrelcina";45;3;16;0;0;;;;19;6;12;1;1;;;;20;39
"062052";"Pietrelcina";46;8;13;0;0;;;;21;3;22;2;0;;;;27;48
"062052";"Pietrelcina";47;1;11;0;0;;;;12;6;13;0;0;;;;19;31
"062052";"Pietrelcina";48;5;17;3;0;;;;25;3;16;3;1;;;;23;48
"062052";"Pietrelcina";49;9;10;1;0;;;;20;3;17;0;1;;;;21;41
"062052";"Pietrelcina";50;6;14;0;0;;;;20;3;14;0;0;;;;17;37
"062052";"Pietrelcina";51;7;9;1;0;;;;17;5;17;0;0;;;;22;39
"062052";"Pietrelcina";52;4;12;2;0;;;;18;3;15;0;1;;;;19;37
"062052";"Pietrelcina";53;3;18;0;1;;;;22;2;25;0;0;;;;27;49
"062052";"Pietrelcina";54;4;18;1;1;;;;24;3;24;1;0;;;;28;52
"062052";"Pietrelcina";55;8;18;0;1;;;;27;4;22;1;2;;;;29;56
"062052";"Pietrelcina";56;5;16;1;0;;;;22;1;20;1;2;;;;24;46
"062052";"Pietrelcina";57;3;20;0;1;;;;24;3;19;3;1;;;;26;50
"062052";"Pietrelcina";58;4;19;2;0;;;;25;5;19;0;4;;;;28;53
"062052";"Pietrelcina";59;2;22;1;0;;;;25;3;15;1;2;;;;21;46
"062052";"Pietrelcina";60;5;19;1;1;;;;26;4;16;2;5;;;;27;53
"062052";"Pietrelcina";61;3;15;1;3;;;;22;3;18;1;2;;;;24;46
"062052";"Pietrelcina";62;3;26;2;0;;;;31;3;21;0;1;;;;25;56
"062052";"Pietrelcina";63;4;19;1;0;;;;24;3;21;1;2;;;;27;51
"062052";"Pietrelcina";64;3;15;0;0;;;;18;2;17;2;3;;;;24;42
"062052";"Pietrelcina";65;2;8;0;1;;;;11;0;16;1;4;;;;21;32
"062052";"Pietrelcina";66;0;19;1;1;;;;21;1;13;1;2;;;;17;38
"062052";"Pietrelcina";67;2;17;1;0;;;;20;0;13;0;6;;;;19;39
"062052";"Pietrelcina";68;1;15;0;1;;;;17;0;13;0;3;;;;16;33
"062052";"Pietrelcina";69;1;16;0;1;;;;18;2;13;0;5;;;;20;38
"062052";"Pietrelcina";70;3;9;0;0;;;;12;1;13;0;2;;;;16;28
"062052";"Pietrelcina";71;4;11;0;0;;;;15;1;8;0;2;;;;11;26
"062052";"Pietrelcina";72;0;19;2;0;;;;21;0;12;0;5;;;;17;38
"062052";"Pietrelcina";73;1;19;0;0;;;;20;1;6;0;1;;;;8;28
"062052";"Pietrelcina";74;1;17;0;0;;;;18;2;14;0;1;;;;17;35
"062052";"Pietrelcina";75;3;11;0;2;;;;16;1;5;1;11;;;;18;34
"062052";"Pietrelcina";76;1;12;0;4;;;;17;1;14;1;5;;;;21;38
"062052";"Pietrelcina";77;0;14;0;3;;;;17;1;1;0;5;;;;7;24
"062052";"Pietrelcina";78;1;9;0;4;;;;14;0;9;0;3;;;;12;26
"062052";"Pietrelcina";79;1;1;0;1;;;;3;0;8;0;6;;;;14;17
"062052";"Pietrelcina";80;0;10;0;1;;;;11;1;9;0;9;;;;19;30
"062052";"Pietrelcina";81;0;11;0;1;;;;12;0;3;0;10;;;;13;25
"062052";"Pietrelcina";82;1;6;0;1;;;;8;2;4;0;5;;;;11;19
"062052";"Pietrelcina";83;1;4;0;3;;;;8;0;3;0;4;;;;7;15
"062052";"Pietrelcina";84;0;8;1;2;;;;11;0;1;0;6;;;;7;18
"062052";"Pietrelcina";85;0;10;0;4;;;;14;0;2;0;5;;;;7;21
"062052";"Pietrelcina";86;0;2;0;2;;;;4;1;3;0;6;;;;10;14
"062052";"Pietrelcina";87;0;5;0;0;;;;5;0;3;0;9;;;;12;17
"062052";"Pietrelcina";88;0;2;0;4;;;;6;0;1;0;11;;;;12;18
"062052";"Pietrelcina";89;0;1;0;2;;;;3;0;2;0;7;;;;9;12
"062052";"Pietrelcina";90;0;3;0;2;;;;5;0;0;0;4;;;;4;9
"062052";"Pietrelcina";91;0;3;0;0;;;;3;0;1;0;11;;;;12;15
"062052";"Pietrelcina";92;0;1;0;0;;;;1;0;2;0;1;;;;3;4
"062052";"Pietrelcina";93;0;0;0;1;;;;1;1;0;0;5;;;;6;7
"062052";"Pietrelcina";94;0;0;0;0;;;;0;0;1;0;2;;;;3;3
"062052";"Pietrelcina";95;0;1;0;0;;;;1;1;0;0;2;;;;3;4
"062052";"Pietrelcina";96;0;0;0;2;;;;2;0;0;0;1;;;;1;3
"062052";"Pietrelcina";97;0;0;0;0;;;;0;0;0;0;3;;;;3;3
"062052";"Pietrelcina";98;0;0;0;0;;;;0;0;1;0;0;;;;1;1
"062052";"Pietrelcina";99;0;1;0;0;;;;1;0;0;0;1;;;;1;2
"062052";"Pietrelcina";100;0;0;0;2;;;;2;0;0;0;0;;;;0;2
"062052";"Pietrelcina";999;693;702;24;53;;;;1472;512;705;26;191;;;;1434;2906
"062053";"Ponte";0;11;0;0;0;;;;11;8;0;0;0;;;;8;19
"062053";"Ponte";1;8;0;0;0;;;;8;7;0;0;0;;;;7;15
"062053";"Ponte";2;6;0;0;0;;;;6;4;0;0;0;;;;4;10
"062053";"Ponte";3;9;0;0;0;;;;9;9;0;0;0;;;;9;18
"062053";"Ponte";4;8;0;0;0;;;;8;5;0;0;0;;;;5;13
"062053";"Ponte";5;9;0;0;0;;;;9;15;0;0;0;;;;15;24
"062053";"Ponte";6;8;0;0;0;;;;8;6;0;0;0;;;;6;14
"062053";"Ponte";7;16;0;0;0;;;;16;10;0;0;0;;;;10;26
"062053";"Ponte";8;7;0;0;0;;;;7;11;0;0;0;;;;11;18
"062053";"Ponte";9;16;0;0;0;;;;16;6;0;0;0;;;;6;22
"062053";"Ponte";10;4;0;0;0;;;;4;5;0;0;0;;;;5;9
"062053";"Ponte";11;13;0;0;0;;;;13;11;0;0;0;;;;11;24
"062053";"Ponte";12;10;0;0;0;;;;10;8;0;0;0;;;;8;18
"062053";"Ponte";13;8;0;0;0;;;;8;9;0;0;0;;;;9;17
"062053";"Ponte";14;9;0;0;0;;;;9;17;0;0;0;;;;17;26
"062053";"Ponte";15;9;0;0;0;;;;9;7;0;0;0;;;;7;16
"062053";"Ponte";16;9;0;0;0;;;;9;8;0;0;0;;;;8;17
"062053";"Ponte";17;11;0;0;0;;;;11;14;0;0;0;;;;14;25
"062053";"Ponte";18;15;0;0;0;;;;15;12;0;0;0;;;;12;27
"062053";"Ponte";19;10;0;0;0;;;;10;16;1;0;0;;;;17;27
"062053";"Ponte";20;11;0;0;0;;;;11;8;0;0;0;;;;8;19
"062053";"Ponte";21;10;1;0;0;;;;11;13;0;0;0;;;;13;24
"062053";"Ponte";22;14;0;0;0;;;;14;10;0;0;0;;;;10;24
"062053";"Ponte";23;15;0;0;0;;;;15;9;0;0;0;;;;9;24
"062053";"Ponte";24;13;0;0;0;;;;13;14;3;0;0;;;;17;30
"062053";"Ponte";25;15;0;0;0;;;;15;21;1;0;0;;;;22;37
"062053";"Ponte";26;14;0;0;0;;;;14;7;4;0;0;;;;11;25
"062053";"Ponte";27;15;0;0;0;;;;15;11;2;0;0;;;;13;28
"062053";"Ponte";28;14;1;0;0;;;;15;12;4;0;0;;;;16;31
"062053";"Ponte";29;11;3;0;0;;;;14;10;1;0;0;;;;11;25
"062053";"Ponte";30;8;3;0;0;;;;11;16;4;0;0;;;;20;31
"062053";"Ponte";31;15;3;0;0;;;;18;8;8;0;0;;;;16;34
"062053";"Ponte";32;13;3;0;0;;;;16;5;2;0;0;;;;7;23
"062053";"Ponte";33;8;2;0;0;;;;10;4;4;0;0;;;;8;18
"062053";"Ponte";34;9;5;0;0;;;;14;5;7;0;0;;;;12;26
"062053";"Ponte";35;12;11;0;0;;;;23;3;5;0;0;;;;8;31
"062053";"Ponte";36;12;6;0;0;;;;18;6;9;0;0;;;;15;33
"062053";"Ponte";37;10;5;0;0;;;;15;2;9;0;0;;;;11;26
"062053";"Ponte";38;7;7;0;0;;;;14;2;3;0;0;;;;5;19
"062053";"Ponte";39;9;3;0;0;;;;12;4;10;1;0;;;;15;27
"062053";"Ponte";40;8;6;0;0;;;;14;4;11;0;0;;;;15;29
"062053";"Ponte";41;3;7;0;0;;;;10;2;10;1;0;;;;13;23
"062053";"Ponte";42;4;10;1;0;;;;15;3;11;1;0;;;;15;30
"062053";"Ponte";43;3;7;0;0;;;;10;1;8;0;0;;;;9;19
"062053";"Ponte";44;6;9;1;0;;;;16;2;6;0;0;;;;8;24
"062053";"Ponte";45;4;9;0;0;;;;13;2;13;0;0;;;;15;28
"062053";"Ponte";46;3;9;0;0;;;;12;2;17;0;1;;;;20;32
"062053";"Ponte";47;6;16;0;0;;;;22;6;14;0;0;;;;20;42
"062053";"Ponte";48;4;10;0;0;;;;14;3;5;0;2;;;;10;24
"062053";"Ponte";49;5;14;0;0;;;;19;1;18;1;0;;;;20;39
"062053";"Ponte";50;4;8;0;0;;;;12;2;12;0;1;;;;15;27
"062053";"Ponte";51;4;14;2;0;;;;20;3;12;0;1;;;;16;36
"062053";"Ponte";52;6;12;0;0;;;;18;4;12;0;0;;;;16;34
"062053";"Ponte";53;5;4;1;0;;;;10;5;15;1;1;;;;22;32
"062053";"Ponte";54;2;8;2;0;;;;12;3;14;2;0;;;;19;31
"062053";"Ponte";55;5;15;2;0;;;;22;2;21;3;0;;;;26;48
"062053";"Ponte";56;2;15;0;0;;;;17;4;21;2;1;;;;28;45
"062053";"Ponte";57;2;18;1;1;;;;22;5;18;2;0;;;;25;47
"062053";"Ponte";58;2;20;0;1;;;;23;2;9;0;1;;;;12;35
"062053";"Ponte";59;2;16;0;0;;;;18;1;15;1;2;;;;19;37
"062053";"Ponte";60;3;14;0;2;;;;19;0;19;1;3;;;;23;42
"062053";"Ponte";61;2;17;0;0;;;;19;2;13;1;1;;;;17;36
"062053";"Ponte";62;2;19;1;1;;;;23;3;19;0;2;;;;24;47
"062053";"Ponte";63;2;13;0;0;;;;15;0;8;0;1;;;;9;24
"062053";"Ponte";64;1;16;1;0;;;;18;3;15;1;0;;;;19;37
"062053";"Ponte";65;3;12;0;1;;;;16;0;14;0;1;;;;15;31
"062053";"Ponte";66;3;11;1;1;;;;16;2;7;1;1;;;;11;27
"062053";"Ponte";67;1;13;0;0;;;;14;3;10;0;1;;;;14;28
"062053";"Ponte";68;0;13;1;0;;;;14;3;14;0;2;;;;19;33
"062053";"Ponte";69;2;16;1;0;;;;19;4;10;0;3;;;;17;36
"062053";"Ponte";70;1;12;0;1;;;;14;1;10;0;2;;;;13;27
"062053";"Ponte";71;0;9;0;2;;;;11;0;6;0;6;;;;12;23
"062053";"Ponte";72;2;8;0;1;;;;11;0;6;0;1;;;;7;18
"062053";"Ponte";73;1;8;1;0;;;;10;0;11;1;8;;;;20;30
"062053";"Ponte";74;0;8;0;1;;;;9;0;4;0;7;;;;11;20
"062053";"Ponte";75;0;5;0;1;;;;6;0;6;0;2;;;;8;14
"062053";"Ponte";76;1;8;1;2;;;;12;0;9;0;3;;;;12;24
"062053";"Ponte";77;1;11;0;0;;;;12;0;15;0;2;;;;17;29
"062053";"Ponte";78;0;9;0;1;;;;10;1;3;0;5;;;;9;19
"062053";"Ponte";79;0;4;0;1;;;;5;2;6;0;1;;;;9;14
"062053";"Ponte";80;1;7;0;0;;;;8;0;7;0;8;;;;15;23
"062053";"Ponte";81;0;6;0;1;;;;7;0;6;0;12;;;;18;25
"062053";"Ponte";82;0;12;0;0;;;;12;0;5;0;8;;;;13;25
"062053";"Ponte";83;1;9;0;1;;;;11;0;4;0;4;;;;8;19
"062053";"Ponte";84;0;10;0;3;;;;13;0;5;0;8;;;;13;26
"062053";"Ponte";85;0;7;0;2;;;;9;1;4;0;5;;;;10;19
"062053";"Ponte";86;0;5;0;1;;;;6;0;2;0;9;;;;11;17
"062053";"Ponte";87;0;7;0;2;;;;9;0;2;0;7;;;;9;18
"062053";"Ponte";88;0;8;0;0;;;;8;0;2;0;5;;;;7;15
"062053";"Ponte";89;0;4;0;1;;;;5;1;4;0;5;;;;10;15
"062053";"Ponte";90;0;1;0;0;;;;1;0;2;0;6;;;;8;9
"062053";"Ponte";91;0;1;0;1;;;;2;0;1;0;3;;;;4;6
"062053";"Ponte";92;0;2;0;2;;;;4;0;0;0;7;;;;7;11
"062053";"Ponte";93;0;1;0;1;;;;2;1;0;0;5;;;;6;8
"062053";"Ponte";94;0;2;0;0;;;;2;0;0;0;4;;;;4;6
"062053";"Ponte";95;0;1;0;0;;;;1;0;1;0;0;;;;1;2
"062053";"Ponte";96;0;1;0;1;;;;2;0;0;0;0;;;;0;2
"062053";"Ponte";97;0;0;0;0;;;;0;0;0;0;2;;;;2;2
"062053";"Ponte";98;0;0;0;0;;;;0;0;0;0;1;;;;1;1
"062053";"Ponte";99;0;0;0;0;;;;0;0;0;0;0;;;;0;0
"062053";"Ponte";100;0;0;0;0;;;;0;0;0;0;1;;;;1;1
"062053";"Ponte";999;538;590;17;33;;;;1178;442;589;20;162;;;;1213;2391
"062054";"Pontelandolfo";0;2;0;0;0;;;;2;4;0;0;0;;;;4;6
"062054";"Pontelandolfo";1;7;0;0;0;;;;7;3;0;0;0;;;;3;10
"062054";"Pontelandolfo";2;3;0;0;0;;;;3;5;0;0;0;;;;5;8
"062054";"Pontelandolfo";3;6;0;0;0;;;;6;6;0;0;0;;;;6;12
"062054";"Pontelandolfo";4;2;0;0;0;;;;2;8;0;0;0;;;;8;10
"062054";"Pontelandolfo";5;8;0;0;0;;;;8;7;0;0;0;;;;7;15
"062054";"Pontelandolfo";6;5;0;0;0;;;;5;6;0;0;0;;;;6;11
"062054";"Pontelandolfo";7;4;0;0;0;;;;4;6;0;0;0;;;;6;10
"062054";"Pontelandolfo";8;2;0;0;0;;;;2;3;0;0;0;;;;3;5
"062054";"Pontelandolfo";9;8;0;0;0;;;;8;10;0;0;0;;;;10;18
"062054";"Pontelandolfo";10;9;0;0;0;;;;9;5;0;0;0;;;;5;14
"062054";"Pontelandolfo";11;3;0;0;0;;;;3;3;0;0;0;;;;3;6
"062054";"Pontelandolfo";12;4;0;0;0;;;;4;2;0;0;0;;;;2;6
"062054";"Pontelandolfo";13;10;0;0;0;;;;10;9;0;0;0;;;;9;19
"062054";"Pontelandolfo";14;4;0;0;0;;;;4;4;0;0;0;;;;4;8
"062054";"Pontelandolfo";15;6;0;0;0;;;;6;8;0;0;0;;;;8;14
"062054";"Pontelandolfo";16;11;0;0;0;;;;11;14;0;0;0;;;;14;25
"062054";"Pontelandolfo";17;5;0;0;0;;;;5;5;0;0;0;;;;5;10
"062054";"Pontelandolfo";18;5;0;0;0;;;;5;12;0;0;0;;;;12;17
"062054";"Pontelandolfo";19;13;0;0;0;;;;13;10;0;0;0;;;;10;23
"062054";"Pontelandolfo";20;11;0;0;0;;;;11;5;0;0;0;;;;5;16
"062054";"Pontelandolfo";21;16;0;0;0;;;;16;9;0;0;0;;;;9;25
"062054";"Pontelandolfo";22;13;0;0;0;;;;13;8;1;0;0;;;;9;22
"062054";"Pontelandolfo";23;17;0;0;0;;;;17;11;0;0;0;;;;11;28
"062054";"Pontelandolfo";24;10;1;0;0;;;;11;13;0;0;0;;;;13;24
"062054";"Pontelandolfo";25;6;0;0;0;;;;6;16;1;0;0;;;;17;23
"062054";"Pontelandolfo";26;12;0;0;0;;;;12;12;0;0;0;;;;12;24
"062054";"Pontelandolfo";27;8;0;0;0;;;;8;13;0;0;0;;;;13;21
"062054";"Pontelandolfo";28;18;0;0;0;;;;18;7;3;0;0;;;;10;28
"062054";"Pontelandolfo";29;10;2;0;0;;;;12;8;3;0;0;;;;11;23
"062054";"Pontelandolfo";30;9;0;0;0;;;;9;7;4;0;0;;;;11;20
"062054";"Pontelandolfo";31;8;0;0;0;;;;8;8;0;0;0;;;;8;16
"062054";"Pontelandolfo";32;11;1;0;0;;;;12;9;4;0;0;;;;13;25
"062054";"Pontelandolfo";33;18;0;0;0;;;;18;9;2;0;0;;;;11;29
"062054";"Pontelandolfo";34;2;4;0;0;;;;6;3;4;0;0;;;;7;13
"062054";"Pontelandolfo";35;3;7;0;0;;;;10;7;8;0;0;;;;15;25
"062054";"Pontelandolfo";36;10;5;1;0;;;;16;4;1;0;0;;;;5;21
"062054";"Pontelandolfo";37;15;1;0;0;;;;16;7;5;0;0;;;;12;28
"062054";"Pontelandolfo";38;4;4;0;0;;;;8;6;3;0;0;;;;9;17
"062054";"Pontelandolfo";39;4;6;0;0;;;;10;4;5;0;0;;;;9;19
"062054";"Pontelandolfo";40;12;7;0;0;;;;19;0;9;0;0;;;;9;28
"062054";"Pontelandolfo";41;13;4;1;0;;;;18;3;13;0;0;;;;16;34
"062054";"Pontelandolfo";42;4;8;0;0;;;;12;5;5;1;0;;;;11;23
"062054";"Pontelandolfo";43;8;4;0;0;;;;12;0;9;1;0;;;;10;22
"062054";"Pontelandolfo";44;6;5;0;0;;;;11;2;6;0;0;;;;8;19
"062054";"Pontelandolfo";45;7;8;0;0;;;;15;4;10;0;0;;;;14;29
"062054";"Pontelandolfo";46;4;12;0;0;;;;16;4;6;0;1;;;;11;27
"062054";"Pontelandolfo";47;3;13;0;0;;;;16;3;9;0;0;;;;12;28
"062054";"Pontelandolfo";48;7;10;0;0;;;;17;4;10;0;0;;;;14;31
"062054";"Pontelandolfo";49;8;7;0;0;;;;15;2;10;1;1;;;;14;29
"062054";"Pontelandolfo";50;4;8;0;0;;;;12;1;10;0;1;;;;12;24
"062054";"Pontelandolfo";51;1;6;0;0;;;;7;2;13;0;1;;;;16;23
"062054";"Pontelandolfo";52;4;12;0;0;;;;16;1;14;0;0;;;;15;31
"062054";"Pontelandolfo";53;5;10;0;0;;;;15;1;9;1;0;;;;11;26
"062054";"Pontelandolfo";54;1;10;1;0;;;;12;4;9;0;0;;;;13;25
"062054";"Pontelandolfo";55;6;13;0;0;;;;19;3;15;0;2;;;;20;39
"062054";"Pontelandolfo";56;3;8;0;0;;;;11;0;14;1;1;;;;16;27
"062054";"Pontelandolfo";57;4;13;1;0;;;;18;1;8;0;1;;;;10;28
"062054";"Pontelandolfo";58;2;11;2;0;;;;15;0;8;0;0;;;;8;23
"062054";"Pontelandolfo";59;1;12;1;0;;;;14;2;14;0;3;;;;19;33
"062054";"Pontelandolfo";60;2;12;1;0;;;;15;1;16;0;2;;;;19;34
"062054";"Pontelandolfo";61;2;10;0;0;;;;12;2;10;0;1;;;;13;25
"062054";"Pontelandolfo";62;1;12;2;0;;;;15;3;6;1;4;;;;14;29
"062054";"Pontelandolfo";63;0;16;0;0;;;;16;1;6;0;0;;;;7;23
"062054";"Pontelandolfo";64;0;11;3;1;;;;15;0;14;0;0;;;;14;29
"062054";"Pontelandolfo";65;0;12;0;1;;;;13;1;13;1;1;;;;16;29
"062054";"Pontelandolfo";66;1;12;0;0;;;;13;2;11;1;4;;;;18;31
"062054";"Pontelandolfo";67;1;11;1;0;;;;13;1;17;0;2;;;;20;33
"062054";"Pontelandolfo";68;0;10;0;0;;;;10;0;13;0;2;;;;15;25
"062054";"Pontelandolfo";69;0;11;0;1;;;;12;0;6;1;5;;;;12;24
"062054";"Pontelandolfo";70;0;6;0;0;;;;6;1;17;0;2;;;;20;26
"062054";"Pontelandolfo";71;1;16;0;0;;;;17;0;7;0;2;;;;9;26
"062054";"Pontelandolfo";72;0;10;0;5;;;;15;1;8;0;5;;;;14;29
"062054";"Pontelandolfo";73;2;12;0;3;;;;17;1;11;0;7;;;;19;36
"062054";"Pontelandolfo";74;1;9;0;0;;;;10;1;10;0;8;;;;19;29
"062054";"Pontelandolfo";75;0;16;1;0;;;;17;0;8;0;6;;;;14;31
"062054";"Pontelandolfo";76;2;15;0;1;;;;18;0;4;0;6;;;;10;28
"062054";"Pontelandolfo";77;0;12;0;3;;;;15;1;7;1;5;;;;14;29
"062054";"Pontelandolfo";78;1;8;0;1;;;;10;1;3;1;5;;;;10;20
"062054";"Pontelandolfo";79;0;4;0;0;;;;4;1;4;0;3;;;;8;12
"062054";"Pontelandolfo";80;0;5;0;1;;;;6;1;4;0;5;;;;10;16
"062054";"Pontelandolfo";81;0;3;0;0;;;;3;1;3;0;2;;;;6;9
"062054";"Pontelandolfo";82;0;5;0;0;;;;5;0;1;0;1;;;;2;7
"062054";"Pontelandolfo";83;1;7;0;0;;;;8;1;2;0;5;;;;8;16
"062054";"Pontelandolfo";84;1;5;0;4;;;;10;1;3;0;7;;;;11;21
"062054";"Pontelandolfo";85;0;6;0;0;;;;6;0;9;0;13;;;;22;28
"062054";"Pontelandolfo";86;0;3;0;2;;;;5;1;1;0;5;;;;7;12
"062054";"Pontelandolfo";87;0;3;0;1;;;;4;0;1;0;7;;;;8;12
"062054";"Pontelandolfo";88;0;1;0;1;;;;2;0;0;0;7;;;;7;9
"062054";"Pontelandolfo";89;0;4;1;0;;;;5;0;0;0;4;;;;4;9
"062054";"Pontelandolfo";90;0;3;0;2;;;;5;0;2;0;4;;;;6;11
"062054";"Pontelandolfo";91;0;0;0;1;;;;1;0;0;0;4;;;;4;5
"062054";"Pontelandolfo";92;0;1;0;0;;;;1;0;0;0;4;;;;4;5
"062054";"Pontelandolfo";93;0;1;0;0;;;;1;0;1;0;3;;;;4;5
"062054";"Pontelandolfo";94;0;0;0;0;;;;0;0;1;0;1;;;;2;2
"062054";"Pontelandolfo";95;0;2;0;0;;;;2;0;0;0;2;;;;2;4
"062054";"Pontelandolfo";96;0;0;0;0;;;;0;0;0;0;2;;;;2;2
"062054";"Pontelandolfo";97;1;0;0;0;;;;1;0;0;0;2;;;;2;3
"062054";"Pontelandolfo";98;0;0;0;0;;;;0;0;0;0;0;;;;0;0
"062054";"Pontelandolfo";99;0;0;0;0;;;;0;0;0;0;1;;;;1;1
"062054";"Pontelandolfo";100;0;0;0;0;;;;0;0;0;0;0;;;;0;0
"062054";"Pontelandolfo";999;442;486;16;28;;;;972;361;464;11;160;;;;996;1968
"062055";"Puglianello";0;7;0;0;0;;;;7;1;0;0;0;;;;1;8
"062055";"Puglianello";1;4;0;0;0;;;;4;3;0;0;0;;;;3;7
"062055";"Puglianello";2;6;0;0;0;;;;6;5;0;0;0;;;;5;11
"062055";"Puglianello";3;0;0;0;0;;;;0;7;0;0;0;;;;7;7
"062055";"Puglianello";4;6;0;0;0;;;;6;4;0;0;0;;;;4;10
"062055";"Puglianello";5;6;0;0;0;;;;6;8;0;0;0;;;;8;14
"062055";"Puglianello";6;8;0;0;0;;;;8;1;0;0;0;;;;1;9
"062055";"Puglianello";7;8;0;0;0;;;;8;9;0;0;0;;;;9;17
"062055";"Puglianello";8;2;0;0;0;;;;2;3;0;0;0;;;;3;5
"062055";"Puglianello";9;4;0;0;0;;;;4;4;0;0;0;;;;4;8
"062055";"Puglianello";10;5;0;0;0;;;;5;4;0;0;0;;;;4;9
"062055";"Puglianello";11;4;0;0;0;;;;4;7;0;0;0;;;;7;11
"062055";"Puglianello";12;3;0;0;0;;;;3;5;0;0;0;;;;5;8
"062055";"Puglianello";13;7;0;0;0;;;;7;3;0;0;0;;;;3;10
"062055";"Puglianello";14;4;0;0;0;;;;4;8;0;0;0;;;;8;12
"062055";"Puglianello";15;10;0;0;0;;;;10;1;0;0;0;;;;1;11
"062055";"Puglianello";16;3;0;0;0;;;;3;5;0;0;0;;;;5;8
"062055";"Puglianello";17;8;0;0;0;;;;8;5;0;0;0;;;;5;13
"062055";"Puglianello";18;4;0;0;0;;;;4;4;0;0;0;;;;4;8
"062055";"Puglianello";19;3;0;0;0;;;;3;5;0;0;0;;;;5;8
"062055";"Puglianello";20;5;0;0;0;;;;5;7;0;0;0;;;;7;12
"062055";"Puglianello";21;4;0;0;0;;;;4;9;0;0;0;;;;9;13
"062055";"Puglianello";22;6;0;0;0;;;;6;4;1;0;0;;;;5;11
"062055";"Puglianello";23;10;0;0;0;;;;10;6;1;0;0;;;;7;17
"062055";"Puglianello";24;10;0;0;0;;;;10;7;0;0;0;;;;7;17
"062055";"Puglianello";25;7;0;0;0;;;;7;7;0;0;0;;;;7;14
"062055";"Puglianello";26;5;1;0;0;;;;6;3;0;0;0;;;;3;9
"062055";"Puglianello";27;5;1;0;0;;;;6;7;0;0;0;;;;7;13
"062055";"Puglianello";28;11;0;0;0;;;;11;7;3;0;0;;;;10;21
"062055";"Puglianello";29;5;1;0;0;;;;6;4;0;0;0;;;;4;10
"062055";"Puglianello";30;6;0;0;0;;;;6;4;2;0;0;;;;6;12
"062055";"Puglianello";31;7;1;0;0;;;;8;7;1;0;0;;;;8;16
"062055";"Puglianello";32;7;3;0;0;;;;10;7;1;0;0;;;;8;18
"062055";"Puglianello";33;4;2;0;0;;;;6;3;1;0;0;;;;4;10
"062055";"Puglianello";34;4;3;0;0;;;;7;2;2;1;0;;;;5;12
"062055";"Puglianello";35;6;1;0;0;;;;7;1;4;0;0;;;;5;12
"062055";"Puglianello";36;5;2;0;0;;;;7;1;2;0;0;;;;3;10
"062055";"Puglianello";37;3;4;0;0;;;;7;1;2;0;0;;;;3;10
"062055";"Puglianello";38;7;3;0;0;;;;10;0;10;0;0;;;;10;20
"062055";"Puglianello";39;2;5;0;0;;;;7;4;6;0;0;;;;10;17
"062055";"Puglianello";40;5;1;0;0;;;;6;1;5;0;0;;;;6;12
"062055";"Puglianello";41;8;4;0;0;;;;12;6;4;0;0;;;;10;22
"062055";"Puglianello";42;2;9;0;0;;;;11;3;4;0;0;;;;7;18
"062055";"Puglianello";43;4;5;0;0;;;;9;5;5;1;0;;;;11;20
"062055";"Puglianello";44;7;2;0;0;;;;9;2;7;0;0;;;;9;18
"062055";"Puglianello";45;0;3;0;0;;;;3;1;5;1;0;;;;7;10
"062055";"Puglianello";46;1;10;0;0;;;;11;3;10;0;0;;;;13;24
"062055";"Puglianello";47;2;5;0;0;;;;7;1;10;0;0;;;;11;18
"062055";"Puglianello";48;1;5;1;0;;;;7;1;9;0;0;;;;10;17
"062055";"Puglianello";49;2;6;1;0;;;;9;2;6;0;1;;;;9;18
"062055";"Puglianello";50;3;5;0;1;;;;9;1;7;0;0;;;;8;17
"062055";"Puglianello";51;3;11;0;0;;;;14;1;5;0;0;;;;6;20
"062055";"Puglianello";52;2;12;1;0;;;;15;0;6;0;0;;;;6;21
"062055";"Puglianello";53;5;3;0;0;;;;8;4;14;0;2;;;;20;28
"062055";"Puglianello";54;1;5;0;0;;;;6;2;11;1;0;;;;14;20
"062055";"Puglianello";55;1;13;1;0;;;;15;0;9;0;1;;;;10;25
"062055";"Puglianello";56;2;8;0;0;;;;10;2;12;0;1;;;;15;25
"062055";"Puglianello";57;1;7;0;1;;;;9;0;10;0;1;;;;11;20
"062055";"Puglianello";58;1;9;1;0;;;;11;4;9;0;0;;;;13;24
"062055";"Puglianello";59;2;12;0;0;;;;14;0;7;0;0;;;;7;21
"062055";"Puglianello";60;3;13;0;0;;;;16;1;5;2;1;;;;9;25
"062055";"Puglianello";61;1;9;0;1;;;;11;0;9;0;0;;;;9;20
"062055";"Puglianello";62;2;9;0;0;;;;11;1;2;0;1;;;;4;15
"062055";"Puglianello";63;0;9;0;0;;;;9;1;5;0;1;;;;7;16
"062055";"Puglianello";64;0;8;0;0;;;;8;1;10;2;4;;;;17;25
"062055";"Puglianello";65;1;8;0;0;;;;9;1;14;0;1;;;;16;25
"062055";"Puglianello";66;1;7;0;0;;;;8;2;6;0;0;;;;8;16
"062055";"Puglianello";67;0;8;1;0;;;;9;0;3;0;1;;;;4;13
"062055";"Puglianello";68;1;3;0;1;;;;5;0;2;0;3;;;;5;10
"062055";"Puglianello";69;0;5;0;0;;;;5;0;2;0;1;;;;3;8
"062055";"Puglianello";70;0;10;0;0;;;;10;0;3;0;0;;;;3;13
"062055";"Puglianello";71;0;4;1;0;;;;5;0;5;0;3;;;;8;13
"062055";"Puglianello";72;0;8;0;1;;;;9;2;8;0;1;;;;11;20
"062055";"Puglianello";73;0;4;0;0;;;;4;0;9;0;0;;;;9;13
"062055";"Puglianello";74;0;7;0;0;;;;7;0;9;0;4;;;;13;20
"062055";"Puglianello";75;0;8;0;1;;;;9;0;7;0;3;;;;10;19
"062055";"Puglianello";76;0;10;1;1;;;;12;0;5;0;1;;;;6;18
"062055";"Puglianello";77;0;9;1;0;;;;10;0;4;0;4;;;;8;18
"062055";"Puglianello";78;0;2;0;2;;;;4;0;3;0;1;;;;4;8
"062055";"Puglianello";79;0;3;0;2;;;;5;0;0;0;4;;;;4;9
"062055";"Puglianello";80;0;4;0;0;;;;4;0;2;0;1;;;;3;7
"062055";"Puglianello";81;0;4;0;1;;;;5;0;2;0;3;;;;5;10
"062055";"Puglianello";82;0;1;0;0;;;;1;0;2;0;1;;;;3;4
"062055";"Puglianello";83;0;1;0;2;;;;3;0;4;0;4;;;;8;11
"062055";"Puglianello";84;0;3;0;1;;;;4;0;3;0;2;;;;5;9
"062055";"Puglianello";85;1;1;0;1;;;;3;0;0;0;1;;;;1;4
"062055";"Puglianello";86;0;1;0;1;;;;2;0;0;0;7;;;;7;9
"062055";"Puglianello";87;1;1;0;1;;;;3;0;0;0;1;;;;1;4
"062055";"Puglianello";88;1;1;0;0;;;;2;0;0;0;4;;;;4;6
"062055";"Puglianello";89;0;2;0;1;;;;3;0;0;0;3;;;;3;6
"062055";"Puglianello";90;1;2;0;0;;;;3;0;2;0;2;;;;4;7
"062055";"Puglianello";91;0;0;0;0;;;;0;0;0;0;1;;;;1;1
"062055";"Puglianello";92;0;0;0;1;;;;1;0;0;0;2;;;;2;3
"062055";"Puglianello";93;0;1;0;1;;;;2;0;0;0;4;;;;4;6
"062055";"Puglianello";94;0;0;0;0;;;;0;0;0;0;3;;;;3;3
"062055";"Puglianello";95;0;0;0;0;;;;0;0;0;0;2;;;;2;2
"062055";"Puglianello";96;0;0;0;0;;;;0;1;0;0;0;;;;1;1
"062055";"Puglianello";97;0;0;0;0;;;;0;0;0;0;0;;;;0;0
"062055";"Puglianello";98;0;0;0;0;;;;0;0;0;0;0;;;;0;0
"062055";"Puglianello";99;0;0;0;0;;;;0;0;0;0;1;;;;1;1
"062055";"Puglianello";100;0;0;0;0;;;;0;0;0;0;0;;;;0;0
"062055";"Puglianello";999;287;328;9;21;;;;645;232;317;8;82;;;;639;1284
"062056";"Reino";0;2;0;0;0;;;;2;2;0;0;0;;;;2;4
"062056";"Reino";1;2;0;0;0;;;;2;2;0;0;0;;;;2;4
"062056";"Reino";2;2;0;0;0;;;;2;7;0;0;0;;;;7;9
"062056";"Reino";3;7;0;0;0;;;;7;2;0;0;0;;;;2;9
"062056";"Reino";4;2;0;0;0;;;;2;3;0;0;0;;;;3;5
"062056";"Reino";5;3;0;0;0;;;;3;4;0;0;0;;;;4;7
"062056";"Reino";6;3;0;0;0;;;;3;4;0;0;0;;;;4;7
"062056";"Reino";7;2;0;0;0;;;;2;2;0;0;0;;;;2;4
"062056";"Reino";8;2;0;0;0;;;;2;2;0;0;0;;;;2;4
"062056";"Reino";9;4;0;0;0;;;;4;3;0;0;0;;;;3;7
"062056";"Reino";10;7;0;0;0;;;;7;5;0;0;0;;;;5;12
"062056";"Reino";11;8;0;0;0;;;;8;7;0;0;0;;;;7;15
"062056";"Reino";12;1;0;0;0;;;;1;3;0;0;0;;;;3;4
"062056";"Reino";13;5;0;0;0;;;;5;4;0;0;0;;;;4;9
"062056";"Reino";14;5;0;0;0;;;;5;6;0;0;0;;;;6;11
"062056";"Reino";15;3;0;0;0;;;;3;5;0;0;0;;;;5;8
"062056";"Reino";16;6;0;0;0;;;;6;2;0;0;0;;;;2;8
"062056";"Reino";17;9;0;0;0;;;;9;5;0;0;0;;;;5;14
"062056";"Reino";18;5;0;0;0;;;;5;4;0;0;0;;;;4;9
"062056";"Reino";19;4;0;0;0;;;;4;3;0;0;0;;;;3;7
"062056";"Reino";20;6;0;0;0;;;;6;4;0;0;0;;;;4;10
"062056";"Reino";21;8;0;0;0;;;;8;4;1;0;0;;;;5;13
"062056";"Reino";22;4;0;0;0;;;;4;6;0;0;0;;;;6;10
"062056";"Reino";23;2;0;0;0;;;;2;2;0;0;0;;;;2;4
"062056";"Reino";24;7;0;0;0;;;;7;8;0;0;0;;;;8;15
"062056";"Reino";25;6;0;0;0;;;;6;6;1;0;0;;;;7;13
"062056";"Reino";26;5;0;0;0;;;;5;6;0;0;0;;;;6;11
"062056";"Reino";27;7;1;0;0;;;;8;5;0;0;0;;;;5;13
"062056";"Reino";28;6;0;0;0;;;;6;1;1;0;0;;;;2;8
"062056";"Reino";29;4;1;0;0;;;;5;8;0;0;0;;;;8;13
"062056";"Reino";30;6;0;0;0;;;;6;5;0;0;0;;;;5;11
"062056";"Reino";31;4;1;0;0;;;;5;4;3;0;0;;;;7;12
"062056";"Reino";32;11;0;0;0;;;;11;6;1;0;0;;;;7;18
"062056";"Reino";33;2;0;0;0;;;;2;6;1;0;0;;;;7;9
"062056";"Reino";34;5;1;0;0;;;;6;3;5;0;0;;;;8;14
"062056";"Reino";35;3;1;0;0;;;;4;4;2;0;0;;;;6;10
"062056";"Reino";36;7;4;0;0;;;;11;1;3;0;0;;;;4;15
"062056";"Reino";37;2;2;0;0;;;;4;1;3;0;0;;;;4;8
"062056";"Reino";38;1;3;0;0;;;;4;2;5;0;0;;;;7;11
"062056";"Reino";39;1;1;0;0;;;;2;0;1;0;0;;;;1;3
"062056";"Reino";40;0;2;0;0;;;;2;4;3;0;0;;;;7;9
"062056";"Reino";41;4;4;0;0;;;;8;1;6;0;0;;;;7;15
"062056";"Reino";42;2;4;0;0;;;;6;1;3;0;0;;;;4;10
"062056";"Reino";43;6;3;0;0;;;;9;0;3;0;0;;;;3;12
"062056";"Reino";44;4;4;0;0;;;;8;0;5;0;0;;;;5;13
"062056";"Reino";45;3;2;0;0;;;;5;0;3;1;0;;;;4;9
"062056";"Reino";46;2;5;0;0;;;;7;2;4;0;0;;;;6;13
"062056";"Reino";47;2;4;1;0;;;;7;1;5;0;0;;;;6;13
"062056";"Reino";48;4;6;0;0;;;;10;2;6;0;0;;;;8;18
"062056";"Reino";49;3;2;0;1;;;;6;0;8;0;0;;;;8;14
"062056";"Reino";50;0;8;0;0;;;;8;0;6;0;0;;;;6;14
"062056";"Reino";51;3;5;0;0;;;;8;0;6;0;0;;;;6;14
"062056";"Reino";52;0;8;0;0;;;;8;1;6;0;0;;;;7;15
"062056";"Reino";53;3;9;0;0;;;;12;0;10;0;0;;;;10;22
"062056";"Reino";54;0;10;1;0;;;;11;0;10;0;0;;;;10;21
"062056";"Reino";55;6;5;0;0;;;;11;1;7;0;2;;;;10;21
"062056";"Reino";56;3;6;0;0;;;;9;1;3;0;0;;;;4;13
"062056";"Reino";57;1;4;0;0;;;;5;2;5;0;3;;;;10;15
"062056";"Reino";58;1;8;0;0;;;;9;3;5;0;1;;;;9;18
"062056";"Reino";59;1;6;0;1;;;;8;2;8;1;0;;;;11;19
"062056";"Reino";60;0;10;1;0;;;;11;0;3;1;1;;;;5;16
"062056";"Reino";61;1;9;0;0;;;;10;0;5;0;2;;;;7;17
"062056";"Reino";62;1;5;1;0;;;;7;0;8;0;1;;;;9;16
"062056";"Reino";63;4;6;0;0;;;;10;0;6;0;1;;;;7;17
"062056";"Reino";64;2;6;0;0;;;;8;0;10;0;1;;;;11;19
"062056";"Reino";65;0;3;0;0;;;;3;1;2;0;1;;;;4;7
"062056";"Reino";66;1;7;0;0;;;;8;0;6;0;2;;;;8;16
"062056";"Reino";67;1;2;0;0;;;;3;1;6;0;0;;;;7;10
"062056";"Reino";68;0;3;0;0;;;;3;1;9;0;2;;;;12;15
"062056";"Reino";69;3;5;0;0;;;;8;1;5;1;0;;;;7;15
"062056";"Reino";70;0;5;0;0;;;;5;1;6;0;2;;;;9;14
"062056";"Reino";71;0;9;1;0;;;;10;0;1;0;2;;;;3;13
"062056";"Reino";72;2;4;0;0;;;;6;0;6;0;1;;;;7;13
"062056";"Reino";73;0;3;0;1;;;;4;0;6;0;1;;;;7;11
"062056";"Reino";74;0;4;0;0;;;;4;1;3;0;3;;;;7;11
"062056";"Reino";75;0;7;0;0;;;;7;0;5;0;7;;;;12;19
"062056";"Reino";76;1;14;0;2;;;;17;0;2;0;4;;;;6;23
"062056";"Reino";77;0;6;0;1;;;;7;0;2;1;5;;;;8;15
"062056";"Reino";78;2;4;0;0;;;;6;0;2;0;4;;;;6;12
"062056";"Reino";79;0;0;0;0;;;;0;1;1;0;2;;;;4;4
"062056";"Reino";80;0;2;1;2;;;;5;1;1;0;1;;;;3;8
"062056";"Reino";81;0;2;0;0;;;;2;1;4;0;2;;;;7;9
"062056";"Reino";82;0;2;0;0;;;;2;0;2;0;1;;;;3;5
"062056";"Reino";83;0;4;0;0;;;;4;2;0;0;4;;;;6;10
"062056";"Reino";84;0;4;0;0;;;;4;2;3;0;3;;;;8;12
"062056";"Reino";85;0;1;1;0;;;;2;1;0;0;7;;;;8;10
"062056";"Reino";86;0;2;0;0;;;;2;1;0;0;1;;;;2;4
"062056";"Reino";87;0;3;0;2;;;;5;0;1;0;6;;;;7;12
"062056";"Reino";88;0;3;0;1;;;;4;0;1;0;5;;;;6;10
"062056";"Reino";89;0;0;0;0;;;;0;0;1;0;7;;;;8;8
"062056";"Reino";90;0;1;0;0;;;;1;0;0;0;3;;;;3;4
"062056";"Reino";91;1;1;0;0;;;;2;0;1;0;4;;;;5;7
"062056";"Reino";92;0;1;0;0;;;;1;0;0;0;0;;;;0;1
"062056";"Reino";93;0;0;0;1;;;;1;1;0;0;1;;;;2;3
"062056";"Reino";94;0;0;0;3;;;;3;0;0;0;1;;;;1;4
"062056";"Reino";95;0;0;0;2;;;;2;1;0;0;0;;;;1;3
"062056";"Reino";96;0;0;0;0;;;;0;0;0;0;4;;;;4;4
"062056";"Reino";97;0;0;0;1;;;;1;0;0;0;0;;;;0;1
"062056";"Reino";98;0;0;0;0;;;;0;0;0;0;0;;;;0;0
"062056";"Reino";99;0;0;0;0;;;;0;0;0;0;1;;;;1;1
"062056";"Reino";100;0;0;0;0;;;;0;0;0;0;1;;;;1;1
"062056";"Reino";999;246;258;7;18;;;;529;195;247;5;100;;;;547;1076
"062057";"San Bartolomeo in Galdo";0;12;0;0;0;;;;12;12;0;0;0;;;;12;24
"062057";"San Bartolomeo in Galdo";1;14;0;0;0;;;;14;6;0;0;0;;;;6;20
"062057";"San Bartolomeo in Galdo";2;11;0;0;0;;;;11;7;0;0;0;;;;7;18
"062057";"San Bartolomeo in Galdo";3;10;0;0;0;;;;10;11;0;0;0;;;;11;21
"062057";"San Bartolomeo in Galdo";4;12;0;0;0;;;;12;9;0;0;0;;;;9;21
"062057";"San Bartolomeo in Galdo";5;16;0;0;0;;;;16;16;0;0;0;;;;16;32
"062057";"San Bartolomeo in Galdo";6;8;0;0;0;;;;8;12;0;0;0;;;;12;20
"062057";"San Bartolomeo in Galdo";7;13;0;0;0;;;;13;14;0;0;0;;;;14;27
"062057";"San Bartolomeo in Galdo";8;10;0;0;0;;;;10;11;0;0;0;;;;11;21
"062057";"San Bartolomeo in Galdo";9;22;0;0;0;;;;22;15;0;0;0;;;;15;37
"062057";"San Bartolomeo in Galdo";10;11;0;0;0;;;;11;12;0;0;0;;;;12;23
"062057";"San Bartolomeo in Galdo";11;18;0;0;0;;;;18;15;0;0;0;;;;15;33
"062057";"San Bartolomeo in Galdo";12;22;0;0;0;;;;22;14;0;0;0;;;;14;36
"062057";"San Bartolomeo in Galdo";13;14;0;0;0;;;;14;17;0;0;0;;;;17;31
"062057";"San Bartolomeo in Galdo";14;24;0;0;0;;;;24;16;0;0;0;;;;16;40
"062057";"San Bartolomeo in Galdo";15;14;0;0;0;;;;14;18;0;0;0;;;;18;32
"062057";"San Bartolomeo in Galdo";16;16;0;0;0;;;;16;22;0;0;0;;;;22;38
"062057";"San Bartolomeo in Galdo";17;22;0;0;0;;;;22;15;0;0;0;;;;15;37
"062057";"San Bartolomeo in Galdo";18;23;0;0;0;;;;23;15;0;0;0;;;;15;38
"062057";"San Bartolomeo in Galdo";19;30;0;0;0;;;;30;19;0;0;0;;;;19;49
"062057";"San Bartolomeo in Galdo";20;29;0;0;0;;;;29;16;0;0;0;;;;16;45
"062057";"San Bartolomeo in Galdo";21;27;0;0;0;;;;27;27;0;0;0;;;;27;54
"062057";"San Bartolomeo in Galdo";22;26;0;0;0;;;;26;26;0;0;0;;;;26;52
"062057";"San Bartolomeo in Galdo";23;24;0;0;0;;;;24;11;1;0;0;;;;12;36
"062057";"San Bartolomeo in Galdo";24;36;0;0;0;;;;36;19;1;0;0;;;;20;56
"062057";"San Bartolomeo in Galdo";25;21;0;0;0;;;;21;23;2;0;0;;;;25;46
"062057";"San Bartolomeo in Galdo";26;19;0;0;0;;;;19;19;3;0;0;;;;22;41
"062057";"San Bartolomeo in Galdo";27;21;1;0;0;;;;22;18;2;0;0;;;;20;42
"062057";"San Bartolomeo in Galdo";28;26;1;0;0;;;;27;13;2;0;0;;;;15;42
"062057";"San Bartolomeo in Galdo";29;20;1;0;0;;;;21;13;4;0;0;;;;17;38
"062057";"San Bartolomeo in Galdo";30;21;2;0;0;;;;23;13;3;0;0;;;;16;39
"062057";"San Bartolomeo in Galdo";31;24;4;0;0;;;;28;15;6;0;0;;;;21;49
"062057";"San Bartolomeo in Galdo";32;15;5;0;0;;;;20;10;7;0;0;;;;17;37
"062057";"San Bartolomeo in Galdo";33;15;5;0;0;;;;20;8;4;0;0;;;;12;32
"062057";"San Bartolomeo in Galdo";34;19;8;0;0;;;;27;11;6;0;0;;;;17;44
"062057";"San Bartolomeo in Galdo";35;14;2;0;0;;;;16;14;9;0;0;;;;23;39
"062057";"San Bartolomeo in Galdo";36;15;7;0;0;;;;22;10;8;1;0;;;;19;41
"062057";"San Bartolomeo in Galdo";37;19;4;0;0;;;;23;2;9;0;0;;;;11;34
"062057";"San Bartolomeo in Galdo";38;9;7;0;0;;;;16;7;13;0;1;;;;21;37
"062057";"San Bartolomeo in Galdo";39;14;13;0;0;;;;27;6;10;0;0;;;;16;43
"062057";"San Bartolomeo in Galdo";40;15;11;0;0;;;;26;5;13;0;1;;;;19;45
"062057";"San Bartolomeo in Galdo";41;8;9;1;0;;;;18;6;16;0;0;;;;22;40
"062057";"San Bartolomeo in Galdo";42;10;5;0;0;;;;15;4;18;4;0;;;;26;41
"062057";"San Bartolomeo in Galdo";43;14;13;0;1;;;;28;4;13;1;0;;;;18;46
"062057";"San Bartolomeo in Galdo";44;11;11;2;0;;;;24;4;18;1;0;;;;23;47
"062057";"San Bartolomeo in Galdo";45;12;24;2;0;;;;38;8;24;4;1;;;;37;75
"062057";"San Bartolomeo in Galdo";46;5;16;0;1;;;;22;2;17;2;0;;;;21;43
"062057";"San Bartolomeo in Galdo";47;10;13;0;0;;;;23;5;26;0;1;;;;32;55
"062057";"San Bartolomeo in Galdo";48;13;21;2;2;;;;38;5;20;3;0;;;;28;66
"062057";"San Bartolomeo in Galdo";49;15;15;1;0;;;;31;2;25;1;1;;;;29;60
"062057";"San Bartolomeo in Galdo";50;9;17;1;0;;;;27;6;19;1;0;;;;26;53
"062057";"San Bartolomeo in Galdo";51;5;28;0;0;;;;33;6;31;1;3;;;;41;74
"062057";"San Bartolomeo in Galdo";52;10;15;0;1;;;;26;4;24;0;0;;;;28;54
"062057";"San Bartolomeo in Galdo";53;4;29;1;0;;;;34;2;15;4;0;;;;21;55
"062057";"San Bartolomeo in Galdo";54;9;22;5;0;;;;36;3;32;1;1;;;;37;73
"062057";"San Bartolomeo in Galdo";55;7;25;0;0;;;;32;2;37;3;0;;;;42;74
"062057";"San Bartolomeo in Galdo";56;7;27;1;1;;;;36;1;24;1;2;;;;28;64
"062057";"San Bartolomeo in Galdo";57;3;24;2;1;;;;30;3;14;2;1;;;;20;50
"062057";"San Bartolomeo in Galdo";58;6;35;2;0;;;;43;3;20;3;4;;;;30;73
"062057";"San Bartolomeo in Galdo";59;4;35;2;1;;;;42;5;33;3;2;;;;43;85
"062057";"San Bartolomeo in Galdo";60;8;22;0;0;;;;30;2;22;0;2;;;;26;56
"062057";"San Bartolomeo in Galdo";61;1;18;1;0;;;;20;3;30;0;3;;;;36;56
"062057";"San Bartolomeo in Galdo";62;7;20;1;1;;;;29;5;19;0;4;;;;28;57
"062057";"San Bartolomeo in Galdo";63;5;23;0;0;;;;28;4;22;0;5;;;;31;59
"062057";"San Bartolomeo in Galdo";64;6;21;1;0;;;;28;2;24;0;4;;;;30;58
"062057";"San Bartolomeo in Galdo";65;3;25;1;1;;;;30;2;29;0;6;;;;37;67
"062057";"San Bartolomeo in Galdo";66;6;17;0;0;;;;23;3;28;1;5;;;;37;60
"062057";"San Bartolomeo in Galdo";67;2;19;1;1;;;;23;3;21;0;4;;;;28;51
"062057";"San Bartolomeo in Galdo";68;1;22;0;1;;;;24;0;24;0;5;;;;29;53
"062057";"San Bartolomeo in Galdo";69;2;25;2;0;;;;29;0;28;0;8;;;;36;65
"062057";"San Bartolomeo in Galdo";70;0;20;1;0;;;;21;2;17;1;4;;;;24;45
"062057";"San Bartolomeo in Galdo";71;2;29;0;4;;;;35;1;24;1;7;;;;33;68
"062057";"San Bartolomeo in Galdo";72;3;28;0;0;;;;31;1;15;0;6;;;;22;53
"062057";"San Bartolomeo in Galdo";73;1;15;0;2;;;;18;2;18;0;10;;;;30;48
"062057";"San Bartolomeo in Galdo";74;3;18;0;2;;;;23;1;16;0;16;;;;33;56
"062057";"San Bartolomeo in Galdo";75;1;29;0;1;;;;31;1;26;0;10;;;;37;68
"062057";"San Bartolomeo in Galdo";76;4;19;0;3;;;;26;4;21;1;6;;;;32;58
"062057";"San Bartolomeo in Galdo";77;0;23;1;5;;;;29;1;21;0;16;;;;38;67
"062057";"San Bartolomeo in Galdo";78;2;24;0;3;;;;29;2;14;2;17;;;;35;64
"062057";"San Bartolomeo in Galdo";79;2;11;0;4;;;;17;1;11;0;10;;;;22;39
"062057";"San Bartolomeo in Galdo";80;0;17;0;1;;;;18;1;8;0;18;;;;27;45
"062057";"San Bartolomeo in Galdo";81;1;14;0;3;;;;18;0;5;0;4;;;;9;27
"062057";"San Bartolomeo in Galdo";82;0;14;0;1;;;;15;0;8;1;7;;;;16;31
"062057";"San Bartolomeo in Galdo";83;0;22;0;5;;;;27;0;5;0;14;;;;19;46
"062057";"San Bartolomeo in Galdo";84;1;11;0;0;;;;12;0;7;0;19;;;;26;38
"062057";"San Bartolomeo in Galdo";85;1;15;1;5;;;;22;1;4;1;22;;;;28;50
"062057";"San Bartolomeo in Galdo";86;0;8;0;2;;;;10;2;3;0;17;;;;22;32
"062057";"San Bartolomeo in Galdo";87;1;13;0;4;;;;18;0;12;1;21;;;;34;52
"062057";"San Bartolomeo in Galdo";88;0;4;0;4;;;;8;0;6;0;13;;;;19;27
"062057";"San Bartolomeo in Galdo";89;1;7;0;1;;;;9;0;2;1;7;;;;10;19
"062057";"San Bartolomeo in Galdo";90;1;5;0;3;;;;9;0;4;0;11;;;;15;24
"062057";"San Bartolomeo in Galdo";91;0;5;0;1;;;;6;1;1;0;13;;;;15;21
"062057";"San Bartolomeo in Galdo";92;0;6;0;3;;;;9;0;1;0;9;;;;10;19
"062057";"San Bartolomeo in Galdo";93;0;2;0;1;;;;3;0;0;0;10;;;;10;13
"062057";"San Bartolomeo in Galdo";94;0;3;0;1;;;;4;1;0;0;7;;;;8;12
"062057";"San Bartolomeo in Galdo";95;0;0;0;2;;;;2;2;0;0;5;;;;7;9
"062057";"San Bartolomeo in Galdo";96;0;2;0;0;;;;2;0;0;0;8;;;;8;10
"062057";"San Bartolomeo in Galdo";97;0;0;0;0;;;;0;0;0;0;3;;;;3;3
"062057";"San Bartolomeo in Galdo";98;0;0;0;0;;;;0;0;0;0;3;;;;3;3
"062057";"San Bartolomeo in Galdo";99;0;0;0;0;;;;0;0;0;0;3;;;;3;3
"062057";"San Bartolomeo in Galdo";100;0;0;0;0;;;;0;0;1;0;3;;;;4;4
"062057";"San Bartolomeo in Galdo";999;978;1031;32;73;;;;2114;685;1026;46;383;;;;2140;4254
"062058";"San Giorgio del Sannio";0;30;0;0;0;;;;30;31;0;0;0;;;;31;61
"062058";"San Giorgio del Sannio";1;31;0;0;0;;;;31;33;0;0;0;;;;33;64
"062058";"San Giorgio del Sannio";2;27;0;0;0;;;;27;28;0;0;0;;;;28;55
"062058";"San Giorgio del Sannio";3;39;0;0;0;;;;39;40;0;0;0;;;;40;79
"062058";"San Giorgio del Sannio";4;47;0;0;0;;;;47;33;0;0;0;;;;33;80
"062058";"San Giorgio del Sannio";5;37;0;0;0;;;;37;39;0;0;0;;;;39;76
"062058";"San Giorgio del Sannio";6;34;0;0;0;;;;34;35;0;0;0;;;;35;69
"062058";"San Giorgio del Sannio";7;51;0;0;0;;;;51;34;0;0;0;;;;34;85
"062058";"San Giorgio del Sannio";8;51;0;0;0;;;;51;45;0;0;0;;;;45;96
"062058";"San Giorgio del Sannio";9;46;0;0;0;;;;46;41;0;0;0;;;;41;87
"062058";"San Giorgio del Sannio";10;41;0;0;0;;;;41;51;0;0;0;;;;51;92
"062058";"San Giorgio del Sannio";11;55;0;0;0;;;;55;41;0;0;0;;;;41;96
"062058";"San Giorgio del Sannio";12;46;0;0;0;;;;46;66;0;0;0;;;;66;112
"062058";"San Giorgio del Sannio";13;48;0;0;0;;;;48;44;0;0;0;;;;44;92
"062058";"San Giorgio del Sannio";14;46;0;0;0;;;;46;44;0;0;0;;;;44;90
"062058";"San Giorgio del Sannio";15;60;0;0;0;;;;60;38;0;0;0;;;;38;98
"062058";"San Giorgio del Sannio";16;46;0;0;0;;;;46;42;0;0;0;;;;42;88
"062058";"San Giorgio del Sannio";17;42;0;0;0;;;;42;53;0;0;0;;;;53;95
"062058";"San Giorgio del Sannio";18;52;0;0;0;;;;52;47;0;0;0;;;;47;99
"062058";"San Giorgio del Sannio";19;36;0;0;0;;;;36;38;0;0;0;;;;38;74
"062058";"San Giorgio del Sannio";20;45;0;0;0;;;;45;41;0;0;0;;;;41;86
"062058";"San Giorgio del Sannio";21;60;0;0;0;;;;60;29;0;0;0;;;;29;89
"062058";"San Giorgio del Sannio";22;48;0;0;0;;;;48;62;1;0;0;;;;63;111
"062058";"San Giorgio del Sannio";23;42;1;0;0;;;;43;50;0;0;0;;;;50;93
"062058";"San Giorgio del Sannio";24;45;0;0;0;;;;45;52;1;0;0;;;;53;98
"062058";"San Giorgio del Sannio";25;39;0;0;0;;;;39;47;1;0;0;;;;48;87
"062058";"San Giorgio del Sannio";26;44;1;0;0;;;;45;31;0;0;0;;;;31;76
"062058";"San Giorgio del Sannio";27;57;0;0;0;;;;57;39;1;0;0;;;;40;97
"062058";"San Giorgio del Sannio";28;42;1;0;0;;;;43;38;10;0;0;;;;48;91
"062058";"San Giorgio del Sannio";29;50;2;0;0;;;;52;36;8;0;0;;;;44;96
"062058";"San Giorgio del Sannio";30;40;5;0;0;;;;45;38;6;0;0;;;;44;89
"062058";"San Giorgio del Sannio";31;45;8;0;0;;;;53;41;16;0;0;;;;57;110
"062058";"San Giorgio del Sannio";32;47;12;0;0;;;;59;30;22;0;0;;;;52;111
"062058";"San Giorgio del Sannio";33;42;16;0;0;;;;58;27;26;0;0;;;;53;111
"062058";"San Giorgio del Sannio";34;31;18;0;0;;;;49;23;25;0;0;;;;48;97
"062058";"San Giorgio del Sannio";35;29;29;0;0;;;;58;25;31;1;0;;;;57;115
"062058";"San Giorgio del Sannio";36;39;31;0;0;;;;70;21;36;2;0;;;;59;129
"062058";"San Giorgio del Sannio";37;39;23;0;0;;;;62;15;43;3;0;;;;61;123
"062058";"San Giorgio del Sannio";38;40;26;1;0;;;;67;24;31;1;0;;;;56;123
"062058";"San Giorgio del Sannio";39;25;23;1;0;;;;49;33;43;1;0;;;;77;126
"062058";"San Giorgio del Sannio";40;23;24;0;0;;;;47;20;32;4;0;;;;56;103
"062058";"San Giorgio del Sannio";41;21;37;1;1;;;;60;16;46;5;0;;;;67;127
"062058";"San Giorgio del Sannio";42;23;37;0;0;;;;60;23;67;1;1;;;;92;152
"062058";"San Giorgio del Sannio";43;19;41;2;0;;;;62;20;49;0;0;;;;69;131
"062058";"San Giorgio del Sannio";44;15;49;1;1;;;;66;18;52;4;0;;;;74;140
"062058";"San Giorgio del Sannio";45;17;49;1;0;;;;67;12;51;2;1;;;;66;133
"062058";"San Giorgio del Sannio";46;22;37;1;0;;;;60;15;37;2;0;;;;54;114
"062058";"San Giorgio del Sannio";47;26;47;2;1;;;;76;12;54;3;1;;;;70;146
"062058";"San Giorgio del Sannio";48;17;53;2;0;;;;72;16;58;4;1;;;;79;151
"062058";"San Giorgio del Sannio";49;16;44;2;0;;;;62;18;62;3;0;;;;83;145
"062058";"San Giorgio del Sannio";50;19;54;7;0;;;;80;17;63;10;4;;;;94;174
"062058";"San Giorgio del Sannio";51;16;45;1;0;;;;62;15;50;9;2;;;;76;138
"062058";"San Giorgio del Sannio";52;15;48;2;0;;;;65;10;53;7;2;;;;72;137
"062058";"San Giorgio del Sannio";53;13;60;1;1;;;;75;8;58;2;1;;;;69;144
"062058";"San Giorgio del Sannio";54;7;53;6;1;;;;67;10;72;4;2;;;;88;155
"062058";"San Giorgio del Sannio";55;23;56;4;0;;;;83;10;78;4;2;;;;94;177
"062058";"San Giorgio del Sannio";56;18;60;6;0;;;;84;7;57;5;5;;;;74;158
"062058";"San Giorgio del Sannio";57;17;55;3;3;;;;78;15;68;11;3;;;;97;175
"062058";"San Giorgio del Sannio";58;11;46;2;2;;;;61;7;63;5;4;;;;79;140
"062058";"San Giorgio del Sannio";59;7;76;2;1;;;;86;11;64;3;8;;;;86;172
"062058";"San Giorgio del Sannio";60;3;62;4;0;;;;69;9;71;5;11;;;;96;165
"062058";"San Giorgio del Sannio";61;1;68;4;0;;;;73;4;53;7;0;;;;64;137
"062058";"San Giorgio del Sannio";62;3;65;4;3;;;;75;3;54;6;6;;;;69;144
"062058";"San Giorgio del Sannio";63;6;67;2;2;;;;77;8;61;8;9;;;;86;163
"062058";"San Giorgio del Sannio";64;7;63;0;3;;;;73;5;53;2;11;;;;71;144
"062058";"San Giorgio del Sannio";65;3;45;3;2;;;;53;7;61;6;12;;;;86;139
"062058";"San Giorgio del Sannio";66;0;52;2;1;;;;55;3;50;3;7;;;;63;118
"062058";"San Giorgio del Sannio";67;4;48;3;1;;;;56;6;46;3;7;;;;62;118
"062058";"San Giorgio del Sannio";68;3;52;3;5;;;;63;5;50;2;7;;;;64;127
"062058";"San Giorgio del Sannio";69;3;46;2;3;;;;54;2;36;5;11;;;;54;108
"062058";"San Giorgio del Sannio";70;5;44;0;2;;;;51;6;47;1;12;;;;66;117
"062058";"San Giorgio del Sannio";71;5;43;1;2;;;;51;2;41;2;20;;;;65;116
"062058";"San Giorgio del Sannio";72;0;25;1;4;;;;30;3;31;1;10;;;;45;75
"062058";"San Giorgio del Sannio";73;2;49;0;3;;;;54;2;31;1;12;;;;46;100
"062058";"San Giorgio del Sannio";74;3;34;1;5;;;;43;3;31;2;18;;;;54;97
"062058";"San Giorgio del Sannio";75;3;45;0;5;;;;53;3;32;1;17;;;;53;106
"062058";"San Giorgio del Sannio";76;2;43;0;4;;;;49;4;22;0;23;;;;49;98
"062058";"San Giorgio del Sannio";77;5;33;2;8;;;;48;2;27;2;17;;;;48;96
"062058";"San Giorgio del Sannio";78;0;28;0;1;;;;29;6;29;0;18;;;;53;82
"062058";"San Giorgio del Sannio";79;3;18;0;4;;;;25;1;19;0;18;;;;38;63
"062058";"San Giorgio del Sannio";80;0;27;0;1;;;;28;1;21;0;31;;;;53;81
"062058";"San Giorgio del Sannio";81;1;24;0;5;;;;30;2;12;1;15;;;;30;60
"062058";"San Giorgio del Sannio";82;1;22;0;8;;;;31;2;14;0;15;;;;31;62
"062058";"San Giorgio del Sannio";83;1;29;0;6;;;;36;1;12;0;26;;;;39;75
"062058";"San Giorgio del Sannio";84;0;20;2;6;;;;28;3;12;0;25;;;;40;68
"062058";"San Giorgio del Sannio";85;2;18;1;5;;;;26;3;6;0;20;;;;29;55
"062058";"San Giorgio del Sannio";86;0;9;0;7;;;;16;2;2;0;23;;;;27;43
"062058";"San Giorgio del Sannio";87;0;13;1;10;;;;24;3;4;1;21;;;;29;53
"062058";"San Giorgio del Sannio";88;0;12;0;5;;;;17;4;1;0;19;;;;24;41
"062058";"San Giorgio del Sannio";89;0;8;0;7;;;;15;1;1;0;17;;;;19;34
"062058";"San Giorgio del Sannio";90;0;1;0;2;;;;3;0;1;1;15;;;;17;20
"062058";"San Giorgio del Sannio";91;0;6;0;1;;;;7;0;2;0;12;;;;14;21
"062058";"San Giorgio del Sannio";92;0;1;0;8;;;;9;0;1;0;16;;;;17;26
"062058";"San Giorgio del Sannio";93;0;2;0;1;;;;3;0;0;0;5;;;;5;8
"062058";"San Giorgio del Sannio";94;0;0;0;2;;;;2;1;2;0;11;;;;14;16
"062058";"San Giorgio del Sannio";95;0;0;0;2;;;;2;0;0;0;5;;;;5;7
"062058";"San Giorgio del Sannio";96;0;0;0;0;;;;0;0;0;0;2;;;;2;2
"062058";"San Giorgio del Sannio";97;0;0;0;0;;;;0;0;0;0;3;;;;3;3
"062058";"San Giorgio del Sannio";98;0;0;0;1;;;;1;0;0;0;1;;;;1;2
"062058";"San Giorgio del Sannio";99;0;0;0;0;;;;0;0;0;0;1;;;;1;1
"062058";"San Giorgio del Sannio";100;0;0;0;0;;;;0;0;0;0;1;;;;1;1
"062058";"San Giorgio del Sannio";999;2125;2289;84;146;;;;4644;1912;2371;156;567;;;;5006;9650
"062059";"San Giorgio La Molara";0;13;0;0;0;;;;13;7;0;0;0;;;;7;20
"062059";"San Giorgio La Molara";1;6;0;0;0;;;;6;4;0;0;0;;;;4;10
"062059";"San Giorgio La Molara";2;7;0;0;0;;;;7;3;0;0;0;;;;3;10
"062059";"San Giorgio La Molara";3;6;0;0;0;;;;6;4;0;0;0;;;;4;10
"062059";"San Giorgio La Molara";4;12;0;0;0;;;;12;7;0;0;0;;;;7;19
"062059";"San Giorgio La Molara";5;8;0;0;0;;;;8;8;0;0;0;;;;8;16
"062059";"San Giorgio La Molara";6;9;0;0;0;;;;9;12;0;0;0;;;;12;21
"062059";"San Giorgio La Molara";7;12;0;0;0;;;;12;8;0;0;0;;;;8;20
"062059";"San Giorgio La Molara";8;12;0;0;0;;;;12;17;0;0;0;;;;17;29
"062059";"San Giorgio La Molara";9;11;0;0;0;;;;11;12;0;0;0;;;;12;23
"062059";"San Giorgio La Molara";10;15;0;0;0;;;;15;15;0;0;0;;;;15;30
"062059";"San Giorgio La Molara";11;8;0;0;0;;;;8;20;0;0;0;;;;20;28
"062059";"San Giorgio La Molara";12;9;0;0;0;;;;9;9;0;0;0;;;;9;18
"062059";"San Giorgio La Molara";13;11;0;0;0;;;;11;11;0;0;0;;;;11;22
"062059";"San Giorgio La Molara";14;18;0;0;0;;;;18;9;0;0;0;;;;9;27
"062059";"San Giorgio La Molara";15;15;0;0;0;;;;15;11;0;0;0;;;;11;26
"062059";"San Giorgio La Molara";16;21;0;0;0;;;;21;12;0;0;0;;;;12;33
"062059";"San Giorgio La Molara";17;15;0;0;0;;;;15;7;0;0;0;;;;7;22
"062059";"San Giorgio La Molara";18;10;0;0;0;;;;10;10;0;0;0;;;;10;20
"062059";"San Giorgio La Molara";19;10;0;0;0;;;;10;8;0;0;0;;;;8;18
"062059";"San Giorgio La Molara";20;13;0;0;0;;;;13;10;0;0;0;;;;10;23
"062059";"San Giorgio La Molara";21;16;0;0;0;;;;16;10;0;0;0;;;;10;26
"062059";"San Giorgio La Molara";22;16;0;0;0;;;;16;13;1;0;0;;;;14;30
"062059";"San Giorgio La Molara";23;11;0;0;0;;;;11;18;0;0;0;;;;18;29
"062059";"San Giorgio La Molara";24;17;0;0;0;;;;17;12;0;0;0;;;;12;29
"062059";"San Giorgio La Molara";25;8;0;0;0;;;;8;13;0;0;0;;;;13;21
"062059";"San Giorgio La Molara";26;15;0;0;0;;;;15;15;0;0;0;;;;15;30
"062059";"San Giorgio La Molara";27;13;0;0;0;;;;13;8;3;0;0;;;;11;24
"062059";"San Giorgio La Molara";28;15;0;0;0;;;;15;20;3;0;0;;;;23;38
"062059";"San Giorgio La Molara";29;12;0;0;0;;;;12;12;2;0;0;;;;14;26
"062059";"San Giorgio La Molara";30;7;2;0;0;;;;9;5;2;0;0;;;;7;16
"062059";"San Giorgio La Molara";31;8;1;0;0;;;;9;6;7;0;0;;;;13;22
"062059";"San Giorgio La Molara";32;16;0;0;0;;;;16;5;5;0;0;;;;10;26
"062059";"San Giorgio La Molara";33;9;4;0;0;;;;13;8;7;0;0;;;;15;28
"062059";"San Giorgio La Molara";34;16;5;0;0;;;;21;7;5;0;0;;;;12;33
"062059";"San Giorgio La Molara";35;8;8;0;0;;;;16;7;13;0;1;;;;21;37
"062059";"San Giorgio La Molara";36;6;6;0;0;;;;12;9;10;0;0;;;;19;31
"062059";"San Giorgio La Molara";37;7;3;0;0;;;;10;6;7;1;0;;;;14;24
"062059";"San Giorgio La Molara";38;5;5;0;0;;;;10;4;9;0;0;;;;13;23
"062059";"San Giorgio La Molara";39;11;5;0;0;;;;16;3;13;0;0;;;;16;32
"062059";"San Giorgio La Molara";40;12;11;0;0;;;;23;2;12;0;0;;;;14;37
"062059";"San Giorgio La Molara";41;7;12;0;0;;;;19;2;16;0;0;;;;18;37
"062059";"San Giorgio La Molara";42;4;9;0;0;;;;13;3;8;0;0;;;;11;24
"062059";"San Giorgio La Molara";43;9;11;0;0;;;;20;1;14;1;0;;;;16;36
"062059";"San Giorgio La Molara";44;6;11;0;0;;;;17;4;8;2;0;;;;14;31
"062059";"San Giorgio La Molara";45;4;12;0;0;;;;16;2;14;0;0;;;;16;32
"062059";"San Giorgio La Molara";46;7;13;0;0;;;;20;3;14;1;0;;;;18;38
"062059";"San Giorgio La Molara";47;2;13;0;0;;;;15;1;10;0;0;;;;11;26
"062059";"San Giorgio La Molara";48;10;23;0;0;;;;33;2;12;0;0;;;;14;47
"062059";"San Giorgio La Molara";49;7;20;0;0;;;;27;3;20;0;0;;;;23;50
"062059";"San Giorgio La Molara";50;6;12;1;0;;;;19;1;15;0;1;;;;17;36
"062059";"San Giorgio La Molara";51;4;13;2;0;;;;19;1;17;0;0;;;;18;37
"062059";"San Giorgio La Molara";52;4;13;1;0;;;;18;2;17;0;0;;;;19;37
"062059";"San Giorgio La Molara";53;6;15;1;0;;;;22;2;19;0;1;;;;22;44
"062059";"San Giorgio La Molara";54;6;15;0;0;;;;21;2;13;1;0;;;;16;37
"062059";"San Giorgio La Molara";55;7;15;0;0;;;;22;3;15;0;0;;;;18;40
"062059";"San Giorgio La Molara";56;6;21;0;0;;;;27;5;18;1;1;;;;25;52
"062059";"San Giorgio La Molara";57;4;15;1;0;;;;20;3;17;0;0;;;;20;40
"062059";"San Giorgio La Molara";58;5;15;0;1;;;;21;2;16;0;0;;;;18;39
"062059";"San Giorgio La Molara";59;3;14;0;0;;;;17;2;15;0;4;;;;21;38
"062059";"San Giorgio La Molara";60;6;20;3;1;;;;30;1;14;0;0;;;;15;45
"062059";"San Giorgio La Molara";61;0;10;2;0;;;;12;4;15;1;2;;;;22;34
"062059";"San Giorgio La Molara";62;1;17;0;0;;;;18;1;12;0;1;;;;14;32
"062059";"San Giorgio La Molara";63;3;18;0;0;;;;21;1;24;0;5;;;;30;51
"062059";"San Giorgio La Molara";64;4;8;0;0;;;;12;0;22;0;3;;;;25;37
"062059";"San Giorgio La Molara";65;3;19;0;0;;;;22;0;18;0;5;;;;23;45
"062059";"San Giorgio La Molara";66;3;22;1;1;;;;27;1;10;0;4;;;;15;42
"062059";"San Giorgio La Molara";67;2;10;1;1;;;;14;0;18;0;6;;;;24;38
"062059";"San Giorgio La Molara";68;1;10;0;0;;;;11;3;11;0;3;;;;17;28
"062059";"San Giorgio La Molara";69;2;19;0;0;;;;21;0;16;1;11;;;;28;49
"062059";"San Giorgio La Molara";70;2;6;1;2;;;;11;2;14;2;6;;;;24;35
"062059";"San Giorgio La Molara";71;0;18;0;1;;;;19;0;9;0;4;;;;13;32
"062059";"San Giorgio La Molara";72;4;22;0;0;;;;26;0;6;0;3;;;;9;35
"062059";"San Giorgio La Molara";73;0;15;1;0;;;;16;1;9;0;3;;;;13;29
"062059";"San Giorgio La Molara";74;2;24;0;1;;;;27;2;15;1;6;;;;24;51
"062059";"San Giorgio La Molara";75;2;5;1;0;;;;8;0;7;0;8;;;;15;23
"062059";"San Giorgio La Molara";76;4;17;0;1;;;;22;1;17;1;11;;;;30;52
"062059";"San Giorgio La Molara";77;2;17;0;1;;;;20;1;5;1;10;;;;17;37
"062059";"San Giorgio La Molara";78;0;8;0;1;;;;9;0;5;0;7;;;;12;21
"062059";"San Giorgio La Molara";79;1;8;0;0;;;;9;0;4;0;2;;;;6;15
"062059";"San Giorgio La Molara";80;0;13;0;1;;;;14;0;5;0;5;;;;10;24
"062059";"San Giorgio La Molara";81;0;8;0;1;;;;9;1;7;0;2;;;;10;19
"062059";"San Giorgio La Molara";82;0;6;0;0;;;;6;0;2;0;3;;;;5;11
"062059";"San Giorgio La Molara";83;2;3;0;0;;;;5;0;8;0;7;;;;15;20
"062059";"San Giorgio La Molara";84;1;11;0;2;;;;14;1;3;0;9;;;;13;27
"062059";"San Giorgio La Molara";85;0;5;0;3;;;;8;1;3;0;6;;;;10;18
"062059";"San Giorgio La Molara";86;0;8;0;1;;;;9;0;1;0;8;;;;9;18
"062059";"San Giorgio La Molara";87;0;1;0;2;;;;3;0;3;0;7;;;;10;13
"062059";"San Giorgio La Molara";88;0;4;0;1;;;;5;0;0;0;4;;;;4;9
"062059";"San Giorgio La Molara";89;0;3;0;4;;;;7;0;2;0;7;;;;9;16
"062059";"San Giorgio La Molara";90;0;1;0;2;;;;3;0;1;0;5;;;;6;9
"062059";"San Giorgio La Molara";91;0;1;0;0;;;;1;0;1;0;5;;;;6;7
"062059";"San Giorgio La Molara";92;0;1;0;2;;;;3;0;1;0;2;;;;3;6
"062059";"San Giorgio La Molara";93;0;3;0;4;;;;7;0;0;0;4;;;;4;11
"062059";"San Giorgio La Molara";94;0;3;0;1;;;;4;0;0;0;5;;;;5;9
"062059";"San Giorgio La Molara";95;1;0;0;0;;;;1;0;0;0;3;;;;3;4
"062059";"San Giorgio La Molara";96;0;0;0;0;;;;0;0;0;0;2;;;;2;2
"062059";"San Giorgio La Molara";97;0;0;0;0;;;;0;0;0;0;1;;;;1;1
"062059";"San Giorgio La Molara";98;0;0;0;1;;;;1;0;0;0;1;;;;1;2
"062059";"San Giorgio La Molara";99;0;0;0;0;;;;0;0;0;0;0;;;;0;0
"062059";"San Giorgio La Molara";100;0;0;0;0;;;;0;0;0;0;3;;;;3;3
"062059";"San Giorgio La Molara";999;622;686;16;36;;;;1360;452;665;14;197;;;;1328;2688
"062060";"San Leucio del Sannio";0;12;0;0;0;;;;12;6;0;0;0;;;;6;18
"062060";"San Leucio del Sannio";1;13;0;0;0;;;;13;13;0;0;0;;;;13;26
"062060";"San Leucio del Sannio";2;11;0;0;0;;;;11;12;0;0;0;;;;12;23
"062060";"San Leucio del Sannio";3;11;0;0;0;;;;11;8;0;0;0;;;;8;19
"062060";"San Leucio del Sannio";4;9;0;0;0;;;;9;9;0;0;0;;;;9;18
"062060";"San Leucio del Sannio";5;14;0;0;0;;;;14;11;0;0;0;;;;11;25
"062060";"San Leucio del Sannio";6;9;0;0;0;;;;9;5;0;0;0;;;;5;14
"062060";"San Leucio del Sannio";7;9;0;0;0;;;;9;12;0;0;0;;;;12;21
"062060";"San Leucio del Sannio";8;16;0;0;0;;;;16;8;0;0;0;;;;8;24
"062060";"San Leucio del Sannio";9;6;0;0;0;;;;6;9;0;0;0;;;;9;15
"062060";"San Leucio del Sannio";10;8;0;0;0;;;;8;11;0;0;0;;;;11;19
"062060";"San Leucio del Sannio";11;13;0;0;0;;;;13;9;0;0;0;;;;9;22
"062060";"San Leucio del Sannio";12;6;0;0;0;;;;6;8;0;0;0;;;;8;14
"062060";"San Leucio del Sannio";13;18;0;0;0;;;;18;12;0;0;0;;;;12;30
"062060";"San Leucio del Sannio";14;9;0;0;0;;;;9;11;0;0;0;;;;11;20
"062060";"San Leucio del Sannio";15;12;0;0;0;;;;12;6;0;0;0;;;;6;18
"062060";"San Leucio del Sannio";16;20;0;0;0;;;;20;13;0;0;0;;;;13;33
"062060";"San Leucio del Sannio";17;20;0;0;0;;;;20;18;0;0;0;;;;18;38
"062060";"San Leucio del Sannio";18;14;0;0;0;;;;14;17;0;0;0;;;;17;31
"062060";"San Leucio del Sannio";19;9;0;0;0;;;;9;11;0;0;0;;;;11;20
"062060";"San Leucio del Sannio";20;7;0;0;0;;;;7;19;0;0;0;;;;19;26
"062060";"San Leucio del Sannio";21;15;0;0;0;;;;15;18;1;0;0;;;;19;34
"062060";"San Leucio del Sannio";22;18;0;0;0;;;;18;13;0;0;0;;;;13;31
"062060";"San Leucio del Sannio";23;17;1;0;0;;;;18;14;0;0;0;;;;14;32
"062060";"San Leucio del Sannio";24;16;0;0;0;;;;16;15;0;0;0;;;;15;31
"062060";"San Leucio del Sannio";25;14;1;0;0;;;;15;14;1;0;0;;;;15;30
"062060";"San Leucio del Sannio";26;9;0;0;0;;;;9;11;3;0;0;;;;14;23
"062060";"San Leucio del Sannio";27;18;0;0;0;;;;18;27;1;0;0;;;;28;46
"062060";"San Leucio del Sannio";28;10;0;0;0;;;;10;7;1;1;0;;;;9;19
"062060";"San Leucio del Sannio";29;17;2;0;0;;;;19;14;0;0;0;;;;14;33
"062060";"San Leucio del Sannio";30;18;1;0;0;;;;19;9;5;0;0;;;;14;33
"062060";"San Leucio del Sannio";31;12;1;0;0;;;;13;12;8;0;0;;;;20;33
"062060";"San Leucio del Sannio";32;11;3;0;0;;;;14;11;9;0;0;;;;20;34
"062060";"San Leucio del Sannio";33;12;3;0;0;;;;15;9;8;0;0;;;;17;32
"062060";"San Leucio del Sannio";34;15;11;0;0;;;;26;6;16;1;0;;;;23;49
"062060";"San Leucio del Sannio";35;6;6;1;0;;;;13;9;5;0;0;;;;14;27
"062060";"San Leucio del Sannio";36;8;5;0;0;;;;13;6;6;0;0;;;;12;25
"062060";"San Leucio del Sannio";37;7;8;0;0;;;;15;11;11;0;0;;;;22;37
"062060";"San Leucio del Sannio";38;6;13;0;0;;;;19;4;7;1;0;;;;12;31
"062060";"San Leucio del Sannio";39;7;11;0;0;;;;18;7;14;1;0;;;;22;40
"062060";"San Leucio del Sannio";40;11;12;0;0;;;;23;6;10;0;0;;;;16;39
"062060";"San Leucio del Sannio";41;8;11;0;0;;;;19;5;4;1;0;;;;10;29
"062060";"San Leucio del Sannio";42;7;7;0;0;;;;14;2;14;2;0;;;;18;32
"062060";"San Leucio del Sannio";43;5;14;0;0;;;;19;3;10;1;0;;;;14;33
"062060";"San Leucio del Sannio";44;5;7;0;0;;;;12;6;21;0;0;;;;27;39
"062060";"San Leucio del Sannio";45;3;15;1;0;;;;19;2;14;0;0;;;;16;35
"062060";"San Leucio del Sannio";46;4;15;0;0;;;;19;1;14;0;0;;;;15;34
"062060";"San Leucio del Sannio";47;5;11;1;0;;;;17;1;16;2;0;;;;19;36
"062060";"San Leucio del Sannio";48;11;10;3;0;;;;24;7;9;3;1;;;;20;44
"062060";"San Leucio del Sannio";49;7;13;2;0;;;;22;4;14;0;0;;;;18;40
"062060";"San Leucio del Sannio";50;4;12;2;0;;;;18;2;21;2;2;;;;27;45
"062060";"San Leucio del Sannio";51;2;14;1;1;;;;18;3;14;1;0;;;;18;36
"062060";"San Leucio del Sannio";52;8;17;0;0;;;;25;2;15;1;0;;;;18;43
"062060";"San Leucio del Sannio";53;5;21;0;0;;;;26;2;27;1;1;;;;31;57
"062060";"San Leucio del Sannio";54;4;17;1;1;;;;23;2;16;1;2;;;;21;44
"062060";"San Leucio del Sannio";55;2;20;0;1;;;;23;5;22;3;1;;;;31;54
"062060";"San Leucio del Sannio";56;8;20;1;0;;;;29;3;17;2;2;;;;24;53
"062060";"San Leucio del Sannio";57;6;22;0;0;;;;28;1;13;0;1;;;;15;43
"062060";"San Leucio del Sannio";58;3;22;1;0;;;;26;3;15;1;0;;;;19;45
"062060";"San Leucio del Sannio";59;2;19;0;0;;;;21;2;16;0;1;;;;19;40
"062060";"San Leucio del Sannio";60;2;23;2;2;;;;29;5;21;0;2;;;;28;57
"062060";"San Leucio del Sannio";61;11;15;2;1;;;;29;3;22;1;1;;;;27;56
"062060";"San Leucio del Sannio";62;2;17;0;0;;;;19;2;12;0;4;;;;18;37
"062060";"San Leucio del Sannio";63;3;19;1;1;;;;24;1;20;1;2;;;;24;48
"062060";"San Leucio del Sannio";64;3;23;2;1;;;;29;2;14;2;4;;;;22;51
"062060";"San Leucio del Sannio";65;4;16;0;0;;;;20;1;16;0;3;;;;20;40
"062060";"San Leucio del Sannio";66;1;19;0;0;;;;20;0;16;1;6;;;;23;43
"062060";"San Leucio del Sannio";67;2;12;1;2;;;;17;0;13;1;3;;;;17;34
"062060";"San Leucio del Sannio";68;1;19;1;2;;;;23;2;16;1;2;;;;21;44
"062060";"San Leucio del Sannio";69;0;13;0;1;;;;14;2;15;0;4;;;;21;35
"062060";"San Leucio del Sannio";70;1;20;2;0;;;;23;0;19;2;3;;;;24;47
"062060";"San Leucio del Sannio";71;0;10;0;3;;;;13;0;14;0;5;;;;19;32
"062060";"San Leucio del Sannio";72;0;15;0;2;;;;17;0;8;1;5;;;;14;31
"062060";"San Leucio del Sannio";73;1;15;0;0;;;;16;0;12;0;5;;;;17;33
"062060";"San Leucio del Sannio";74;2;13;2;3;;;;20;1;12;0;7;;;;20;40
"062060";"San Leucio del Sannio";75;1;12;1;0;;;;14;1;10;1;7;;;;19;33
"062060";"San Leucio del Sannio";76;1;10;0;1;;;;12;0;7;0;4;;;;11;23
"062060";"San Leucio del Sannio";77;0;13;0;4;;;;17;0;6;0;6;;;;12;29
"062060";"San Leucio del Sannio";78;0;12;0;1;;;;13;0;6;0;11;;;;17;30
"062060";"San Leucio del Sannio";79;0;9;0;2;;;;11;0;2;0;4;;;;6;17
"062060";"San Leucio del Sannio";80;0;7;0;1;;;;8;0;7;0;3;;;;10;18
"062060";"San Leucio del Sannio";81;2;6;0;0;;;;8;0;3;0;12;;;;15;23
"062060";"San Leucio del Sannio";82;0;5;0;1;;;;6;0;3;0;4;;;;7;13
"062060";"San Leucio del Sannio";83;0;9;0;1;;;;10;0;3;0;4;;;;7;17
"062060";"San Leucio del Sannio";84;0;7;0;1;;;;8;0;1;0;10;;;;11;19
"062060";"San Leucio del Sannio";85;0;7;0;1;;;;8;0;4;0;7;;;;11;19
"062060";"San Leucio del Sannio";86;0;3;1;1;;;;5;0;0;0;6;;;;6;11
"062060";"San Leucio del Sannio";87;1;3;1;1;;;;6;0;1;0;8;;;;9;15
"062060";"San Leucio del Sannio";88;0;1;0;2;;;;3;0;1;0;8;;;;9;12
"062060";"San Leucio del Sannio";89;1;4;0;3;;;;8;0;2;0;9;;;;11;19
"062060";"San Leucio del Sannio";90;0;2;0;0;;;;2;1;0;0;4;;;;5;7
"062060";"San Leucio del Sannio";91;0;1;0;2;;;;3;0;2;0;7;;;;9;12
"062060";"San Leucio del Sannio";92;0;0;0;0;;;;0;0;0;0;2;;;;2;2
"062060";"San Leucio del Sannio";93;0;2;0;3;;;;5;2;2;0;2;;;;6;11
"062060";"San Leucio del Sannio";94;0;0;0;0;;;;0;1;0;0;5;;;;6;6
"062060";"San Leucio del Sannio";95;0;0;0;0;;;;0;0;0;0;5;;;;5;5
"062060";"San Leucio del Sannio";96;0;0;0;0;;;;0;0;0;0;1;;;;1;1
"062060";"San Leucio del Sannio";97;0;1;0;0;;;;1;0;0;0;1;;;;1;2
"062060";"San Leucio del Sannio";98;0;0;0;1;;;;1;0;0;0;0;;;;0;1
"062060";"San Leucio del Sannio";99;0;0;0;0;;;;0;0;0;0;0;;;;0;0
"062060";"San Leucio del Sannio";100;0;0;0;0;;;;0;0;0;0;0;;;;0;0
"062060";"San Leucio del Sannio";999;631;728;30;47;;;;1436;531;688;36;197;;;;1452;2888
"062061";"San Lorenzello";0;5;0;0;0;;;;5;4;0;0;0;;;;4;9
"062061";"San Lorenzello";1;7;0;0;0;;;;7;6;0;0;0;;;;6;13
"062061";"San Lorenzello";2;6;0;0;0;;;;6;7;0;0;0;;;;7;13
"062061";"San Lorenzello";3;7;0;0;0;;;;7;5;0;0;0;;;;5;12
"062061";"San Lorenzello";4;8;0;0;0;;;;8;6;0;0;0;;;;6;14
"062061";"San Lorenzello";5;6;0;0;0;;;;6;4;0;0;0;;;;4;10
"062061";"San Lorenzello";6;7;0;0;0;;;;7;4;0;0;0;;;;4;11
"062061";"San Lorenzello";7;4;0;0;0;;;;4;6;0;0;0;;;;6;10
"062061";"San Lorenzello";8;12;0;0;0;;;;12;10;0;0;0;;;;10;22
"062061";"San Lorenzello";9;11;0;0;0;;;;11;5;0;0;0;;;;5;16
"062061";"San Lorenzello";10;10;0;0;0;;;;10;12;0;0;0;;;;12;22
"062061";"San Lorenzello";11;6;0;0;0;;;;6;5;0;0;0;;;;5;11
"062061";"San Lorenzello";12;9;0;0;0;;;;9;9;0;0;0;;;;9;18
"062061";"San Lorenzello";13;3;0;0;0;;;;3;6;0;0;0;;;;6;9
"062061";"San Lorenzello";14;9;0;0;0;;;;9;9;0;0;0;;;;9;18
"062061";"San Lorenzello";15;9;0;0;0;;;;9;12;0;0;0;;;;12;21
"062061";"San Lorenzello";16;11;0;0;0;;;;11;14;0;0;0;;;;14;25
"062061";"San Lorenzello";17;11;0;0;0;;;;11;16;0;0;0;;;;16;27
"062061";"San Lorenzello";18;13;0;0;0;;;;13;5;0;0;0;;;;5;18
"062061";"San Lorenzello";19;13;0;0;0;;;;13;6;0;0;0;;;;6;19
"062061";"San Lorenzello";20;11;0;0;0;;;;11;14;0;0;0;;;;14;25
"062061";"San Lorenzello";21;10;0;0;0;;;;10;8;0;0;0;;;;8;18
"062061";"San Lorenzello";22;12;0;0;0;;;;12;10;0;0;0;;;;10;22
"062061";"San Lorenzello";23;8;0;0;0;;;;8;11;0;0;0;;;;11;19
"062061";"San Lorenzello";24;11;0;0;0;;;;11;10;0;0;0;;;;10;21
"062061";"San Lorenzello";25;11;1;1;0;;;;13;8;0;0;0;;;;8;21
"062061";"San Lorenzello";26;7;0;0;0;;;;7;10;1;0;0;;;;11;18
"062061";"San Lorenzello";27;10;0;0;0;;;;10;3;3;0;0;;;;6;16
"062061";"San Lorenzello";28;15;1;0;0;;;;16;11;1;0;0;;;;12;28
"062061";"San Lorenzello";29;14;1;0;0;;;;15;8;1;0;0;;;;9;24
"062061";"San Lorenzello";30;11;1;0;0;;;;12;7;3;0;0;;;;10;22
"062061";"San Lorenzello";31;10;0;0;0;;;;10;5;3;0;0;;;;8;18
"062061";"San Lorenzello";32;10;3;0;0;;;;13;6;5;0;0;;;;11;24
"062061";"San Lorenzello";33;11;2;0;0;;;;13;5;3;0;0;;;;8;21
"062061";"San Lorenzello";34;6;10;0;0;;;;16;8;4;0;0;;;;12;28
"062061";"San Lorenzello";35;5;5;0;0;;;;10;4;7;0;0;;;;11;21
"062061";"San Lorenzello";36;8;5;0;0;;;;13;5;8;1;0;;;;14;27
"062061";"San Lorenzello";37;3;2;0;0;;;;5;3;8;0;0;;;;11;16
"062061";"San Lorenzello";38;7;8;0;0;;;;15;3;4;1;0;;;;8;23
"062061";"San Lorenzello";39;2;2;0;0;;;;4;1;5;0;0;;;;6;10
"062061";"San Lorenzello";40;7;7;1;0;;;;15;1;2;1;0;;;;4;19
"062061";"San Lorenzello";41;6;11;0;0;;;;17;0;10;1;0;;;;11;28
"062061";"San Lorenzello";42;6;9;0;0;;;;15;4;10;0;0;;;;14;29
"062061";"San Lorenzello";43;9;13;0;1;;;;23;5;6;1;2;;;;14;37
"062061";"San Lorenzello";44;6;4;0;0;;;;10;1;13;0;0;;;;14;24
"062061";"San Lorenzello";45;3;6;0;1;;;;10;2;9;1;1;;;;13;23
"062061";"San Lorenzello";46;5;6;1;0;;;;12;1;6;1;0;;;;8;20
"062061";"San Lorenzello";47;8;11;0;0;;;;19;4;10;3;0;;;;17;36
"062061";"San Lorenzello";48;4;12;0;0;;;;16;4;16;0;0;;;;20;36
"062061";"San Lorenzello";49;3;12;2;0;;;;17;5;17;3;0;;;;25;42
"062061";"San Lorenzello";50;3;10;0;0;;;;13;7;12;0;0;;;;19;32
"062061";"San Lorenzello";51;2;18;0;0;;;;20;0;14;0;0;;;;14;34
"062061";"San Lorenzello";52;0;8;0;0;;;;8;0;10;0;0;;;;10;18
"062061";"San Lorenzello";53;6;16;0;0;;;;22;3;8;1;0;;;;12;34
"062061";"San Lorenzello";54;3;9;1;0;;;;13;1;18;0;0;;;;19;32
"062061";"San Lorenzello";55;1;18;2;0;;;;21;0;9;0;0;;;;9;30
"062061";"San Lorenzello";56;1;12;0;0;;;;13;0;12;0;0;;;;12;25
"062061";"San Lorenzello";57;2;12;0;0;;;;14;0;8;0;1;;;;9;23
"062061";"San Lorenzello";58;2;12;0;0;;;;14;1;16;0;2;;;;19;33
"062061";"San Lorenzello";59;2;5;0;0;;;;7;1;21;0;1;;;;23;30
"062061";"San Lorenzello";60;5;14;2;1;;;;22;2;15;2;4;;;;23;45
"062061";"San Lorenzello";61;1;14;1;0;;;;16;3;15;0;1;;;;19;35
"062061";"San Lorenzello";62;0;17;0;0;;;;17;0;9;0;3;;;;12;29
"062061";"San Lorenzello";63;3;16;0;0;;;;19;0;17;2;2;;;;21;40
"062061";"San Lorenzello";64;0;8;0;0;;;;8;1;10;0;1;;;;12;20
"062061";"San Lorenzello";65;1;15;1;0;;;;17;1;15;2;3;;;;21;38
"062061";"San Lorenzello";66;2;18;2;1;;;;23;1;7;0;2;;;;10;33
"062061";"San Lorenzello";67;1;8;0;0;;;;9;1;16;0;2;;;;19;28
"062061";"San Lorenzello";68;5;12;1;2;;;;20;0;12;2;2;;;;16;36
"062061";"San Lorenzello";69;2;12;0;0;;;;14;2;9;0;2;;;;13;27
"062061";"San Lorenzello";70;1;7;0;0;;;;8;2;6;0;4;;;;12;20
"062061";"San Lorenzello";71;3;10;1;0;;;;14;0;8;0;5;;;;13;27
"062061";"San Lorenzello";72;1;8;0;0;;;;9;0;10;0;5;;;;15;24
"062061";"San Lorenzello";73;1;7;0;3;;;;11;2;11;0;4;;;;17;28
"062061";"San Lorenzello";74;0;11;0;1;;;;12;2;10;1;2;;;;15;27
"062061";"San Lorenzello";75;0;7;0;2;;;;9;1;3;1;7;;;;12;21
"062061";"San Lorenzello";76;0;12;1;2;;;;15;1;9;1;3;;;;14;29
"062061";"San Lorenzello";77;0;10;0;0;;;;10;1;6;0;8;;;;15;25
"062061";"San Lorenzello";78;1;13;0;1;;;;15;1;5;0;5;;;;11;26
"062061";"San Lorenzello";79;0;9;0;0;;;;9;2;6;0;2;;;;10;19
"062061";"San Lorenzello";80;0;5;0;0;;;;5;1;3;0;7;;;;11;16
"062061";"San Lorenzello";81;0;8;0;0;;;;8;1;4;0;7;;;;12;20
"062061";"San Lorenzello";82;0;6;0;2;;;;8;0;2;0;7;;;;9;17
"062061";"San Lorenzello";83;0;10;0;3;;;;13;0;1;1;6;;;;8;21
"062061";"San Lorenzello";84;0;3;0;2;;;;5;0;8;0;6;;;;14;19
"062061";"San Lorenzello";85;0;6;0;3;;;;9;0;2;0;6;;;;8;17
"062061";"San Lorenzello";86;0;4;0;1;;;;5;0;1;0;4;;;;5;10
"062061";"San Lorenzello";87;0;3;0;1;;;;4;0;2;0;3;;;;5;9
"062061";"San Lorenzello";88;1;5;0;2;;;;8;0;3;0;5;;;;8;16
"062061";"San Lorenzello";89;1;0;0;1;;;;2;0;2;0;4;;;;6;8
"062061";"San Lorenzello";90;0;0;0;0;;;;0;0;0;0;2;;;;2;2
"062061";"San Lorenzello";91;0;2;0;1;;;;3;1;0;0;6;;;;7;10
"062061";"San Lorenzello";92;0;1;0;0;;;;1;0;0;0;3;;;;3;4
"062061";"San Lorenzello";93;1;0;0;2;;;;3;1;1;0;4;;;;6;9
"062061";"San Lorenzello";94;0;2;0;3;;;;5;0;0;0;2;;;;2;7
"062061";"San Lorenzello";95;0;0;0;0;;;;0;0;0;0;2;;;;2;2
"062061";"San Lorenzello";96;0;0;0;0;;;;0;0;0;0;1;;;;1;1
"062061";"San Lorenzello";97;0;0;0;0;;;;0;0;0;0;1;;;;1;1
"062061";"San Lorenzello";98;0;0;0;0;;;;0;0;1;0;1;;;;2;2
"062061";"San Lorenzello";99;0;0;0;0;;;;0;0;0;0;2;;;;2;2
"062061";"San Lorenzello";100;0;0;0;0;;;;0;0;0;0;0;;;;0;0
"062061";"San Lorenzello";999;458;535;17;36;;;;1046;358;512;26;153;;;;1049;2095
"062062";"San Lorenzo Maggiore";0;7;0;0;0;;;;7;2;0;0;0;;;;2;9
"062062";"San Lorenzo Maggiore";1;7;0;0;0;;;;7;10;0;0;0;;;;10;17
"062062";"San Lorenzo Maggiore";2;15;0;0;0;;;;15;7;0;0;0;;;;7;22
"062062";"San Lorenzo Maggiore";3;7;0;0;0;;;;7;8;0;0;0;;;;8;15
"062062";"San Lorenzo Maggiore";4;3;0;0;0;;;;3;7;0;0;0;;;;7;10
"062062";"San Lorenzo Maggiore";5;7;0;0;0;;;;7;5;0;0;0;;;;5;12
"062062";"San Lorenzo Maggiore";6;7;0;0;0;;;;7;5;0;0;0;;;;5;12
"062062";"San Lorenzo Maggiore";7;11;0;0;0;;;;11;2;0;0;0;;;;2;13
"062062";"San Lorenzo Maggiore";8;10;0;0;0;;;;10;7;0;0;0;;;;7;17
"062062";"San Lorenzo Maggiore";9;5;0;0;0;;;;5;7;0;0;0;;;;7;12
"062062";"San Lorenzo Maggiore";10;9;0;0;0;;;;9;3;0;0;0;;;;3;12
"062062";"San Lorenzo Maggiore";11;8;0;0;0;;;;8;10;0;0;0;;;;10;18
"062062";"San Lorenzo Maggiore";12;14;0;0;0;;;;14;4;0;0;0;;;;4;18
"062062";"San Lorenzo Maggiore";13;10;0;0;0;;;;10;9;0;0;0;;;;9;19
"062062";"San Lorenzo Maggiore";14;8;0;0;0;;;;8;13;0;0;0;;;;13;21
"062062";"San Lorenzo Maggiore";15;3;0;0;0;;;;3;7;0;0;0;;;;7;10
"062062";"San Lorenzo Maggiore";16;8;0;0;0;;;;8;5;0;0;0;;;;5;13
"062062";"San Lorenzo Maggiore";17;3;0;0;0;;;;3;5;0;0;0;;;;5;8
"062062";"San Lorenzo Maggiore";18;7;0;0;0;;;;7;9;0;0;0;;;;9;16
"062062";"San Lorenzo Maggiore";19;12;0;0;0;;;;12;8;0;0;0;;;;8;20
"062062";"San Lorenzo Maggiore";20;17;0;0;0;;;;17;5;0;0;0;;;;5;22
"062062";"San Lorenzo Maggiore";21;16;0;0;0;;;;16;4;0;0;0;;;;4;20
"062062";"San Lorenzo Maggiore";22;8;0;0;0;;;;8;8;0;0;0;;;;8;16
"062062";"San Lorenzo Maggiore";23;11;0;0;0;;;;11;12;0;0;0;;;;12;23
"062062";"San Lorenzo Maggiore";24;12;0;0;0;;;;12;8;0;0;0;;;;8;20
"062062";"San Lorenzo Maggiore";25;5;0;0;0;;;;5;7;0;0;0;;;;7;12
"062062";"San Lorenzo Maggiore";26;14;0;0;0;;;;14;6;1;0;0;;;;7;21
"062062";"San Lorenzo Maggiore";27;14;0;0;0;;;;14;7;2;0;0;;;;9;23
"062062";"San Lorenzo Maggiore";28;18;0;0;0;;;;18;11;1;0;0;;;;12;30
"062062";"San Lorenzo Maggiore";29;9;0;0;0;;;;9;7;1;1;0;;;;9;18
"062062";"San Lorenzo Maggiore";30;13;0;0;0;;;;13;4;3;0;0;;;;7;20
"062062";"San Lorenzo Maggiore";31;5;3;0;0;;;;8;4;2;0;0;;;;6;14
"062062";"San Lorenzo Maggiore";32;5;4;0;0;;;;9;6;10;0;0;;;;16;25
"062062";"San Lorenzo Maggiore";33;5;4;0;0;;;;9;6;5;0;0;;;;11;20
"062062";"San Lorenzo Maggiore";34;6;5;0;0;;;;11;7;4;1;0;;;;12;23
"062062";"San Lorenzo Maggiore";35;9;7;0;0;;;;16;3;9;0;0;;;;12;28
"062062";"San Lorenzo Maggiore";36;4;8;0;0;;;;12;5;7;0;0;;;;12;24
"062062";"San Lorenzo Maggiore";37;7;5;0;0;;;;12;3;7;0;0;;;;10;22
"062062";"San Lorenzo Maggiore";38;5;4;0;0;;;;9;2;8;0;0;;;;10;19
"062062";"San Lorenzo Maggiore";39;7;4;0;0;;;;11;2;9;1;0;;;;12;23
"062062";"San Lorenzo Maggiore";40;6;6;0;0;;;;12;1;12;1;1;;;;15;27
"062062";"San Lorenzo Maggiore";41;3;9;0;0;;;;12;3;6;0;0;;;;9;21
"062062";"San Lorenzo Maggiore";42;8;5;0;0;;;;13;2;7;0;0;;;;9;22
"062062";"San Lorenzo Maggiore";43;5;9;0;0;;;;14;3;7;0;0;;;;10;24
"062062";"San Lorenzo Maggiore";44;2;10;0;0;;;;12;0;11;0;0;;;;11;23
"062062";"San Lorenzo Maggiore";45;2;10;0;0;;;;12;4;9;1;0;;;;14;26
"062062";"San Lorenzo Maggiore";46;6;13;0;0;;;;19;0;7;1;0;;;;8;27
"062062";"San Lorenzo Maggiore";47;8;5;0;0;;;;13;3;9;0;0;;;;12;25
"062062";"San Lorenzo Maggiore";48;2;6;0;0;;;;8;4;9;0;2;;;;15;23
"062062";"San Lorenzo Maggiore";49;4;2;0;2;;;;8;1;8;0;0;;;;9;17
"062062";"San Lorenzo Maggiore";50;5;11;0;0;;;;16;3;9;0;0;;;;12;28
"062062";"San Lorenzo Maggiore";51;7;12;0;0;;;;19;2;9;0;1;;;;12;31
"062062";"San Lorenzo Maggiore";52;1;13;0;0;;;;14;0;11;0;0;;;;11;25
"062062";"San Lorenzo Maggiore";53;1;11;1;0;;;;13;0;11;0;0;;;;11;24
"062062";"San Lorenzo Maggiore";54;4;9;0;0;;;;13;1;10;0;1;;;;12;25
"062062";"San Lorenzo Maggiore";55;1;7;0;0;;;;8;0;11;0;1;;;;12;20
"062062";"San Lorenzo Maggiore";56;2;11;0;1;;;;14;1;11;0;2;;;;14;28
"062062";"San Lorenzo Maggiore";57;3;7;0;0;;;;10;0;15;0;0;;;;15;25
"062062";"San Lorenzo Maggiore";58;2;15;0;0;;;;17;2;12;0;2;;;;16;33
"062062";"San Lorenzo Maggiore";59;3;11;0;0;;;;14;2;14;0;1;;;;17;31
"062062";"San Lorenzo Maggiore";60;1;14;1;1;;;;17;0;18;1;5;;;;24;41
"062062";"San Lorenzo Maggiore";61;1;15;0;0;;;;16;0;12;1;3;;;;16;32
"062062";"San Lorenzo Maggiore";62;3;16;0;1;;;;20;3;11;0;1;;;;15;35
"062062";"San Lorenzo Maggiore";63;0;14;0;0;;;;14;1;13;1;2;;;;17;31
"062062";"San Lorenzo Maggiore";64;2;17;0;1;;;;20;0;9;0;0;;;;9;29
"062062";"San Lorenzo Maggiore";65;1;14;0;0;;;;15;1;12;0;3;;;;16;31
"062062";"San Lorenzo Maggiore";66;1;9;0;0;;;;10;0;11;0;1;;;;12;22
"062062";"San Lorenzo Maggiore";67;1;13;0;0;;;;14;0;18;1;4;;;;23;37
"062062";"San Lorenzo Maggiore";68;0;14;0;0;;;;14;1;10;1;2;;;;14;28
"062062";"San Lorenzo Maggiore";69;1;8;0;0;;;;9;1;7;0;4;;;;12;21
"062062";"San Lorenzo Maggiore";70;0;11;0;2;;;;13;1;15;0;3;;;;19;32
"062062";"San Lorenzo Maggiore";71;2;12;0;0;;;;14;0;10;0;3;;;;13;27
"062062";"San Lorenzo Maggiore";72;0;8;1;0;;;;9;0;12;0;3;;;;15;24
"062062";"San Lorenzo Maggiore";73;0;8;0;0;;;;8;0;10;0;7;;;;17;25
"062062";"San Lorenzo Maggiore";74;0;11;0;0;;;;11;0;6;0;5;;;;11;22
"062062";"San Lorenzo Maggiore";75;0;16;0;1;;;;17;0;8;0;2;;;;10;27
"062062";"San Lorenzo Maggiore";76;1;7;0;0;;;;8;0;5;0;7;;;;12;20
"062062";"San Lorenzo Maggiore";77;0;10;0;2;;;;12;0;5;0;4;;;;9;21
"062062";"San Lorenzo Maggiore";78;0;8;0;0;;;;8;1;2;0;3;;;;6;14
"062062";"San Lorenzo Maggiore";79;0;6;0;0;;;;6;0;4;1;3;;;;8;14
"062062";"San Lorenzo Maggiore";80;0;8;1;0;;;;9;0;1;1;1;;;;3;12
"062062";"San Lorenzo Maggiore";81;0;3;0;0;;;;3;0;2;0;2;;;;4;7
"062062";"San Lorenzo Maggiore";82;0;5;0;2;;;;7;0;1;0;6;;;;7;14
"062062";"San Lorenzo Maggiore";83;0;3;0;1;;;;4;0;2;0;4;;;;6;10
"062062";"San Lorenzo Maggiore";84;0;3;0;1;;;;4;0;0;0;6;;;;6;10
"062062";"San Lorenzo Maggiore";85;1;3;0;0;;;;4;0;3;0;7;;;;10;14
"062062";"San Lorenzo Maggiore";86;0;4;0;2;;;;6;1;1;0;5;;;;7;13
"062062";"San Lorenzo Maggiore";87;0;1;0;2;;;;3;0;1;0;5;;;;6;9
"062062";"San Lorenzo Maggiore";88;0;2;0;2;;;;4;0;0;0;3;;;;3;7
"062062";"San Lorenzo Maggiore";89;0;1;0;0;;;;1;1;0;0;5;;;;6;7
"062062";"San Lorenzo Maggiore";90;0;0;0;0;;;;0;0;0;0;3;;;;3;3
"062062";"San Lorenzo Maggiore";91;0;2;0;0;;;;2;0;1;0;5;;;;6;8
"062062";"San Lorenzo Maggiore";92;0;0;0;0;;;;0;0;0;0;1;;;;1;1
"062062";"San Lorenzo Maggiore";93;0;0;0;1;;;;1;1;0;0;4;;;;5;6
"062062";"San Lorenzo Maggiore";94;0;0;0;0;;;;0;0;0;0;0;;;;0;0
"062062";"San Lorenzo Maggiore";95;0;0;0;2;;;;2;0;0;0;1;;;;1;3
"062062";"San Lorenzo Maggiore";96;0;0;0;0;;;;0;0;0;0;0;;;;0;0
"062062";"San Lorenzo Maggiore";97;0;0;0;0;;;;0;0;0;0;1;;;;1;1
"062062";"San Lorenzo Maggiore";98;0;0;0;0;;;;0;0;0;0;1;;;;1;1
"062062";"San Lorenzo Maggiore";99;0;0;0;0;;;;0;0;0;0;1;;;;1;1
"062062";"San Lorenzo Maggiore";100;0;0;0;0;;;;0;0;0;0;0;;;;0;0
"062062";"San Lorenzo Maggiore";999;441;492;4;24;;;;961;294;477;13;137;;;;921;1882
"062063";"San Lupo";0;0;0;0;0;;;;0;1;0;0;0;;;;1;1
"062063";"San Lupo";1;1;0;0;0;;;;1;3;0;0;0;;;;3;4
"062063";"San Lupo";2;3;0;0;0;;;;3;1;0;0;0;;;;1;4
"062063";"San Lupo";3;1;0;0;0;;;;1;1;0;0;0;;;;1;2
"062063";"San Lupo";4;4;0;0;0;;;;4;0;0;0;0;;;;0;4
"062063";"San Lupo";5;0;0;0;0;;;;0;0;0;0;0;;;;0;0
"062063";"San Lupo";6;3;0;0;0;;;;3;2;0;0;0;;;;2;5
"062063";"San Lupo";7;1;0;0;0;;;;1;4;0;0;0;;;;4;5
"062063";"San Lupo";8;1;0;0;0;;;;1;0;0;0;0;;;;0;1
"062063";"San Lupo";9;1;0;0;0;;;;1;4;0;0;0;;;;4;5
"062063";"San Lupo";10;5;0;0;0;;;;5;1;0;0;0;;;;1;6
"062063";"San Lupo";11;1;0;0;0;;;;1;1;0;0;0;;;;1;2
"062063";"San Lupo";12;4;0;0;0;;;;4;1;0;0;0;;;;1;5
"062063";"San Lupo";13;1;0;0;0;;;;1;2;0;0;0;;;;2;3
"062063";"San Lupo";14;3;0;0;0;;;;3;1;0;0;0;;;;1;4
"062063";"San Lupo";15;1;0;0;0;;;;1;0;0;0;0;;;;0;1
"062063";"San Lupo";16;3;0;0;0;;;;3;4;0;0;0;;;;4;7
"062063";"San Lupo";17;2;0;0;0;;;;2;0;0;0;0;;;;0;2
"062063";"San Lupo";18;0;0;0;0;;;;0;1;0;0;0;;;;1;1
"062063";"San Lupo";19;4;0;0;0;;;;4;3;0;0;0;;;;3;7
"062063";"San Lupo";20;4;0;0;0;;;;4;3;0;0;0;;;;3;7
"062063";"San Lupo";21;4;0;0;0;;;;4;4;0;0;0;;;;4;8
"062063";"San Lupo";22;3;0;0;0;;;;3;1;0;0;0;;;;1;4
"062063";"San Lupo";23;4;0;0;0;;;;4;1;0;0;0;;;;1;5
"062063";"San Lupo";24;7;0;0;0;;;;7;3;0;0;0;;;;3;10
"062063";"San Lupo";25;2;0;0;0;;;;2;6;0;0;0;;;;6;8
"062063";"San Lupo";26;2;0;0;0;;;;2;1;0;0;0;;;;1;3
"062063";"San Lupo";27;2;0;0;0;;;;2;1;0;0;0;;;;1;3
"062063";"San Lupo";28;0;0;0;0;;;;0;2;0;0;0;;;;2;2
"062063";"San Lupo";29;2;0;0;0;;;;2;2;1;0;0;;;;3;5
"062063";"San Lupo";30;4;0;0;0;;;;4;2;1;0;0;;;;3;7
"062063";"San Lupo";31;1;0;0;0;;;;1;3;3;0;0;;;;6;7
"062063";"San Lupo";32;5;0;0;0;;;;5;1;0;0;0;;;;1;6
"062063";"San Lupo";33;7;2;0;0;;;;9;3;1;0;0;;;;4;13
"062063";"San Lupo";34;3;1;0;0;;;;4;1;0;0;0;;;;1;5
"062063";"San Lupo";35;2;0;0;0;;;;2;1;0;0;0;;;;1;3
"062063";"San Lupo";36;2;3;0;0;;;;5;0;2;0;0;;;;2;7
"062063";"San Lupo";37;5;1;0;0;;;;6;3;0;0;0;;;;3;9
"062063";"San Lupo";38;2;1;0;0;;;;3;0;0;0;0;;;;0;3
"062063";"San Lupo";39;1;2;0;0;;;;3;3;1;0;0;;;;4;7
"062063";"San Lupo";40;3;1;0;0;;;;4;3;2;0;0;;;;5;9
"062063";"San Lupo";41;1;3;0;0;;;;4;0;3;0;0;;;;3;7
"062063";"San Lupo";42;2;1;0;0;;;;3;1;5;0;0;;;;6;9
"062063";"San Lupo";43;3;3;0;0;;;;6;3;3;0;0;;;;6;12
"062063";"San Lupo";44;1;3;0;0;;;;4;1;2;0;0;;;;3;7
"062063";"San Lupo";45;1;5;0;0;;;;6;0;3;1;0;;;;4;10
"062063";"San Lupo";46;2;2;0;0;;;;4;1;5;0;0;;;;6;10
"062063";"San Lupo";47;3;0;0;0;;;;3;2;3;0;0;;;;5;8
"062063";"San Lupo";48;4;3;0;0;;;;7;1;0;1;0;;;;2;9
"062063";"San Lupo";49;1;3;0;0;;;;4;1;4;1;0;;;;6;10
"062063";"San Lupo";50;4;3;0;0;;;;7;1;2;0;0;;;;3;10
"062063";"San Lupo";51;3;2;1;0;;;;6;2;4;0;0;;;;6;12
"062063";"San Lupo";52;2;6;0;0;;;;8;1;4;0;0;;;;5;13
"062063";"San Lupo";53;2;1;0;0;;;;3;2;6;0;0;;;;8;11
"062063";"San Lupo";54;2;4;2;0;;;;8;1;5;0;0;;;;6;14
"062063";"San Lupo";55;2;6;0;0;;;;8;1;4;0;1;;;;6;14
"062063";"San Lupo";56;0;6;0;0;;;;6;2;4;0;1;;;;7;13
"062063";"San Lupo";57;1;1;0;0;;;;2;1;6;0;0;;;;7;9
"062063";"San Lupo";58;2;3;1;0;;;;6;0;3;0;1;;;;4;10
"062063";"San Lupo";59;1;4;0;0;;;;5;3;6;0;0;;;;9;14
"062063";"San Lupo";60;0;8;0;0;;;;8;2;6;0;0;;;;8;16
"062063";"San Lupo";61;0;5;0;0;;;;5;0;3;0;1;;;;4;9
"062063";"San Lupo";62;1;4;0;0;;;;5;0;3;0;0;;;;3;8
"062063";"San Lupo";63;1;3;0;0;;;;4;1;3;0;1;;;;5;9
"062063";"San Lupo";64;2;5;0;0;;;;7;0;7;0;2;;;;9;16
"062063";"San Lupo";65;1;3;0;0;;;;4;0;6;0;3;;;;9;13
"062063";"San Lupo";66;1;2;0;0;;;;3;0;5;0;0;;;;5;8
"062063";"San Lupo";67;0;6;0;0;;;;6;0;3;0;2;;;;5;11
"062063";"San Lupo";68;1;3;0;0;;;;4;0;5;0;0;;;;5;9
"062063";"San Lupo";69;1;4;1;0;;;;6;0;4;0;1;;;;5;11
"062063";"San Lupo";70;0;3;1;1;;;;5;0;4;0;0;;;;4;9
"062063";"San Lupo";71;1;8;0;0;;;;9;0;1;0;1;;;;2;11
"062063";"San Lupo";72;1;6;0;1;;;;8;0;4;0;0;;;;4;12
"062063";"San Lupo";73;2;4;0;0;;;;6;0;1;0;2;;;;3;9
"062063";"San Lupo";74;1;7;0;0;;;;8;0;2;0;1;;;;3;11
"062063";"San Lupo";75;1;3;0;0;;;;4;0;5;0;1;;;;6;10
"062063";"San Lupo";76;0;6;0;0;;;;6;0;4;0;3;;;;7;13
"062063";"San Lupo";77;0;4;0;0;;;;4;1;1;0;2;;;;4;8
"062063";"San Lupo";78;0;4;0;0;;;;4;0;2;0;4;;;;6;10
"062063";"San Lupo";79;0;1;0;1;;;;2;0;1;0;0;;;;1;3
"062063";"San Lupo";80;0;2;0;0;;;;2;0;2;0;1;;;;3;5
"062063";"San Lupo";81;0;1;0;0;;;;1;0;1;0;2;;;;3;4
"062063";"San Lupo";82;0;2;0;0;;;;2;0;2;0;1;;;;3;5
"062063";"San Lupo";83;0;1;0;0;;;;1;1;0;0;1;;;;2;3
"062063";"San Lupo";84;0;1;0;0;;;;1;0;1;0;2;;;;3;4
"062063";"San Lupo";85;1;2;0;1;;;;4;0;1;0;4;;;;5;9
"062063";"San Lupo";86;0;0;0;1;;;;1;1;1;0;3;;;;5;6
"062063";"San Lupo";87;0;2;0;0;;;;2;0;0;0;2;;;;2;4
"062063";"San Lupo";88;0;0;0;0;;;;0;0;0;0;4;;;;4;4
"062063";"San Lupo";89;0;1;0;0;;;;1;0;0;0;1;;;;1;2
"062063";"San Lupo";90;0;0;0;1;;;;1;0;0;0;1;;;;1;2
"062063";"San Lupo";91;0;0;0;0;;;;0;0;0;0;2;;;;2;2
"062063";"San Lupo";92;0;0;0;2;;;;2;0;0;0;3;;;;3;5
"062063";"San Lupo";93;0;0;0;0;;;;0;0;0;0;2;;;;2;2
"062063";"San Lupo";94;0;0;0;0;;;;0;0;0;0;1;;;;1;1
"062063";"San Lupo";95;0;0;0;0;;;;0;0;0;0;0;;;;0;0
"062063";"San Lupo";96;0;1;0;0;;;;1;1;0;0;2;;;;3;4
"062063";"San Lupo";97;0;0;0;0;;;;0;0;0;0;0;;;;0;0
"062063";"San Lupo";98;0;0;0;0;;;;0;0;0;0;0;;;;0;0
"062063";"San Lupo";99;0;0;0;0;;;;0;0;0;0;2;;;;2;2
"062063";"San Lupo";100;0;0;0;0;;;;0;0;0;0;0;;;;0;0
"062063";"San Lupo";999;156;172;6;8;;;;342;105;161;3;61;;;;330;672
"062064";"San Marco dei Cavoti";0;5;0;0;0;;;;5;5;0;0;0;;;;5;10
"062064";"San Marco dei Cavoti";1;9;0;0;0;;;;9;14;0;0;0;;;;14;23
"062064";"San Marco dei Cavoti";2;9;0;0;0;;;;9;12;0;0;0;;;;12;21
"062064";"San Marco dei Cavoti";3;8;0;0;0;;;;8;4;0;0;0;;;;4;12
"062064";"San Marco dei Cavoti";4;9;0;0;0;;;;9;10;0;0;0;;;;10;19
"062064";"San Marco dei Cavoti";5;16;0;0;0;;;;16;12;0;0;0;;;;12;28
"062064";"San Marco dei Cavoti";6;8;0;0;0;;;;8;8;0;0;0;;;;8;16
"062064";"San Marco dei Cavoti";7;7;0;0;0;;;;7;11;0;0;0;;;;11;18
"062064";"San Marco dei Cavoti";8;11;0;0;0;;;;11;11;0;0;0;;;;11;22
"062064";"San Marco dei Cavoti";9;7;0;0;0;;;;7;5;0;0;0;;;;5;12
"062064";"San Marco dei Cavoti";10;8;0;0;0;;;;8;13;0;0;0;;;;13;21
"062064";"San Marco dei Cavoti";11;6;0;0;0;;;;6;8;0;0;0;;;;8;14
"062064";"San Marco dei Cavoti";12;10;0;0;0;;;;10;15;0;0;0;;;;15;25
"062064";"San Marco dei Cavoti";13;11;0;0;0;;;;11;12;0;0;0;;;;12;23
"062064";"San Marco dei Cavoti";14;4;0;0;0;;;;4;15;0;0;0;;;;15;19
"062064";"San Marco dei Cavoti";15;11;0;0;0;;;;11;7;0;0;0;;;;7;18
"062064";"San Marco dei Cavoti";16;9;0;0;0;;;;9;15;0;0;0;;;;15;24
"062064";"San Marco dei Cavoti";17;12;0;0;0;;;;12;11;0;0;0;;;;11;23
"062064";"San Marco dei Cavoti";18;20;0;0;0;;;;20;19;0;0;0;;;;19;39
"062064";"San Marco dei Cavoti";19;14;0;0;0;;;;14;12;0;0;0;;;;12;26
"062064";"San Marco dei Cavoti";20;16;0;0;0;;;;16;15;0;0;0;;;;15;31
"062064";"San Marco dei Cavoti";21;25;0;0;0;;;;25;15;0;0;0;;;;15;40
"062064";"San Marco dei Cavoti";22;12;0;0;0;;;;12;16;0;0;0;;;;16;28
"062064";"San Marco dei Cavoti";23;13;0;0;0;;;;13;13;1;0;0;;;;14;27
"062064";"San Marco dei Cavoti";24;14;0;0;0;;;;14;20;0;0;0;;;;20;34
"062064";"San Marco dei Cavoti";25;16;0;0;0;;;;16;23;1;0;1;;;;25;41
"062064";"San Marco dei Cavoti";26;15;0;0;0;;;;15;15;0;0;0;;;;15;30
"062064";"San Marco dei Cavoti";27;14;0;0;0;;;;14;10;0;0;0;;;;10;24
"062064";"San Marco dei Cavoti";28;15;3;0;0;;;;18;9;1;0;0;;;;10;28
"062064";"San Marco dei Cavoti";29;13;0;0;0;;;;13;15;3;1;0;;;;19;32
"062064";"San Marco dei Cavoti";30;14;1;0;0;;;;15;10;3;0;0;;;;13;28
"062064";"San Marco dei Cavoti";31;13;0;0;0;;;;13;10;5;0;0;;;;15;28
"062064";"San Marco dei Cavoti";32;15;1;0;0;;;;16;10;11;0;0;;;;21;37
"062064";"San Marco dei Cavoti";33;8;6;0;0;;;;14;8;6;0;0;;;;14;28
"062064";"San Marco dei Cavoti";34;14;1;0;0;;;;15;8;5;0;0;;;;13;28
"062064";"San Marco dei Cavoti";35;14;4;0;0;;;;18;6;4;0;0;;;;10;28
"062064";"San Marco dei Cavoti";36;5;8;0;0;;;;13;3;8;0;1;;;;12;25
"062064";"San Marco dei Cavoti";37;4;10;0;0;;;;14;7;7;0;0;;;;14;28
"062064";"San Marco dei Cavoti";38;7;11;0;0;;;;18;5;9;0;0;;;;14;32
"062064";"San Marco dei Cavoti";39;10;6;0;0;;;;16;3;7;1;0;;;;11;27
"062064";"San Marco dei Cavoti";40;7;8;0;0;;;;15;7;9;1;0;;;;17;32
"062064";"San Marco dei Cavoti";41;10;3;0;0;;;;13;3;14;1;1;;;;19;32
"062064";"San Marco dei Cavoti";42;5;13;0;0;;;;18;2;12;0;0;;;;14;32
"062064";"San Marco dei Cavoti";43;7;14;0;0;;;;21;2;18;1;0;;;;21;42
"062064";"San Marco dei Cavoti";44;5;11;2;0;;;;18;1;9;0;0;;;;10;28
"062064";"San Marco dei Cavoti";45;4;7;0;0;;;;11;1;6;0;0;;;;7;18
"062064";"San Marco dei Cavoti";46;6;10;0;0;;;;16;3;13;0;0;;;;16;32
"062064";"San Marco dei Cavoti";47;3;14;0;0;;;;17;5;19;1;0;;;;25;42
"062064";"San Marco dei Cavoti";48;5;11;0;0;;;;16;2;18;0;0;;;;20;36
"062064";"San Marco dei Cavoti";49;6;10;0;0;;;;16;4;9;0;0;;;;13;29
"062064";"San Marco dei Cavoti";50;8;23;0;0;;;;31;5;14;0;0;;;;19;50
"062064";"San Marco dei Cavoti";51;2;13;0;0;;;;15;7;15;2;0;;;;24;39
"062064";"San Marco dei Cavoti";52;6;14;0;0;;;;20;3;22;3;1;;;;29;49
"062064";"San Marco dei Cavoti";53;5;14;0;0;;;;19;4;24;0;0;;;;28;47
"062064";"San Marco dei Cavoti";54;7;16;1;0;;;;24;5;18;0;1;;;;24;48
"062064";"San Marco dei Cavoti";55;4;21;1;0;;;;26;2;28;3;0;;;;33;59
"062064";"San Marco dei Cavoti";56;4;20;1;0;;;;25;6;28;0;0;;;;34;59
"062064";"San Marco dei Cavoti";57;6;22;0;0;;;;28;5;20;0;0;;;;25;53
"062064";"San Marco dei Cavoti";58;11;24;0;0;;;;35;2;25;0;1;;;;28;63
"062064";"San Marco dei Cavoti";59;4;20;0;0;;;;24;5;26;0;0;;;;31;55
"062064";"San Marco dei Cavoti";60;4;28;0;1;;;;33;1;23;0;0;;;;24;57
"062064";"San Marco dei Cavoti";61;2;25;0;0;;;;27;4;22;0;0;;;;26;53
"062064";"San Marco dei Cavoti";62;0;10;0;0;;;;10;1;19;0;2;;;;22;32
"062064";"San Marco dei Cavoti";63;0;18;1;0;;;;19;7;23;0;0;;;;30;49
"062064";"San Marco dei Cavoti";64;1;22;1;0;;;;24;3;14;0;0;;;;17;41
"062064";"San Marco dei Cavoti";65;1;19;0;2;;;;22;3;15;0;0;;;;18;40
"062064";"San Marco dei Cavoti";66;3;20;0;0;;;;23;2;15;0;0;;;;17;40
"062064";"San Marco dei Cavoti";67;0;18;0;0;;;;18;1;12;2;0;;;;15;33
"062064";"San Marco dei Cavoti";68;3;10;0;0;;;;13;2;13;0;4;;;;19;32
"062064";"San Marco dei Cavoti";69;4;16;0;0;;;;20;1;21;0;1;;;;23;43
"062064";"San Marco dei Cavoti";70;4;12;0;1;;;;17;4;19;0;0;;;;23;40
"062064";"San Marco dei Cavoti";71;1;11;3;0;;;;15;2;20;0;0;;;;22;37
"062064";"San Marco dei Cavoti";72;1;20;0;1;;;;22;4;18;0;1;;;;23;45
"062064";"San Marco dei Cavoti";73;2;11;0;1;;;;14;3;11;0;0;;;;14;28
"062064";"San Marco dei Cavoti";74;2;8;0;0;;;;10;2;10;0;4;;;;16;26
"062064";"San Marco dei Cavoti";75;1;21;0;0;;;;22;2;15;0;2;;;;19;41
"062064";"San Marco dei Cavoti";76;1;25;1;1;;;;28;6;5;0;6;;;;17;45
"062064";"San Marco dei Cavoti";77;4;15;0;0;;;;19;0;19;0;2;;;;21;40
"062064";"San Marco dei Cavoti";78;0;8;0;0;;;;8;1;16;0;6;;;;23;31
"062064";"San Marco dei Cavoti";79;3;8;0;0;;;;11;0;8;0;5;;;;13;24
"062064";"San Marco dei Cavoti";80;1;12;0;0;;;;13;0;12;0;0;;;;12;25
"062064";"San Marco dei Cavoti";81;1;11;0;0;;;;12;3;12;0;3;;;;18;30
"062064";"San Marco dei Cavoti";82;2;7;0;0;;;;9;0;10;0;0;;;;10;19
"062064";"San Marco dei Cavoti";83;4;4;0;0;;;;8;4;6;0;3;;;;13;21
"062064";"San Marco dei Cavoti";84;2;15;0;1;;;;18;2;2;0;13;;;;17;35
"062064";"San Marco dei Cavoti";85;2;7;0;1;;;;10;4;7;0;11;;;;22;32
"062064";"San Marco dei Cavoti";86;1;4;0;0;;;;5;6;8;0;3;;;;17;22
"062064";"San Marco dei Cavoti";87;1;17;0;0;;;;18;0;8;0;7;;;;15;33
"062064";"San Marco dei Cavoti";88;2;7;0;0;;;;9;0;1;0;3;;;;4;13
"062064";"San Marco dei Cavoti";89;1;4;0;0;;;;5;0;8;0;5;;;;13;18
"062064";"San Marco dei Cavoti";90;0;7;0;1;;;;8;2;2;0;5;;;;9;17
"062064";"San Marco dei Cavoti";91;1;4;0;0;;;;5;0;2;0;4;;;;6;11
"062064";"San Marco dei Cavoti";92;0;0;0;2;;;;2;0;0;0;3;;;;3;5
"062064";"San Marco dei Cavoti";93;0;3;0;2;;;;5;0;1;0;2;;;;3;8
"062064";"San Marco dei Cavoti";94;0;1;0;0;;;;1;1;0;0;4;;;;5;6
"062064";"San Marco dei Cavoti";95;0;0;0;0;;;;0;0;0;0;2;;;;2;2
"062064";"San Marco dei Cavoti";96;0;0;0;0;;;;0;0;2;0;0;;;;2;2
"062064";"San Marco dei Cavoti";97;0;0;0;0;;;;0;0;0;0;3;;;;3;3
"062064";"San Marco dei Cavoti";98;0;0;0;0;;;;0;0;0;0;1;;;;1;1
"062064";"San Marco dei Cavoti";99;0;1;0;0;;;;1;0;0;0;3;;;;3;4
"062064";"San Marco dei Cavoti";100;0;0;0;0;;;;0;0;0;0;2;;;;2;2
"062064";"San Marco dei Cavoti";999;621;768;11;14;;;;1414;585;817;16;116;;;;1534;2948
"062065";"San Martino Sannita";0;5;0;0;0;;;;5;1;0;0;0;;;;1;6
"062065";"San Martino Sannita";1;4;0;0;0;;;;4;3;0;0;0;;;;3;7
"062065";"San Martino Sannita";2;8;0;0;0;;;;8;4;0;0;0;;;;4;12
"062065";"San Martino Sannita";3;3;0;0;0;;;;3;3;0;0;0;;;;3;6
"062065";"San Martino Sannita";4;0;0;0;0;;;;0;4;0;0;0;;;;4;4
"062065";"San Martino Sannita";5;4;0;0;0;;;;4;6;0;0;0;;;;6;10
"062065";"San Martino Sannita";6;4;0;0;0;;;;4;2;0;0;0;;;;2;6
"062065";"San Martino Sannita";7;5;0;0;0;;;;5;2;0;0;0;;;;2;7
"062065";"San Martino Sannita";8;4;0;0;0;;;;4;3;0;0;0;;;;3;7
"062065";"San Martino Sannita";9;3;0;0;0;;;;3;3;0;0;0;;;;3;6
"062065";"San Martino Sannita";10;6;0;0;0;;;;6;6;0;0;0;;;;6;12
"062065";"San Martino Sannita";11;4;0;0;0;;;;4;5;0;0;0;;;;5;9
"062065";"San Martino Sannita";12;3;0;0;0;;;;3;3;0;0;0;;;;3;6
"062065";"San Martino Sannita";13;8;0;0;0;;;;8;4;0;0;0;;;;4;12
"062065";"San Martino Sannita";14;5;0;0;0;;;;5;2;0;0;0;;;;2;7
"062065";"San Martino Sannita";15;5;0;0;0;;;;5;6;0;0;0;;;;6;11
"062065";"San Martino Sannita";16;7;0;0;0;;;;7;5;0;0;0;;;;5;12
"062065";"San Martino Sannita";17;2;0;0;0;;;;2;3;0;0;0;;;;3;5
"062065";"San Martino Sannita";18;6;0;0;0;;;;6;6;0;0;0;;;;6;12
"062065";"San Martino Sannita";19;9;0;0;0;;;;9;3;0;0;0;;;;3;12
"062065";"San Martino Sannita";20;3;0;0;0;;;;3;3;0;0;0;;;;3;6
"062065";"San Martino Sannita";21;4;0;0;0;;;;4;5;0;0;0;;;;5;9
"062065";"San Martino Sannita";22;11;0;0;0;;;;11;7;0;0;0;;;;7;18
"062065";"San Martino Sannita";23;6;0;0;0;;;;6;3;0;0;0;;;;3;9
"062065";"San Martino Sannita";24;14;0;0;0;;;;14;7;0;0;0;;;;7;21
"062065";"San Martino Sannita";25;3;0;0;0;;;;3;4;0;0;0;;;;4;7
"062065";"San Martino Sannita";26;6;0;0;0;;;;6;4;1;0;0;;;;5;11
"062065";"San Martino Sannita";27;6;0;0;0;;;;6;6;0;0;0;;;;6;12
"062065";"San Martino Sannita";28;6;0;0;0;;;;6;5;0;0;0;;;;5;11
"062065";"San Martino Sannita";29;6;1;0;0;;;;7;7;1;0;0;;;;8;15
"062065";"San Martino Sannita";30;6;1;0;0;;;;7;6;1;0;0;;;;7;14
"062065";"San Martino Sannita";31;8;0;0;0;;;;8;4;0;0;0;;;;4;12
"062065";"San Martino Sannita";32;9;3;0;0;;;;12;3;1;0;0;;;;4;16
"062065";"San Martino Sannita";33;4;1;0;0;;;;5;3;4;0;0;;;;7;12
"062065";"San Martino Sannita";34;7;0;0;0;;;;7;7;2;0;0;;;;9;16
"062065";"San Martino Sannita";35;4;0;0;0;;;;4;4;2;0;0;;;;6;10
"062065";"San Martino Sannita";36;6;3;0;0;;;;9;6;1;2;0;;;;9;18
"062065";"San Martino Sannita";37;2;2;0;0;;;;4;3;4;0;0;;;;7;11
"062065";"San Martino Sannita";38;2;2;0;0;;;;4;2;3;0;0;;;;5;9
"062065";"San Martino Sannita";39;7;3;0;0;;;;10;6;1;0;0;;;;7;17
"062065";"San Martino Sannita";40;4;2;0;0;;;;6;2;6;0;0;;;;8;14
"062065";"San Martino Sannita";41;4;3;0;0;;;;7;5;4;1;0;;;;10;17
"062065";"San Martino Sannita";42;3;5;0;0;;;;8;2;4;1;0;;;;7;15
"062065";"San Martino Sannita";43;5;1;0;0;;;;6;4;3;0;0;;;;7;13
"062065";"San Martino Sannita";44;2;5;0;0;;;;7;3;8;0;0;;;;11;18
"062065";"San Martino Sannita";45;1;7;1;0;;;;9;0;4;0;0;;;;4;13
"062065";"San Martino Sannita";46;2;4;0;0;;;;6;1;9;0;0;;;;10;16
"062065";"San Martino Sannita";47;3;4;1;0;;;;8;4;8;0;0;;;;12;20
"062065";"San Martino Sannita";48;1;5;0;0;;;;6;3;4;1;1;;;;9;15
"062065";"San Martino Sannita";49;2;6;0;0;;;;8;2;8;1;0;;;;11;19
"062065";"San Martino Sannita";50;1;3;0;0;;;;4;1;4;0;0;;;;5;9
"062065";"San Martino Sannita";51;2;7;1;0;;;;10;1;4;0;1;;;;6;16
"062065";"San Martino Sannita";52;2;5;0;0;;;;7;1;6;1;0;;;;8;15
"062065";"San Martino Sannita";53;2;7;0;0;;;;9;0;8;0;1;;;;9;18
"062065";"San Martino Sannita";54;1;7;2;0;;;;10;4;12;0;1;;;;17;27
"062065";"San Martino Sannita";55;3;6;0;0;;;;9;0;7;0;0;;;;7;16
"062065";"San Martino Sannita";56;1;10;1;0;;;;12;5;10;1;1;;;;17;29
"062065";"San Martino Sannita";57;0;7;1;0;;;;8;0;9;0;0;;;;9;17
"062065";"San Martino Sannita";58;0;10;1;1;;;;12;1;7;0;0;;;;8;20
"062065";"San Martino Sannita";59;2;7;2;0;;;;11;0;12;0;0;;;;12;23
"062065";"San Martino Sannita";60;3;8;0;0;;;;11;3;6;1;1;;;;11;22
"062065";"San Martino Sannita";61;2;10;0;0;;;;12;1;7;0;0;;;;8;20
"062065";"San Martino Sannita";62;0;12;0;0;;;;12;0;7;0;1;;;;8;20
"062065";"San Martino Sannita";63;2;7;0;0;;;;9;0;4;0;2;;;;6;15
"062065";"San Martino Sannita";64;0;6;0;1;;;;7;1;7;2;0;;;;10;17
"062065";"San Martino Sannita";65;1;7;0;0;;;;8;1;4;1;2;;;;8;16
"062065";"San Martino Sannita";66;0;9;0;0;;;;9;2;7;0;3;;;;12;21
"062065";"San Martino Sannita";67;1;7;0;1;;;;9;1;5;1;3;;;;10;19
"062065";"San Martino Sannita";68;2;5;0;1;;;;8;0;4;1;2;;;;7;15
"062065";"San Martino Sannita";69;1;9;1;0;;;;11;0;8;0;2;;;;10;21
"062065";"San Martino Sannita";70;0;3;1;1;;;;5;1;4;0;2;;;;7;12
"062065";"San Martino Sannita";71;0;5;0;0;;;;5;0;5;0;0;;;;5;10
"062065";"San Martino Sannita";72;1;3;0;0;;;;4;0;5;0;0;;;;5;9
"062065";"San Martino Sannita";73;2;9;0;0;;;;11;1;6;0;0;;;;7;18
"062065";"San Martino Sannita";74;0;7;0;0;;;;7;0;3;0;3;;;;6;13
"062065";"San Martino Sannita";75;0;3;1;0;;;;4;0;7;0;2;;;;9;13
"062065";"San Martino Sannita";76;0;7;0;0;;;;7;1;1;0;1;;;;3;10
"062065";"San Martino Sannita";77;0;6;0;1;;;;7;2;3;0;5;;;;10;17
"062065";"San Martino Sannita";78;0;1;0;1;;;;2;0;3;0;1;;;;4;6
"062065";"San Martino Sannita";79;0;1;0;0;;;;1;0;1;0;2;;;;3;4
"062065";"San Martino Sannita";80;0;0;0;0;;;;0;0;0;0;4;;;;4;4
"062065";"San Martino Sannita";81;0;5;0;1;;;;6;0;3;0;3;;;;6;12
"062065";"San Martino Sannita";82;0;1;0;1;;;;2;1;0;0;0;;;;1;3
"062065";"San Martino Sannita";83;0;0;0;0;;;;0;1;4;0;1;;;;6;6
"062065";"San Martino Sannita";84;0;5;0;1;;;;6;0;0;0;3;;;;3;9
"062065";"San Martino Sannita";85;0;5;0;1;;;;6;0;0;0;3;;;;3;9
"062065";"San Martino Sannita";86;0;1;0;2;;;;3;0;3;0;0;;;;3;6
"062065";"San Martino Sannita";87;0;0;0;0;;;;0;0;1;0;4;;;;5;5
"062065";"San Martino Sannita";88;0;3;0;0;;;;3;0;0;0;2;;;;2;5
"062065";"San Martino Sannita";89;0;1;0;0;;;;1;0;1;0;2;;;;3;4
"062065";"San Martino Sannita";90;0;0;0;0;;;;0;0;0;0;3;;;;3;3
"062065";"San Martino Sannita";91;0;0;0;0;;;;0;0;0;0;1;;;;1;1
"062065";"San Martino Sannita";92;0;1;0;1;;;;2;0;0;0;1;;;;1;3
"062065";"San Martino Sannita";93;0;0;0;0;;;;0;0;0;0;1;;;;1;1
"062065";"San Martino Sannita";94;0;0;0;1;;;;1;1;0;0;0;;;;1;2
"062065";"San Martino Sannita";95;0;0;0;0;;;;0;0;0;0;1;;;;1;1
"062065";"San Martino Sannita";96;0;0;0;0;;;;0;0;0;0;1;;;;1;1
"062065";"San Martino Sannita";97;0;0;0;0;;;;0;0;0;0;0;;;;0;0
"062065";"San Martino Sannita";98;0;0;0;0;;;;0;0;0;0;0;;;;0;0
"062065";"San Martino Sannita";99;0;0;0;0;;;;0;0;0;0;0;;;;0;0
"062065";"San Martino Sannita";100;0;0;0;0;;;;0;0;0;0;1;;;;1;1
"062065";"San Martino Sannita";999;271;274;13;15;;;;573;225;267;14;68;;;;574;1147
"062066";"San Nazzaro";0;3;0;0;0;;;;3;7;0;0;0;;;;7;10
"062066";"San Nazzaro";1;1;0;0;0;;;;1;3;0;0;0;;;;3;4
"062066";"San Nazzaro";2;1;0;0;0;;;;1;0;0;0;0;;;;0;1
"062066";"San Nazzaro";3;1;0;0;0;;;;1;1;0;0;0;;;;1;2
"062066";"San Nazzaro";4;2;0;0;0;;;;2;0;0;0;0;;;;0;2
"062066";"San Nazzaro";5;6;0;0;0;;;;6;3;0;0;0;;;;3;9
"062066";"San Nazzaro";6;1;0;0;0;;;;1;3;0;0;0;;;;3;4
"062066";"San Nazzaro";7;4;0;0;0;;;;4;7;0;0;0;;;;7;11
"062066";"San Nazzaro";8;6;0;0;0;;;;6;2;0;0;0;;;;2;8
"062066";"San Nazzaro";9;5;0;0;0;;;;5;0;0;0;0;;;;0;5
"062066";"San Nazzaro";10;2;0;0;0;;;;2;3;0;0;0;;;;3;5
"062066";"San Nazzaro";11;4;0;0;0;;;;4;3;0;0;0;;;;3;7
"062066";"San Nazzaro";12;1;0;0;0;;;;1;1;0;0;0;;;;1;2
"062066";"San Nazzaro";13;6;0;0;0;;;;6;6;0;0;0;;;;6;12
"062066";"San Nazzaro";14;3;0;0;0;;;;3;8;0;0;0;;;;8;11
"062066";"San Nazzaro";15;7;0;0;0;;;;7;1;0;0;0;;;;1;8
"062066";"San Nazzaro";16;3;0;0;0;;;;3;4;0;0;0;;;;4;7
"062066";"San Nazzaro";17;3;0;0;0;;;;3;6;0;0;0;;;;6;9
"062066";"San Nazzaro";18;6;0;0;0;;;;6;5;0;0;0;;;;5;11
"062066";"San Nazzaro";19;4;0;0;0;;;;4;3;0;0;0;;;;3;7
"062066";"San Nazzaro";20;5;0;0;0;;;;5;2;0;0;0;;;;2;7
"062066";"San Nazzaro";21;8;0;0;0;;;;8;5;0;0;0;;;;5;13
"062066";"San Nazzaro";22;6;0;0;0;;;;6;5;0;0;0;;;;5;11
"062066";"San Nazzaro";23;5;0;0;0;;;;5;4;0;0;0;;;;4;9
"062066";"San Nazzaro";24;4;0;0;0;;;;4;4;0;0;0;;;;4;8
"062066";"San Nazzaro";25;6;0;0;0;;;;6;2;0;0;0;;;;2;8
"062066";"San Nazzaro";26;2;0;0;0;;;;2;4;0;0;0;;;;4;6
"062066";"San Nazzaro";27;6;0;0;0;;;;6;4;0;0;0;;;;4;10
"062066";"San Nazzaro";28;4;0;0;0;;;;4;5;0;0;0;;;;5;9
"062066";"San Nazzaro";29;5;0;0;0;;;;5;6;1;0;0;;;;7;12
"062066";"San Nazzaro";30;5;0;0;0;;;;5;2;1;0;0;;;;3;8
"062066";"San Nazzaro";31;3;1;0;0;;;;4;2;2;0;0;;;;4;8
"062066";"San Nazzaro";32;4;0;0;0;;;;4;5;1;0;0;;;;6;10
"062066";"San Nazzaro";33;3;1;0;0;;;;4;4;0;0;0;;;;4;8
"062066";"San Nazzaro";34;3;0;0;0;;;;3;3;0;0;0;;;;3;6
"062066";"San Nazzaro";35;6;0;0;0;;;;6;5;3;0;0;;;;8;14
"062066";"San Nazzaro";36;6;0;0;0;;;;6;2;1;0;0;;;;3;9
"062066";"San Nazzaro";37;2;3;0;0;;;;5;4;1;1;0;;;;6;11
"062066";"San Nazzaro";38;3;1;0;0;;;;4;2;5;0;0;;;;7;11
"062066";"San Nazzaro";39;1;2;0;0;;;;3;2;8;0;0;;;;10;13
"062066";"San Nazzaro";40;3;4;0;0;;;;7;3;3;0;0;;;;6;13
"062066";"San Nazzaro";41;1;6;0;0;;;;7;3;1;0;0;;;;4;11
"062066";"San Nazzaro";42;4;0;0;0;;;;4;0;1;0;0;;;;1;5
"062066";"San Nazzaro";43;3;4;0;0;;;;7;1;4;0;0;;;;5;12
"062066";"San Nazzaro";44;3;4;0;0;;;;7;0;2;0;0;;;;2;9
"062066";"San Nazzaro";45;1;6;0;0;;;;7;1;3;0;0;;;;4;11
"062066";"San Nazzaro";46;1;4;1;0;;;;6;0;5;0;0;;;;5;11
"062066";"San Nazzaro";47;2;3;0;0;;;;5;3;8;0;0;;;;11;16
"062066";"San Nazzaro";48;5;6;0;0;;;;11;1;6;0;0;;;;7;18
"062066";"San Nazzaro";49;3;4;0;0;;;;7;2;4;0;0;;;;6;13
"062066";"San Nazzaro";50;2;2;0;0;;;;4;1;8;0;0;;;;9;13
"062066";"San Nazzaro";51;3;9;0;0;;;;12;0;5;1;0;;;;6;18
"062066";"San Nazzaro";52;1;1;0;0;;;;2;1;6;1;0;;;;8;10
"062066";"San Nazzaro";53;1;5;0;1;;;;7;1;5;0;0;;;;6;13
"062066";"San Nazzaro";54;3;8;2;0;;;;13;1;4;0;0;;;;5;18
"062066";"San Nazzaro";55;0;2;0;0;;;;2;0;4;0;0;;;;4;6
"062066";"San Nazzaro";56;1;4;0;0;;;;5;1;3;0;0;;;;4;9
"062066";"San Nazzaro";57;1;5;1;0;;;;7;0;6;1;1;;;;8;15
"062066";"San Nazzaro";58;2;5;1;1;;;;9;0;3;0;0;;;;3;12
"062066";"San Nazzaro";59;0;4;0;0;;;;4;0;8;0;0;;;;8;12
"062066";"San Nazzaro";60;1;4;0;0;;;;5;1;8;0;0;;;;9;14
"062066";"San Nazzaro";61;1;7;1;0;;;;9;1;6;1;1;;;;9;18
"062066";"San Nazzaro";62;0;6;0;1;;;;7;0;5;0;1;;;;6;13
"062066";"San Nazzaro";63;0;7;0;0;;;;7;0;7;1;0;;;;8;15
"062066";"San Nazzaro";64;0;5;0;0;;;;5;0;5;0;0;;;;5;10
"062066";"San Nazzaro";65;0;4;1;0;;;;5;1;4;1;0;;;;6;11
"062066";"San Nazzaro";66;0;10;1;0;;;;11;0;4;0;1;;;;5;16
"062066";"San Nazzaro";67;0;4;0;0;;;;4;0;7;1;1;;;;9;13
"062066";"San Nazzaro";68;0;5;1;0;;;;6;0;3;0;2;;;;5;11
"062066";"San Nazzaro";69;0;2;1;0;;;;3;0;4;0;3;;;;7;10
"062066";"San Nazzaro";70;2;6;0;0;;;;8;0;3;0;2;;;;5;13
"062066";"San Nazzaro";71;0;2;0;0;;;;2;1;2;0;1;;;;4;6
"062066";"San Nazzaro";72;0;2;0;0;;;;2;0;4;0;1;;;;5;7
"062066";"San Nazzaro";73;0;0;1;0;;;;1;1;0;0;2;;;;3;4
"062066";"San Nazzaro";74;0;5;0;0;;;;5;0;1;0;2;;;;3;8
"062066";"San Nazzaro";75;0;1;1;1;;;;3;0;3;0;1;;;;4;7
"062066";"San Nazzaro";76;0;3;1;0;;;;4;0;2;0;1;;;;3;7
"062066";"San Nazzaro";77;0;1;0;1;;;;2;1;1;0;3;;;;5;7
"062066";"San Nazzaro";78;0;1;0;0;;;;1;1;0;0;3;;;;4;5
"062066";"San Nazzaro";79;0;1;0;0;;;;1;1;0;0;0;;;;1;2
"062066";"San Nazzaro";80;0;1;0;1;;;;2;0;1;0;1;;;;2;4
"062066";"San Nazzaro";81;0;2;0;1;;;;3;1;0;0;3;;;;4;7
"062066";"San Nazzaro";82;0;2;0;0;;;;2;1;0;0;3;;;;4;6
"062066";"San Nazzaro";83;0;0;0;0;;;;0;0;2;0;2;;;;4;4
"062066";"San Nazzaro";84;0;0;0;0;;;;0;0;0;0;0;;;;0;0
"062066";"San Nazzaro";85;0;1;0;2;;;;3;0;1;0;4;;;;5;8
"062066";"San Nazzaro";86;0;1;0;0;;;;1;0;0;0;2;;;;2;3
"062066";"San Nazzaro";87;0;1;0;1;;;;2;1;0;0;1;;;;2;4
"062066";"San Nazzaro";88;0;1;0;2;;;;3;0;1;0;5;;;;6;9
"062066";"San Nazzaro";89;0;0;0;0;;;;0;0;0;0;3;;;;3;3
"062066";"San Nazzaro";90;0;0;0;0;;;;0;0;0;0;3;;;;3;3
"062066";"San Nazzaro";91;0;0;0;1;;;;1;0;0;0;1;;;;1;2
"062066";"San Nazzaro";92;0;0;0;0;;;;0;0;0;0;2;;;;2;2
"062066";"San Nazzaro";93;1;0;0;0;;;;1;0;0;0;0;;;;0;1
"062066";"San Nazzaro";94;0;0;0;1;;;;1;0;0;0;1;;;;1;2
"062066";"San Nazzaro";95;0;0;0;0;;;;0;0;0;0;2;;;;2;2
"062066";"San Nazzaro";96;0;0;0;0;;;;0;0;0;0;0;;;;0;0
"062066";"San Nazzaro";97;0;0;0;0;;;;0;0;0;0;0;;;;0;0
"062066";"San Nazzaro";98;0;0;0;0;;;;0;0;0;0;0;;;;0;0
"062066";"San Nazzaro";99;0;0;0;0;;;;0;0;0;0;0;;;;0;0
"062066";"San Nazzaro";100;0;0;0;0;;;;0;0;0;0;0;;;;0;0
"062066";"San Nazzaro";999;201;179;13;14;;;;407;168;186;8;59;;;;421;828
"062067";"San Nicola Manfredi";0;9;0;0;0;;;;9;11;0;0;0;;;;11;20
"062067";"San Nicola Manfredi";1;14;0;0;0;;;;14;9;0;0;0;;;;9;23
"062067";"San Nicola Manfredi";2;13;0;0;0;;;;13;11;0;0;0;;;;11;24
"062067";"San Nicola Manfredi";3;15;0;0;0;;;;15;10;0;0;0;;;;10;25
"062067";"San Nicola Manfredi";4;14;0;0;0;;;;14;17;0;0;0;;;;17;31
"062067";"San Nicola Manfredi";5;10;0;0;0;;;;10;11;0;0;0;;;;11;21
"062067";"San Nicola Manfredi";6;12;0;0;0;;;;12;8;0;0;0;;;;8;20
"062067";"San Nicola Manfredi";7;19;0;0;0;;;;19;9;0;0;0;;;;9;28
"062067";"San Nicola Manfredi";8;15;0;0;0;;;;15;18;0;0;0;;;;18;33
"062067";"San Nicola Manfredi";9;11;0;0;0;;;;11;14;0;0;0;;;;14;25
"062067";"San Nicola Manfredi";10;18;0;0;0;;;;18;8;0;0;0;;;;8;26
"062067";"San Nicola Manfredi";11;17;0;0;0;;;;17;21;0;0;0;;;;21;38
"062067";"San Nicola Manfredi";12;21;0;0;0;;;;21;12;0;0;0;;;;12;33
"062067";"San Nicola Manfredi";13;16;0;0;0;;;;16;12;0;0;0;;;;12;28
"062067";"San Nicola Manfredi";14;12;0;0;0;;;;12;18;0;0;0;;;;18;30
"062067";"San Nicola Manfredi";15;11;0;0;0;;;;11;19;0;0;0;;;;19;30
"062067";"San Nicola Manfredi";16;12;0;0;0;;;;12;19;0;0;0;;;;19;31
"062067";"San Nicola Manfredi";17;15;0;0;0;;;;15;20;0;0;0;;;;20;35
"062067";"San Nicola Manfredi";18;26;0;0;0;;;;26;19;0;0;0;;;;19;45
"062067";"San Nicola Manfredi";19;13;0;0;0;;;;13;19;0;0;0;;;;19;32
"062067";"San Nicola Manfredi";20;24;0;0;0;;;;24;15;0;0;0;;;;15;39
"062067";"San Nicola Manfredi";21;13;0;0;0;;;;13;15;0;0;0;;;;15;28
"062067";"San Nicola Manfredi";22;15;0;0;0;;;;15;17;0;0;0;;;;17;32
"062067";"San Nicola Manfredi";23;16;0;0;0;;;;16;19;0;0;0;;;;19;35
"062067";"San Nicola Manfredi";24;20;0;0;0;;;;20;24;0;0;0;;;;24;44
"062067";"San Nicola Manfredi";25;21;2;0;0;;;;23;16;1;0;0;;;;17;40
"062067";"San Nicola Manfredi";26;15;0;0;0;;;;15;9;1;0;0;;;;10;25
"062067";"San Nicola Manfredi";27;17;0;0;0;;;;17;15;2;0;0;;;;17;34
"062067";"San Nicola Manfredi";28;18;3;0;0;;;;21;12;3;0;0;;;;15;36
"062067";"San Nicola Manfredi";29;17;1;0;0;;;;18;14;0;0;0;;;;14;32
"062067";"San Nicola Manfredi";30;16;2;0;0;;;;18;19;5;0;1;;;;25;43
"062067";"San Nicola Manfredi";31;21;5;0;0;;;;26;15;6;0;0;;;;21;47
"062067";"San Nicola Manfredi";32;9;5;0;0;;;;14;9;5;0;0;;;;14;28
"062067";"San Nicola Manfredi";33;16;4;0;0;;;;20;8;7;0;0;;;;15;35
"062067";"San Nicola Manfredi";34;11;5;0;0;;;;16;12;13;1;0;;;;26;42
"062067";"San Nicola Manfredi";35;19;5;0;0;;;;24;12;10;0;0;;;;22;46
"062067";"San Nicola Manfredi";36;11;6;0;0;;;;17;10;12;0;0;;;;22;39
"062067";"San Nicola Manfredi";37;15;9;1;0;;;;25;6;13;0;0;;;;19;44
"062067";"San Nicola Manfredi";38;6;15;0;0;;;;21;7;10;0;0;;;;17;38
"062067";"San Nicola Manfredi";39;13;9;0;0;;;;22;6;14;2;0;;;;22;44
"062067";"San Nicola Manfredi";40;14;15;1;0;;;;30;4;17;0;0;;;;21;51
"062067";"San Nicola Manfredi";41;7;11;0;0;;;;18;5;18;0;0;;;;23;41
"062067";"San Nicola Manfredi";42;14;15;0;0;;;;29;6;15;1;0;;;;22;51
"062067";"San Nicola Manfredi";43;8;13;0;0;;;;21;1;16;0;0;;;;17;38
"062067";"San Nicola Manfredi";44;6;13;0;0;;;;19;3;21;2;1;;;;27;46
"062067";"San Nicola Manfredi";45;6;16;1;0;;;;23;2;14;3;0;;;;19;42
"062067";"San Nicola Manfredi";46;8;13;2;0;;;;23;6;20;0;1;;;;27;50
"062067";"San Nicola Manfredi";47;8;11;2;0;;;;21;8;18;2;0;;;;28;49
"062067";"San Nicola Manfredi";48;6;17;0;0;;;;23;4;19;0;0;;;;23;46
"062067";"San Nicola Manfredi";49;6;18;4;0;;;;28;1;19;3;1;;;;24;52
"062067";"San Nicola Manfredi";50;4;10;1;0;;;;15;3;22;3;1;;;;29;44
"062067";"San Nicola Manfredi";51;4;24;1;0;;;;29;3;18;1;0;;;;22;51
"062067";"San Nicola Manfredi";52;5;22;3;0;;;;30;4;21;3;2;;;;30;60
"062067";"San Nicola Manfredi";53;4;22;1;2;;;;29;2;21;2;3;;;;28;57
"062067";"San Nicola Manfredi";54;5;25;3;0;;;;33;3;28;3;0;;;;34;67
"062067";"San Nicola Manfredi";55;7;23;1;0;;;;31;4;19;2;0;;;;25;56
"062067";"San Nicola Manfredi";56;3;20;1;0;;;;24;3;21;1;1;;;;26;50
"062067";"San Nicola Manfredi";57;3;23;1;0;;;;27;2;33;1;1;;;;37;64
"062067";"San Nicola Manfredi";58;0;21;2;1;;;;24;2;22;2;5;;;;31;55
"062067";"San Nicola Manfredi";59;6;17;1;1;;;;25;1;27;3;3;;;;34;59
"062067";"San Nicola Manfredi";60;6;24;1;0;;;;31;3;29;2;1;;;;35;66
"062067";"San Nicola Manfredi";61;2;24;2;2;;;;30;2;25;0;3;;;;30;60
"062067";"San Nicola Manfredi";62;4;15;1;0;;;;20;3;25;2;2;;;;32;52
"062067";"San Nicola Manfredi";63;2;29;1;0;;;;32;4;26;0;7;;;;37;69
"062067";"San Nicola Manfredi";64;4;19;2;1;;;;26;2;20;1;4;;;;27;53
"062067";"San Nicola Manfredi";65;4;20;1;1;;;;26;1;20;0;5;;;;26;52
"062067";"San Nicola Manfredi";66;2;21;1;0;;;;24;2;11;1;2;;;;16;40
"062067";"San Nicola Manfredi";67;2;18;1;0;;;;21;1;16;0;3;;;;20;41
"062067";"San Nicola Manfredi";68;2;23;0;1;;;;26;4;11;0;6;;;;21;47
"062067";"San Nicola Manfredi";69;1;14;2;1;;;;18;1;14;1;2;;;;18;36
"062067";"San Nicola Manfredi";70;1;22;0;1;;;;24;0;7;1;4;;;;12;36
"062067";"San Nicola Manfredi";71;1;16;3;0;;;;20;1;14;0;4;;;;19;39
"062067";"San Nicola Manfredi";72;0;12;1;1;;;;14;0;10;1;2;;;;13;27
"062067";"San Nicola Manfredi";73;1;13;0;0;;;;14;1;8;0;2;;;;11;25
"062067";"San Nicola Manfredi";74;1;16;0;2;;;;19;0;9;0;2;;;;11;30
"062067";"San Nicola Manfredi";75;2;13;1;0;;;;16;3;12;0;7;;;;22;38
"062067";"San Nicola Manfredi";76;0;9;0;0;;;;9;1;5;0;8;;;;14;23
"062067";"San Nicola Manfredi";77;1;9;0;1;;;;11;0;2;0;8;;;;10;21
"062067";"San Nicola Manfredi";78;0;16;0;4;;;;20;0;6;0;5;;;;11;31
"062067";"San Nicola Manfredi";79;0;4;0;1;;;;5;0;8;0;9;;;;17;22
"062067";"San Nicola Manfredi";80;0;10;0;0;;;;10;1;5;0;6;;;;12;22
"062067";"San Nicola Manfredi";81;0;7;0;1;;;;8;0;4;0;12;;;;16;24
"062067";"San Nicola Manfredi";82;0;3;0;0;;;;3;0;6;0;3;;;;9;12
"062067";"San Nicola Manfredi";83;0;3;0;2;;;;5;1;0;0;1;;;;2;7
"062067";"San Nicola Manfredi";84;0;3;0;2;;;;5;1;6;0;10;;;;17;22
"062067";"San Nicola Manfredi";85;0;3;0;2;;;;5;0;5;0;11;;;;16;21
"062067";"San Nicola Manfredi";86;0;8;0;1;;;;9;0;4;0;8;;;;12;21
"062067";"San Nicola Manfredi";87;0;6;0;0;;;;6;0;2;0;7;;;;9;15
"062067";"San Nicola Manfredi";88;0;4;0;3;;;;7;0;0;0;9;;;;9;16
"062067";"San Nicola Manfredi";89;0;3;0;1;;;;4;2;0;1;7;;;;10;14
"062067";"San Nicola Manfredi";90;1;2;0;3;;;;6;1;0;0;5;;;;6;12
"062067";"San Nicola Manfredi";91;0;0;0;0;;;;0;1;0;1;6;;;;8;8
"062067";"San Nicola Manfredi";92;0;0;0;4;;;;4;0;1;0;5;;;;6;10
"062067";"San Nicola Manfredi";93;0;1;0;1;;;;2;0;0;0;2;;;;2;4
"062067";"San Nicola Manfredi";94;0;0;0;0;;;;0;0;0;0;3;;;;3;3
"062067";"San Nicola Manfredi";95;0;0;0;0;;;;0;0;0;0;5;;;;5;5
"062067";"San Nicola Manfredi";96;0;1;0;0;;;;1;0;0;0;1;;;;1;2
"062067";"San Nicola Manfredi";97;0;0;0;0;;;;0;0;0;0;2;;;;2;2
"062067";"San Nicola Manfredi";98;0;0;0;0;;;;0;0;0;0;0;;;;0;0
"062067";"San Nicola Manfredi";99;0;0;0;0;;;;0;0;0;0;0;;;;0;0
"062067";"San Nicola Manfredi";100;0;0;0;0;;;;0;0;0;0;2;;;;2;2
"062067";"San Nicola Manfredi";999;767;811;43;40;;;;1661;648;822;46;211;;;;1727;3388
"062068";"San Salvatore Telesino";0;11;0;0;0;;;;11;15;0;0;0;;;;15;26
"062068";"San Salvatore Telesino";1;17;0;0;0;;;;17;13;0;0;0;;;;13;30
"062068";"San Salvatore Telesino";2;16;0;0;0;;;;16;18;0;0;0;;;;18;34
"062068";"San Salvatore Telesino";3;17;0;0;0;;;;17;8;0;0;0;;;;8;25
"062068";"San Salvatore Telesino";4;16;0;0;0;;;;16;9;0;0;0;;;;9;25
"062068";"San Salvatore Telesino";5;13;0;0;0;;;;13;9;0;0;0;;;;9;22
"062068";"San Salvatore Telesino";6;22;0;0;0;;;;22;6;0;0;0;;;;6;28
"062068";"San Salvatore Telesino";7;14;0;0;0;;;;14;17;0;0;0;;;;17;31
"062068";"San Salvatore Telesino";8;20;0;0;0;;;;20;19;0;0;0;;;;19;39
"062068";"San Salvatore Telesino";9;9;0;0;0;;;;9;16;0;0;0;;;;16;25
"062068";"San Salvatore Telesino";10;13;0;0;0;;;;13;17;0;0;0;;;;17;30
"062068";"San Salvatore Telesino";11;9;0;0;0;;;;9;11;0;0;0;;;;11;20
"062068";"San Salvatore Telesino";12;15;0;0;0;;;;15;15;0;0;0;;;;15;30
"062068";"San Salvatore Telesino";13;19;0;0;0;;;;19;16;0;0;0;;;;16;35
"062068";"San Salvatore Telesino";14;24;0;0;0;;;;24;21;0;0;0;;;;21;45
"062068";"San Salvatore Telesino";15;18;0;0;0;;;;18;19;0;0;0;;;;19;37
"062068";"San Salvatore Telesino";16;10;0;0;0;;;;10;16;0;0;0;;;;16;26
"062068";"San Salvatore Telesino";17;20;0;0;0;;;;20;20;0;0;0;;;;20;40
"062068";"San Salvatore Telesino";18;22;0;0;0;;;;22;17;0;0;0;;;;17;39
"062068";"San Salvatore Telesino";19;25;0;0;0;;;;25;17;0;0;0;;;;17;42
"062068";"San Salvatore Telesino";20;23;0;0;0;;;;23;29;0;0;0;;;;29;52
"062068";"San Salvatore Telesino";21;22;0;0;0;;;;22;18;1;0;0;;;;19;41
"062068";"San Salvatore Telesino";22;19;0;0;0;;;;19;16;0;0;0;;;;16;35
"062068";"San Salvatore Telesino";23;22;0;0;0;;;;22;17;1;0;0;;;;18;40
"062068";"San Salvatore Telesino";24;26;0;0;0;;;;26;23;1;0;0;;;;24;50
"062068";"San Salvatore Telesino";25;31;0;0;0;;;;31;18;1;0;0;;;;19;50
"062068";"San Salvatore Telesino";26;13;0;0;0;;;;13;18;3;0;0;;;;21;34
"062068";"San Salvatore Telesino";27;28;0;0;0;;;;28;18;2;0;0;;;;20;48
"062068";"San Salvatore Telesino";28;21;1;0;0;;;;22;26;5;0;0;;;;31;53
"062068";"San Salvatore Telesino";29;17;2;0;0;;;;19;17;7;0;0;;;;24;43
"062068";"San Salvatore Telesino";30;20;3;0;0;;;;23;9;4;0;0;;;;13;36
"062068";"San Salvatore Telesino";31;14;5;0;0;;;;19;16;8;0;0;;;;24;43
"062068";"San Salvatore Telesino";32;18;6;1;0;;;;25;9;12;0;0;;;;21;46
"062068";"San Salvatore Telesino";33;18;8;0;0;;;;26;9;9;0;0;;;;18;44
"062068";"San Salvatore Telesino";34;14;7;1;0;;;;22;9;8;0;0;;;;17;39
"062068";"San Salvatore Telesino";35;22;6;1;0;;;;29;4;10;1;0;;;;15;44
"062068";"San Salvatore Telesino";36;22;10;0;0;;;;32;8;12;0;0;;;;20;52
"062068";"San Salvatore Telesino";37;12;13;0;0;;;;25;7;16;0;0;;;;23;48
"062068";"San Salvatore Telesino";38;16;9;2;0;;;;27;10;19;1;1;;;;31;58
"062068";"San Salvatore Telesino";39;15;16;0;0;;;;31;10;10;1;0;;;;21;52
"062068";"San Salvatore Telesino";40;12;14;2;0;;;;28;4;16;1;0;;;;21;49
"062068";"San Salvatore Telesino";41;12;8;0;0;;;;20;6;10;3;1;;;;20;40
"062068";"San Salvatore Telesino";42;10;14;0;0;;;;24;8;14;2;0;;;;24;48
"062068";"San Salvatore Telesino";43;10;13;2;1;;;;26;9;15;2;0;;;;26;52
"062068";"San Salvatore Telesino";44;10;9;1;0;;;;20;4;12;0;0;;;;16;36
"062068";"San Salvatore Telesino";45;5;18;1;0;;;;24;4;14;1;1;;;;20;44
"062068";"San Salvatore Telesino";46;8;16;0;0;;;;24;5;21;2;0;;;;28;52
"062068";"San Salvatore Telesino";47;8;9;0;1;;;;18;4;19;1;1;;;;25;43
"062068";"San Salvatore Telesino";48;8;16;1;0;;;;25;3;12;3;0;;;;18;43
"062068";"San Salvatore Telesino";49;9;17;1;1;;;;28;7;22;5;1;;;;35;63
"062068";"San Salvatore Telesino";50;4;30;2;0;;;;36;5;20;2;1;;;;28;64
"062068";"San Salvatore Telesino";51;10;14;4;0;;;;28;3;23;2;1;;;;29;57
"062068";"San Salvatore Telesino";52;5;14;2;0;;;;21;4;25;2;1;;;;32;53
"062068";"San Salvatore Telesino";53;2;26;3;1;;;;32;4;24;2;1;;;;31;63
"062068";"San Salvatore Telesino";54;7;30;2;0;;;;39;6;17;0;1;;;;24;63
"062068";"San Salvatore Telesino";55;3;17;0;2;;;;22;11;27;4;4;;;;46;68
"062068";"San Salvatore Telesino";56;4;19;2;0;;;;25;6;27;1;2;;;;36;61
"062068";"San Salvatore Telesino";57;5;22;3;0;;;;30;4;22;6;4;;;;36;66
"062068";"San Salvatore Telesino";58;4;23;0;0;;;;27;2;27;6;2;;;;37;64
"062068";"San Salvatore Telesino";59;2;31;1;1;;;;35;6;30;2;0;;;;38;73
"062068";"San Salvatore Telesino";60;1;20;3;1;;;;25;1;26;0;4;;;;31;56
"062068";"San Salvatore Telesino";61;2;25;2;1;;;;30;6;25;2;0;;;;33;63
"062068";"San Salvatore Telesino";62;3;24;2;2;;;;31;2;21;3;1;;;;27;58
"062068";"San Salvatore Telesino";63;0;31;0;0;;;;31;2;28;1;1;;;;32;63
"062068";"San Salvatore Telesino";64;1;25;4;0;;;;30;4;24;1;2;;;;31;61
"062068";"San Salvatore Telesino";65;4;28;3;0;;;;35;3;19;1;4;;;;27;62
"062068";"San Salvatore Telesino";66;2;21;1;1;;;;25;3;21;1;2;;;;27;52
"062068";"San Salvatore Telesino";67;6;23;1;1;;;;31;2;18;0;5;;;;25;56
"062068";"San Salvatore Telesino";68;4;13;0;1;;;;18;2;19;1;6;;;;28;46
"062068";"San Salvatore Telesino";69;0;20;1;1;;;;22;2;18;1;1;;;;22;44
"062068";"San Salvatore Telesino";70;1;23;1;1;;;;26;0;18;0;6;;;;24;50
"062068";"San Salvatore Telesino";71;0;18;0;1;;;;19;1;8;1;3;;;;13;32
"062068";"San Salvatore Telesino";72;0;18;0;2;;;;20;3;12;1;11;;;;27;47
"062068";"San Salvatore Telesino";73;0;15;1;1;;;;17;1;10;1;8;;;;20;37
"062068";"San Salvatore Telesino";74;2;14;2;2;;;;20;0;8;0;4;;;;12;32
"062068";"San Salvatore Telesino";75;1;13;0;4;;;;18;0;22;2;10;;;;34;52
"062068";"San Salvatore Telesino";76;0;24;0;1;;;;25;0;15;0;10;;;;25;50
"062068";"San Salvatore Telesino";77;1;7;0;3;;;;11;1;16;1;8;;;;26;37
"062068";"San Salvatore Telesino";78;0;17;0;2;;;;19;0;6;2;7;;;;15;34
"062068";"San Salvatore Telesino";79;1;18;0;1;;;;20;1;6;0;7;;;;14;34
"062068";"San Salvatore Telesino";80;2;12;0;1;;;;15;0;8;0;4;;;;12;27
"062068";"San Salvatore Telesino";81;1;11;0;1;;;;13;0;6;0;4;;;;10;23
"062068";"San Salvatore Telesino";82;0;8;0;2;;;;10;0;7;1;6;;;;14;24
"062068";"San Salvatore Telesino";83;0;8;0;3;;;;11;0;7;0;10;;;;17;28
"062068";"San Salvatore Telesino";84;1;7;0;4;;;;12;0;7;0;6;;;;13;25
"062068";"San Salvatore Telesino";85;0;11;0;3;;;;14;1;3;0;5;;;;9;23
"062068";"San Salvatore Telesino";86;0;9;1;2;;;;12;0;5;0;5;;;;10;22
"062068";"San Salvatore Telesino";87;1;4;0;1;;;;6;0;1;0;7;;;;8;14
"062068";"San Salvatore Telesino";88;0;6;0;2;;;;8;0;3;0;4;;;;7;15
"062068";"San Salvatore Telesino";89;0;3;0;0;;;;3;0;0;0;8;;;;8;11
"062068";"San Salvatore Telesino";90;0;1;0;1;;;;2;0;1;0;5;;;;6;8
"062068";"San Salvatore Telesino";91;0;6;0;0;;;;6;0;0;0;8;;;;8;14
"062068";"San Salvatore Telesino";92;0;1;0;1;;;;2;0;1;0;9;;;;10;12
"062068";"San Salvatore Telesino";93;0;2;0;0;;;;2;0;1;0;4;;;;5;7
"062068";"San Salvatore Telesino";94;1;1;0;2;;;;4;0;0;0;6;;;;6;10
"062068";"San Salvatore Telesino";95;0;0;0;0;;;;0;0;0;0;4;;;;4;4
"062068";"San Salvatore Telesino";96;0;0;0;0;;;;0;0;0;1;3;;;;4;4
"062068";"San Salvatore Telesino";97;0;0;0;1;;;;1;1;0;0;1;;;;2;3
"062068";"San Salvatore Telesino";98;0;0;0;1;;;;1;0;0;0;1;;;;1;2
"062068";"San Salvatore Telesino";99;0;0;0;0;;;;0;0;0;0;0;;;;0;0
"062068";"San Salvatore Telesino";100;0;0;0;0;;;;0;0;0;0;6;;;;6;6
"062068";"San Salvatore Telesino";999;896;933;54;58;;;;1941;731;916;71;228;;;;1946;3887
"062069";"Santa Croce del Sannio";0;3;0;0;0;;;;3;4;0;0;0;;;;4;7
"062069";"Santa Croce del Sannio";1;3;0;0;0;;;;3;1;0;0;0;;;;1;4
"062069";"Santa Croce del Sannio";2;2;0;0;0;;;;2;2;0;0;0;;;;2;4
"062069";"Santa Croce del Sannio";3;1;0;0;0;;;;1;3;0;0;0;;;;3;4
"062069";"Santa Croce del Sannio";4;2;0;0;0;;;;2;4;0;0;0;;;;4;6
"062069";"Santa Croce del Sannio";5;0;0;0;0;;;;0;3;0;0;0;;;;3;3
"062069";"Santa Croce del Sannio";6;1;0;0;0;;;;1;3;0;0;0;;;;3;4
"062069";"Santa Croce del Sannio";7;3;0;0;0;;;;3;1;0;0;0;;;;1;4
"062069";"Santa Croce del Sannio";8;1;0;0;0;;;;1;1;0;0;0;;;;1;2
"062069";"Santa Croce del Sannio";9;1;0;0;0;;;;1;3;0;0;0;;;;3;4
"062069";"Santa Croce del Sannio";10;4;0;0;0;;;;4;1;0;0;0;;;;1;5
"062069";"Santa Croce del Sannio";11;6;0;0;0;;;;6;4;0;0;0;;;;4;10
"062069";"Santa Croce del Sannio";12;3;0;0;0;;;;3;2;0;0;0;;;;2;5
"062069";"Santa Croce del Sannio";13;0;0;0;0;;;;0;5;0;0;0;;;;5;5
"062069";"Santa Croce del Sannio";14;1;0;0;0;;;;1;5;0;0;0;;;;5;6
"062069";"Santa Croce del Sannio";15;3;0;0;0;;;;3;10;0;0;0;;;;10;13
"062069";"Santa Croce del Sannio";16;7;0;0;0;;;;7;4;0;0;0;;;;4;11
"062069";"Santa Croce del Sannio";17;8;0;0;0;;;;8;5;0;0;0;;;;5;13
"062069";"Santa Croce del Sannio";18;9;0;0;0;;;;9;2;0;0;0;;;;2;11
"062069";"Santa Croce del Sannio";19;2;0;0;0;;;;2;2;0;0;0;;;;2;4
"062069";"Santa Croce del Sannio";20;3;0;0;0;;;;3;1;0;0;0;;;;1;4
"062069";"Santa Croce del Sannio";21;4;0;0;0;;;;4;1;0;0;0;;;;1;5
"062069";"Santa Croce del Sannio";22;3;0;0;0;;;;3;6;0;0;0;;;;6;9
"062069";"Santa Croce del Sannio";23;9;0;0;0;;;;9;1;0;0;0;;;;1;10
"062069";"Santa Croce del Sannio";24;5;0;0;0;;;;5;4;0;0;0;;;;4;9
"062069";"Santa Croce del Sannio";25;4;0;0;0;;;;4;3;0;0;0;;;;3;7
"062069";"Santa Croce del Sannio";26;2;0;0;0;;;;2;1;0;0;0;;;;1;3
"062069";"Santa Croce del Sannio";27;2;0;0;0;;;;2;1;1;0;0;;;;2;4
"062069";"Santa Croce del Sannio";28;6;0;0;0;;;;6;2;1;0;0;;;;3;9
"062069";"Santa Croce del Sannio";29;5;0;0;0;;;;5;1;3;0;0;;;;4;9
"062069";"Santa Croce del Sannio";30;7;0;0;0;;;;7;5;3;0;0;;;;8;15
"062069";"Santa Croce del Sannio";31;2;1;0;0;;;;3;0;4;0;0;;;;4;7
"062069";"Santa Croce del Sannio";32;6;0;0;0;;;;6;0;3;4;0;;;;7;13
"062069";"Santa Croce del Sannio";33;2;0;0;0;;;;2;1;2;0;0;;;;3;5
"062069";"Santa Croce del Sannio";34;4;2;0;0;;;;6;5;2;2;0;;;;9;15
"062069";"Santa Croce del Sannio";35;9;3;0;0;;;;12;1;5;0;0;;;;6;18
"062069";"Santa Croce del Sannio";36;3;0;0;0;;;;3;5;4;0;0;;;;9;12
"062069";"Santa Croce del Sannio";37;3;3;0;0;;;;6;0;2;0;0;;;;2;8
"062069";"Santa Croce del Sannio";38;3;2;0;0;;;;5;0;3;0;0;;;;3;8
"062069";"Santa Croce del Sannio";39;3;0;0;0;;;;3;2;3;1;0;;;;6;9
"062069";"Santa Croce del Sannio";40;5;4;0;0;;;;9;0;10;0;0;;;;10;19
"062069";"Santa Croce del Sannio";41;3;4;0;0;;;;7;1;3;1;0;;;;5;12
"062069";"Santa Croce del Sannio";42;3;2;0;0;;;;5;0;4;0;0;;;;4;9
"062069";"Santa Croce del Sannio";43;3;1;0;0;;;;4;0;6;0;0;;;;6;10
"062069";"Santa Croce del Sannio";44;3;2;0;0;;;;5;0;1;0;0;;;;1;6
"062069";"Santa Croce del Sannio";45;2;2;0;0;;;;4;1;5;0;0;;;;6;10
"062069";"Santa Croce del Sannio";46;2;2;0;0;;;;4;0;4;0;0;;;;4;8
"062069";"Santa Croce del Sannio";47;3;9;0;0;;;;12;0;5;0;0;;;;5;17
"062069";"Santa Croce del Sannio";48;0;8;0;0;;;;8;0;2;0;0;;;;2;10
"062069";"Santa Croce del Sannio";49;3;5;0;0;;;;8;0;6;0;0;;;;6;14
"062069";"Santa Croce del Sannio";50;0;5;0;0;;;;5;0;4;0;0;;;;4;9
"062069";"Santa Croce del Sannio";51;1;4;0;0;;;;5;2;6;0;0;;;;8;13
"062069";"Santa Croce del Sannio";52;1;4;0;0;;;;5;1;8;0;1;;;;10;15
"062069";"Santa Croce del Sannio";53;0;10;1;0;;;;11;2;5;0;0;;;;7;18
"062069";"Santa Croce del Sannio";54;1;2;0;0;;;;3;0;5;0;0;;;;5;8
"062069";"Santa Croce del Sannio";55;3;7;0;0;;;;10;0;2;1;0;;;;3;13
"062069";"Santa Croce del Sannio";56;0;4;0;0;;;;4;0;4;0;0;;;;4;8
"062069";"Santa Croce del Sannio";57;1;2;0;0;;;;3;0;3;0;1;;;;4;7
"062069";"Santa Croce del Sannio";58;1;3;0;0;;;;4;0;8;0;1;;;;9;13
"062069";"Santa Croce del Sannio";59;0;5;1;0;;;;6;0;9;0;1;;;;10;16
"062069";"Santa Croce del Sannio";60;1;4;2;0;;;;7;0;6;0;2;;;;8;15
"062069";"Santa Croce del Sannio";61;0;6;1;0;;;;7;0;6;0;2;;;;8;15
"062069";"Santa Croce del Sannio";62;1;8;0;0;;;;9;0;6;0;0;;;;6;15
"062069";"Santa Croce del Sannio";63;0;8;0;0;;;;8;1;5;0;3;;;;9;17
"062069";"Santa Croce del Sannio";64;1;7;0;1;;;;9;0;5;0;0;;;;5;14
"062069";"Santa Croce del Sannio";65;2;11;0;0;;;;13;0;6;0;1;;;;7;20
"062069";"Santa Croce del Sannio";66;1;4;0;0;;;;5;0;7;0;1;;;;8;13
"062069";"Santa Croce del Sannio";67;0;7;0;0;;;;7;0;3;1;0;;;;4;11
"062069";"Santa Croce del Sannio";68;1;5;0;0;;;;6;3;5;0;0;;;;8;14
"062069";"Santa Croce del Sannio";69;1;2;0;0;;;;3;0;4;0;0;;;;4;7
"062069";"Santa Croce del Sannio";70;1;3;0;1;;;;5;0;6;0;2;;;;8;13
"062069";"Santa Croce del Sannio";71;0;5;0;0;;;;5;0;3;0;1;;;;4;9
"062069";"Santa Croce del Sannio";72;0;3;0;0;;;;3;0;2;0;3;;;;5;8
"062069";"Santa Croce del Sannio";73;0;8;0;0;;;;8;0;3;0;2;;;;5;13
"062069";"Santa Croce del Sannio";74;0;2;0;0;;;;2;1;4;0;0;;;;5;7
"062069";"Santa Croce del Sannio";75;0;6;0;1;;;;7;1;3;0;2;;;;6;13
"062069";"Santa Croce del Sannio";76;0;3;1;0;;;;4;0;5;0;1;;;;6;10
"062069";"Santa Croce del Sannio";77;0;2;1;0;;;;3;0;1;0;1;;;;2;5
"062069";"Santa Croce del Sannio";78;0;2;1;0;;;;3;0;0;0;2;;;;2;5
"062069";"Santa Croce del Sannio";79;0;5;0;0;;;;5;0;3;0;5;;;;8;13
"062069";"Santa Croce del Sannio";80;0;0;0;1;;;;1;0;1;0;2;;;;3;4
"062069";"Santa Croce del Sannio";81;0;1;1;1;;;;3;0;1;0;2;;;;3;6
"062069";"Santa Croce del Sannio";82;0;2;0;0;;;;2;0;0;0;4;;;;4;6
"062069";"Santa Croce del Sannio";83;0;0;0;0;;;;0;0;3;0;1;;;;4;4
"062069";"Santa Croce del Sannio";84;0;2;0;1;;;;3;0;1;0;4;;;;5;8
"062069";"Santa Croce del Sannio";85;0;1;0;0;;;;1;0;0;0;4;;;;4;5
"062069";"Santa Croce del Sannio";86;0;1;0;1;;;;2;0;1;0;2;;;;3;5
"062069";"Santa Croce del Sannio";87;0;5;0;0;;;;5;0;0;0;1;;;;1;6
"062069";"Santa Croce del Sannio";88;0;1;0;1;;;;2;0;0;0;3;;;;3;5
"062069";"Santa Croce del Sannio";89;0;0;0;2;;;;2;0;0;0;0;;;;0;2
"062069";"Santa Croce del Sannio";90;0;0;0;0;;;;0;0;0;0;2;;;;2;2
"062069";"Santa Croce del Sannio";91;0;1;0;0;;;;1;0;0;0;5;;;;5;6
"062069";"Santa Croce del Sannio";92;0;2;0;0;;;;2;0;1;0;2;;;;3;5
"062069";"Santa Croce del Sannio";93;0;1;0;0;;;;1;0;1;0;1;;;;2;3
"062069";"Santa Croce del Sannio";94;0;2;0;0;;;;2;0;0;0;1;;;;1;3
"062069";"Santa Croce del Sannio";95;0;1;0;0;;;;1;0;0;0;0;;;;0;1
"062069";"Santa Croce del Sannio";96;1;0;0;0;;;;1;0;0;0;0;;;;0;1
"062069";"Santa Croce del Sannio";97;0;0;0;0;;;;0;0;0;0;0;;;;0;0
"062069";"Santa Croce del Sannio";98;0;0;0;0;;;;0;0;0;0;1;;;;1;1
"062069";"Santa Croce del Sannio";99;0;0;0;0;;;;0;0;0;0;0;;;;0;0
"062069";"Santa Croce del Sannio";100;0;0;0;0;;;;0;0;0;0;0;;;;0;0
"062069";"Santa Croce del Sannio";999;190;217;9;10;;;;426;118;228;10;67;;;;423;849
"062070";"Sant'Agata de' Goti";0;31;0;0;0;;;;31;28;0;0;0;;;;28;59
"062070";"Sant'Agata de' Goti";1;31;0;0;0;;;;31;37;0;0;0;;;;37;68
"062070";"Sant'Agata de' Goti";2;34;0;0;0;;;;34;30;0;0;0;;;;30;64
"062070";"Sant'Agata de' Goti";3;42;0;0;0;;;;42;41;0;0;0;;;;41;83
"062070";"Sant'Agata de' Goti";4;31;0;0;0;;;;31;35;0;0;0;;;;35;66
"062070";"Sant'Agata de' Goti";5;48;0;0;0;;;;48;43;0;0;0;;;;43;91
"062070";"Sant'Agata de' Goti";6;37;0;0;0;;;;37;33;0;0;0;;;;33;70
"062070";"Sant'Agata de' Goti";7;44;0;0;0;;;;44;40;0;0;0;;;;40;84
"062070";"Sant'Agata de' Goti";8;49;0;0;0;;;;49;34;0;0;0;;;;34;83
"062070";"Sant'Agata de' Goti";9;39;0;0;0;;;;39;40;0;0;0;;;;40;79
"062070";"Sant'Agata de' Goti";10;30;0;0;0;;;;30;37;0;0;0;;;;37;67
"062070";"Sant'Agata de' Goti";11;36;0;0;0;;;;36;51;0;0;0;;;;51;87
"062070";"Sant'Agata de' Goti";12;55;0;0;0;;;;55;41;0;0;0;;;;41;96
"062070";"Sant'Agata de' Goti";13;56;0;0;0;;;;56;40;0;0;0;;;;40;96
"062070";"Sant'Agata de' Goti";14;44;0;0;0;;;;44;52;0;0;0;;;;52;96
"062070";"Sant'Agata de' Goti";15;44;0;0;0;;;;44;48;0;0;0;;;;48;92
"062070";"Sant'Agata de' Goti";16;49;0;0;0;;;;49;57;0;0;0;;;;57;106
"062070";"Sant'Agata de' Goti";17;56;0;0;0;;;;56;62;0;0;0;;;;62;118
"062070";"Sant'Agata de' Goti";18;67;0;0;0;;;;67;39;0;0;0;;;;39;106
"062070";"Sant'Agata de' Goti";19;59;0;0;0;;;;59;42;0;0;0;;;;42;101
"062070";"Sant'Agata de' Goti";20;59;0;0;0;;;;59;58;0;0;0;;;;58;117
"062070";"Sant'Agata de' Goti";21;55;0;0;0;;;;55;37;1;0;0;;;;38;93
"062070";"Sant'Agata de' Goti";22;60;0;0;0;;;;60;50;1;0;0;;;;51;111
"062070";"Sant'Agata de' Goti";23;56;0;0;0;;;;56;52;0;0;0;;;;52;108
"062070";"Sant'Agata de' Goti";24;56;1;0;0;;;;57;50;1;0;0;;;;51;108
"062070";"Sant'Agata de' Goti";25;52;1;0;0;;;;53;53;3;0;0;;;;56;109
"062070";"Sant'Agata de' Goti";26;52;0;0;0;;;;52;47;3;0;0;;;;50;102
"062070";"Sant'Agata de' Goti";27;49;9;0;0;;;;58;55;6;0;0;;;;61;119
"062070";"Sant'Agata de' Goti";28;53;5;0;0;;;;58;40;13;0;0;;;;53;111
"062070";"Sant'Agata de' Goti";29;47;5;0;0;;;;52;42;10;0;0;;;;52;104
"062070";"Sant'Agata de' Goti";30;53;6;0;0;;;;59;27;23;0;0;;;;50;109
"062070";"Sant'Agata de' Goti";31;54;14;0;0;;;;68;43;12;0;0;;;;55;123
"062070";"Sant'Agata de' Goti";32;53;17;0;0;;;;70;33;19;0;0;;;;52;122
"062070";"Sant'Agata de' Goti";33;43;16;0;0;;;;59;35;24;0;0;;;;59;118
"062070";"Sant'Agata de' Goti";34;37;18;0;0;;;;55;29;36;2;1;;;;68;123
"062070";"Sant'Agata de' Goti";35;37;19;1;0;;;;57;16;21;1;1;;;;39;96
"062070";"Sant'Agata de' Goti";36;34;31;0;0;;;;65;24;42;0;1;;;;67;132
"062070";"Sant'Agata de' Goti";37;26;30;0;0;;;;56;23;26;1;0;;;;50;106
"062070";"Sant'Agata de' Goti";38;26;23;2;0;;;;51;18;39;1;1;;;;59;110
"062070";"Sant'Agata de' Goti";39;20;24;1;0;;;;45;12;38;5;0;;;;55;100
"062070";"Sant'Agata de' Goti";40;20;46;0;0;;;;66;19;25;2;0;;;;46;112
"062070";"Sant'Agata de' Goti";41;20;25;1;0;;;;46;11;53;3;0;;;;67;113
"062070";"Sant'Agata de' Goti";42;22;43;1;0;;;;66;16;43;0;3;;;;62;128
"062070";"Sant'Agata de' Goti";43;20;35;1;0;;;;56;15;63;4;0;;;;82;138
"062070";"Sant'Agata de' Goti";44;26;32;0;0;;;;58;10;39;3;0;;;;52;110
"062070";"Sant'Agata de' Goti";45;19;39;1;0;;;;59;10;55;4;0;;;;69;128
"062070";"Sant'Agata de' Goti";46;23;54;0;0;;;;77;8;57;1;0;;;;66;143
"062070";"Sant'Agata de' Goti";47;18;46;3;0;;;;67;14;64;4;2;;;;84;151
"062070";"Sant'Agata de' Goti";48;27;56;4;0;;;;87;12;64;2;0;;;;78;165
"062070";"Sant'Agata de' Goti";49;18;53;5;0;;;;76;9;67;6;2;;;;84;160
"062070";"Sant'Agata de' Goti";50;19;64;4;0;;;;87;8;75;5;3;;;;91;178
"062070";"Sant'Agata de' Goti";51;16;66;2;0;;;;84;6;51;7;4;;;;68;152
"062070";"Sant'Agata de' Goti";52;22;56;1;2;;;;81;10;81;2;0;;;;93;174
"062070";"Sant'Agata de' Goti";53;17;85;2;1;;;;105;10;63;4;3;;;;80;185
"062070";"Sant'Agata de' Goti";54;16;66;3;0;;;;85;8;55;3;5;;;;71;156
"062070";"Sant'Agata de' Goti";55;15;60;2;1;;;;78;8;72;3;8;;;;91;169
"062070";"Sant'Agata de' Goti";56;16;69;4;1;;;;90;13;70;6;6;;;;95;185
"062070";"Sant'Agata de' Goti";57;12;71;2;0;;;;85;7;63;2;3;;;;75;160
"062070";"Sant'Agata de' Goti";58;6;72;3;1;;;;82;9;71;6;7;;;;93;175
"062070";"Sant'Agata de' Goti";59;8;56;5;2;;;;71;4;66;4;8;;;;82;153
"062070";"Sant'Agata de' Goti";60;7;76;0;2;;;;85;6;71;3;9;;;;89;174
"062070";"Sant'Agata de' Goti";61;5;80;3;4;;;;92;9;81;2;9;;;;101;193
"062070";"Sant'Agata de' Goti";62;3;70;3;1;;;;77;10;64;2;8;;;;84;161
"062070";"Sant'Agata de' Goti";63;4;65;2;2;;;;73;6;54;1;7;;;;68;141
"062070";"Sant'Agata de' Goti";64;6;63;5;4;;;;78;2;46;0;12;;;;60;138
"062070";"Sant'Agata de' Goti";65;3;69;1;4;;;;77;4;48;4;13;;;;69;146
"062070";"Sant'Agata de' Goti";66;3;66;3;3;;;;75;3;44;1;15;;;;63;138
"062070";"Sant'Agata de' Goti";67;4;52;2;2;;;;60;5;43;5;15;;;;68;128
"062070";"Sant'Agata de' Goti";68;4;52;4;6;;;;66;3;50;1;13;;;;67;133
"062070";"Sant'Agata de' Goti";69;4;61;2;4;;;;71;2;37;1;6;;;;46;117
"062070";"Sant'Agata de' Goti";70;2;43;3;2;;;;50;7;26;3;13;;;;49;99
"062070";"Sant'Agata de' Goti";71;1;34;3;4;;;;42;0;34;0;18;;;;52;94
"062070";"Sant'Agata de' Goti";72;3;44;0;2;;;;49;2;30;0;19;;;;51;100
"062070";"Sant'Agata de' Goti";73;1;42;0;1;;;;44;2;32;0;20;;;;54;98
"062070";"Sant'Agata de' Goti";74;2;47;0;2;;;;51;6;35;1;24;;;;66;117
"062070";"Sant'Agata de' Goti";75;2;44;2;3;;;;51;3;32;2;21;;;;58;109
"062070";"Sant'Agata de' Goti";76;1;38;0;2;;;;41;3;32;1;22;;;;58;99
"062070";"Sant'Agata de' Goti";77;3;37;2;7;;;;49;2;30;0;30;;;;62;111
"062070";"Sant'Agata de' Goti";78;0;35;0;9;;;;44;0;29;0;33;;;;62;106
"062070";"Sant'Agata de' Goti";79;1;24;0;4;;;;29;0;18;0;18;;;;36;65
"062070";"Sant'Agata de' Goti";80;5;26;0;8;;;;39;2;17;0;24;;;;43;82
"062070";"Sant'Agata de' Goti";81;1;13;1;4;;;;19;1;11;1;23;;;;36;55
"062070";"Sant'Agata de' Goti";82;0;26;0;4;;;;30;3;5;0;18;;;;26;56
"062070";"Sant'Agata de' Goti";83;2;14;1;3;;;;20;1;6;0;25;;;;32;52
"062070";"Sant'Agata de' Goti";84;1;17;1;7;;;;26;0;15;0;23;;;;38;64
"062070";"Sant'Agata de' Goti";85;0;18;0;10;;;;28;5;11;0;22;;;;38;66
"062070";"Sant'Agata de' Goti";86;0;17;0;7;;;;24;2;2;0;21;;;;25;49
"062070";"Sant'Agata de' Goti";87;0;4;1;7;;;;12;1;4;0;15;;;;20;32
"062070";"Sant'Agata de' Goti";88;1;9;0;5;;;;15;1;3;0;16;;;;20;35
"062070";"Sant'Agata de' Goti";89;0;4;0;13;;;;17;1;4;0;24;;;;29;46
"062070";"Sant'Agata de' Goti";90;0;8;0;3;;;;11;0;1;0;18;;;;19;30
"062070";"Sant'Agata de' Goti";91;0;3;0;7;;;;10;0;1;0;10;;;;11;21
"062070";"Sant'Agata de' Goti";92;0;1;0;4;;;;5;0;1;0;11;;;;12;17
"062070";"Sant'Agata de' Goti";93;0;1;0;2;;;;3;2;1;0;7;;;;10;13
"062070";"Sant'Agata de' Goti";94;0;1;0;2;;;;3;0;0;0;10;;;;10;13
"062070";"Sant'Agata de' Goti";95;0;0;0;3;;;;3;0;0;0;12;;;;12;15
"062070";"Sant'Agata de' Goti";96;0;0;0;0;;;;0;0;0;0;3;;;;3;3
"062070";"Sant'Agata de' Goti";97;0;0;0;2;;;;2;0;0;0;5;;;;5;7
"062070";"Sant'Agata de' Goti";98;0;0;0;0;;;;0;0;0;0;2;;;;2;2
"062070";"Sant'Agata de' Goti";99;0;0;0;0;;;;0;0;0;0;1;;;;1;1
"062070";"Sant'Agata de' Goti";100;0;0;0;0;;;;0;0;0;0;2;;;;2;2
"062070";"Sant'Agata de' Goti";999;2233;2517;87;167;;;;5004;1875;2433;109;675;;;;5092;10096
"062071";"Sant'Angelo a Cupolo";0;11;0;0;0;;;;11;12;0;0;0;;;;12;23
"062071";"Sant'Angelo a Cupolo";1;9;0;0;0;;;;9;10;0;0;0;;;;10;19
"062071";"Sant'Angelo a Cupolo";2;14;0;0;0;;;;14;9;0;0;0;;;;9;23
"062071";"Sant'Angelo a Cupolo";3;14;0;0;0;;;;14;12;0;0;0;;;;12;26
"062071";"Sant'Angelo a Cupolo";4;14;0;0;0;;;;14;13;0;0;0;;;;13;27
"062071";"Sant'Angelo a Cupolo";5;16;0;0;0;;;;16;15;0;0;0;;;;15;31
"062071";"Sant'Angelo a Cupolo";6;11;0;0;0;;;;11;14;0;0;0;;;;14;25
"062071";"Sant'Angelo a Cupolo";7;12;0;0;0;;;;12;17;0;0;0;;;;17;29
"062071";"Sant'Angelo a Cupolo";8;18;0;0;0;;;;18;22;0;0;0;;;;22;40
"062071";"Sant'Angelo a Cupolo";9;15;0;0;0;;;;15;16;0;0;0;;;;16;31
"062071";"Sant'Angelo a Cupolo";10;15;0;0;0;;;;15;21;0;0;0;;;;21;36
"062071";"Sant'Angelo a Cupolo";11;16;0;0;0;;;;16;16;0;0;0;;;;16;32
"062071";"Sant'Angelo a Cupolo";12;10;0;0;0;;;;10;16;0;0;0;;;;16;26
"062071";"Sant'Angelo a Cupolo";13;16;0;0;0;;;;16;13;0;0;0;;;;13;29
"062071";"Sant'Angelo a Cupolo";14;13;0;0;0;;;;13;19;0;0;0;;;;19;32
"062071";"Sant'Angelo a Cupolo";15;15;0;0;0;;;;15;21;0;0;0;;;;21;36
"062071";"Sant'Angelo a Cupolo";16;20;0;0;0;;;;20;18;0;0;0;;;;18;38
"062071";"Sant'Angelo a Cupolo";17;25;0;0;0;;;;25;19;0;0;0;;;;19;44
"062071";"Sant'Angelo a Cupolo";18;24;0;0;0;;;;24;14;0;0;0;;;;14;38
"062071";"Sant'Angelo a Cupolo";19;16;0;0;0;;;;16;20;0;0;0;;;;20;36
"062071";"Sant'Angelo a Cupolo";20;23;0;0;0;;;;23;20;0;0;0;;;;20;43
"062071";"Sant'Angelo a Cupolo";21;16;0;0;0;;;;16;17;0;0;0;;;;17;33
"062071";"Sant'Angelo a Cupolo";22;21;0;0;0;;;;21;18;0;0;0;;;;18;39
"062071";"Sant'Angelo a Cupolo";23;27;0;0;0;;;;27;19;0;0;0;;;;19;46
"062071";"Sant'Angelo a Cupolo";24;19;1;0;0;;;;20;22;0;0;0;;;;22;42
"062071";"Sant'Angelo a Cupolo";25;19;0;0;0;;;;19;27;2;0;0;;;;29;48
"062071";"Sant'Angelo a Cupolo";26;19;1;0;0;;;;20;22;2;0;0;;;;24;44
"062071";"Sant'Angelo a Cupolo";27;22;0;0;0;;;;22;21;0;0;0;;;;21;43
"062071";"Sant'Angelo a Cupolo";28;16;1;0;0;;;;17;12;1;0;0;;;;13;30
"062071";"Sant'Angelo a Cupolo";29;21;1;0;0;;;;22;12;4;0;0;;;;16;38
"062071";"Sant'Angelo a Cupolo";30;25;2;0;0;;;;27;21;3;0;0;;;;24;51
"062071";"Sant'Angelo a Cupolo";31;20;2;0;0;;;;22;13;5;0;0;;;;18;40
"062071";"Sant'Angelo a Cupolo";32;18;3;0;0;;;;21;16;5;1;0;;;;22;43
"062071";"Sant'Angelo a Cupolo";33;19;7;0;0;;;;26;7;6;0;0;;;;13;39
"062071";"Sant'Angelo a Cupolo";34;12;3;0;0;;;;15;10;14;0;0;;;;24;39
"062071";"Sant'Angelo a Cupolo";35;13;8;0;0;;;;21;10;7;0;0;;;;17;38
"062071";"Sant'Angelo a Cupolo";36;16;6;1;0;;;;23;12;15;0;1;;;;28;51
"062071";"Sant'Angelo a Cupolo";37;15;11;0;0;;;;26;6;14;0;0;;;;20;46
"062071";"Sant'Angelo a Cupolo";38;9;8;1;0;;;;18;10;12;0;0;;;;22;40
"062071";"Sant'Angelo a Cupolo";39;11;13;1;0;;;;25;12;19;2;0;;;;33;58
"062071";"Sant'Angelo a Cupolo";40;10;16;0;0;;;;26;4;21;1;0;;;;26;52
"062071";"Sant'Angelo a Cupolo";41;6;15;0;0;;;;21;5;8;0;0;;;;13;34
"062071";"Sant'Angelo a Cupolo";42;21;16;0;0;;;;37;7;17;1;1;;;;26;63
"062071";"Sant'Angelo a Cupolo";43;10;12;0;0;;;;22;6;12;1;0;;;;19;41
"062071";"Sant'Angelo a Cupolo";44;10;9;1;0;;;;20;9;24;0;0;;;;33;53
"062071";"Sant'Angelo a Cupolo";45;14;13;0;0;;;;27;5;20;0;0;;;;25;52
"062071";"Sant'Angelo a Cupolo";46;10;15;2;0;;;;27;3;17;0;0;;;;20;47
"062071";"Sant'Angelo a Cupolo";47;13;12;0;0;;;;25;5;18;2;0;;;;25;50
"062071";"Sant'Angelo a Cupolo";48;4;21;1;0;;;;26;4;20;1;0;;;;25;51
"062071";"Sant'Angelo a Cupolo";49;5;15;0;0;;;;20;3;21;0;2;;;;26;46
"062071";"Sant'Angelo a Cupolo";50;12;22;2;0;;;;36;5;20;0;0;;;;25;61
"062071";"Sant'Angelo a Cupolo";51;9;31;2;0;;;;42;4;27;2;1;;;;34;76
"062071";"Sant'Angelo a Cupolo";52;5;16;1;0;;;;22;4;34;3;3;;;;44;66
"062071";"Sant'Angelo a Cupolo";53;6;22;3;0;;;;31;5;31;4;3;;;;43;74
"062071";"Sant'Angelo a Cupolo";54;4;24;2;0;;;;30;2;33;3;0;;;;38;68
"062071";"Sant'Angelo a Cupolo";55;7;26;2;0;;;;35;4;31;2;2;;;;39;74
"062071";"Sant'Angelo a Cupolo";56;5;20;1;1;;;;27;0;29;1;1;;;;31;58
"062071";"Sant'Angelo a Cupolo";57;7;25;2;0;;;;34;3;33;1;2;;;;39;73
"062071";"Sant'Angelo a Cupolo";58;3;30;2;0;;;;35;5;27;0;1;;;;33;68
"062071";"Sant'Angelo a Cupolo";59;6;45;1;1;;;;53;2;29;2;1;;;;34;87
"062071";"Sant'Angelo a Cupolo";60;6;31;2;0;;;;39;4;32;1;3;;;;40;79
"062071";"Sant'Angelo a Cupolo";61;3;33;0;2;;;;38;0;26;1;4;;;;31;69
"062071";"Sant'Angelo a Cupolo";62;3;21;0;0;;;;24;1;28;1;4;;;;34;58
"062071";"Sant'Angelo a Cupolo";63;1;28;1;0;;;;30;0;36;1;2;;;;39;69
"062071";"Sant'Angelo a Cupolo";64;0;28;2;0;;;;30;3;21;0;1;;;;25;55
"062071";"Sant'Angelo a Cupolo";65;3;32;3;4;;;;42;4;20;0;4;;;;28;70
"062071";"Sant'Angelo a Cupolo";66;5;24;0;0;;;;29;3;22;1;9;;;;35;64
"062071";"Sant'Angelo a Cupolo";67;2;24;2;0;;;;28;4;24;1;5;;;;34;62
"062071";"Sant'Angelo a Cupolo";68;1;20;0;2;;;;23;1;14;0;6;;;;21;44
"062071";"Sant'Angelo a Cupolo";69;3;22;1;2;;;;28;2;18;1;6;;;;27;55
"062071";"Sant'Angelo a Cupolo";70;0;24;1;2;;;;27;2;16;0;5;;;;23;50
"062071";"Sant'Angelo a Cupolo";71;0;23;0;1;;;;24;0;14;0;5;;;;19;43
"062071";"Sant'Angelo a Cupolo";72;0;20;1;2;;;;23;1;13;0;4;;;;18;41
"062071";"Sant'Angelo a Cupolo";73;1;16;0;3;;;;20;1;17;0;6;;;;24;44
"062071";"Sant'Angelo a Cupolo";74;0;20;1;1;;;;22;2;13;0;5;;;;20;42
"062071";"Sant'Angelo a Cupolo";75;1;16;1;3;;;;21;0;12;2;8;;;;22;43
"062071";"Sant'Angelo a Cupolo";76;0;18;0;2;;;;20;1;22;0;13;;;;36;56
"062071";"Sant'Angelo a Cupolo";77;0;8;1;1;;;;10;2;10;1;11;;;;24;34
"062071";"Sant'Angelo a Cupolo";78;1;22;0;0;;;;23;0;9;0;6;;;;15;38
"062071";"Sant'Angelo a Cupolo";79;0;8;0;0;;;;8;0;5;0;5;;;;10;18
"062071";"Sant'Angelo a Cupolo";80;0;13;0;0;;;;13;1;4;0;7;;;;12;25
"062071";"Sant'Angelo a Cupolo";81;1;16;0;2;;;;19;0;7;0;11;;;;18;37
"062071";"Sant'Angelo a Cupolo";82;1;10;0;2;;;;13;1;5;0;6;;;;12;25
"062071";"Sant'Angelo a Cupolo";83;0;6;0;4;;;;10;1;3;0;10;;;;14;24
"062071";"Sant'Angelo a Cupolo";84;0;11;1;5;;;;17;0;6;1;9;;;;16;33
"062071";"Sant'Angelo a Cupolo";85;0;6;0;2;;;;8;1;2;0;7;;;;10;18
"062071";"Sant'Angelo a Cupolo";86;0;12;0;3;;;;15;1;3;1;11;;;;16;31
"062071";"Sant'Angelo a Cupolo";87;0;8;0;1;;;;9;0;2;0;5;;;;7;16
"062071";"Sant'Angelo a Cupolo";88;0;1;0;4;;;;5;1;2;1;5;;;;9;14
"062071";"Sant'Angelo a Cupolo";89;0;3;0;5;;;;8;1;1;0;6;;;;8;16
"062071";"Sant'Angelo a Cupolo";90;0;3;0;1;;;;4;0;1;0;11;;;;12;16
"062071";"Sant'Angelo a Cupolo";91;0;0;0;0;;;;0;0;1;0;12;;;;13;13
"062071";"Sant'Angelo a Cupolo";92;0;1;0;1;;;;2;0;2;0;8;;;;10;12
"062071";"Sant'Angelo a Cupolo";93;0;2;0;1;;;;3;0;0;0;1;;;;1;4
"062071";"Sant'Angelo a Cupolo";94;0;1;0;1;;;;2;0;0;0;1;;;;1;3
"062071";"Sant'Angelo a Cupolo";95;0;0;0;2;;;;2;1;0;0;1;;;;2;4
"062071";"Sant'Angelo a Cupolo";96;0;0;0;0;;;;0;0;0;0;1;;;;1;1
"062071";"Sant'Angelo a Cupolo";97;0;0;0;0;;;;0;0;0;0;2;;;;2;2
"062071";"Sant'Angelo a Cupolo";98;0;0;0;0;;;;0;0;0;0;2;;;;2;2
"062071";"Sant'Angelo a Cupolo";99;0;0;0;0;;;;0;0;0;0;0;;;;0;0
"062071";"Sant'Angelo a Cupolo";100;0;0;0;0;;;;0;0;0;0;0;;;;0;0
"062071";"Sant'Angelo a Cupolo";999;864;1003;42;61;;;;1970;748;992;40;246;;;;2026;3996
"062078";"Sant'Arcangelo Trimonte";0;5;0;0;0;;;;5;1;0;0;0;;;;1;6
"062078";"Sant'Arcangelo Trimonte";1;1;0;0;0;;;;1;0;0;0;0;;;;0;1
"062078";"Sant'Arcangelo Trimonte";2;1;0;0;0;;;;1;1;0;0;0;;;;1;2
"062078";"Sant'Arcangelo Trimonte";3;2;0;0;0;;;;2;3;0;0;0;;;;3;5
"062078";"Sant'Arcangelo Trimonte";4;1;0;0;0;;;;1;1;0;0;0;;;;1;2
"062078";"Sant'Arcangelo Trimonte";5;3;0;0;0;;;;3;2;0;0;0;;;;2;5
"062078";"Sant'Arcangelo Trimonte";6;0;0;0;0;;;;0;0;0;0;0;;;;0;0
"062078";"Sant'Arcangelo Trimonte";7;2;0;0;0;;;;2;0;0;0;0;;;;0;2
"062078";"Sant'Arcangelo Trimonte";8;0;0;0;0;;;;0;1;0;0;0;;;;1;1
"062078";"Sant'Arcangelo Trimonte";9;3;0;0;0;;;;3;1;0;0;0;;;;1;4
"062078";"Sant'Arcangelo Trimonte";10;1;0;0;0;;;;1;0;0;0;0;;;;0;1
"062078";"Sant'Arcangelo Trimonte";11;0;0;0;0;;;;0;2;0;0;0;;;;2;2
"062078";"Sant'Arcangelo Trimonte";12;2;0;0;0;;;;2;0;0;0;0;;;;0;2
"062078";"Sant'Arcangelo Trimonte";13;1;0;0;0;;;;1;2;0;0;0;;;;2;3
"062078";"Sant'Arcangelo Trimonte";14;0;0;0;0;;;;0;3;0;0;0;;;;3;3
"062078";"Sant'Arcangelo Trimonte";15;0;0;0;0;;;;0;1;0;0;0;;;;1;1
"062078";"Sant'Arcangelo Trimonte";16;3;0;0;0;;;;3;2;0;0;0;;;;2;5
"062078";"Sant'Arcangelo Trimonte";17;1;0;0;0;;;;1;1;0;0;0;;;;1;2
"062078";"Sant'Arcangelo Trimonte";18;1;0;0;0;;;;1;0;0;0;0;;;;0;1
"062078";"Sant'Arcangelo Trimonte";19;1;0;0;0;;;;1;1;0;0;0;;;;1;2
"062078";"Sant'Arcangelo Trimonte";20;2;0;0;0;;;;2;1;0;0;0;;;;1;3
"062078";"Sant'Arcangelo Trimonte";21;1;0;0;0;;;;1;3;0;0;0;;;;3;4
"062078";"Sant'Arcangelo Trimonte";22;0;0;0;0;;;;0;1;0;0;0;;;;1;1
"062078";"Sant'Arcangelo Trimonte";23;0;0;0;0;;;;0;1;0;0;0;;;;1;1
"062078";"Sant'Arcangelo Trimonte";24;3;0;0;0;;;;3;1;0;0;0;;;;1;4
"062078";"Sant'Arcangelo Trimonte";25;1;0;0;0;;;;1;0;0;0;0;;;;0;1
"062078";"Sant'Arcangelo Trimonte";26;2;3;0;0;;;;5;1;0;0;0;;;;1;6
"062078";"Sant'Arcangelo Trimonte";27;1;0;0;0;;;;1;2;0;0;0;;;;2;3
"062078";"Sant'Arcangelo Trimonte";28;4;1;0;0;;;;5;2;1;0;0;;;;3;8
"062078";"Sant'Arcangelo Trimonte";29;2;0;0;0;;;;2;3;1;0;0;;;;4;6
"062078";"Sant'Arcangelo Trimonte";30;4;0;0;0;;;;4;2;0;0;0;;;;2;6
"062078";"Sant'Arcangelo Trimonte";31;3;0;0;0;;;;3;0;1;0;0;;;;1;4
"062078";"Sant'Arcangelo Trimonte";32;2;0;0;0;;;;2;1;1;0;0;;;;2;4
"062078";"Sant'Arcangelo Trimonte";33;4;0;0;0;;;;4;4;1;0;0;;;;5;9
"062078";"Sant'Arcangelo Trimonte";34;2;0;0;0;;;;2;5;2;0;0;;;;7;9
"062078";"Sant'Arcangelo Trimonte";35;3;0;0;0;;;;3;0;0;0;0;;;;0;3
"062078";"Sant'Arcangelo Trimonte";36;5;0;0;0;;;;5;3;3;0;0;;;;6;11
"062078";"Sant'Arcangelo Trimonte";37;4;0;0;0;;;;4;2;0;0;0;;;;2;6
"062078";"Sant'Arcangelo Trimonte";38;3;1;0;0;;;;4;0;2;0;0;;;;2;6
"062078";"Sant'Arcangelo Trimonte";39;1;0;0;0;;;;1;2;0;0;0;;;;2;3
"062078";"Sant'Arcangelo Trimonte";40;2;0;0;0;;;;2;2;2;0;0;;;;4;6
"062078";"Sant'Arcangelo Trimonte";41;2;2;0;0;;;;4;0;1;0;0;;;;1;5
"062078";"Sant'Arcangelo Trimonte";42;0;4;0;0;;;;4;0;1;0;0;;;;1;5
"062078";"Sant'Arcangelo Trimonte";43;1;2;0;0;;;;3;1;0;0;0;;;;1;4
"062078";"Sant'Arcangelo Trimonte";44;2;0;0;0;;;;2;1;0;0;0;;;;1;3
"062078";"Sant'Arcangelo Trimonte";45;1;3;0;0;;;;4;0;1;0;0;;;;1;5
"062078";"Sant'Arcangelo Trimonte";46;1;3;0;0;;;;4;0;2;0;0;;;;2;6
"062078";"Sant'Arcangelo Trimonte";47;0;0;0;0;;;;0;1;3;0;0;;;;4;4
"062078";"Sant'Arcangelo Trimonte";48;1;3;0;0;;;;4;1;0;0;0;;;;1;5
"062078";"Sant'Arcangelo Trimonte";49;0;3;0;0;;;;3;1;2;0;0;;;;3;6
"062078";"Sant'Arcangelo Trimonte";50;1;0;0;0;;;;1;0;2;0;0;;;;2;3
"062078";"Sant'Arcangelo Trimonte";51;0;2;0;0;;;;2;0;3;0;0;;;;3;5
"062078";"Sant'Arcangelo Trimonte";52;3;1;0;0;;;;4;1;1;0;0;;;;2;6
"062078";"Sant'Arcangelo Trimonte";53;1;1;0;0;;;;2;1;1;0;0;;;;2;4
"062078";"Sant'Arcangelo Trimonte";54;0;1;0;0;;;;1;0;1;0;1;;;;2;3
"062078";"Sant'Arcangelo Trimonte";55;0;0;0;0;;;;0;1;0;0;1;;;;2;2
"062078";"Sant'Arcangelo Trimonte";56;1;1;0;0;;;;2;0;4;0;0;;;;4;6
"062078";"Sant'Arcangelo Trimonte";57;0;3;1;0;;;;4;1;1;0;1;;;;3;7
"062078";"Sant'Arcangelo Trimonte";58;1;3;0;1;;;;5;1;4;1;0;;;;6;11
"062078";"Sant'Arcangelo Trimonte";59;0;2;0;0;;;;2;2;4;1;0;;;;7;9
"062078";"Sant'Arcangelo Trimonte";60;2;4;0;1;;;;7;2;2;0;0;;;;4;11
"062078";"Sant'Arcangelo Trimonte";61;0;2;0;0;;;;2;0;2;0;0;;;;2;4
"062078";"Sant'Arcangelo Trimonte";62;0;2;0;0;;;;2;0;6;0;0;;;;6;8
"062078";"Sant'Arcangelo Trimonte";63;1;2;0;0;;;;3;1;2;0;0;;;;3;6
"062078";"Sant'Arcangelo Trimonte";64;1;4;0;0;;;;5;0;5;0;1;;;;6;11
"062078";"Sant'Arcangelo Trimonte";65;0;4;0;0;;;;4;1;2;0;0;;;;3;7
"062078";"Sant'Arcangelo Trimonte";66;0;0;0;0;;;;0;1;7;0;0;;;;8;8
"062078";"Sant'Arcangelo Trimonte";67;0;4;0;0;;;;4;0;7;0;0;;;;7;11
"062078";"Sant'Arcangelo Trimonte";68;0;3;0;0;;;;3;0;3;1;3;;;;7;10
"062078";"Sant'Arcangelo Trimonte";69;1;3;0;0;;;;4;1;0;0;0;;;;1;5
"062078";"Sant'Arcangelo Trimonte";70;1;3;0;1;;;;5;0;2;0;0;;;;2;7
"062078";"Sant'Arcangelo Trimonte";71;0;3;0;1;;;;4;0;3;0;0;;;;3;7
"062078";"Sant'Arcangelo Trimonte";72;0;3;0;1;;;;4;1;1;0;1;;;;3;7
"062078";"Sant'Arcangelo Trimonte";73;0;3;0;0;;;;3;0;2;0;1;;;;3;6
"062078";"Sant'Arcangelo Trimonte";74;0;8;0;0;;;;8;0;2;0;0;;;;2;10
"062078";"Sant'Arcangelo Trimonte";75;0;4;0;0;;;;4;0;3;0;0;;;;3;7
"062078";"Sant'Arcangelo Trimonte";76;1;1;0;0;;;;2;0;3;0;1;;;;4;6
"062078";"Sant'Arcangelo Trimonte";77;0;6;0;0;;;;6;0;3;0;1;;;;4;10
"062078";"Sant'Arcangelo Trimonte";78;0;2;0;0;;;;2;0;4;0;1;;;;5;7
"062078";"Sant'Arcangelo Trimonte";79;0;3;0;1;;;;4;0;2;0;1;;;;3;7
"062078";"Sant'Arcangelo Trimonte";80;0;2;0;1;;;;3;0;3;0;3;;;;6;9
"062078";"Sant'Arcangelo Trimonte";81;0;0;0;0;;;;0;0;1;0;0;;;;1;1
"062078";"Sant'Arcangelo Trimonte";82;1;5;0;0;;;;6;0;0;0;1;;;;1;7
"062078";"Sant'Arcangelo Trimonte";83;0;0;0;0;;;;0;0;0;0;1;;;;1;1
"062078";"Sant'Arcangelo Trimonte";84;1;4;0;1;;;;6;0;0;0;0;;;;0;6
"062078";"Sant'Arcangelo Trimonte";85;1;0;0;1;;;;2;0;1;0;4;;;;5;7
"062078";"Sant'Arcangelo Trimonte";86;0;3;0;0;;;;3;1;1;0;2;;;;4;7
"062078";"Sant'Arcangelo Trimonte";87;0;2;0;1;;;;3;0;0;1;1;;;;2;5
"062078";"Sant'Arcangelo Trimonte";88;0;0;0;0;;;;0;0;0;0;0;;;;0;0
"062078";"Sant'Arcangelo Trimonte";89;0;0;0;0;;;;0;0;0;0;2;;;;2;2
"062078";"Sant'Arcangelo Trimonte";90;0;0;0;1;;;;1;0;1;0;0;;;;1;2
"062078";"Sant'Arcangelo Trimonte";91;0;0;0;1;;;;1;0;0;0;0;;;;0;1
"062078";"Sant'Arcangelo Trimonte";92;0;0;0;0;;;;0;0;2;0;2;;;;4;4
"062078";"Sant'Arcangelo Trimonte";93;0;0;0;0;;;;0;0;0;0;1;;;;1;1
"062078";"Sant'Arcangelo Trimonte";94;0;0;0;0;;;;0;0;0;0;0;;;;0;0
"062078";"Sant'Arcangelo Trimonte";95;0;0;0;0;;;;0;0;0;0;1;;;;1;1
"062078";"Sant'Arcangelo Trimonte";96;0;0;0;0;;;;0;0;0;0;0;;;;0;0
"062078";"Sant'Arcangelo Trimonte";97;0;0;0;0;;;;0;0;0;0;1;;;;1;1
"062078";"Sant'Arcangelo Trimonte";98;0;0;0;0;;;;0;0;0;0;0;;;;0;0
"062078";"Sant'Arcangelo Trimonte";99;0;0;0;0;;;;0;1;0;0;0;;;;1;1
"062078";"Sant'Arcangelo Trimonte";100;0;0;0;0;;;;0;0;0;0;1;;;;1;1
"062078";"Sant'Arcangelo Trimonte";999;102;119;1;12;;;;234;79;115;4;33;;;;231;465
"062072";"Sassinoro";0;1;0;0;0;;;;1;1;0;0;0;;;;1;2
"062072";"Sassinoro";1;3;0;0;0;;;;3;2;0;0;0;;;;2;5
"062072";"Sassinoro";2;3;0;0;0;;;;3;2;0;0;0;;;;2;5
"062072";"Sassinoro";3;3;0;0;0;;;;3;0;0;0;0;;;;0;3
"062072";"Sassinoro";4;5;0;0;0;;;;5;1;0;0;0;;;;1;6
"062072";"Sassinoro";5;1;0;0;0;;;;1;0;0;0;0;;;;0;1
"062072";"Sassinoro";6;4;0;0;0;;;;4;2;0;0;0;;;;2;6
"062072";"Sassinoro";7;2;0;0;0;;;;2;2;0;0;0;;;;2;4
"062072";"Sassinoro";8;1;0;0;0;;;;1;0;0;0;0;;;;0;1
"062072";"Sassinoro";9;0;0;0;0;;;;0;3;0;0;0;;;;3;3
"062072";"Sassinoro";10;1;0;0;0;;;;1;4;0;0;0;;;;4;5
"062072";"Sassinoro";11;1;0;0;0;;;;1;2;0;0;0;;;;2;3
"062072";"Sassinoro";12;3;0;0;0;;;;3;6;0;0;0;;;;6;9
"062072";"Sassinoro";13;1;0;0;0;;;;1;2;0;0;0;;;;2;3
"062072";"Sassinoro";14;1;0;0;0;;;;1;2;0;0;0;;;;2;3
"062072";"Sassinoro";15;2;0;0;0;;;;2;4;0;0;0;;;;4;6
"062072";"Sassinoro";16;1;0;0;0;;;;1;5;0;0;0;;;;5;6
"062072";"Sassinoro";17;2;0;0;0;;;;2;2;0;0;0;;;;2;4
"062072";"Sassinoro";18;3;0;0;0;;;;3;2;0;0;0;;;;2;5
"062072";"Sassinoro";19;6;0;0;0;;;;6;3;0;0;0;;;;3;9
"062072";"Sassinoro";20;3;0;0;0;;;;3;3;0;0;0;;;;3;6
"062072";"Sassinoro";21;0;0;0;0;;;;0;4;0;0;0;;;;4;4
"062072";"Sassinoro";22;5;0;0;0;;;;5;6;0;0;0;;;;6;11
"062072";"Sassinoro";23;4;0;0;0;;;;4;2;0;0;0;;;;2;6
"062072";"Sassinoro";24;2;0;0;0;;;;2;6;0;0;0;;;;6;8
"062072";"Sassinoro";25;4;0;0;0;;;;4;4;0;0;0;;;;4;8
"062072";"Sassinoro";26;4;0;0;0;;;;4;4;0;0;0;;;;4;8
"062072";"Sassinoro";27;1;0;0;0;;;;1;3;0;0;0;;;;3;4
"062072";"Sassinoro";28;4;0;0;0;;;;4;6;0;0;0;;;;6;10
"062072";"Sassinoro";29;4;0;0;0;;;;4;0;1;0;0;;;;1;5
"062072";"Sassinoro";30;3;0;0;0;;;;3;0;0;0;0;;;;0;3
"062072";"Sassinoro";31;5;2;0;0;;;;7;4;1;0;0;;;;5;12
"062072";"Sassinoro";32;2;0;0;0;;;;2;0;0;0;0;;;;0;2
"062072";"Sassinoro";33;2;0;0;0;;;;2;3;0;0;0;;;;3;5
"062072";"Sassinoro";34;2;0;0;0;;;;2;1;0;0;0;;;;1;3
"062072";"Sassinoro";35;4;1;0;0;;;;5;0;0;0;0;;;;0;5
"062072";"Sassinoro";36;1;0;0;0;;;;1;1;2;1;0;;;;4;5
"062072";"Sassinoro";37;0;3;0;0;;;;3;2;5;0;1;;;;8;11
"062072";"Sassinoro";38;0;1;0;0;;;;1;0;0;0;0;;;;0;1
"062072";"Sassinoro";39;3;2;0;0;;;;5;1;4;0;0;;;;5;10
"062072";"Sassinoro";40;2;4;0;0;;;;6;4;1;0;0;;;;5;11
"062072";"Sassinoro";41;3;2;0;0;;;;5;1;3;0;0;;;;4;9
"062072";"Sassinoro";42;3;2;0;0;;;;5;0;2;0;0;;;;2;7
"062072";"Sassinoro";43;0;3;0;0;;;;3;0;2;0;0;;;;2;5
"062072";"Sassinoro";44;2;0;0;0;;;;2;0;2;0;0;;;;2;4
"062072";"Sassinoro";45;1;4;0;0;;;;5;0;6;0;0;;;;6;11
"062072";"Sassinoro";46;2;2;0;0;;;;4;0;3;0;0;;;;3;7
"062072";"Sassinoro";47;0;1;0;0;;;;1;0;2;0;0;;;;2;3
"062072";"Sassinoro";48;1;2;0;0;;;;3;1;1;0;0;;;;2;5
"062072";"Sassinoro";49;1;3;1;0;;;;5;0;4;1;0;;;;5;10
"062072";"Sassinoro";50;2;0;1;0;;;;3;0;4;0;0;;;;4;7
"062072";"Sassinoro";51;1;4;0;0;;;;5;0;2;1;0;;;;3;8
"062072";"Sassinoro";52;2;3;0;0;;;;5;0;4;0;0;;;;4;9
"062072";"Sassinoro";53;0;2;0;0;;;;2;0;7;0;0;;;;7;9
"062072";"Sassinoro";54;1;4;0;0;;;;5;2;2;1;0;;;;5;10
"062072";"Sassinoro";55;1;2;0;0;;;;3;0;5;0;0;;;;5;8
"062072";"Sassinoro";56;2;7;0;0;;;;9;1;1;0;0;;;;2;11
"062072";"Sassinoro";57;1;2;0;0;;;;3;0;3;1;0;;;;4;7
"062072";"Sassinoro";58;1;2;0;0;;;;3;0;3;0;3;;;;6;9
"062072";"Sassinoro";59;0;7;0;0;;;;7;1;6;0;0;;;;7;14
"062072";"Sassinoro";60;0;3;1;0;;;;4;0;5;0;0;;;;5;9
"062072";"Sassinoro";61;3;4;0;0;;;;7;0;3;1;0;;;;4;11
"062072";"Sassinoro";62;2;1;0;0;;;;3;2;0;0;0;;;;2;5
"062072";"Sassinoro";63;3;3;0;0;;;;6;0;3;0;0;;;;3;9
"062072";"Sassinoro";64;2;1;0;0;;;;3;0;5;0;1;;;;6;9
"062072";"Sassinoro";65;2;2;0;0;;;;4;1;4;0;1;;;;6;10
"062072";"Sassinoro";66;1;6;0;0;;;;7;0;3;0;0;;;;3;10
"062072";"Sassinoro";67;2;2;0;0;;;;4;1;4;0;0;;;;5;9
"062072";"Sassinoro";68;1;3;0;0;;;;4;1;2;0;3;;;;6;10
"062072";"Sassinoro";69;1;1;0;0;;;;2;1;1;0;0;;;;2;4
"062072";"Sassinoro";70;1;1;0;0;;;;2;3;4;0;1;;;;8;10
"062072";"Sassinoro";71;0;2;0;0;;;;2;2;3;0;0;;;;5;7
"062072";"Sassinoro";72;2;5;0;0;;;;7;1;2;0;1;;;;4;11
"062072";"Sassinoro";73;1;5;0;1;;;;7;0;2;0;4;;;;6;13
"062072";"Sassinoro";74;1;2;0;0;;;;3;0;1;0;3;;;;4;7
"062072";"Sassinoro";75;1;5;0;0;;;;6;1;2;0;4;;;;7;13
"062072";"Sassinoro";76;2;2;0;0;;;;4;1;3;0;2;;;;6;10
"062072";"Sassinoro";77;1;3;0;0;;;;4;1;1;1;3;;;;6;10
"062072";"Sassinoro";78;0;2;0;1;;;;3;0;2;1;1;;;;4;7
"062072";"Sassinoro";79;0;5;0;0;;;;5;1;1;0;0;;;;2;7
"062072";"Sassinoro";80;0;2;0;1;;;;3;2;0;0;0;;;;2;5
"062072";"Sassinoro";81;0;4;0;0;;;;4;0;1;0;0;;;;1;5
"062072";"Sassinoro";82;0;2;0;1;;;;3;0;1;0;1;;;;2;5
"062072";"Sassinoro";83;0;2;0;0;;;;2;0;2;0;0;;;;2;4
"062072";"Sassinoro";84;0;2;0;0;;;;2;1;0;0;3;;;;4;6
"062072";"Sassinoro";85;0;1;0;0;;;;1;1;2;0;1;;;;4;5
"062072";"Sassinoro";86;1;0;0;0;;;;1;1;0;0;0;;;;1;2
"062072";"Sassinoro";87;0;0;0;1;;;;1;1;1;0;0;;;;2;3
"062072";"Sassinoro";88;0;0;0;0;;;;0;0;0;0;1;;;;1;1
"062072";"Sassinoro";89;1;0;0;0;;;;1;0;0;0;1;;;;1;2
"062072";"Sassinoro";90;0;0;0;0;;;;0;0;0;0;1;;;;1;1
"062072";"Sassinoro";91;0;1;0;0;;;;1;1;1;0;0;;;;2;3
"062072";"Sassinoro";92;0;0;0;0;;;;0;2;1;0;1;;;;4;4
"062072";"Sassinoro";93;1;0;0;0;;;;1;1;0;0;0;;;;1;2
"062072";"Sassinoro";94;0;1;0;0;;;;1;0;0;0;0;;;;0;1
"062072";"Sassinoro";95;0;0;0;0;;;;0;0;0;0;1;;;;1;1
"062072";"Sassinoro";96;0;0;0;0;;;;0;0;1;0;1;;;;2;2
"062072";"Sassinoro";97;0;0;0;0;;;;0;0;0;0;0;;;;0;0
"062072";"Sassinoro";98;1;0;0;0;;;;1;0;0;0;0;;;;0;1
"062072";"Sassinoro";99;1;0;0;0;;;;1;0;0;0;0;;;;0;1
"062072";"Sassinoro";100;0;0;0;0;;;;0;0;0;0;0;;;;0;0
"062072";"Sassinoro";999;154;138;3;5;;;;300;131;137;8;39;;;;315;615
"062073";"Solopaca";0;10;0;0;0;;;;10;8;0;0;0;;;;8;18
"062073";"Solopaca";1;10;0;0;0;;;;10;11;0;0;0;;;;11;21
"062073";"Solopaca";2;16;0;0;0;;;;16;9;0;0;0;;;;9;25
"062073";"Solopaca";3;6;0;0;0;;;;6;11;0;0;0;;;;11;17
"062073";"Solopaca";4;8;0;0;0;;;;8;11;0;0;0;;;;11;19
"062073";"Solopaca";5;16;0;0;0;;;;16;10;0;0;0;;;;10;26
"062073";"Solopaca";6;15;0;0;0;;;;15;9;0;0;0;;;;9;24
"062073";"Solopaca";7;10;0;0;0;;;;10;12;0;0;0;;;;12;22
"062073";"Solopaca";8;13;0;0;0;;;;13;13;0;0;0;;;;13;26
"062073";"Solopaca";9;12;0;0;0;;;;12;12;0;0;0;;;;12;24
"062073";"Solopaca";10;15;0;0;0;;;;15;14;0;0;0;;;;14;29
"062073";"Solopaca";11;10;0;0;0;;;;10;15;0;0;0;;;;15;25
"062073";"Solopaca";12;12;0;0;0;;;;12;11;0;0;0;;;;11;23
"062073";"Solopaca";13;8;0;0;0;;;;8;11;0;0;0;;;;11;19
"062073";"Solopaca";14;9;0;0;0;;;;9;15;0;0;0;;;;15;24
"062073";"Solopaca";15;21;0;0;0;;;;21;8;0;0;0;;;;8;29
"062073";"Solopaca";16;13;0;0;0;;;;13;17;0;0;0;;;;17;30
"062073";"Solopaca";17;15;0;0;0;;;;15;12;0;0;0;;;;12;27
"062073";"Solopaca";18;19;0;0;0;;;;19;14;0;0;0;;;;14;33
"062073";"Solopaca";19;22;0;0;0;;;;22;23;0;0;0;;;;23;45
"062073";"Solopaca";20;18;0;0;0;;;;18;22;0;0;0;;;;22;40
"062073";"Solopaca";21;21;0;0;0;;;;21;17;0;0;0;;;;17;38
"062073";"Solopaca";22;11;0;0;0;;;;11;15;0;0;0;;;;15;26
"062073";"Solopaca";23;17;0;0;0;;;;17;28;2;0;0;;;;30;47
"062073";"Solopaca";24;25;0;0;0;;;;25;10;0;0;0;;;;10;35
"062073";"Solopaca";25;17;0;0;0;;;;17;10;2;0;0;;;;12;29
"062073";"Solopaca";26;19;0;0;0;;;;19;20;0;0;0;;;;20;39
"062073";"Solopaca";27;20;0;0;0;;;;20;21;4;0;0;;;;25;45
"062073";"Solopaca";28;25;0;0;0;;;;25;23;4;0;0;;;;27;52
"062073";"Solopaca";29;26;0;0;0;;;;26;21;4;0;0;;;;25;51
"062073";"Solopaca";30;23;3;0;0;;;;26;11;3;0;0;;;;14;40
"062073";"Solopaca";31;13;1;0;0;;;;14;10;2;0;0;;;;12;26
"062073";"Solopaca";32;15;3;0;0;;;;18;14;5;0;0;;;;19;37
"062073";"Solopaca";33;16;6;0;0;;;;22;12;8;1;0;;;;21;43
"062073";"Solopaca";34;13;4;0;0;;;;17;10;5;0;0;;;;15;32
"062073";"Solopaca";35;16;5;0;0;;;;21;10;8;0;0;;;;18;39
"062073";"Solopaca";36;19;7;0;0;;;;26;11;11;0;0;;;;22;48
"062073";"Solopaca";37;15;5;0;0;;;;20;6;13;0;0;;;;19;39
"062073";"Solopaca";38;7;11;0;0;;;;18;10;17;1;0;;;;28;46
"062073";"Solopaca";39;10;10;0;0;;;;20;10;12;1;0;;;;23;43
"062073";"Solopaca";40;5;14;0;0;;;;19;1;10;2;0;;;;13;32
"062073";"Solopaca";41;6;13;1;0;;;;20;6;10;2;0;;;;18;38
"062073";"Solopaca";42;9;12;1;0;;;;22;7;12;2;0;;;;21;43
"062073";"Solopaca";43;4;10;0;0;;;;14;5;15;0;0;;;;20;34
"062073";"Solopaca";44;5;14;0;0;;;;19;7;15;0;0;;;;22;41
"062073";"Solopaca";45;5;11;0;0;;;;16;1;10;0;0;;;;11;27
"062073";"Solopaca";46;9;8;0;0;;;;17;3;15;2;0;;;;20;37
"062073";"Solopaca";47;9;14;0;0;;;;23;6;13;2;1;;;;22;45
"062073";"Solopaca";48;5;18;0;0;;;;23;4;18;1;0;;;;23;46
"062073";"Solopaca";49;6;14;0;0;;;;20;1;18;0;0;;;;19;39
"062073";"Solopaca";50;4;16;1;0;;;;21;5;16;1;4;;;;26;47
"062073";"Solopaca";51;7;9;1;0;;;;17;5;19;1;2;;;;27;44
"062073";"Solopaca";52;7;21;2;0;;;;30;3;17;1;2;;;;23;53
"062073";"Solopaca";53;2;14;0;1;;;;17;6;17;3;0;;;;26;43
"062073";"Solopaca";54;4;12;3;0;;;;19;1;19;1;4;;;;25;44
"062073";"Solopaca";55;4;20;3;0;;;;27;2;21;1;0;;;;24;51
"062073";"Solopaca";56;1;25;0;0;;;;26;5;32;1;0;;;;38;64
"062073";"Solopaca";57;2;24;0;0;;;;26;2;21;4;3;;;;30;56
"062073";"Solopaca";58;6;18;3;1;;;;28;8;21;0;5;;;;34;62
"062073";"Solopaca";59;2;25;2;0;;;;29;4;26;1;2;;;;33;62
"062073";"Solopaca";60;2;18;4;0;;;;24;5;23;1;2;;;;31;55
"062073";"Solopaca";61;10;25;4;1;;;;40;1;20;2;4;;;;27;67
"062073";"Solopaca";62;1;17;1;0;;;;19;4;21;1;2;;;;28;47
"062073";"Solopaca";63;4;25;1;0;;;;30;3;15;0;3;;;;21;51
"062073";"Solopaca";64;3;17;0;1;;;;21;3;17;2;5;;;;27;48
"062073";"Solopaca";65;5;20;0;1;;;;26;7;17;1;2;;;;27;53
"062073";"Solopaca";66;0;23;0;0;;;;23;2;10;0;8;;;;20;43
"062073";"Solopaca";67;2;22;0;0;;;;24;2;21;1;5;;;;29;53
"062073";"Solopaca";68;4;11;0;1;;;;16;2;14;1;4;;;;21;37
"062073";"Solopaca";69;1;21;1;1;;;;24;2;14;0;8;;;;24;48
"062073";"Solopaca";70;1;14;1;1;;;;17;2;22;3;4;;;;31;48
"062073";"Solopaca";71;0;9;1;0;;;;10;2;10;0;3;;;;15;25
"062073";"Solopaca";72;1;9;0;0;;;;10;1;21;0;10;;;;32;42
"062073";"Solopaca";73;1;24;0;1;;;;26;2;18;1;11;;;;32;58
"062073";"Solopaca";74;0;18;2;1;;;;21;0;7;0;6;;;;13;34
"062073";"Solopaca";75;0;22;0;0;;;;22;1;9;0;11;;;;21;43
"062073";"Solopaca";76;0;19;0;2;;;;21;2;9;0;11;;;;22;43
"062073";"Solopaca";77;2;22;0;3;;;;27;2;12;0;11;;;;25;52
"062073";"Solopaca";78;1;7;1;1;;;;10;0;10;0;10;;;;20;30
"062073";"Solopaca";79;0;10;0;1;;;;11;1;6;0;6;;;;13;24
"062073";"Solopaca";80;0;8;1;1;;;;10;1;6;1;10;;;;18;28
"062073";"Solopaca";81;0;10;0;1;;;;11;1;7;0;7;;;;15;26
"062073";"Solopaca";82;0;10;0;2;;;;12;0;4;0;10;;;;14;26
"062073";"Solopaca";83;0;4;1;0;;;;5;0;1;0;12;;;;13;18
"062073";"Solopaca";84;0;7;0;4;;;;11;1;4;2;11;;;;18;29
"062073";"Solopaca";85;0;8;0;3;;;;11;0;3;0;12;;;;15;26
"062073";"Solopaca";86;0;8;0;1;;;;9;0;3;0;9;;;;12;21
"062073";"Solopaca";87;1;10;0;1;;;;12;0;2;0;5;;;;7;19
"062073";"Solopaca";88;0;4;0;3;;;;7;0;3;0;10;;;;13;20
"062073";"Solopaca";89;0;6;0;1;;;;7;1;1;1;9;;;;12;19
"062073";"Solopaca";90;0;0;0;2;;;;2;1;0;0;7;;;;8;10
"062073";"Solopaca";91;0;0;0;1;;;;1;1;0;0;10;;;;11;12
"062073";"Solopaca";92;0;0;0;2;;;;2;2;0;0;6;;;;8;10
"062073";"Solopaca";93;0;2;0;0;;;;2;0;0;0;6;;;;6;8
"062073";"Solopaca";94;0;0;0;1;;;;1;1;0;0;10;;;;11;12
"062073";"Solopaca";95;0;0;0;0;;;;0;1;0;0;3;;;;4;4
"062073";"Solopaca";96;0;0;0;0;;;;0;0;0;0;4;;;;4;4
"062073";"Solopaca";97;0;0;0;0;;;;0;0;0;0;2;;;;2;2
"062073";"Solopaca";98;0;0;0;0;;;;0;0;0;0;1;;;;1;1
"062073";"Solopaca";99;0;0;0;0;;;;0;0;0;0;1;;;;1;1
"062073";"Solopaca";100;0;0;0;2;;;;2;0;0;0;1;;;;1;3
"062073";"Solopaca";999;747;797;35;42;;;;1621;673;775;45;295;;;;1788;3409
"062074";"Telese Terme";0;30;0;0;0;;;;30;32;0;0;0;;;;32;62
"062074";"Telese Terme";1;24;0;0;0;;;;24;32;0;0;0;;;;32;56
"062074";"Telese Terme";2;25;0;0;0;;;;25;32;0;0;0;;;;32;57
"062074";"Telese Terme";3;28;0;0;0;;;;28;27;0;0;0;;;;27;55
"062074";"Telese Terme";4;28;0;0;0;;;;28;28;0;0;0;;;;28;56
"062074";"Telese Terme";5;38;0;0;0;;;;38;34;0;0;0;;;;34;72
"062074";"Telese Terme";6;36;0;0;0;;;;36;33;0;0;0;;;;33;69
"062074";"Telese Terme";7;42;0;0;0;;;;42;35;0;0;0;;;;35;77
"062074";"Telese Terme";8;24;0;0;0;;;;24;38;0;0;0;;;;38;62
"062074";"Telese Terme";9;34;0;0;0;;;;34;33;0;0;0;;;;33;67
"062074";"Telese Terme";10;41;0;0;0;;;;41;33;0;0;0;;;;33;74
"062074";"Telese Terme";11;39;0;0;0;;;;39;27;0;0;0;;;;27;66
"062074";"Telese Terme";12;34;0;0;0;;;;34;37;0;0;0;;;;37;71
"062074";"Telese Terme";13;38;0;0;0;;;;38;42;0;0;0;;;;42;80
"062074";"Telese Terme";14;51;0;0;0;;;;51;54;0;0;0;;;;54;105
"062074";"Telese Terme";15;40;0;0;0;;;;40;37;0;0;0;;;;37;77
"062074";"Telese Terme";16;45;0;0;0;;;;45;44;0;0;0;;;;44;89
"062074";"Telese Terme";17;45;0;0;0;;;;45;39;0;0;0;;;;39;84
"062074";"Telese Terme";18;38;0;0;0;;;;38;44;0;0;0;;;;44;82
"062074";"Telese Terme";19;49;0;0;0;;;;49;40;0;0;0;;;;40;89
"062074";"Telese Terme";20;43;0;0;0;;;;43;44;1;0;0;;;;45;88
"062074";"Telese Terme";21;46;0;0;0;;;;46;38;0;0;0;;;;38;84
"062074";"Telese Terme";22;55;0;0;0;;;;55;40;1;0;0;;;;41;96
"062074";"Telese Terme";23;42;0;0;0;;;;42;34;1;0;0;;;;35;77
"062074";"Telese Terme";24;48;0;0;0;;;;48;50;1;0;0;;;;51;99
"062074";"Telese Terme";25;46;0;0;0;;;;46;36;4;0;0;;;;40;86
"062074";"Telese Terme";26;41;0;0;0;;;;41;40;2;0;0;;;;42;83
"062074";"Telese Terme";27;32;1;0;0;;;;33;46;1;0;0;;;;47;80
"062074";"Telese Terme";28;32;4;0;0;;;;36;33;7;0;0;;;;40;76
"062074";"Telese Terme";29;44;3;0;0;;;;47;32;10;0;0;;;;42;89
"062074";"Telese Terme";30;42;3;0;0;;;;45;21;4;0;0;;;;25;70
"062074";"Telese Terme";31;40;9;0;0;;;;49;32;11;0;0;;;;43;92
"062074";"Telese Terme";32;36;12;0;0;;;;48;26;14;0;0;;;;40;88
"062074";"Telese Terme";33;29;14;0;0;;;;43;23;15;0;0;;;;38;81
"062074";"Telese Terme";34;27;14;0;0;;;;41;23;27;1;0;;;;51;92
"062074";"Telese Terme";35;23;15;1;0;;;;39;25;21;0;0;;;;46;85
"062074";"Telese Terme";36;24;23;0;0;;;;47;25;29;2;0;;;;56;103
"062074";"Telese Terme";37;20;21;0;0;;;;41;20;31;2;0;;;;53;94
"062074";"Telese Terme";38;24;10;2;0;;;;36;15;27;1;0;;;;43;79
"062074";"Telese Terme";39;23;23;0;0;;;;46;16;21;1;0;;;;38;84
"062074";"Telese Terme";40;22;25;0;0;;;;47;16;39;2;1;;;;58;105
"062074";"Telese Terme";41;20;19;1;0;;;;40;16;30;2;1;;;;49;89
"062074";"Telese Terme";42;10;26;1;0;;;;37;11;29;6;1;;;;47;84
"062074";"Telese Terme";43;24;28;1;1;;;;54;22;35;2;0;;;;59;113
"062074";"Telese Terme";44;15;28;2;0;;;;45;14;32;3;0;;;;49;94
"062074";"Telese Terme";45;17;41;1;0;;;;59;7;45;5;3;;;;60;119
"062074";"Telese Terme";46;14;35;1;0;;;;50;11;45;4;0;;;;60;110
"062074";"Telese Terme";47;15;31;2;0;;;;48;13;49;0;1;;;;63;111
"062074";"Telese Terme";48;16;36;1;0;;;;53;13;50;3;1;;;;67;120
"062074";"Telese Terme";49;15;44;2;1;;;;62;10;41;4;2;;;;57;119
"062074";"Telese Terme";50;18;42;1;0;;;;61;6;51;3;2;;;;62;123
"062074";"Telese Terme";51;9;51;3;0;;;;63;13;58;2;1;;;;74;137
"062074";"Telese Terme";52;16;37;4;0;;;;57;12;54;8;0;;;;74;131
"062074";"Telese Terme";53;12;42;1;0;;;;55;3;56;4;3;;;;66;121
"062074";"Telese Terme";54;8;40;5;0;;;;53;7;62;2;0;;;;71;124
"062074";"Telese Terme";55;5;48;2;1;;;;56;12;56;5;3;;;;76;132
"062074";"Telese Terme";56;4;43;2;0;;;;49;5;59;2;3;;;;69;118
"062074";"Telese Terme";57;7;59;4;2;;;;72;10;48;6;4;;;;68;140
"062074";"Telese Terme";58;5;37;3;0;;;;45;6;50;3;2;;;;61;106
"062074";"Telese Terme";59;5;58;3;0;;;;66;7;43;3;9;;;;62;128
"062074";"Telese Terme";60;8;51;2;0;;;;61;5;49;5;8;;;;67;128
"062074";"Telese Terme";61;6;44;2;1;;;;53;6;43;2;4;;;;55;108
"062074";"Telese Terme";62;9;40;3;0;;;;52;12;42;2;4;;;;60;112
"062074";"Telese Terme";63;2;42;2;0;;;;46;3;48;1;4;;;;56;102
"062074";"Telese Terme";64;1;40;2;1;;;;44;5;46;2;3;;;;56;100
"062074";"Telese Terme";65;5;34;3;1;;;;43;11;41;1;4;;;;57;100
"062074";"Telese Terme";66;0;35;1;1;;;;37;4;37;0;6;;;;47;84
"062074";"Telese Terme";67;6;34;2;3;;;;45;5;26;2;6;;;;39;84
"062074";"Telese Terme";68;4;36;3;3;;;;46;2;24;2;5;;;;33;79
"062074";"Telese Terme";69;2;34;2;2;;;;40;3;29;2;6;;;;40;80
"062074";"Telese Terme";70;0;28;1;1;;;;30;4;36;0;12;;;;52;82
"062074";"Telese Terme";71;7;28;1;1;;;;37;2;23;1;6;;;;32;69
"062074";"Telese Terme";72;2;20;1;0;;;;23;3;26;1;6;;;;36;59
"062074";"Telese Terme";73;1;36;2;4;;;;43;3;23;3;4;;;;33;76
"062074";"Telese Terme";74;2;32;0;4;;;;38;2;17;0;14;;;;33;71
"062074";"Telese Terme";75;1;19;0;4;;;;24;0;30;1;12;;;;43;67
"062074";"Telese Terme";76;2;27;0;2;;;;31;1;19;0;20;;;;40;71
"062074";"Telese Terme";77;1;21;1;4;;;;27;2;21;0;11;;;;34;61
"062074";"Telese Terme";78;2;21;0;2;;;;25;1;18;1;15;;;;35;60
"062074";"Telese Terme";79;0;14;1;2;;;;17;0;15;0;16;;;;31;48
"062074";"Telese Terme";80;0;22;0;2;;;;24;1;12;0;13;;;;26;50
"062074";"Telese Terme";81;1;12;1;2;;;;16;2;14;0;14;;;;30;46
"062074";"Telese Terme";82;1;19;0;1;;;;21;4;10;0;8;;;;22;43
"062074";"Telese Terme";83;0;13;1;1;;;;15;2;12;0;10;;;;24;39
"062074";"Telese Terme";84;0;9;0;1;;;;10;2;10;0;15;;;;27;37
"062074";"Telese Terme";85;0;12;0;1;;;;13;3;9;1;8;;;;21;34
"062074";"Telese Terme";86;0;13;0;5;;;;18;1;4;0;11;;;;16;34
"062074";"Telese Terme";87;1;8;0;2;;;;11;1;8;0;13;;;;22;33
"062074";"Telese Terme";88;0;7;0;2;;;;9;5;3;0;16;;;;24;33
"062074";"Telese Terme";89;0;10;0;2;;;;12;0;7;0;9;;;;16;28
"062074";"Telese Terme";90;0;4;0;2;;;;6;0;5;0;6;;;;11;17
"062074";"Telese Terme";91;0;1;0;1;;;;2;1;3;0;6;;;;10;12
"062074";"Telese Terme";92;0;3;0;0;;;;3;0;2;0;1;;;;3;6
"062074";"Telese Terme";93;0;2;0;0;;;;2;0;1;0;6;;;;7;9
"062074";"Telese Terme";94;0;1;0;0;;;;1;0;0;0;7;;;;7;8
"062074";"Telese Terme";95;0;0;0;1;;;;1;0;1;0;3;;;;4;5
"062074";"Telese Terme";96;0;1;0;1;;;;2;0;0;0;4;;;;4;6
"062074";"Telese Terme";97;1;0;0;0;;;;1;0;0;0;1;;;;1;2
"062074";"Telese Terme";98;0;1;0;0;;;;1;0;0;0;1;;;;1;2
"062074";"Telese Terme";99;0;0;0;0;;;;0;0;0;0;2;;;;2;2
"062074";"Telese Terme";100;0;0;0;0;;;;0;0;0;0;1;;;;1;1
"062074";"Telese Terme";999;1768;1696;74;65;;;;3603;1650;1874;103;358;;;;3985;7588
"062075";"Tocco Caudio";0;5;0;0;0;;;;5;6;0;0;0;;;;6;11
"062075";"Tocco Caudio";1;4;0;0;0;;;;4;4;0;0;0;;;;4;8
"062075";"Tocco Caudio";2;7;0;0;0;;;;7;8;0;0;0;;;;8;15
"062075";"Tocco Caudio";3;5;0;0;0;;;;5;10;0;0;0;;;;10;15
"062075";"Tocco Caudio";4;6;0;0;0;;;;6;6;0;0;0;;;;6;12
"062075";"Tocco Caudio";5;9;0;0;0;;;;9;2;0;0;0;;;;2;11
"062075";"Tocco Caudio";6;6;0;0;0;;;;6;5;0;0;0;;;;5;11
"062075";"Tocco Caudio";7;5;0;0;0;;;;5;5;0;0;0;;;;5;10
"062075";"Tocco Caudio";8;3;0;0;0;;;;3;6;0;0;0;;;;6;9
"062075";"Tocco Caudio";9;3;0;0;0;;;;3;2;0;0;0;;;;2;5
"062075";"Tocco Caudio";10;6;0;0;0;;;;6;5;0;0;0;;;;5;11
"062075";"Tocco Caudio";11;5;0;0;0;;;;5;7;0;0;0;;;;7;12
"062075";"Tocco Caudio";12;5;0;0;0;;;;5;5;0;0;0;;;;5;10
"062075";"Tocco Caudio";13;3;0;0;0;;;;3;3;0;0;0;;;;3;6
"062075";"Tocco Caudio";14;7;0;0;0;;;;7;6;0;0;0;;;;6;13
"062075";"Tocco Caudio";15;3;0;0;0;;;;3;4;0;0;0;;;;4;7
"062075";"Tocco Caudio";16;7;0;0;0;;;;7;8;0;0;0;;;;8;15
"062075";"Tocco Caudio";17;8;0;0;0;;;;8;7;0;0;0;;;;7;15
"062075";"Tocco Caudio";18;11;0;0;0;;;;11;7;0;0;0;;;;7;18
"062075";"Tocco Caudio";19;13;0;0;0;;;;13;4;0;0;0;;;;4;17
"062075";"Tocco Caudio";20;16;0;0;0;;;;16;4;0;0;0;;;;4;20
"062075";"Tocco Caudio";21;7;0;0;0;;;;7;5;0;0;0;;;;5;12
"062075";"Tocco Caudio";22;7;0;0;0;;;;7;10;0;0;0;;;;10;17
"062075";"Tocco Caudio";23;10;0;0;0;;;;10;10;0;0;0;;;;10;20
"062075";"Tocco Caudio";24;13;0;0;0;;;;13;7;0;0;0;;;;7;20
"062075";"Tocco Caudio";25;15;0;0;0;;;;15;10;0;0;0;;;;10;25
"062075";"Tocco Caudio";26;2;0;0;0;;;;2;8;1;0;0;;;;9;11
"062075";"Tocco Caudio";27;9;0;0;0;;;;9;7;0;0;0;;;;7;16
"062075";"Tocco Caudio";28;18;2;0;0;;;;20;6;1;0;0;;;;7;27
"062075";"Tocco Caudio";29;6;2;0;0;;;;8;5;3;0;0;;;;8;16
"062075";"Tocco Caudio";30;8;4;0;0;;;;12;4;2;0;0;;;;6;18
"062075";"Tocco Caudio";31;4;2;0;0;;;;6;8;3;1;0;;;;12;18
"062075";"Tocco Caudio";32;8;3;0;0;;;;11;4;5;0;0;;;;9;20
"062075";"Tocco Caudio";33;4;1;0;0;;;;5;6;3;0;0;;;;9;14
"062075";"Tocco Caudio";34;9;2;0;0;;;;11;3;2;0;0;;;;5;16
"062075";"Tocco Caudio";35;1;4;0;0;;;;5;3;6;0;0;;;;9;14
"062075";"Tocco Caudio";36;6;4;0;0;;;;10;2;6;0;0;;;;8;18
"062075";"Tocco Caudio";37;5;4;0;0;;;;9;3;8;0;0;;;;11;20
"062075";"Tocco Caudio";38;3;5;0;0;;;;8;2;6;1;0;;;;9;17
"062075";"Tocco Caudio";39;1;2;0;0;;;;3;3;2;0;0;;;;5;8
"062075";"Tocco Caudio";40;7;5;0;0;;;;12;2;8;0;0;;;;10;22
"062075";"Tocco Caudio";41;2;5;0;0;;;;7;2;6;0;0;;;;8;15
"062075";"Tocco Caudio";42;4;2;1;0;;;;7;5;3;0;0;;;;8;15
"062075";"Tocco Caudio";43;3;4;1;0;;;;8;5;7;0;0;;;;12;20
"062075";"Tocco Caudio";44;5;7;1;0;;;;13;2;7;1;0;;;;10;23
"062075";"Tocco Caudio";45;5;4;0;0;;;;9;2;4;0;0;;;;6;15
"062075";"Tocco Caudio";46;7;6;0;0;;;;13;0;8;0;0;;;;8;21
"062075";"Tocco Caudio";47;4;8;0;0;;;;12;2;13;0;0;;;;15;27
"062075";"Tocco Caudio";48;4;11;1;0;;;;16;0;5;0;0;;;;5;21
"062075";"Tocco Caudio";49;3;5;0;0;;;;8;1;7;0;0;;;;8;16
"062075";"Tocco Caudio";50;1;8;0;0;;;;9;1;12;0;0;;;;13;22
"062075";"Tocco Caudio";51;2;15;0;0;;;;17;2;9;0;1;;;;12;29
"062075";"Tocco Caudio";52;3;6;0;0;;;;9;4;10;1;0;;;;15;24
"062075";"Tocco Caudio";53;5;3;1;0;;;;9;1;11;0;0;;;;12;21
"062075";"Tocco Caudio";54;2;6;0;0;;;;8;0;5;0;1;;;;6;14
"062075";"Tocco Caudio";55;1;8;1;0;;;;10;1;10;0;0;;;;11;21
"062075";"Tocco Caudio";56;0;11;1;0;;;;12;3;11;1;2;;;;17;29
"062075";"Tocco Caudio";57;2;13;0;0;;;;15;0;9;0;0;;;;9;24
"062075";"Tocco Caudio";58;0;11;0;0;;;;11;2;7;1;1;;;;11;22
"062075";"Tocco Caudio";59;0;7;0;0;;;;7;0;14;0;0;;;;14;21
"062075";"Tocco Caudio";60;1;8;1;0;;;;10;3;5;1;2;;;;11;21
"062075";"Tocco Caudio";61;0;11;0;1;;;;12;0;11;0;1;;;;12;24
"062075";"Tocco Caudio";62;2;18;0;0;;;;20;0;6;0;1;;;;7;27
"062075";"Tocco Caudio";63;1;6;0;1;;;;8;1;5;0;3;;;;9;17
"062075";"Tocco Caudio";64;0;8;0;0;;;;8;3;13;0;0;;;;16;24
"062075";"Tocco Caudio";65;3;7;0;0;;;;10;0;7;0;1;;;;8;18
"062075";"Tocco Caudio";66;0;12;0;0;;;;12;1;6;0;2;;;;9;21
"062075";"Tocco Caudio";67;0;8;1;0;;;;9;0;3;1;1;;;;5;14
"062075";"Tocco Caudio";68;1;6;0;0;;;;7;0;9;0;1;;;;10;17
"062075";"Tocco Caudio";69;1;6;0;0;;;;7;0;5;0;4;;;;9;16
"062075";"Tocco Caudio";70;1;11;0;0;;;;12;0;9;0;3;;;;12;24
"062075";"Tocco Caudio";71;0;8;0;1;;;;9;0;6;0;0;;;;6;15
"062075";"Tocco Caudio";72;1;9;0;0;;;;10;1;4;0;0;;;;5;15
"062075";"Tocco Caudio";73;0;8;0;0;;;;8;0;5;0;0;;;;5;13
"062075";"Tocco Caudio";74;0;2;0;0;;;;2;0;3;0;3;;;;6;8
"062075";"Tocco Caudio";75;0;10;0;0;;;;10;0;3;0;2;;;;5;15
"062075";"Tocco Caudio";76;0;6;0;0;;;;6;0;7;0;5;;;;12;18
"062075";"Tocco Caudio";77;1;3;0;0;;;;4;0;3;0;2;;;;5;9
"062075";"Tocco Caudio";78;0;3;0;1;;;;4;0;2;0;1;;;;3;7
"062075";"Tocco Caudio";79;0;5;0;0;;;;5;0;2;0;4;;;;6;11
"062075";"Tocco Caudio";80;0;6;0;2;;;;8;0;5;0;6;;;;11;19
"062075";"Tocco Caudio";81;0;3;0;1;;;;4;0;2;0;2;;;;4;8
"062075";"Tocco Caudio";82;0;1;0;0;;;;1;0;1;0;3;;;;4;5
"062075";"Tocco Caudio";83;0;1;0;0;;;;1;0;3;0;2;;;;5;6
"062075";"Tocco Caudio";84;0;1;0;0;;;;1;0;0;0;3;;;;3;4
"062075";"Tocco Caudio";85;0;2;0;0;;;;2;1;0;0;5;;;;6;8
"062075";"Tocco Caudio";86;0;3;0;0;;;;3;0;2;1;4;;;;7;10
"062075";"Tocco Caudio";87;1;1;0;0;;;;2;1;2;0;4;;;;7;9
"062075";"Tocco Caudio";88;0;0;0;0;;;;0;0;0;0;2;;;;2;2
"062075";"Tocco Caudio";89;0;3;0;1;;;;4;0;1;0;3;;;;4;8
"062075";"Tocco Caudio";90;0;0;0;0;;;;0;1;0;0;2;;;;3;3
"062075";"Tocco Caudio";91;0;1;0;0;;;;1;0;0;0;6;;;;6;7
"062075";"Tocco Caudio";92;0;1;0;1;;;;2;1;0;0;5;;;;6;8
"062075";"Tocco Caudio";93;0;1;0;0;;;;1;0;1;0;1;;;;2;3
"062075";"Tocco Caudio";94;0;0;0;0;;;;0;0;0;0;2;;;;2;2
"062075";"Tocco Caudio";95;0;0;0;1;;;;1;0;0;0;2;;;;2;3
"062075";"Tocco Caudio";96;0;0;0;0;;;;0;0;1;0;1;;;;2;2
"062075";"Tocco Caudio";97;0;1;0;0;;;;1;0;0;0;0;;;;0;1
"062075";"Tocco Caudio";98;0;0;0;0;;;;0;0;0;0;0;;;;0;0
"062075";"Tocco Caudio";99;0;0;0;0;;;;0;0;0;0;0;;;;0;0
"062075";"Tocco Caudio";100;0;0;0;0;;;;0;0;0;0;0;;;;0;0
"062075";"Tocco Caudio";999;346;360;9;10;;;;725;268;346;9;94;;;;717;1442
"062076";"Torrecuso";0;17;0;0;0;;;;17;6;0;0;0;;;;6;23
"062076";"Torrecuso";1;10;0;0;0;;;;10;11;0;0;0;;;;11;21
"062076";"Torrecuso";2;8;0;0;0;;;;8;13;0;0;0;;;;13;21
"062076";"Torrecuso";3;12;0;0;0;;;;12;9;0;0;0;;;;9;21
"062076";"Torrecuso";4;9;0;0;0;;;;9;14;0;0;0;;;;14;23
"062076";"Torrecuso";5;20;0;0;0;;;;20;9;0;0;0;;;;9;29
"062076";"Torrecuso";6;16;0;0;0;;;;16;8;0;0;0;;;;8;24
"062076";"Torrecuso";7;7;0;0;0;;;;7;15;0;0;0;;;;15;22
"062076";"Torrecuso";8;19;0;0;0;;;;19;19;0;0;0;;;;19;38
"062076";"Torrecuso";9;9;0;0;0;;;;9;13;0;0;0;;;;13;22
"062076";"Torrecuso";10;18;0;0;0;;;;18;12;0;0;0;;;;12;30
"062076";"Torrecuso";11;22;0;0;0;;;;22;10;0;0;0;;;;10;32
"062076";"Torrecuso";12;18;0;0;0;;;;18;15;0;0;0;;;;15;33
"062076";"Torrecuso";13;23;0;0;0;;;;23;9;0;0;0;;;;9;32
"062076";"Torrecuso";14;16;0;0;0;;;;16;13;0;0;0;;;;13;29
"062076";"Torrecuso";15;15;0;0;0;;;;15;20;0;0;0;;;;20;35
"062076";"Torrecuso";16;21;0;0;0;;;;21;13;0;0;0;;;;13;34
"062076";"Torrecuso";17;16;0;0;0;;;;16;8;0;0;0;;;;8;24
"062076";"Torrecuso";18;16;0;0;0;;;;16;21;0;0;0;;;;21;37
"062076";"Torrecuso";19;20;0;0;0;;;;20;12;0;0;0;;;;12;32
"062076";"Torrecuso";20;20;0;0;0;;;;20;18;0;0;0;;;;18;38
"062076";"Torrecuso";21;21;0;0;0;;;;21;19;0;0;0;;;;19;40
"062076";"Torrecuso";22;21;0;0;0;;;;21;22;1;0;0;;;;23;44
"062076";"Torrecuso";23;23;0;0;0;;;;23;14;0;0;0;;;;14;37
"062076";"Torrecuso";24;21;0;0;0;;;;21;15;0;0;0;;;;15;36
"062076";"Torrecuso";25;17;1;0;0;;;;18;15;1;0;0;;;;16;34
"062076";"Torrecuso";26;19;0;0;0;;;;19;15;0;0;0;;;;15;34
"062076";"Torrecuso";27;22;2;0;0;;;;24;19;2;0;0;;;;21;45
"062076";"Torrecuso";28;14;0;0;0;;;;14;13;3;0;0;;;;16;30
"062076";"Torrecuso";29;20;3;0;0;;;;23;10;1;0;0;;;;11;34
"062076";"Torrecuso";30;20;2;0;0;;;;22;5;0;0;0;;;;5;27
"062076";"Torrecuso";31;16;3;0;0;;;;19;12;10;0;0;;;;22;41
"062076";"Torrecuso";32;22;4;0;0;;;;26;6;8;0;0;;;;14;40
"062076";"Torrecuso";33;10;2;0;0;;;;12;8;10;0;0;;;;18;30
"062076";"Torrecuso";34;16;6;0;0;;;;22;8;6;0;0;;;;14;36
"062076";"Torrecuso";35;8;10;0;0;;;;18;8;14;0;0;;;;22;40
"062076";"Torrecuso";36;12;1;0;0;;;;13;2;13;1;0;;;;16;29
"062076";"Torrecuso";37;12;9;0;0;;;;21;5;15;0;0;;;;20;41
"062076";"Torrecuso";38;8;11;0;0;;;;19;3;11;2;0;;;;16;35
"062076";"Torrecuso";39;5;11;1;0;;;;17;4;12;0;1;;;;17;34
"062076";"Torrecuso";40;12;8;0;0;;;;20;9;14;0;0;;;;23;43
"062076";"Torrecuso";41;5;12;1;0;;;;18;8;20;2;1;;;;31;49
"062076";"Torrecuso";42;7;16;1;0;;;;24;6;13;0;0;;;;19;43
"062076";"Torrecuso";43;2;16;0;0;;;;18;3;15;0;0;;;;18;36
"062076";"Torrecuso";44;4;14;0;0;;;;18;2;12;0;0;;;;14;32
"062076";"Torrecuso";45;9;17;0;0;;;;26;5;21;0;0;;;;26;52
"062076";"Torrecuso";46;6;15;0;0;;;;21;5;16;0;0;;;;21;42
"062076";"Torrecuso";47;7;14;0;0;;;;21;5;17;0;1;;;;23;44
"062076";"Torrecuso";48;9;17;0;0;;;;26;1;15;4;0;;;;20;46
"062076";"Torrecuso";49;4;19;1;0;;;;24;5;19;0;0;;;;24;48
"062076";"Torrecuso";50;3;5;0;0;;;;8;4;23;1;0;;;;28;36
"062076";"Torrecuso";51;5;15;0;0;;;;20;1;14;1;2;;;;18;38
"062076";"Torrecuso";52;4;17;1;0;;;;22;3;14;3;0;;;;20;42
"062076";"Torrecuso";53;3;15;0;1;;;;19;5;18;1;0;;;;24;43
"062076";"Torrecuso";54;6;26;2;0;;;;34;0;29;1;4;;;;34;68
"062076";"Torrecuso";55;1;16;0;0;;;;17;3;20;0;0;;;;23;40
"062076";"Torrecuso";56;4;22;2;0;;;;28;4;21;0;2;;;;27;55
"062076";"Torrecuso";57;3;19;3;1;;;;26;3;23;2;1;;;;29;55
"062076";"Torrecuso";58;4;18;2;0;;;;24;1;14;2;3;;;;20;44
"062076";"Torrecuso";59;2;23;0;2;;;;27;3;13;1;4;;;;21;48
"062076";"Torrecuso";60;1;21;1;1;;;;24;4;27;1;5;;;;37;61
"062076";"Torrecuso";61;2;17;1;1;;;;21;2;15;1;5;;;;23;44
"062076";"Torrecuso";62;3;21;1;0;;;;25;2;18;1;3;;;;24;49
"062076";"Torrecuso";63;3;12;0;1;;;;16;5;14;0;4;;;;23;39
"062076";"Torrecuso";64;1;14;0;0;;;;15;1;17;0;1;;;;19;34
"062076";"Torrecuso";65;2;22;0;1;;;;25;1;14;0;5;;;;20;45
"062076";"Torrecuso";66;0;23;0;0;;;;23;1;14;1;1;;;;17;40
"062076";"Torrecuso";67;2;17;0;1;;;;20;2;24;0;6;;;;32;52
"062076";"Torrecuso";68;4;15;0;1;;;;20;0;18;0;2;;;;20;40
"062076";"Torrecuso";69;3;15;0;2;;;;20;1;15;0;2;;;;18;38
"062076";"Torrecuso";70;1;18;0;2;;;;21;0;13;0;6;;;;19;40
"062076";"Torrecuso";71;1;13;0;3;;;;17;0;12;0;8;;;;20;37
"062076";"Torrecuso";72;1;13;0;0;;;;14;1;9;1;5;;;;16;30
"062076";"Torrecuso";73;0;13;1;2;;;;16;0;11;0;6;;;;17;33
"062076";"Torrecuso";74;1;11;0;0;;;;12;2;10;1;12;;;;25;37
"062076";"Torrecuso";75;0;15;1;0;;;;16;2;14;0;9;;;;25;41
"062076";"Torrecuso";76;1;14;0;0;;;;15;1;10;0;12;;;;23;38
"062076";"Torrecuso";77;0;13;0;0;;;;13;1;10;0;7;;;;18;31
"062076";"Torrecuso";78;0;8;0;1;;;;9;1;10;0;8;;;;19;28
"062076";"Torrecuso";79;0;9;0;3;;;;12;0;7;0;10;;;;17;29
"062076";"Torrecuso";80;0;8;0;1;;;;9;0;1;0;4;;;;5;14
"062076";"Torrecuso";81;0;9;0;1;;;;10;3;3;0;6;;;;12;22
"062076";"Torrecuso";82;0;4;0;0;;;;4;1;6;0;5;;;;12;16
"062076";"Torrecuso";83;0;6;0;0;;;;6;0;3;0;4;;;;7;13
"062076";"Torrecuso";84;0;7;0;2;;;;9;0;2;0;7;;;;9;18
"062076";"Torrecuso";85;0;7;2;1;;;;10;1;1;0;9;;;;11;21
"062076";"Torrecuso";86;1;9;0;1;;;;11;1;4;0;4;;;;9;20
"062076";"Torrecuso";87;0;4;0;3;;;;7;0;2;0;7;;;;9;16
"062076";"Torrecuso";88;0;4;0;2;;;;6;0;3;0;8;;;;11;17
"062076";"Torrecuso";89;0;6;0;2;;;;8;0;1;0;10;;;;11;19
"062076";"Torrecuso";90;0;4;0;2;;;;6;0;0;0;7;;;;7;13
"062076";"Torrecuso";91;0;1;0;2;;;;3;0;0;1;6;;;;7;10
"062076";"Torrecuso";92;0;1;0;1;;;;2;0;0;0;2;;;;2;4
"062076";"Torrecuso";93;0;0;0;1;;;;1;0;0;0;7;;;;7;8
"062076";"Torrecuso";94;0;0;0;3;;;;3;0;0;0;2;;;;2;5
"062076";"Torrecuso";95;0;0;0;0;;;;0;0;0;0;1;;;;1;1
"062076";"Torrecuso";96;0;0;0;0;;;;0;0;0;0;2;;;;2;2
"062076";"Torrecuso";97;0;0;0;0;;;;0;0;0;0;0;;;;0;0
"062076";"Torrecuso";98;0;0;0;0;;;;0;0;0;0;0;;;;0;0
"062076";"Torrecuso";99;0;0;0;0;;;;0;0;0;0;2;;;;2;2
"062076";"Torrecuso";100;0;0;0;1;;;;1;0;0;0;2;;;;2;3
"062076";"Torrecuso";999;766;763;21;46;;;;1596;580;766;28;231;;;;1605;3201
"062077";"Vitulano";0;7;0;0;0;;;;7;10;0;0;0;;;;10;17
"062077";"Vitulano";1;9;0;0;0;;;;9;6;0;0;0;;;;6;15
"062077";"Vitulano";2;8;0;0;0;;;;8;8;0;0;0;;;;8;16
"062077";"Vitulano";3;13;0;0;0;;;;13;7;0;0;0;;;;7;20
"062077";"Vitulano";4;11;0;0;0;;;;11;7;0;0;0;;;;7;18
"062077";"Vitulano";5;6;0;0;0;;;;6;9;0;0;0;;;;9;15
"062077";"Vitulano";6;6;0;0;0;;;;6;13;0;0;0;;;;13;19
"062077";"Vitulano";7;11;0;0;0;;;;11;8;0;0;0;;;;8;19
"062077";"Vitulano";8;8;0;0;0;;;;8;8;0;0;0;;;;8;16
"062077";"Vitulano";9;16;0;0;0;;;;16;9;0;0;0;;;;9;25
"062077";"Vitulano";10;15;0;0;0;;;;15;6;0;0;0;;;;6;21
"062077";"Vitulano";11;12;0;0;0;;;;12;11;0;0;0;;;;11;23
"062077";"Vitulano";12;16;0;0;0;;;;16;8;0;0;0;;;;8;24
"062077";"Vitulano";13;16;0;0;0;;;;16;5;0;0;0;;;;5;21
"062077";"Vitulano";14;19;0;0;0;;;;19;10;0;0;0;;;;10;29
"062077";"Vitulano";15;11;0;0;0;;;;11;20;0;0;0;;;;20;31
"062077";"Vitulano";16;17;0;0;0;;;;17;18;0;0;0;;;;18;35
"062077";"Vitulano";17;13;0;0;0;;;;13;14;0;0;0;;;;14;27
"062077";"Vitulano";18;17;0;0;0;;;;17;16;0;0;0;;;;16;33
"062077";"Vitulano";19;11;0;0;0;;;;11;11;0;0;0;;;;11;22
"062077";"Vitulano";20;16;0;0;0;;;;16;15;0;0;0;;;;15;31
"062077";"Vitulano";21;15;0;0;0;;;;15;15;0;0;0;;;;15;30
"062077";"Vitulano";22;22;0;0;0;;;;22;12;0;0;0;;;;12;34
"062077";"Vitulano";23;13;0;0;0;;;;13;10;1;0;0;;;;11;24
"062077";"Vitulano";24;15;0;0;0;;;;15;9;1;0;0;;;;10;25
"062077";"Vitulano";25;20;0;0;0;;;;20;11;0;0;0;;;;11;31
"062077";"Vitulano";26;17;0;0;0;;;;17;11;0;0;0;;;;11;28
"062077";"Vitulano";27;26;0;0;0;;;;26;10;0;0;0;;;;10;36
"062077";"Vitulano";28;16;1;0;0;;;;17;10;3;0;0;;;;13;30
"062077";"Vitulano";29;15;1;0;0;;;;16;12;1;0;0;;;;13;29
"062077";"Vitulano";30;13;0;0;0;;;;13;11;1;0;0;;;;12;25
"062077";"Vitulano";31;15;1;0;0;;;;16;8;9;0;0;;;;17;33
"062077";"Vitulano";32;19;3;0;0;;;;22;3;5;0;0;;;;8;30
"062077";"Vitulano";33;17;5;0;0;;;;22;14;5;0;0;;;;19;41
"062077";"Vitulano";34;15;5;0;0;;;;20;10;6;0;0;;;;16;36
"062077";"Vitulano";35;8;6;0;0;;;;14;6;10;0;0;;;;16;30
"062077";"Vitulano";36;15;6;0;0;;;;21;4;9;0;0;;;;13;34
"062077";"Vitulano";37;17;5;1;0;;;;23;4;6;0;0;;;;10;33
"062077";"Vitulano";38;11;7;0;0;;;;18;4;11;0;0;;;;15;33
"062077";"Vitulano";39;2;11;0;0;;;;13;2;13;0;0;;;;15;28
"062077";"Vitulano";40;10;13;0;0;;;;23;3;8;0;0;;;;11;34
"062077";"Vitulano";41;10;5;0;0;;;;15;2;12;1;0;;;;15;30
"062077";"Vitulano";42;10;6;0;0;;;;16;3;17;0;0;;;;20;36
"062077";"Vitulano";43;5;5;3;0;;;;13;2;9;0;0;;;;11;24
"062077";"Vitulano";44;7;13;1;0;;;;21;2;10;0;0;;;;12;33
"062077";"Vitulano";45;5;9;0;0;;;;14;0;13;1;1;;;;15;29
"062077";"Vitulano";46;6;8;0;0;;;;14;4;13;1;0;;;;18;32
"062077";"Vitulano";47;2;13;0;0;;;;15;1;10;0;1;;;;12;27
"062077";"Vitulano";48;7;12;0;0;;;;19;2;18;0;0;;;;20;39
"062077";"Vitulano";49;7;16;0;0;;;;23;3;9;0;0;;;;12;35
"062077";"Vitulano";50;5;18;1;0;;;;24;5;24;0;0;;;;29;53
"062077";"Vitulano";51;5;11;1;0;;;;17;4;22;1;0;;;;27;44
"062077";"Vitulano";52;4;24;0;0;;;;28;4;16;2;1;;;;23;51
"062077";"Vitulano";53;1;13;1;0;;;;15;5;19;1;1;;;;26;41
"062077";"Vitulano";54;3;16;0;0;;;;19;1;20;1;0;;;;22;41
"062077";"Vitulano";55;2;23;0;0;;;;25;5;16;0;0;;;;21;46
"062077";"Vitulano";56;2;12;0;1;;;;15;3;12;1;1;;;;17;32
"062077";"Vitulano";57;4;15;1;1;;;;21;3;22;1;2;;;;28;49
"062077";"Vitulano";58;3;23;0;0;;;;26;4;19;0;3;;;;26;52
"062077";"Vitulano";59;1;27;2;1;;;;31;3;22;0;2;;;;27;58
"062077";"Vitulano";60;3;20;0;0;;;;23;2;9;0;0;;;;11;34
"062077";"Vitulano";61;0;22;1;0;;;;23;0;16;0;2;;;;18;41
"062077";"Vitulano";62;2;12;0;0;;;;14;1;16;0;1;;;;18;32
"062077";"Vitulano";63;1;17;2;0;;;;20;1;10;0;0;;;;11;31
"062077";"Vitulano";64;2;22;0;0;;;;24;2;20;0;1;;;;23;47
"062077";"Vitulano";65;2;13;0;0;;;;15;0;12;0;2;;;;14;29
"062077";"Vitulano";66;2;23;0;0;;;;25;2;16;0;1;;;;19;44
"062077";"Vitulano";67;1;11;2;0;;;;14;1;8;0;2;;;;11;25
"062077";"Vitulano";68;1;8;0;1;;;;10;0;10;1;4;;;;15;25
"062077";"Vitulano";69;0;13;0;0;;;;13;2;12;0;0;;;;14;27
"062077";"Vitulano";70;3;12;0;0;;;;15;2;15;0;3;;;;20;35
"062077";"Vitulano";71;0;6;0;0;;;;6;0;12;0;6;;;;18;24
"062077";"Vitulano";72;0;20;0;1;;;;21;0;8;0;3;;;;11;32
"062077";"Vitulano";73;1;21;0;3;;;;25;1;9;0;5;;;;15;40
"062077";"Vitulano";74;0;11;0;0;;;;11;0;8;0;2;;;;10;21
"062077";"Vitulano";75;1;14;0;1;;;;16;3;13;1;6;;;;23;39
"062077";"Vitulano";76;1;6;0;1;;;;8;0;7;0;6;;;;13;21
"062077";"Vitulano";77;0;9;0;2;;;;11;0;4;2;5;;;;11;22
"062077";"Vitulano";78;1;13;0;1;;;;15;0;14;0;8;;;;22;37
"062077";"Vitulano";79;2;8;0;1;;;;11;2;4;0;6;;;;12;23
"062077";"Vitulano";80;0;3;0;2;;;;5;0;3;0;8;;;;11;16
"062077";"Vitulano";81;0;10;0;1;;;;11;1;6;0;7;;;;14;25
"062077";"Vitulano";82;0;1;0;1;;;;2;0;1;0;5;;;;6;8
"062077";"Vitulano";83;1;0;0;3;;;;4;1;2;0;5;;;;8;12
"062077";"Vitulano";84;0;4;0;3;;;;7;0;4;0;7;;;;11;18
"062077";"Vitulano";85;0;8;0;2;;;;10;1;3;0;8;;;;12;22
"062077";"Vitulano";86;0;4;0;1;;;;5;2;2;0;8;;;;12;17
"062077";"Vitulano";87;0;3;0;3;;;;6;1;1;0;10;;;;12;18
"062077";"Vitulano";88;0;3;0;0;;;;3;0;0;0;3;;;;3;6
"062077";"Vitulano";89;0;1;0;3;;;;4;1;1;0;6;;;;8;12
"062077";"Vitulano";90;1;3;0;1;;;;5;1;0;0;7;;;;8;13
"062077";"Vitulano";91;0;0;0;3;;;;3;0;0;0;5;;;;5;8
"062077";"Vitulano";92;1;1;0;2;;;;4;0;0;0;2;;;;2;6
"062077";"Vitulano";93;0;0;0;2;;;;2;1;0;0;2;;;;3;5
"062077";"Vitulano";94;0;0;0;1;;;;1;0;0;0;1;;;;1;2
"062077";"Vitulano";95;0;1;0;0;;;;1;0;0;0;1;;;;1;2
"062077";"Vitulano";96;0;0;0;0;;;;0;1;0;0;3;;;;4;4
"062077";"Vitulano";97;0;0;0;0;;;;0;0;0;0;1;;;;1;1
"062077";"Vitulano";98;0;0;0;0;;;;0;0;0;0;2;;;;2;2
"062077";"Vitulano";99;0;0;0;0;;;;0;0;0;0;1;;;;1;1
"062077";"Vitulano";100;1;0;0;0;;;;1;0;1;0;3;;;;4;5
"062077";"Vitulano";999;675;656;16;42;;;;1389;473;639;14;170;;;;1296;2685
