origin_comune,dest_comune,travel_time_min
Airola,Airola,0.0
Airola,Limatola,42.40833333333333
Airola,San Giorgio Del Sannio,50.87166666666667
Airola,San Salvatore Telesino,44.08166666666667
Airola,Benevento,63.24
Airola,Cerreto Sannita,54.7
Airola,Ginestra Degli Schiavoni,84.87666666666668
Airola,Morcone,73.58500000000001
Airola,San Bartolomeo In Galdo,102.28
Airola,Vitulano,39.931666666666665
Airola,San Marco Dei Cavoti,70.31833333333334
Airola,Torrecuso,48.925
Airola,Amorosi,39.53666666666666
Airola,Apice,63.361666666666665
Airola,Apollosa,31.24
Airola,Arpaia,8.395
Airola,Arpaise,28.71333333333333
Airola,Baselice,93.86833333333334
Airola,Bonea,13.971666666666666
Airola,Bucciano,6.923333333333333
Airola,Buonalbergo,66.53666666666666
Airola,Calvi,53.40166666666666
Airola,Campolattaro,61.641666666666666
Airola,Campoli Del Monte Taburno,29.145
Airola,Casalduni,61.54
Airola,Castelfranco In Miscano,87.58333333333333
Airola,Castelpagano,82.17
Airola,Castelpoto,35.836666666666666
Airola,Castelvenere,46.37833333333333
Airola,Castelvetere In Val Fortore,101.60833333333332
Airola,Cautano,34.34166666666667
Airola,Ceppaloni,34.525
Airola,Circello,80.36166666666666
Airola,Colle Sannita,76.99833333333332
Airola,Cusano Mutri,71.51166666666667
Airola,Dugenta,31.043333333333333
Airola,Durazzano,27.78166666666667
Airola,Faicchio,51.38
Airola,Foglianise,39.31333333333334
Airola,Foiano Di Val Fortore,87.765
Airola,Forchia,10.951666666666666
Airola,Fragneto Monforte,59.27833333333333
Airola,Fragneto L'Abate,60.86666666666667
Airola,Frasso Telesino,25.46
Airola,Ginestra Degli Schiavoni,84.87666666666668
Airola,Guardia Sanframondi,51.03333333333333
Airola,Melizzano,30.45833333333333
Airola,Moiano,8.018333333333334
Airola,Molinara,77.935
Airola,Montefalcone Di Val Fortore,89.12333333333332
Airola,Montesarchio,18.16166666666667
Airola,Paduli,56.185
Airola,Pago Veiano,64.87833333333333
Airola,Pannarano,23.211666666666662
Airola,Paolisi,9.156666666666666
Airola,Paupisi,50.68833333333334
Airola,Pesco Sannita,56.50833333333333
Airola,Pietraroja,79.20833333333333
Airola,Pietrelcina,55.885
Airola,Ponte,52.80333333333333
Airola,Pontelandolfo,65.78
Airola,Puglianello,42.04333333333333
Airola,Reino,66.72
Airola,San Bartolomeo In Galdo,102.28
Airola,San Giorgio La Molara,78.17
Airola,San Giorgio Del Sannio,50.87166666666667
Airola,San Leucio Del Sannio,38.29333333333333
Airola,San Lorenzello,55.685
Airola,San Lorenzo Maggiore,49.60166666666667
Airola,San Lupo,54.60166666666667
Airola,San Marco Dei Cavoti,70.31833333333334
Airola,San Martino Sannita,51.318333333333335
Airola,San Nazzaro,55.181666666666665
Airola,San Nicola Manfredi,51.425
Airola,Sant'Agata De' Goti,18.7
Airola,Sant'Angelo A Cupolo,50.56666666666667
Airola,Sant'Arcangelo Trimonte,65.08333333333333
Airola,Santa Croce Del Sannio,74.515
Airola,Sassinoro,73.36999999999999
Airola,Solopaca,35.49333333333333
Airola,Telese Terme,41.415
Airola,Tocco Caudio,30.71333333333333
Limatola,Airola,38.431666666666665
Limatola,Limatola,0.0
Limatola,San Giorgio Del Sannio,72.38833333333334
Limatola,San Salvatore Telesino,30.773333333333333
Limatola,Benevento,61.13666666666666
Limatola,Cerreto Sannita,45.115
Limatola,Ginestra Degli Schiavoni,102.57833333333332
Limatola,Morcone,79.575
Limatola,San Bartolomeo In Galdo,118.41333333333334
Limatola,Vitulano,60.41666666666666
Limatola,San Marco Dei Cavoti,86.45166666666667
Limatola,Torrecuso,52.181666666666665
Limatola,Amorosi,21.226666666666667
Limatola,Apice,81.14666666666668
Limatola,Apollosa,63.74166666666667
Limatola,Arpaia,44.375
Limatola,Arpaise,61.63166666666667
Limatola,Baselice,110.00166666666668
Limatola,Bonea,46.473333333333336
Limatola,Bucciano,38.598333333333336
Limatola,Buonalbergo,84.23833333333333
Limatola,Calvi,74.91833333333334
Limatola,Campolattaro,67.63166666666667
Limatola,Campoli Del Monte Taburno,59.60333333333333
Limatola,Casalduni,59.43666666666666
Limatola,Castelfranco In Miscano,105.285
Limatola,Castelpagano,98.30333333333331
Limatola,Castelpoto,68.33833333333334
Limatola,Castelvenere,38.61833333333333
Limatola,Castelvetere In Val Fortore,117.74166666666666
Limatola,Cautano,55.425
Limatola,Ceppaloni,67.44333333333333
Limatola,Circello,96.495
Limatola,Colle Sannita,93.13166666666666
Limatola,Cusano Mutri,61.91833333333333
Limatola,Dugenta,14.52
Limatola,Durazzano,35.245
Limatola,Faicchio,38.45166666666667
Limatola,Foglianise,61.580000000000005
Limatola,Foiano Di Val Fortore,103.89833333333333
Limatola,Forchia,46.63166666666667
Limatola,Fragneto Monforte,65.26833333333333
Limatola,Fragneto L'Abate,70.425
Limatola,Frasso Telesino,33.17166666666667
Limatola,Ginestra Degli Schiavoni,102.57833333333332
Limatola,Guardia Sanframondi,48.11
Limatola,Melizzano,28.946666666666665
Limatola,Moiano,36.235
Limatola,Molinara,94.06833333333334
Limatola,Montefalcone Di Val Fortore,106.825
Limatola,Montesarchio,50.66333333333333
Limatola,Paduli,73.88666666666667
Limatola,Pago Veiano,81.01166666666667
Limatola,Pannarano,56.13
Limatola,Paolisi,42.193333333333335
Limatola,Paupisi,48.585
Limatola,Pesco Sannita,72.64166666666667
Limatola,Pietraroja,69.615
Limatola,Pietrelcina,72.01833333333335
Limatola,Ponte,50.7
Limatola,Pontelandolfo,67.44833333333334
Limatola,Puglianello,26.10833333333333
Limatola,Reino,82.85333333333332
Limatola,San Bartolomeo In Galdo,118.41333333333334
Limatola,San Giorgio La Molara,95.87166666666668
Limatola,San Giorgio Del Sannio,72.38833333333334
Limatola,San Leucio Del Sannio,70.63666666666667
Limatola,San Lorenzello,42.376666666666665
Limatola,San Lorenzo Maggiore,48.065000000000005
Limatola,San Lupo,53.065000000000005
Limatola,San Marco Dei Cavoti,86.45166666666667
Limatola,San Martino Sannita,74.13333333333334
Limatola,San Nazzaro,77.16000000000001
Limatola,San Nicola Manfredi,74.24
Limatola,Sant'Agata De' Goti,25.90333333333333
Limatola,Sant'Angelo A Cupolo,75.66000000000001
Limatola,Sant'Arcangelo Trimonte,82.78500000000001
Limatola,Santa Croce Del Sannio,80.50500000000001
Limatola,Sassinoro,79.36
Limatola,Solopaca,38.14833333333333
Limatola,Telese Terme,32.678333333333335
Limatola,Tocco Caudio,60.40333333333333
San Giorgio Del Sannio,Airola,51.975
San Giorgio Del Sannio,Limatola,74.18
San Giorgio Del Sannio,San Giorgio Del Sannio,0.0
San Giorgio Del Sannio,San Salvatore Telesino,47.015
San Giorgio Del Sannio,Benevento,38.78333333333333
San Giorgio Del Sannio,Cerreto Sannita,49.556666666666665
San Giorgio Del Sannio,Ginestra Degli Schiavoni,55.6
San Giorgio Del Sannio,Morcone,48.461666666666666
San Giorgio Del Sannio,San Bartolomeo In Galdo,75.28333333333333
San Giorgio Del Sannio,Vitulano,35.163333333333334
San Giorgio Del Sannio,San Marco Dei Cavoti,43.32166666666667
San Giorgio Del Sannio,Torrecuso,33.27333333333333
San Giorgio Del Sannio,Amorosi,53.40833333333333
San Giorgio Del Sannio,Apice,16.608333333333334
San Giorgio Del Sannio,Apollosa,27.65
San Giorgio Del Sannio,Arpaia,50.42666666666666
San Giorgio Del Sannio,Arpaise,34.54333333333333
San Giorgio Del Sannio,Baselice,66.87166666666667
San Giorgio Del Sannio,Bonea,45.57166666666667
San Giorgio Del Sannio,Bucciano,50.07
San Giorgio Del Sannio,Buonalbergo,37.26
San Giorgio Del Sannio,Calvi,3.835
San Giorgio Del Sannio,Campolattaro,36.51833333333333
San Giorgio Del Sannio,Campoli Del Monte Taburno,37.715
San Giorgio Del Sannio,Casalduni,37.083333333333336
San Giorgio Del Sannio,Castelfranco In Miscano,58.306666666666665
San Giorgio Del Sannio,Castelpagano,55.17333333333333
San Giorgio Del Sannio,Castelpoto,33.11666666666667
San Giorgio Del Sannio,Castelvenere,45.818333333333335
San Giorgio Del Sannio,Castelvetere In Val Fortore,74.61166666666666
San Giorgio Del Sannio,Cautano,33.59
San Giorgio Del Sannio,Ceppaloni,29.41
San Giorgio Del Sannio,Circello,53.365
San Giorgio Del Sannio,Colle Sannita,50.001666666666665
San Giorgio Del Sannio,Cusano Mutri,66.36833333333333
San Giorgio Del Sannio,Dugenta,61.126666666666665
San Giorgio Del Sannio,Durazzano,72.71333333333334
San Giorgio Del Sannio,Faicchio,56.126666666666665
San Giorgio Del Sannio,Foglianise,31.14333333333333
San Giorgio Del Sannio,Foiano Di Val Fortore,60.76833333333333
San Giorgio Del Sannio,Forchia,52.98333333333333
San Giorgio Del Sannio,Fragneto Monforte,34.155
San Giorgio Del Sannio,Fragneto L'Abate,33.87
San Giorgio Del Sannio,Frasso Telesino,49.60833333333333
San Giorgio Del Sannio,Ginestra Degli Schiavoni,55.6
San Giorgio Del Sannio,Guardia Sanframondi,43.53666666666666
San Giorgio Del Sannio,Melizzano,50.57333333333334
San Giorgio Del Sannio,Moiano,53.56333333333334
San Giorgio Del Sannio,Molinara,50.19166666666667
San Giorgio Del Sannio,Montefalcone Di Val Fortore,59.84666666666667
San Giorgio Del Sannio,Montesarchio,40.27833333333333
San Giorgio Del Sannio,Paduli,26.90833333333333
San Giorgio Del Sannio,Pago Veiano,37.88166666666667
San Giorgio Del Sannio,Pannarano,37.51166666666666
San Giorgio Del Sannio,Paolisi,48.245
San Giorgio Del Sannio,Paupisi,34.781666666666666
San Giorgio Del Sannio,Pesco Sannita,29.511666666666667
San Giorgio Del Sannio,Pietraroja,72.10833333333333
San Giorgio Del Sannio,Pietrelcina,28.88833333333333
San Giorgio Del Sannio,Ponte,28.346666666666668
San Giorgio Del Sannio,Pontelandolfo,40.656666666666666
San Giorgio Del Sannio,Puglianello,50.78
San Giorgio Del Sannio,Reino,39.723333333333336
San Giorgio Del Sannio,San Bartolomeo In Galdo,75.28333333333333
San Giorgio Del Sannio,San Giorgio La Molara,48.89333333333333
San Giorgio Del Sannio,San Giorgio Del Sannio,0.0
San Giorgio Del Sannio,San Leucio Del Sannio,24.90833333333333
San Giorgio Del Sannio,San Lorenzello,52.51833333333333
San Giorgio Del Sannio,San Lorenzo Maggiore,39.36666666666667
San Giorgio Del Sannio,San Lupo,44.98333333333333
San Giorgio Del Sannio,San Marco Dei Cavoti,43.32166666666667
San Giorgio Del Sannio,San Martino Sannita,4.7283333333333335
San Giorgio Del Sannio,San Nazzaro,5.194999999999999
San Giorgio Del Sannio,San Nicola Manfredi,9.401666666666667
San Giorgio Del Sannio,Sant'Agata De' Goti,63.63166666666667
San Giorgio Del Sannio,Sant'Angelo A Cupolo,14.88
San Giorgio Del Sannio,Sant'Arcangelo Trimonte,28.78833333333333
San Giorgio Del Sannio,Santa Croce Del Sannio,49.391666666666666
San Giorgio Del Sannio,Sassinoro,48.24666666666667
San Giorgio Del Sannio,Solopaca,40.56166666666666
San Giorgio Del Sannio,Telese Terme,42.156666666666666
San Giorgio Del Sannio,Tocco Caudio,40.135
San Salvatore Telesino,Airola,41.31666666666667
San Salvatore Telesino,Limatola,31.171666666666667
San Salvatore Telesino,San Giorgio Del Sannio,45.96833333333333
San Salvatore Telesino,San Salvatore Telesino,0.0
San Salvatore Telesino,Benevento,34.71666666666667
San Salvatore Telesino,Cerreto Sannita,14.75
San Salvatore Telesino,Ginestra Degli Schiavoni,76.15833333333333
San Salvatore Telesino,Morcone,53.155
San Salvatore Telesino,San Bartolomeo In Galdo,91.99333333333334
San Salvatore Telesino,Vitulano,34.35333333333333
San Salvatore Telesino,San Marco Dei Cavoti,60.031666666666666
San Salvatore Telesino,Torrecuso,25.761666666666667
San Salvatore Telesino,Amorosi,10.4
San Salvatore Telesino,Apice,54.72666666666667
San Salvatore Telesino,Apollosa,46.43833333333334
San Salvatore Telesino,Arpaia,47.26
San Salvatore Telesino,Arpaise,54.35166666666667
San Salvatore Telesino,Baselice,83.58166666666666
San Salvatore Telesino,Bonea,49.35833333333333
San Salvatore Telesino,Bucciano,41.48333333333333
San Salvatore Telesino,Buonalbergo,57.818333333333335
San Salvatore Telesino,Calvi,48.498333333333335
San Salvatore Telesino,Campolattaro,41.211666666666666
San Salvatore Telesino,Campoli Del Monte Taburno,44.805
San Salvatore Telesino,Casalduni,33.016666666666666
San Salvatore Telesino,Castelfranco In Miscano,78.865
San Salvatore Telesino,Castelpagano,71.88333333333334
San Salvatore Telesino,Castelpoto,47.12
San Salvatore Telesino,Castelvenere,12.275
San Salvatore Telesino,Castelvetere In Val Fortore,91.32166666666669
San Salvatore Telesino,Cautano,40.68
San Salvatore Telesino,Ceppaloni,51.013333333333335
San Salvatore Telesino,Circello,70.075
San Salvatore Telesino,Colle Sannita,66.71166666666666
San Salvatore Telesino,Cusano Mutri,31.55333333333333
San Salvatore Telesino,Dugenta,19.87
San Salvatore Telesino,Durazzano,38.13
San Salvatore Telesino,Faicchio,10.185
San Salvatore Telesino,Foglianise,35.26
San Salvatore Telesino,Foiano Di Val Fortore,77.47833333333332
San Salvatore Telesino,Forchia,49.81666666666667
San Salvatore Telesino,Fragneto Monforte,38.848333333333336
San Salvatore Telesino,Fragneto L'Abate,44.005
San Salvatore Telesino,Frasso Telesino,21.95833333333333
San Salvatore Telesino,Ginestra Degli Schiavoni,76.15833333333333
San Salvatore Telesino,Guardia Sanframondi,22.01333333333333
San Salvatore Telesino,Melizzano,19.295
San Salvatore Telesino,Moiano,39.12
San Salvatore Telesino,Molinara,67.64833333333334
San Salvatore Telesino,Montefalcone Di Val Fortore,80.405
San Salvatore Telesino,Montesarchio,53.54833333333333
San Salvatore Telesino,Paduli,47.46666666666667
San Salvatore Telesino,Pago Veiano,54.59166666666667
San Salvatore Telesino,Pannarano,56.3
San Salvatore Telesino,Paolisi,45.07833333333333
San Salvatore Telesino,Paupisi,22.165000000000003
San Salvatore Telesino,Pesco Sannita,46.22166666666667
San Salvatore Telesino,Pietraroja,39.25
San Salvatore Telesino,Pietrelcina,45.598333333333336
San Salvatore Telesino,Ponte,24.28
San Salvatore Telesino,Pontelandolfo,41.35166666666667
San Salvatore Telesino,Puglianello,8.59
San Salvatore Telesino,Reino,56.43333333333333
San Salvatore Telesino,San Bartolomeo In Galdo,91.99333333333334
San Salvatore Telesino,San Giorgio La Molara,69.45166666666667
San Salvatore Telesino,San Giorgio Del Sannio,45.96833333333333
San Salvatore Telesino,San Leucio Del Sannio,44.21666666666667
San Salvatore Telesino,San Lorenzello,12.011666666666668
San Salvatore Telesino,San Lorenzo Maggiore,21.96833333333333
San Salvatore Telesino,San Lupo,26.96833333333333
San Salvatore Telesino,San Marco Dei Cavoti,60.031666666666666
San Salvatore Telesino,San Martino Sannita,47.71333333333334
San Salvatore Telesino,San Nazzaro,50.74
San Salvatore Telesino,San Nicola Manfredi,47.82
San Salvatore Telesino,Sant'Agata De' Goti,28.78833333333333
San Salvatore Telesino,Sant'Angelo A Cupolo,49.24
San Salvatore Telesino,Sant'Arcangelo Trimonte,56.365
San Salvatore Telesino,Santa Croce Del Sannio,54.085
San Salvatore Telesino,Sassinoro,52.940000000000005
San Salvatore Telesino,Solopaca,14.853333333333332
San Salvatore Telesino,Telese Terme,6.581666666666666
San Salvatore Telesino,Tocco Caudio,47.225
Benevento,Airola,59.70333333333333
Benevento,Limatola,61.833333333333336
Benevento,San Giorgio Del Sannio,37.973333333333336
Benevento,San Salvatore Telesino,34.66833333333333
Benevento,Benevento,0.0
Benevento,Cerreto Sannita,34.55
Benevento,Ginestra Degli Schiavoni,68.16333333333334
Benevento,Morcone,28.621666666666663
Benevento,San Bartolomeo In Galdo,74.03
Benevento,Vitulano,31.08
Benevento,San Marco Dei Cavoti,42.068333333333335
Benevento,Torrecuso,20.346666666666668
Benevento,Amorosi,41.06166666666666
Benevento,Apice,46.73166666666667
Benevento,Apollosa,38.443333333333335
Benevento,Arpaia,61.22
Benevento,Arpaise,46.35666666666667
Benevento,Baselice,65.61833333333333
Benevento,Bonea,50.1
Benevento,Bucciano,57.925
Benevento,Buonalbergo,49.82333333333334
Benevento,Calvi,40.50333333333333
Benevento,Campolattaro,15.408333333333331
Benevento,Campoli Del Monte Taburno,35.49333333333333
Benevento,Casalduni,7.813333333333333
Benevento,Castelfranco In Miscano,70.86999999999999
Benevento,Castelpagano,49.59333333333333
Benevento,Castelpoto,36.693333333333335
Benevento,Castelvenere,33.471666666666664
Benevento,Castelvetere In Val Fortore,70.425
Benevento,Cautano,31.36833333333333
Benevento,Ceppaloni,43.01833333333333
Benevento,Circello,49.17833333333333
Benevento,Colle Sannita,45.815000000000005
Benevento,Cusano Mutri,51.361666666666665
Benevento,Dugenta,48.78
Benevento,Durazzano,63.995
Benevento,Faicchio,43.78
Benevento,Foglianise,27.33
Benevento,Foiano Di Val Fortore,59.515
Benevento,Forchia,63.77666666666666
Benevento,Fragneto Monforte,16.783333333333335
Benevento,Fragneto L'Abate,21.94
Benevento,Frasso Telesino,37.26166666666666
Benevento,Ginestra Degli Schiavoni,68.16333333333334
Benevento,Guardia Sanframondi,24.40333333333333
Benevento,Melizzano,38.22666666666667
Benevento,Moiano,58.715
Benevento,Molinara,49.685
Benevento,Montefalcone Di Val Fortore,71.27833333333334
Benevento,Montesarchio,51.07166666666667
Benevento,Paduli,39.47166666666667
Benevento,Pago Veiano,45.27
Benevento,Pannarano,48.305
Benevento,Paolisi,59.03833333333333
Benevento,Paupisi,21.855
Benevento,Pesco Sannita,30.295
Benevento,Pietraroja,52.26833333333333
Benevento,Pietrelcina,37.60333333333333
Benevento,Ponte,12.078333333333337
Benevento,Pontelandolfo,17.10666666666667
Benevento,Puglianello,38.43333333333333
Benevento,Reino,36.29166666666666
Benevento,San Bartolomeo In Galdo,74.03
Benevento,San Giorgio La Molara,60.190000000000005
Benevento,San Giorgio Del Sannio,37.973333333333336
Benevento,San Leucio Del Sannio,36.22166666666667
Benevento,San Lorenzello,37.17166666666667
Benevento,San Lorenzo Maggiore,25.50333333333333
Benevento,San Lupo,18.986666666666668
Benevento,San Marco Dei Cavoti,42.068333333333335
Benevento,San Martino Sannita,39.71833333333333
Benevento,San Nazzaro,42.745
Benevento,San Nicola Manfredi,39.825
Benevento,Sant'Agata De' Goti,54.65333333333333
Benevento,Sant'Angelo A Cupolo,41.245
Benevento,Sant'Arcangelo Trimonte,48.37
Benevento,Santa Croce Del Sannio,29.551666666666662
Benevento,Sassinoro,28.40666666666667
Benevento,Solopaca,28.215
Benevento,Telese Terme,29.81
Benevento,Tocco Caudio,37.91333333333333
Cerreto Sannita,Airola,50.995
Cerreto Sannita,Limatola,45.715
Cerreto Sannita,San Giorgio Del Sannio,48.73
Cerreto Sannita,San Salvatore Telesino,15.676666666666668
Cerreto Sannita,Benevento,34.513333333333335
Cerreto Sannita,Cerreto Sannita,0.0
Cerreto Sannita,Ginestra Degli Schiavoni,78.92
Cerreto Sannita,Morcone,40.73
Cerreto Sannita,San Bartolomeo In Galdo,94.755
Cerreto Sannita,Vitulano,38.395
Cerreto Sannita,San Marco Dei Cavoti,62.79333333333333
Cerreto Sannita,Torrecuso,28.33333333333333
Cerreto Sannita,Amorosi,24.94333333333333
Cerreto Sannita,Apice,57.48833333333334
Cerreto Sannita,Apollosa,49.2
Cerreto Sannita,Arpaia,56.93833333333334
Cerreto Sannita,Arpaise,57.11333333333334
Cerreto Sannita,Baselice,86.34333333333333
Cerreto Sannita,Bonea,59.03666666666666
Cerreto Sannita,Bucciano,51.16166666666666
Cerreto Sannita,Buonalbergo,60.580000000000005
Cerreto Sannita,Calvi,51.26
Cerreto Sannita,Campolattaro,37.475
Cerreto Sannita,Campoli Del Monte Taburno,47.435
Cerreto Sannita,Casalduni,27.168333333333333
Cerreto Sannita,Castelfranco In Miscano,81.62666666666668
Cerreto Sannita,Castelpagano,65.77
Cerreto Sannita,Castelpoto,49.88166666666667
Cerreto Sannita,Castelvenere,10.513333333333332
Cerreto Sannita,Castelvetere In Val Fortore,92.70333333333332
Cerreto Sannita,Cautano,43.31
Cerreto Sannita,Ceppaloni,53.775
Cerreto Sannita,Circello,71.66333333333334
Cerreto Sannita,Colle Sannita,69.47333333333333
Cerreto Sannita,Cusano Mutri,17.715
Cerreto Sannita,Dugenta,33.99
Cerreto Sannita,Durazzano,52.25
Cerreto Sannita,Faicchio,16.735
Cerreto Sannita,Foglianise,37.83166666666667
Cerreto Sannita,Foiano Di Val Fortore,80.24
Cerreto Sannita,Forchia,59.495
Cerreto Sannita,Fragneto Monforte,41.61
Cerreto Sannita,Fragneto L'Abate,46.766666666666666
Cerreto Sannita,Frasso Telesino,28.55333333333333
Cerreto Sannita,Ginestra Degli Schiavoni,78.92
Cerreto Sannita,Guardia Sanframondi,10.08
Cerreto Sannita,Melizzano,29.51833333333333
Cerreto Sannita,Moiano,50.00666666666667
Cerreto Sannita,Molinara,70.41000000000001
Cerreto Sannita,Montefalcone Di Val Fortore,83.16666666666667
Cerreto Sannita,Montesarchio,61.82833333333333
Cerreto Sannita,Paduli,50.22833333333333
Cerreto Sannita,Pago Veiano,57.35333333333333
Cerreto Sannita,Pannarano,59.06166666666666
Cerreto Sannita,Paolisi,54.75666666666667
Cerreto Sannita,Paupisi,24.736666666666668
Cerreto Sannita,Pesco Sannita,48.98333333333333
Cerreto Sannita,Pietraroja,25.41166666666667
Cerreto Sannita,Pietrelcina,48.36
Cerreto Sannita,Ponte,27.041666666666668
Cerreto Sannita,Pontelandolfo,29.87833333333333
Cerreto Sannita,Puglianello,23.133333333333333
Cerreto Sannita,Reino,59.195
Cerreto Sannita,San Bartolomeo In Galdo,94.755
Cerreto Sannita,San Giorgio La Molara,72.21333333333334
Cerreto Sannita,San Giorgio Del Sannio,48.73
Cerreto Sannita,San Leucio Del Sannio,46.97833333333333
Cerreto Sannita,San Lorenzello,5.335
Cerreto Sannita,San Lorenzo Maggiore,12.033333333333331
Cerreto Sannita,San Lupo,15.495
Cerreto Sannita,San Marco Dei Cavoti,62.79333333333333
Cerreto Sannita,San Martino Sannita,50.475
Cerreto Sannita,San Nazzaro,53.501666666666665
Cerreto Sannita,San Nicola Manfredi,50.58166666666667
Cerreto Sannita,Sant'Agata De' Goti,42.90833333333333
Cerreto Sannita,Sant'Angelo A Cupolo,52.001666666666665
Cerreto Sannita,Sant'Arcangelo Trimonte,59.126666666666665
Cerreto Sannita,Santa Croce Del Sannio,45.72833333333333
Cerreto Sannita,Sassinoro,44.583333333333336
Cerreto Sannita,Solopaca,19.506666666666668
Cerreto Sannita,Telese Terme,15.02
Cerreto Sannita,Tocco Caudio,49.855
Ginestra Degli Schiavoni,Airola,85.53500000000001
Ginestra Degli Schiavoni,Limatola,103.275
Ginestra Degli Schiavoni,San Giorgio Del Sannio,55.385
Ginestra Degli Schiavoni,San Salvatore Telesino,76.11
Ginestra Degli Schiavoni,Benevento,67.87833333333333
Ginestra Degli Schiavoni,Cerreto Sannita,78.65166666666667
Ginestra Degli Schiavoni,Ginestra Degli Schiavoni,0.0
Ginestra Degli Schiavoni,Morcone,77.55666666666666
Ginestra Degli Schiavoni,San Bartolomeo In Galdo,38.59166666666667
Ginestra Degli Schiavoni,Vitulano,64.25833333333334
Ginestra Degli Schiavoni,San Marco Dei Cavoti,43.95166666666667
Ginestra Degli Schiavoni,Torrecuso,62.36833333333333
Ginestra Degli Schiavoni,Amorosi,82.50333333333333
Ginestra Degli Schiavoni,Apice,44.708333333333336
Ginestra Degli Schiavoni,Apollosa,61.21
Ginestra Degli Schiavoni,Arpaia,83.98666666666666
Ginestra Degli Schiavoni,Arpaise,68.24499999999999
Ginestra Degli Schiavoni,Baselice,40.611666666666665
Ginestra Degli Schiavoni,Bonea,79.13166666666666
Ginestra Degli Schiavoni,Bucciano,83.63000000000001
Ginestra Degli Schiavoni,Buonalbergo,21.30333333333333
Ginestra Degli Schiavoni,Calvi,57.915
Ginestra Degli Schiavoni,Campolattaro,65.61333333333333
Ginestra Degli Schiavoni,Campoli Del Monte Taburno,66.81
Ginestra Degli Schiavoni,Casalduni,66.17833333333333
Ginestra Degli Schiavoni,Castelfranco In Miscano,10.938333333333333
Ginestra Degli Schiavoni,Castelpagano,59.265
Ginestra Degli Schiavoni,Castelpoto,66.67666666666666
Ginestra Degli Schiavoni,Castelvenere,74.91333333333334
Ginestra Degli Schiavoni,Castelvetere In Val Fortore,59.71666666666667
Ginestra Degli Schiavoni,Cautano,62.685
Ginestra Degli Schiavoni,Ceppaloni,63.36833333333333
Ginestra Degli Schiavoni,Circello,61.24666666666667
Ginestra Degli Schiavoni,Colle Sannita,55.65333333333333
Ginestra Degli Schiavoni,Cusano Mutri,95.46333333333334
Ginestra Degli Schiavoni,Dugenta,90.22166666666666
Ginestra Degli Schiavoni,Durazzano,105.43666666666668
Ginestra Degli Schiavoni,Faicchio,85.22166666666666
Ginestra Degli Schiavoni,Foglianise,60.23833333333334
Ginestra Degli Schiavoni,Foiano Di Val Fortore,32.45333333333333
Ginestra Degli Schiavoni,Forchia,86.54333333333334
Ginestra Degli Schiavoni,Fragneto Monforte,63.25
Ginestra Degli Schiavoni,Fragneto L'Abate,62.965
Ginestra Degli Schiavoni,Frasso Telesino,78.70333333333333
Ginestra Degli Schiavoni,Ginestra Degli Schiavoni,0.0
Ginestra Degli Schiavoni,Guardia Sanframondi,72.63166666666666
Ginestra Degli Schiavoni,Melizzano,79.66833333333334
Ginestra Degli Schiavoni,Moiano,87.12333333333332
Ginestra Degli Schiavoni,Molinara,41.656666666666666
Ginestra Degli Schiavoni,Montefalcone Di Val Fortore,14.585
Ginestra Degli Schiavoni,Montesarchio,73.83833333333334
Ginestra Degli Schiavoni,Paduli,33.12833333333334
Ginestra Degli Schiavoni,Pago Veiano,47.91666666666666
Ginestra Degli Schiavoni,Pannarano,71.07166666666667
Ginestra Degli Schiavoni,Paolisi,81.805
Ginestra Degli Schiavoni,Paupisi,63.876666666666665
Ginestra Degli Schiavoni,Pesco Sannita,58.60666666666667
Ginestra Degli Schiavoni,Pietraroja,101.20333333333332
Ginestra Degli Schiavoni,Pietrelcina,51.12833333333333
Ginestra Degli Schiavoni,Ponte,57.44166666666667
Ginestra Degli Schiavoni,Pontelandolfo,69.75166666666668
Ginestra Degli Schiavoni,Puglianello,79.875
Ginestra Degli Schiavoni,Reino,52.17333333333333
Ginestra Degli Schiavoni,San Bartolomeo In Galdo,38.59166666666667
Ginestra Degli Schiavoni,San Giorgio La Molara,35.675
Ginestra Degli Schiavoni,San Giorgio Del Sannio,55.385
Ginestra Degli Schiavoni,San Leucio Del Sannio,58.46833333333333
Ginestra Degli Schiavoni,San Lorenzello,81.61333333333333
Ginestra Degli Schiavoni,San Lorenzo Maggiore,68.46166666666666
Ginestra Degli Schiavoni,San Lupo,74.07833333333333
Ginestra Degli Schiavoni,San Marco Dei Cavoti,43.95166666666667
Ginestra Degli Schiavoni,San Martino Sannita,57.13
Ginestra Degli Schiavoni,San Nazzaro,60.156666666666666
Ginestra Degli Schiavoni,San Nicola Manfredi,57.236666666666665
Ginestra Degli Schiavoni,Sant'Agata De' Goti,96.095
Ginestra Degli Schiavoni,Sant'Angelo A Cupolo,58.42333333333333
Ginestra Degli Schiavoni,Sant'Arcangelo Trimonte,34.09
Ginestra Degli Schiavoni,Santa Croce Del Sannio,78.48666666666666
Ginestra Degli Schiavoni,Sassinoro,77.34166666666667
Ginestra Degli Schiavoni,Solopaca,69.65666666666667
Ginestra Degli Schiavoni,Telese Terme,71.25166666666668
Ginestra Degli Schiavoni,Tocco Caudio,69.23
Morcone,Airola,71.69833333333332
Morcone,Limatola,79.85666666666665
Morcone,San Giorgio Del Sannio,47.25
Morcone,San Salvatore Telesino,52.69166666666667
Morcone,Benevento,27.671666666666667
Morcone,Cerreto Sannita,40.58833333333334
Morcone,Ginestra Degli Schiavoni,77.44
Morcone,Morcone,0.0
Morcone,San Bartolomeo In Galdo,77.86999999999999
Morcone,Vitulano,42.77166666666667
Morcone,San Marco Dei Cavoti,49.373333333333335
Morcone,Torrecuso,38.91833333333333
Morcone,Amorosi,59.085
Morcone,Apice,56.00833333333333
Morcone,Apollosa,47.72
Morcone,Arpaia,70.49666666666667
Morcone,Arpaise,55.63333333333333
Morcone,Baselice,67.57166666666667
Morcone,Bonea,59.93
Morcone,Bucciano,67.75500000000001
Morcone,Buonalbergo,59.1
Morcone,Calvi,49.78
Morcone,Campolattaro,19.563333333333333
Morcone,Campoli Del Monte Taburno,45.32333333333334
Morcone,Casalduni,24.49333333333333
Morcone,Castelfranco In Miscano,80.14666666666668
Morcone,Castelpagano,33.89833333333333
Morcone,Castelpoto,46.52333333333333
Morcone,Castelvenere,44.37166666666667
Morcone,Castelvetere In Val Fortore,60.83166666666667
Morcone,Cautano,41.19833333333334
Morcone,Ceppaloni,52.295
Morcone,Circello,40.18666666666666
Morcone,Colle Sannita,40.295
Morcone,Cusano Mutri,45.125
Morcone,Dugenta,66.80333333333333
Morcone,Durazzano,82.01833333333335
Morcone,Faicchio,56.88666666666666
Morcone,Foglianise,38.751666666666665
Morcone,Foiano Di Val Fortore,66.44
Morcone,Forchia,73.05333333333333
Morcone,Fragneto Monforte,24.08833333333333
Morcone,Fragneto L'Abate,29.245
Morcone,Frasso Telesino,55.285
Morcone,Ginestra Degli Schiavoni,77.44
Morcone,Guardia Sanframondi,33.86666666666667
Morcone,Melizzano,56.25
Morcone,Moiano,73.63333333333334
Morcone,Molinara,56.99
Morcone,Montefalcone Di Val Fortore,78.58333333333333
Morcone,Montesarchio,60.348333333333336
Morcone,Paduli,48.748333333333335
Morcone,Pago Veiano,52.575
Morcone,Pannarano,57.58166666666667
Morcone,Paolisi,68.315
Morcone,Paupisi,40.42666666666666
Morcone,Pesco Sannita,37.6
Morcone,Pietraroja,26.15333333333333
Morcone,Pietrelcina,46.005
Morcone,Ponte,30.65
Morcone,Pontelandolfo,18.601666666666667
Morcone,Puglianello,56.45666666666667
Morcone,Reino,43.59666666666667
Morcone,San Bartolomeo In Galdo,77.86999999999999
Morcone,San Giorgio La Molara,67.49499999999999
Morcone,San Giorgio Del Sannio,47.25
Morcone,San Leucio Del Sannio,45.498333333333335
Morcone,San Lorenzello,45.486666666666665
Morcone,San Lorenzo Maggiore,34.96666666666667
Morcone,San Lupo,28.45
Morcone,San Marco Dei Cavoti,49.373333333333335
Morcone,San Martino Sannita,48.995
Morcone,San Nazzaro,52.02166666666667
Morcone,San Nicola Manfredi,49.10166666666667
Morcone,Sant'Agata De' Goti,72.67666666666668
Morcone,Sant'Angelo A Cupolo,50.52166666666667
Morcone,Sant'Arcangelo Trimonte,57.64666666666667
Morcone,Santa Croce Del Sannio,13.856666666666666
Morcone,Sassinoro,12.345
Morcone,Solopaca,46.23833333333334
Morcone,Telese Terme,47.833333333333336
Morcone,Tocco Caudio,47.74333333333333
San Bartolomeo In Galdo,Airola,102.02
San Bartolomeo In Galdo,Limatola,118.97833333333332
San Bartolomeo In Galdo,San Giorgio Del Sannio,75.99333333333334
San Bartolomeo In Galdo,San Salvatore Telesino,91.81333333333332
San Bartolomeo In Galdo,Benevento,73.5
San Bartolomeo In Galdo,Cerreto Sannita,94.355
San Bartolomeo In Galdo,Ginestra Degli Schiavoni,38.715
San Bartolomeo In Galdo,Morcone,78.40333333333334
San Bartolomeo In Galdo,San Bartolomeo In Galdo,0.0
San Bartolomeo In Galdo,Vitulano,79.03333333333333
San Bartolomeo In Galdo,San Marco Dei Cavoti,32.87
San Bartolomeo In Galdo,Torrecuso,78.07166666666667
San Bartolomeo In Galdo,Amorosi,98.20666666666666
San Bartolomeo In Galdo,Apice,68.55
San Bartolomeo In Galdo,Apollosa,77.695
San Bartolomeo In Galdo,Arpaia,100.47166666666666
San Bartolomeo In Galdo,Arpaise,85.60833333333333
San Bartolomeo In Galdo,Baselice,16.021666666666665
San Bartolomeo In Galdo,Bonea,95.61666666666666
San Bartolomeo In Galdo,Bucciano,100.115
San Bartolomeo In Galdo,Buonalbergo,52.04333333333333
San Bartolomeo In Galdo,Calvi,78.52333333333333
San Bartolomeo In Galdo,Campolattaro,68.38000000000001
San Bartolomeo In Galdo,Campoli Del Monte Taburno,81.58500000000001
San Bartolomeo In Galdo,Casalduni,71.78
San Bartolomeo In Galdo,Castelfranco In Miscano,34.68333333333333
San Bartolomeo In Galdo,Castelpagano,44.97666666666667
San Bartolomeo In Galdo,Castelpoto,82.78500000000001
San Bartolomeo In Galdo,Castelvenere,90.61666666666666
San Bartolomeo In Galdo,Castelvetere In Val Fortore,22.7
San Bartolomeo In Galdo,Cautano,77.46000000000001
San Bartolomeo In Galdo,Ceppaloni,82.27
San Bartolomeo In Galdo,Circello,48.766666666666666
San Bartolomeo In Galdo,Colle Sannita,43.17333333333333
San Bartolomeo In Galdo,Cusano Mutri,111.16666666666669
San Bartolomeo In Galdo,Dugenta,105.925
San Bartolomeo In Galdo,Durazzano,121.14
San Bartolomeo In Galdo,Faicchio,100.925
San Bartolomeo In Galdo,Foglianise,75.01333333333334
San Bartolomeo In Galdo,Foiano Di Val Fortore,15.366666666666667
San Bartolomeo In Galdo,Forchia,103.02833333333334
San Bartolomeo In Galdo,Fragneto Monforte,58.39
San Bartolomeo In Galdo,Fragneto L'Abate,53.10333333333333
San Bartolomeo In Galdo,Frasso Telesino,94.40666666666668
San Bartolomeo In Galdo,Ginestra Degli Schiavoni,38.715
San Bartolomeo In Galdo,Guardia Sanframondi,87.78333333333333
San Bartolomeo In Galdo,Melizzano,95.37166666666668
San Bartolomeo In Galdo,Moiano,103.60833333333332
San Bartolomeo In Galdo,Molinara,33.468333333333334
San Bartolomeo In Galdo,Montefalcone Di Val Fortore,25.44833333333333
San Bartolomeo In Galdo,Montesarchio,90.32333333333332
San Bartolomeo In Galdo,Paduli,56.97
San Bartolomeo In Galdo,Pago Veiano,47.38
San Bartolomeo In Galdo,Pannarano,87.55666666666666
San Bartolomeo In Galdo,Paolisi,98.29
San Bartolomeo In Galdo,Paupisi,79.58
San Bartolomeo In Galdo,Pesco Sannita,50.65833333333333
San Bartolomeo In Galdo,Pietraroja,102.05
San Bartolomeo In Galdo,Pietrelcina,57.60333333333333
San Bartolomeo In Galdo,Ponte,73.145
San Bartolomeo In Galdo,Pontelandolfo,72.51833333333335
San Bartolomeo In Galdo,Puglianello,95.57833333333332
San Bartolomeo In Galdo,Reino,41.09166666666667
San Bartolomeo In Galdo,San Bartolomeo In Galdo,0.0
San Bartolomeo In Galdo,San Giorgio La Molara,40.955000000000005
San Bartolomeo In Galdo,San Giorgio Del Sannio,75.99333333333334
San Bartolomeo In Galdo,San Leucio Del Sannio,75.47333333333333
San Bartolomeo In Galdo,San Lorenzello,97.31666666666666
San Bartolomeo In Galdo,San Lorenzo Maggiore,84.16499999999999
San Bartolomeo In Galdo,San Lupo,82.36666666666666
San Bartolomeo In Galdo,San Marco Dei Cavoti,32.87
San Bartolomeo In Galdo,San Martino Sannita,77.73833333333333
San Bartolomeo In Galdo,San Nazzaro,80.765
San Bartolomeo In Galdo,San Nicola Manfredi,77.845
San Bartolomeo In Galdo,Sant'Agata De' Goti,111.79833333333332
San Bartolomeo In Galdo,Sant'Angelo A Cupolo,79.14166666666667
San Bartolomeo In Galdo,Sant'Arcangelo Trimonte,57.931666666666665
San Bartolomeo In Galdo,Santa Croce Del Sannio,64.66
San Bartolomeo In Galdo,Sassinoro,75.58999999999999
San Bartolomeo In Galdo,Solopaca,85.36
San Bartolomeo In Galdo,Telese Terme,86.955
San Bartolomeo In Galdo,Tocco Caudio,84.00500000000001
Vitulano,Airola,37.82833333333333
Vitulano,Limatola,60.235
Vitulano,San Giorgio Del Sannio,34.125
Vitulano,San Salvatore Telesino,35.13166666666667
Vitulano,Benevento,31.133333333333333
Vitulano,Cerreto Sannita,38.25666666666667
Vitulano,Ginestra Degli Schiavoni,64.315
Vitulano,Morcone,43.391666666666666
Vitulano,San Bartolomeo In Galdo,78.83500000000001
Vitulano,Vitulano,0.0
Vitulano,San Marco Dei Cavoti,46.873333333333335
Vitulano,Torrecuso,11.356666666666666
Vitulano,Amorosi,41.525
Vitulano,Apice,42.88333333333333
Vitulano,Apollosa,26.58833333333333
Vitulano,Arpaia,40.34333333333333
Vitulano,Arpaise,42.711666666666666
Vitulano,Baselice,70.42333333333333
Vitulano,Bonea,26.06
Vitulano,Bucciano,33.885
Vitulano,Buonalbergo,45.975
Vitulano,Calvi,36.655
Vitulano,Campolattaro,31.44833333333333
Vitulano,Campoli Del Monte Taburno,11.453333333333337
Vitulano,Casalduni,29.433333333333334
Vitulano,Castelfranco In Miscano,67.02166666666668
Vitulano,Castelpagano,58.725
Vitulano,Castelpoto,18.013333333333332
Vitulano,Castelvenere,33.135
Vitulano,Castelvetere In Val Fortore,78.16333333333334
Vitulano,Cautano,7.328333333333333
Vitulano,Ceppaloni,39.373333333333335
Vitulano,Circello,56.91666666666666
Vitulano,Colle Sannita,53.55333333333333
Vitulano,Cusano Mutri,55.068333333333335
Vitulano,Dugenta,45.81666666666667
Vitulano,Durazzano,54.656666666666666
Vitulano,Faicchio,44.24333333333333
Vitulano,Foglianise,8.126666666666667
Vitulano,Foiano Di Val Fortore,64.32
Vitulano,Forchia,42.9
Vitulano,Fragneto Monforte,29.085
Vitulano,Fragneto L'Abate,34.24166666666667
Vitulano,Frasso Telesino,28.855
Vitulano,Ginestra Degli Schiavoni,64.315
Vitulano,Guardia Sanframondi,32.236666666666665
Vitulano,Melizzano,33.196666666666665
Vitulano,Moiano,40.09666666666667
Vitulano,Molinara,54.49
Vitulano,Montefalcone Di Val Fortore,68.56166666666667
Vitulano,Montesarchio,28.57
Vitulano,Paduli,35.623333333333335
Vitulano,Pago Veiano,41.43333333333333
Vitulano,Pannarano,40.568333333333335
Vitulano,Paolisi,38.16166666666666
Vitulano,Paupisi,14.25
Vitulano,Pesco Sannita,33.06333333333333
Vitulano,Pietraroja,62.765
Vitulano,Pietrelcina,32.440000000000005
Vitulano,Ponte,20.696666666666665
Vitulano,Pontelandolfo,35.586666666666666
Vitulano,Puglianello,38.89666666666667
Vitulano,Reino,43.275
Vitulano,San Bartolomeo In Galdo,78.83500000000001
Vitulano,San Giorgio La Molara,57.60833333333333
Vitulano,San Giorgio Del Sannio,34.125
Vitulano,San Leucio Del Sannio,32.57666666666667
Vitulano,San Lorenzello,41.21833333333333
Vitulano,San Lorenzo Maggiore,28.066666666666663
Vitulano,San Lupo,34.166666666666664
Vitulano,San Marco Dei Cavoti,46.873333333333335
Vitulano,San Martino Sannita,35.87
Vitulano,San Nazzaro,38.89666666666667
Vitulano,San Nicola Manfredi,35.97666666666667
Vitulano,Sant'Agata De' Goti,45.315000000000005
Vitulano,Sant'Angelo A Cupolo,37.193333333333335
Vitulano,Sant'Arcangelo Trimonte,44.52166666666667
Vitulano,Santa Croce Del Sannio,44.32166666666667
Vitulano,Sassinoro,43.17666666666666
Vitulano,Solopaca,23.63
Vitulano,Telese Terme,30.273333333333333
Vitulano,Tocco Caudio,13.873333333333331
San Marco Dei Cavoti,Airola,69.81
San Marco Dei Cavoti,Limatola,86.76833333333335
San Marco Dei Cavoti,San Giorgio Del Sannio,43.78333333333333
San Marco Dei Cavoti,San Salvatore Telesino,59.60333333333333
San Marco Dei Cavoti,Benevento,41.29
San Marco Dei Cavoti,Cerreto Sannita,62.145
San Marco Dei Cavoti,Ginestra Degli Schiavoni,43.836666666666666
San Marco Dei Cavoti,Morcone,48.11333333333334
San Marco Dei Cavoti,San Bartolomeo In Galdo,32.67
San Marco Dei Cavoti,Vitulano,46.82333333333334
San Marco Dei Cavoti,San Marco Dei Cavoti,0.0
San Marco Dei Cavoti,Torrecuso,45.861666666666665
San Marco Dei Cavoti,Amorosi,65.99666666666667
San Marco Dei Cavoti,Apice,52.51166666666666
San Marco Dei Cavoti,Apollosa,45.485
San Marco Dei Cavoti,Arpaia,68.26166666666667
San Marco Dei Cavoti,Arpaise,53.39833333333333
San Marco Dei Cavoti,Baselice,24.258333333333333
San Marco Dei Cavoti,Bonea,63.406666666666666
San Marco Dei Cavoti,Bucciano,67.905
San Marco Dei Cavoti,Buonalbergo,36.76
San Marco Dei Cavoti,Calvi,46.31333333333334
San Marco Dei Cavoti,Campolattaro,36.17
San Marco Dei Cavoti,Campoli Del Monte Taburno,49.375
San Marco Dei Cavoti,Casalduni,39.57
San Marco Dei Cavoti,Castelfranco In Miscano,44.745
San Marco Dei Cavoti,Castelpagano,22.41166666666667
San Marco Dei Cavoti,Castelpoto,50.575
San Marco Dei Cavoti,Castelvenere,58.406666666666666
San Marco Dei Cavoti,Castelvetere In Val Fortore,32.376666666666665
San Marco Dei Cavoti,Cautano,45.25
San Marco Dei Cavoti,Ceppaloni,50.06
San Marco Dei Cavoti,Circello,22.516666666666666
San Marco Dei Cavoti,Colle Sannita,18.8
San Marco Dei Cavoti,Cusano Mutri,78.95666666666666
San Marco Dei Cavoti,Dugenta,73.71499999999999
San Marco Dei Cavoti,Durazzano,88.93
San Marco Dei Cavoti,Faicchio,68.71499999999999
San Marco Dei Cavoti,Foglianise,42.80333333333333
San Marco Dei Cavoti,Foiano Di Val Fortore,18.155
San Marco Dei Cavoti,Forchia,70.81833333333334
San Marco Dei Cavoti,Fragneto Monforte,26.18
San Marco Dei Cavoti,Fragneto L'Abate,20.89333333333333
San Marco Dei Cavoti,Frasso Telesino,62.19666666666667
San Marco Dei Cavoti,Ginestra Degli Schiavoni,43.836666666666666
San Marco Dei Cavoti,Guardia Sanframondi,55.57333333333334
San Marco Dei Cavoti,Melizzano,63.16166666666666
San Marco Dei Cavoti,Moiano,71.39833333333333
San Marco Dei Cavoti,Molinara,9.853333333333332
San Marco Dei Cavoti,Montefalcone Di Val Fortore,29.918333333333333
San Marco Dei Cavoti,Montesarchio,58.11333333333334
San Marco Dei Cavoti,Paduli,40.931666666666665
San Marco Dei Cavoti,Pago Veiano,23.813333333333333
San Marco Dei Cavoti,Pannarano,55.34666666666667
San Marco Dei Cavoti,Paolisi,66.08
San Marco Dei Cavoti,Paupisi,47.37
San Marco Dei Cavoti,Pesco Sannita,18.44833333333333
San Marco Dei Cavoti,Pietraroja,71.76
San Marco Dei Cavoti,Pietrelcina,26.85333333333333
San Marco Dei Cavoti,Ponte,40.935
San Marco Dei Cavoti,Pontelandolfo,40.30833333333333
San Marco Dei Cavoti,Puglianello,63.36833333333333
San Marco Dei Cavoti,Reino,8.881666666666666
San Marco Dei Cavoti,San Bartolomeo In Galdo,32.67
San Marco Dei Cavoti,San Giorgio La Molara,18.83
San Marco Dei Cavoti,San Giorgio Del Sannio,43.78333333333333
San Marco Dei Cavoti,San Leucio Del Sannio,43.263333333333335
San Marco Dei Cavoti,San Lorenzello,65.10666666666667
San Marco Dei Cavoti,San Lorenzo Maggiore,51.955000000000005
San Marco Dei Cavoti,San Lupo,50.156666666666666
San Marco Dei Cavoti,San Marco Dei Cavoti,0.0
San Marco Dei Cavoti,San Martino Sannita,45.52833333333333
San Marco Dei Cavoti,San Nazzaro,48.555
San Marco Dei Cavoti,San Nicola Manfredi,45.635
San Marco Dei Cavoti,Sant'Agata De' Goti,79.58833333333334
San Marco Dei Cavoti,Sant'Angelo A Cupolo,46.931666666666665
San Marco Dei Cavoti,Sant'Arcangelo Trimonte,41.89333333333333
San Marco Dei Cavoti,Santa Croce Del Sannio,42.16833333333333
San Marco Dei Cavoti,Sassinoro,47.89833333333333
San Marco Dei Cavoti,Solopaca,53.15
San Marco Dei Cavoti,Telese Terme,54.745
San Marco Dei Cavoti,Tocco Caudio,51.795
Torrecuso,Airola,46.80333333333333
Torrecuso,Limatola,52.94166666666667
Torrecuso,San Giorgio Del Sannio,32.373333333333335
Torrecuso,San Salvatore Telesino,25.776666666666664
Torrecuso,Benevento,20.48166666666667
Torrecuso,Cerreto Sannita,28.10333333333333
Torrecuso,Ginestra Degli Schiavoni,62.56333333333334
Torrecuso,Morcone,39.56
Torrecuso,San Bartolomeo In Galdo,78.39833333333333
Torrecuso,Vitulano,11.388333333333332
Torrecuso,San Marco Dei Cavoti,46.43666666666666
Torrecuso,Torrecuso,0.0
Torrecuso,Amorosi,32.17
Torrecuso,Apice,41.13166666666667
Torrecuso,Apollosa,32.24666666666666
Torrecuso,Arpaia,49.318333333333335
Torrecuso,Arpaise,40.75666666666667
Torrecuso,Baselice,69.98666666666666
Torrecuso,Bonea,35.035
Torrecuso,Bucciano,42.86
Torrecuso,Buonalbergo,44.223333333333336
Torrecuso,Calvi,34.90333333333333
Torrecuso,Campolattaro,27.616666666666667
Torrecuso,Campoli Del Monte Taburno,20.42833333333333
Torrecuso,Casalduni,18.78166666666667
Torrecuso,Castelfranco In Miscano,65.27
Torrecuso,Castelpagano,58.28833333333333
Torrecuso,Castelpoto,23.671666666666667
Torrecuso,Castelvenere,24.58
Torrecuso,Castelvetere In Val Fortore,77.72666666666667
Torrecuso,Cautano,16.303333333333335
Torrecuso,Ceppaloni,37.41833333333333
Torrecuso,Circello,56.48
Torrecuso,Colle Sannita,53.11666666666667
Torrecuso,Cusano Mutri,44.915
Torrecuso,Dugenta,39.888333333333335
Torrecuso,Durazzano,55.10333333333333
Torrecuso,Faicchio,34.888333333333335
Torrecuso,Foglianise,10.165
Torrecuso,Foiano Di Val Fortore,63.88333333333333
Torrecuso,Forchia,51.875
Torrecuso,Fragneto Monforte,25.25333333333333
Torrecuso,Fragneto L'Abate,30.41
Torrecuso,Frasso Telesino,28.37
Torrecuso,Ginestra Degli Schiavoni,62.56333333333334
Torrecuso,Guardia Sanframondi,22.08333333333333
Torrecuso,Melizzano,29.335
Torrecuso,Moiano,49.07166666666667
Torrecuso,Molinara,54.05333333333333
Torrecuso,Montefalcone Di Val Fortore,66.81
Torrecuso,Montesarchio,37.545
Torrecuso,Paduli,33.87166666666666
Torrecuso,Pago Veiano,40.99666666666667
Torrecuso,Pannarano,42.705000000000005
Torrecuso,Paolisi,47.13666666666666
Torrecuso,Paupisi,4.096666666666667
Torrecuso,Pesco Sannita,32.626666666666665
Torrecuso,Pietraroja,52.611666666666665
Torrecuso,Pietrelcina,32.00333333333334
Torrecuso,Ponte,10.045
Torrecuso,Pontelandolfo,30.051666666666662
Torrecuso,Puglianello,29.541666666666668
Torrecuso,Reino,42.83833333333334
Torrecuso,San Bartolomeo In Galdo,78.39833333333333
Torrecuso,San Giorgio La Molara,55.85666666666667
Torrecuso,San Giorgio Del Sannio,32.373333333333335
Torrecuso,San Leucio Del Sannio,30.621666666666663
Torrecuso,San Lorenzello,31.065
Torrecuso,San Lorenzo Maggiore,17.913333333333334
Torrecuso,San Lupo,24.01333333333333
Torrecuso,San Marco Dei Cavoti,46.43666666666666
Torrecuso,San Martino Sannita,34.11833333333333
Torrecuso,San Nazzaro,37.145
Torrecuso,San Nicola Manfredi,34.225
Torrecuso,Sant'Agata De' Goti,45.76166666666666
Torrecuso,Sant'Angelo A Cupolo,35.645
Torrecuso,Sant'Arcangelo Trimonte,42.77
Torrecuso,Santa Croce Del Sannio,40.49
Torrecuso,Sassinoro,39.345
Torrecuso,Solopaca,19.32333333333333
Torrecuso,Telese Terme,20.918333333333333
Torrecuso,Tocco Caudio,22.848333333333336
Amorosi,Airola,33.391666666666666
Amorosi,Limatola,21.235
Amorosi,San Giorgio Del Sannio,51.76166666666666
Amorosi,San Salvatore Telesino,10.146666666666668
Amorosi,Benevento,40.51
Amorosi,Cerreto Sannita,24.488333333333333
Amorosi,Ginestra Degli Schiavoni,81.95166666666667
Amorosi,Morcone,58.94833333333334
Amorosi,San Bartolomeo In Galdo,97.78666666666666
Amorosi,Vitulano,40.14666666666667
Amorosi,San Marco Dei Cavoti,65.825
Amorosi,Torrecuso,31.555
Amorosi,Amorosi,0.0
Amorosi,Apice,60.52
Amorosi,Apollosa,52.23166666666667
Amorosi,Arpaia,39.335
Amorosi,Arpaise,56.59166666666667
Amorosi,Baselice,89.375
Amorosi,Bonea,41.43333333333333
Amorosi,Bucciano,33.55833333333333
Amorosi,Buonalbergo,63.611666666666665
Amorosi,Calvi,54.29166666666666
Amorosi,Campolattaro,47.005
Amorosi,Campoli Del Monte Taburno,40.49166666666667
Amorosi,Casalduni,38.81
Amorosi,Castelfranco In Miscano,84.65833333333333
Amorosi,Castelpagano,77.67666666666668
Amorosi,Castelpoto,52.91333333333333
Amorosi,Castelvenere,17.991666666666667
Amorosi,Castelvetere In Val Fortore,97.115
Amorosi,Cautano,36.31333333333334
Amorosi,Ceppaloni,56.806666666666665
Amorosi,Circello,75.86833333333334
Amorosi,Colle Sannita,72.50500000000001
Amorosi,Cusano Mutri,41.29166666666666
Amorosi,Dugenta,11.945
Amorosi,Durazzano,30.205
Amorosi,Faicchio,18.148333333333333
Amorosi,Foglianise,41.05333333333333
Amorosi,Foiano Di Val Fortore,83.27166666666668
Amorosi,Forchia,41.891666666666666
Amorosi,Fragneto Monforte,44.641666666666666
Amorosi,Fragneto L'Abate,49.79833333333333
Amorosi,Frasso Telesino,14.06
Amorosi,Ginestra Degli Schiavoni,81.95166666666667
Amorosi,Guardia Sanframondi,27.48333333333333
Amorosi,Melizzano,9.835
Amorosi,Moiano,31.195
Amorosi,Molinara,73.44166666666666
Amorosi,Montefalcone Di Val Fortore,86.19833333333332
Amorosi,Montesarchio,45.623333333333335
Amorosi,Paduli,53.26
Amorosi,Pago Veiano,60.385
Amorosi,Pannarano,51.09
Amorosi,Paolisi,37.15333333333333
Amorosi,Paupisi,27.95833333333333
Amorosi,Pesco Sannita,52.015
Amorosi,Pietraroja,48.98833333333334
Amorosi,Pietrelcina,51.391666666666666
Amorosi,Ponte,30.07333333333333
Amorosi,Pontelandolfo,46.82166666666667
Amorosi,Puglianello,5.873333333333333
Amorosi,Reino,62.22666666666667
Amorosi,San Bartolomeo In Galdo,97.78666666666666
Amorosi,San Giorgio La Molara,75.24499999999999
Amorosi,San Giorgio Del Sannio,51.76166666666666
Amorosi,San Leucio Del Sannio,50.01
Amorosi,San Lorenzello,21.75
Amorosi,San Lorenzo Maggiore,27.438333333333333
Amorosi,San Lupo,32.43833333333333
Amorosi,San Marco Dei Cavoti,65.825
Amorosi,San Martino Sannita,53.50666666666667
Amorosi,San Nazzaro,56.53333333333333
Amorosi,San Nicola Manfredi,53.61333333333334
Amorosi,Sant'Agata De' Goti,20.863333333333333
Amorosi,Sant'Angelo A Cupolo,55.03333333333333
Amorosi,Sant'Arcangelo Trimonte,62.15833333333333
Amorosi,Santa Croce Del Sannio,59.87833333333333
Amorosi,Sassinoro,58.73333333333333
Amorosi,Solopaca,19.03666666666667
Amorosi,Telese Terme,12.051666666666668
Amorosi,Tocco Caudio,41.29166666666666
Apice,Airola,63.25
Apice,Limatola,81.865
Apice,San Giorgio Del Sannio,16.613333333333333
Apice,San Salvatore Telesino,54.7
Apice,Benevento,46.46833333333333
Apice,Cerreto Sannita,57.24166666666667
Apice,Ginestra Degli Schiavoni,44.645
Apice,Morcone,56.14666666666667
Apice,San Bartolomeo In Galdo,68.575
Apice,Vitulano,42.848333333333336
Apice,San Marco Dei Cavoti,51.00666666666667
Apice,Torrecuso,40.958333333333336
Apice,Amorosi,61.09333333333333
Apice,Apice,0.0
Apice,Apollosa,38.925
Apice,Arpaia,61.70166666666667
Apice,Arpaise,45.96
Apice,Baselice,64.19666666666667
Apice,Bonea,56.84666666666667
Apice,Bucciano,61.345
Apice,Buonalbergo,26.305
Apice,Calvi,16.87666666666667
Apice,Campolattaro,44.20333333333333
Apice,Campoli Del Monte Taburno,45.4
Apice,Casalduni,44.76833333333333
Apice,Castelfranco In Miscano,47.35166666666667
Apice,Castelpagano,62.85833333333333
Apice,Castelpoto,44.391666666666666
Apice,Castelvenere,53.50333333333333
Apice,Castelvetere In Val Fortore,81.93666666666667
Apice,Cautano,41.275
Apice,Ceppaloni,41.083333333333336
Apice,Circello,61.05
Apice,Colle Sannita,57.68666666666666
Apice,Cusano Mutri,74.05333333333333
Apice,Dugenta,68.81166666666667
Apice,Durazzano,83.98833333333333
Apice,Faicchio,63.81166666666666
Apice,Foglianise,38.82833333333333
Apice,Foiano Di Val Fortore,54.06
Apice,Forchia,64.25833333333334
Apice,Fragneto Monforte,41.84
Apice,Fragneto L'Abate,41.555
Apice,Frasso Telesino,57.29333333333333
Apice,Ginestra Degli Schiavoni,44.645
Apice,Guardia Sanframondi,51.22166666666667
Apice,Melizzano,58.25833333333333
Apice,Moiano,64.83833333333334
Apice,Molinara,43.40166666666666
Apice,Montefalcone Di Val Fortore,48.891666666666666
Apice,Montesarchio,51.55333333333333
Apice,Paduli,15.953333333333337
Apice,Pago Veiano,43.15
Apice,Pannarano,48.78666666666666
Apice,Paolisi,59.52
Apice,Paupisi,42.46666666666667
Apice,Pesco Sannita,37.19666666666667
Apice,Pietraroja,79.79333333333334
Apice,Pietrelcina,33.31166666666667
Apice,Ponte,36.031666666666666
Apice,Pontelandolfo,48.34166666666667
Apice,Puglianello,58.465
Apice,Reino,47.40833333333333
Apice,San Bartolomeo In Galdo,68.575
Apice,San Giorgio La Molara,37.93833333333334
Apice,San Giorgio Del Sannio,16.613333333333333
Apice,San Leucio Del Sannio,36.18333333333333
Apice,San Lorenzello,60.20333333333333
Apice,San Lorenzo Maggiore,47.05166666666666
Apice,San Lupo,52.66833333333333
Apice,San Marco Dei Cavoti,51.00666666666667
Apice,San Martino Sannita,20.65
Apice,San Nazzaro,19.043333333333333
Apice,San Nicola Manfredi,25.32333333333333
Apice,Sant'Agata De' Goti,74.685
Apice,Sant'Angelo A Cupolo,30.801666666666662
Apice,Sant'Arcangelo Trimonte,14.348333333333333
Apice,Santa Croce Del Sannio,57.07666666666667
Apice,Sassinoro,55.931666666666665
Apice,Solopaca,48.24666666666667
Apice,Telese Terme,49.84166666666667
Apice,Tocco Caudio,47.82
Apollosa,Airola,29.075
Apollosa,Limatola,63.973333333333336
Apollosa,San Giorgio Del Sannio,26.78
Apollosa,San Salvatore Telesino,48.04666666666667
Apollosa,Benevento,39.815000000000005
Apollosa,Cerreto Sannita,50.58833333333334
Apollosa,Ginestra Degli Schiavoni,60.785
Apollosa,Morcone,49.49333333333333
Apollosa,San Bartolomeo In Galdo,78.18833333333333
Apollosa,Vitulano,26.70833333333333
Apollosa,San Marco Dei Cavoti,46.22666666666667
Apollosa,Torrecuso,32.295
Apollosa,Amorosi,54.440000000000005
Apollosa,Apice,39.27
Apollosa,Apollosa,0.0
Apollosa,Arpaia,30.81
Apollosa,Arpaise,17.44333333333333
Apollosa,Baselice,69.77666666666667
Apollosa,Bonea,18.48
Apollosa,Bucciano,25.131666666666668
Apollosa,Buonalbergo,42.445
Apollosa,Calvi,29.31
Apollosa,Campolattaro,37.55
Apollosa,Campoli Del Monte Taburno,17.483333333333334
Apollosa,Casalduni,38.115
Apollosa,Castelfranco In Miscano,63.49166666666667
Apollosa,Castelpagano,58.07833333333333
Apollosa,Castelpoto,15.601666666666668
Apollosa,Castelvenere,46.85
Apollosa,Castelvetere In Val Fortore,77.51666666666667
Apollosa,Cautano,22.68
Apollosa,Ceppaloni,20.365
Apollosa,Circello,56.27
Apollosa,Colle Sannita,52.906666666666666
Apollosa,Cusano Mutri,67.4
Apollosa,Dugenta,52.60833333333333
Apollosa,Durazzano,50.49333333333333
Apollosa,Faicchio,57.15833333333333
Apollosa,Foglianise,22.688333333333333
Apollosa,Foiano Di Val Fortore,63.67333333333333
Apollosa,Forchia,33.36666666666667
Apollosa,Fragneto Monforte,35.18666666666666
Apollosa,Fragneto L'Abate,36.775
Apollosa,Frasso Telesino,43.53833333333333
Apollosa,Ginestra Degli Schiavoni,60.785
Apollosa,Guardia Sanframondi,44.568333333333335
Apollosa,Melizzano,48.875
Apollosa,Moiano,31.34333333333333
Apollosa,Molinara,53.84333333333333
Apollosa,Montefalcone Di Val Fortore,65.03166666666667
Apollosa,Montesarchio,17.851666666666667
Apollosa,Paduli,32.093333333333334
Apollosa,Pago Veiano,40.78666666666666
Apollosa,Pannarano,19.391666666666666
Apollosa,Paolisi,28.62833333333333
Apollosa,Paupisi,35.79666666666667
Apollosa,Pesco Sannita,32.416666666666664
Apollosa,Pietraroja,73.14
Apollosa,Pietrelcina,31.793333333333333
Apollosa,Ponte,29.37833333333333
Apollosa,Pontelandolfo,41.68833333333334
Apollosa,Puglianello,51.81166666666666
Apollosa,Reino,42.62833333333333
Apollosa,San Bartolomeo In Galdo,78.18833333333333
Apollosa,San Giorgio La Molara,54.07833333333333
Apollosa,San Giorgio Del Sannio,26.78
Apollosa,San Leucio Del Sannio,15.311666666666667
Apollosa,San Lorenzello,53.55
Apollosa,San Lorenzo Maggiore,40.39833333333333
Apollosa,San Lupo,46.015
Apollosa,San Marco Dei Cavoti,46.22666666666667
Apollosa,San Martino Sannita,27.226666666666667
Apollosa,San Nazzaro,31.551666666666662
Apollosa,San Nicola Manfredi,27.33333333333333
Apollosa,Sant'Agata De' Goti,41.41166666666666
Apollosa,Sant'Angelo A Cupolo,27.11
Apollosa,Sant'Arcangelo Trimonte,40.99166666666667
Apollosa,Santa Croce Del Sannio,50.42333333333333
Apollosa,Sassinoro,49.27833333333333
Apollosa,Solopaca,41.59333333333333
Apollosa,Telese Terme,43.18833333333334
Apollosa,Tocco Caudio,19.051666666666662
Arpaia,Airola,9.276666666666667
Arpaia,Limatola,45.88666666666666
Arpaia,San Giorgio Del Sannio,48.92333333333333
Arpaia,San Salvatore Telesino,47.56
Arpaia,Benevento,61.958333333333336
Arpaia,Cerreto Sannita,58.17833333333333
Arpaia,Ginestra Degli Schiavoni,82.92833333333333
Arpaia,Morcone,71.63666666666667
Arpaia,San Bartolomeo In Galdo,100.33166666666666
Arpaia,Vitulano,40.24
Arpaia,San Marco Dei Cavoti,68.36999999999999
Arpaia,Torrecuso,49.23333333333333
Arpaia,Amorosi,43.015
Arpaia,Apice,61.41333333333333
Arpaia,Apollosa,30.55333333333333
Arpaia,Arpaia,0.0
Arpaia,Arpaise,26.765
Arpaia,Baselice,91.92
Arpaia,Bonea,14.28
Arpaia,Bucciano,12.388333333333332
Arpaia,Buonalbergo,64.58833333333334
Arpaia,Calvi,51.45333333333333
Arpaia,Campolattaro,59.693333333333335
Arpaia,Campoli Del Monte Taburno,29.453333333333333
Arpaia,Casalduni,60.25833333333333
Arpaia,Castelfranco In Miscano,85.635
Arpaia,Castelpagano,80.22166666666666
Arpaia,Castelpoto,35.15
Arpaia,Castelvenere,49.85666666666667
Arpaia,Castelvetere In Val Fortore,99.66
Arpaia,Cautano,34.65
Arpaia,Ceppaloni,32.57666666666667
Arpaia,Circello,78.41333333333334
Arpaia,Colle Sannita,75.05
Arpaia,Cusano Mutri,74.99
Arpaia,Dugenta,34.52166666666667
Arpaia,Durazzano,24.815
Arpaia,Faicchio,54.85833333333333
Arpaia,Foglianise,39.62166666666667
Arpaia,Foiano Di Val Fortore,85.81666666666666
Arpaia,Forchia,2.556666666666666
Arpaia,Fragneto Monforte,57.330000000000005
Arpaia,Fragneto L'Abate,58.91833333333333
Arpaia,Frasso Telesino,28.938333333333333
Arpaia,Ginestra Degli Schiavoni,82.92833333333333
Arpaia,Guardia Sanframondi,54.51166666666666
Arpaia,Melizzano,33.93666666666667
Arpaia,Moiano,13.246666666666666
Arpaia,Molinara,75.98666666666666
Arpaia,Montefalcone Di Val Fortore,87.175
Arpaia,Montesarchio,16.885
Arpaia,Paduli,54.236666666666665
Arpaia,Pago Veiano,62.93
Arpaia,Pannarano,21.26333333333333
Arpaia,Paolisi,5.256666666666666
Arpaia,Paupisi,52.126666666666665
Arpaia,Pesco Sannita,54.56
Arpaia,Pietraroja,82.68666666666667
Arpaia,Pietrelcina,53.93666666666666
Arpaia,Ponte,51.52166666666667
Arpaia,Pontelandolfo,63.83166666666667
Arpaia,Puglianello,45.52166666666667
Arpaia,Reino,64.77166666666668
Arpaia,San Bartolomeo In Galdo,100.33166666666666
Arpaia,San Giorgio La Molara,76.22166666666666
Arpaia,San Giorgio Del Sannio,48.92333333333333
Arpaia,San Leucio Del Sannio,36.345
Arpaia,San Lorenzello,59.16333333333333
Arpaia,San Lorenzo Maggiore,53.080000000000005
Arpaia,San Lupo,58.080000000000005
Arpaia,San Marco Dei Cavoti,68.36999999999999
Arpaia,San Martino Sannita,49.37
Arpaia,San Nazzaro,53.23333333333333
Arpaia,San Nicola Manfredi,49.47666666666667
Arpaia,Sant'Agata De' Goti,23.315
Arpaia,Sant'Angelo A Cupolo,48.61833333333333
Arpaia,Sant'Arcangelo Trimonte,63.135
Arpaia,Santa Croce Del Sannio,72.56666666666666
Arpaia,Sassinoro,71.42166666666667
Arpaia,Solopaca,38.97166666666667
Arpaia,Telese Terme,44.89333333333333
Arpaia,Tocco Caudio,31.021666666666665
Arpaise,Airola,28.985
Arpaise,Limatola,62.825
Arpaise,San Giorgio Del Sannio,33.638333333333335
Arpaise,San Salvatore Telesino,55.806666666666665
Arpaise,Benevento,47.575
Arpaise,Cerreto Sannita,58.348333333333336
Arpaise,Ginestra Degli Schiavoni,67.64333333333333
Arpaise,Morcone,57.25333333333333
Arpaise,San Bartolomeo In Galdo,85.94833333333332
Arpaise,Vitulano,42.285
Arpaise,San Marco Dei Cavoti,53.986666666666665
Arpaise,Torrecuso,42.065000000000005
Arpaise,Amorosi,59.95333333333333
Arpaise,Apice,46.12833333333333
Arpaise,Apollosa,17.89333333333333
Arpaise,Arpaia,27.048333333333336
Arpaise,Arpaise,0.0
Arpaise,Baselice,77.53666666666666
Arpaise,Bonea,26.395
Arpaise,Bucciano,29.326666666666664
Arpaise,Buonalbergo,49.30333333333333
Arpaise,Calvi,36.16833333333333
Arpaise,Campolattaro,45.31
Arpaise,Campoli Del Monte Taburno,34.925
Arpaise,Casalduni,45.875
Arpaise,Castelfranco In Miscano,70.35
Arpaise,Castelpagano,65.83833333333334
Arpaise,Castelpoto,30.605
Arpaise,Castelvenere,54.61
Arpaise,Castelvetere In Val Fortore,85.27666666666667
Arpaise,Cautano,40.12166666666667
Arpaise,Ceppaloni,6.545
Arpaise,Circello,64.03
Arpaise,Colle Sannita,60.66666666666666
Arpaise,Cusano Mutri,75.16000000000001
Arpaise,Dugenta,51.46
Arpaise,Durazzano,49.335
Arpaise,Faicchio,64.91833333333334
Arpaise,Foglianise,38.265
Arpaise,Foiano Di Val Fortore,71.43333333333334
Arpaise,Forchia,29.605
Arpaise,Fragneto Monforte,42.94666666666667
Arpaise,Fragneto L'Abate,44.535
Arpaise,Frasso Telesino,45.876666666666665
Arpaise,Ginestra Degli Schiavoni,67.64333333333333
Arpaise,Guardia Sanframondi,52.32833333333333
Arpaise,Melizzano,50.875
Arpaise,Moiano,30.185
Arpaise,Molinara,61.60333333333333
Arpaise,Montefalcone Di Val Fortore,71.89
Arpaise,Montesarchio,21.101666666666667
Arpaise,Paduli,38.95166666666667
Arpaise,Pago Veiano,48.54666666666667
Arpaise,Pannarano,11.533333333333331
Arpaise,Paolisi,24.866666666666667
Arpaise,Paupisi,43.57333333333334
Arpaise,Pesco Sannita,40.17666666666666
Arpaise,Pietraroja,80.9
Arpaise,Pietrelcina,39.55333333333333
Arpaise,Ponte,37.138333333333335
Arpaise,Pontelandolfo,49.44833333333334
Arpaise,Puglianello,59.57166666666667
Arpaise,Reino,50.388333333333335
Arpaise,San Bartolomeo In Galdo,85.94833333333332
Arpaise,San Giorgio La Molara,60.93666666666666
Arpaise,San Giorgio Del Sannio,33.638333333333335
Arpaise,San Leucio Del Sannio,10.368333333333334
Arpaise,San Lorenzello,61.31
Arpaise,San Lorenzo Maggiore,48.15833333333333
Arpaise,San Lupo,53.775
Arpaise,San Marco Dei Cavoti,53.986666666666665
Arpaise,San Martino Sannita,32.67333333333333
Arpaise,San Nazzaro,32.78
Arpaise,San Nicola Manfredi,29.67833333333333
Arpaise,Sant'Agata De' Goti,40.25333333333333
Arpaise,Sant'Angelo A Cupolo,24.526666666666664
Arpaise,Sant'Arcangelo Trimonte,47.85
Arpaise,Santa Croce Del Sannio,58.18333333333333
Arpaise,Sassinoro,57.03833333333333
Arpaise,Solopaca,49.35333333333333
Arpaise,Telese Terme,50.94833333333334
Arpaise,Tocco Caudio,36.49333333333333
Baselice,Airola,93.38666666666668
Baselice,Limatola,110.345
Baselice,San Giorgio Del Sannio,67.36
Baselice,San Salvatore Telesino,83.18
Baselice,Benevento,64.86666666666666
Baselice,Cerreto Sannita,85.72166666666666
Baselice,Ginestra Degli Schiavoni,40.48
Baselice,Morcone,67.38666666666667
Baselice,San Bartolomeo In Galdo,15.856666666666666
Baselice,Vitulano,70.4
Baselice,San Marco Dei Cavoti,24.236666666666668
Baselice,Torrecuso,69.43833333333333
Baselice,Amorosi,89.57333333333332
Baselice,Apice,64.04333333333334
Baselice,Apollosa,69.06166666666667
Baselice,Arpaia,91.83833333333334
Baselice,Arpaise,76.975
Baselice,Baselice,0.0
Baselice,Bonea,86.98333333333333
Baselice,Bucciano,91.48166666666664
Baselice,Buonalbergo,47.53666666666666
Baselice,Calvi,69.89
Baselice,Campolattaro,59.74666666666667
Baselice,Campoli Del Monte Taburno,72.95166666666667
Baselice,Casalduni,63.14666666666667
Baselice,Castelfranco In Miscano,36.44833333333334
Baselice,Castelpagano,33.88666666666667
Baselice,Castelpoto,74.15166666666667
Baselice,Castelvenere,81.98333333333333
Baselice,Castelvetere In Val Fortore,21.166666666666668
Baselice,Cautano,68.82666666666667
Baselice,Ceppaloni,73.63666666666667
Baselice,Circello,35.86833333333333
Baselice,Colle Sannita,30.275
Baselice,Cusano Mutri,102.53333333333332
Baselice,Dugenta,97.29166666666669
Baselice,Durazzano,112.50666666666666
Baselice,Faicchio,92.29166666666669
Baselice,Foglianise,66.38000000000001
Baselice,Foiano Di Val Fortore,11.136666666666668
Baselice,Forchia,94.395
Baselice,Fragneto Monforte,49.75666666666667
Baselice,Fragneto L'Abate,44.47
Baselice,Frasso Telesino,85.77333333333333
Baselice,Ginestra Degli Schiavoni,40.48
Baselice,Guardia Sanframondi,79.15
Baselice,Melizzano,86.73833333333333
Baselice,Moiano,94.975
Baselice,Molinara,24.835
Baselice,Montefalcone Di Val Fortore,27.21333333333333
Baselice,Montesarchio,81.69
Baselice,Paduli,52.46333333333334
Baselice,Pago Veiano,38.74666666666667
Baselice,Pannarano,78.92333333333333
Baselice,Paolisi,89.65666666666667
Baselice,Paupisi,70.94666666666667
Baselice,Pesco Sannita,42.025
Baselice,Pietraroja,91.03333333333332
Baselice,Pietrelcina,48.97
Baselice,Ponte,64.51166666666667
Baselice,Pontelandolfo,63.885
Baselice,Puglianello,86.945
Baselice,Reino,32.458333333333336
Baselice,San Bartolomeo In Galdo,15.856666666666666
Baselice,San Giorgio La Molara,32.321666666666665
Baselice,San Giorgio Del Sannio,67.36
Baselice,San Leucio Del Sannio,66.84
Baselice,San Lorenzello,88.68333333333334
Baselice,San Lorenzo Maggiore,75.53166666666667
Baselice,San Lupo,73.73333333333333
Baselice,San Marco Dei Cavoti,24.236666666666668
Baselice,San Martino Sannita,69.105
Baselice,San Nazzaro,72.13166666666666
Baselice,San Nicola Manfredi,69.21166666666666
Baselice,Sant'Agata De' Goti,103.165
Baselice,Sant'Angelo A Cupolo,70.50833333333334
Baselice,Sant'Arcangelo Trimonte,53.425
Baselice,Santa Croce Del Sannio,53.64333333333333
Baselice,Sassinoro,64.57333333333334
Baselice,Solopaca,76.72666666666667
Baselice,Telese Terme,78.32166666666667
Baselice,Tocco Caudio,75.37166666666667
Bonea,Airola,11.768333333333334
Bonea,Limatola,46.66666666666666
Bonea,San Giorgio Del Sannio,44.65
Bonea,San Salvatore Telesino,48.34
Bonea,Benevento,50.18833333333334
Bonea,Cerreto Sannita,58.958333333333336
Bonea,Ginestra Degli Schiavoni,78.655
Bonea,Morcone,60.388333333333335
Bonea,San Bartolomeo In Galdo,95.83166666666666
Bonea,Vitulano,25.96
Bonea,San Marco Dei Cavoti,63.87
Bonea,Torrecuso,34.95333333333333
Bonea,Amorosi,43.795
Bonea,Apice,57.14
Bonea,Apollosa,18.405
Bonea,Arpaia,14.283333333333331
Bonea,Arpaise,26.38
Bonea,Baselice,87.42
Bonea,Bonea,0.0
Bonea,Bucciano,7.825
Bonea,Buonalbergo,60.315000000000005
Bonea,Calvi,47.18
Bonea,Campolattaro,48.445
Bonea,Campoli Del Monte Taburno,15.173333333333334
Bonea,Casalduni,50.03666666666666
Bonea,Castelfranco In Miscano,81.36166666666666
Bonea,Castelpagano,75.72166666666666
Bonea,Castelpoto,23.001666666666665
Bonea,Castelvenere,50.63666666666666
Bonea,Castelvetere In Val Fortore,95.16
Bonea,Cautano,20.37
Bonea,Ceppaloni,30.505
Bonea,Circello,73.91333333333334
Bonea,Colle Sannita,70.55
Bonea,Cusano Mutri,75.77
Bonea,Dugenta,35.30166666666666
Bonea,Durazzano,33.18666666666667
Bonea,Faicchio,55.638333333333335
Bonea,Foglianise,25.341666666666665
Bonea,Foiano Di Val Fortore,81.31666666666666
Bonea,Forchia,16.84
Bonea,Fragneto Monforte,46.08166666666667
Bonea,Fragneto L'Abate,51.23833333333334
Bonea,Frasso Telesino,29.71833333333333
Bonea,Ginestra Degli Schiavoni,78.655
Bonea,Guardia Sanframondi,55.29166666666666
Bonea,Melizzano,34.71666666666667
Bonea,Moiano,14.036666666666669
Bonea,Molinara,71.48666666666666
Bonea,Montefalcone Di Val Fortore,82.90166666666667
Bonea,Montesarchio,7.6016666666666675
Bonea,Paduli,49.96333333333334
Bonea,Pago Veiano,58.43
Bonea,Pannarano,20.87833333333333
Bonea,Paolisi,12.101666666666668
Bonea,Paupisi,37.84666666666667
Bonea,Pesco Sannita,50.06
Bonea,Pietraroja,83.46666666666667
Bonea,Pietrelcina,49.43666666666666
Bonea,Ponte,39.74666666666667
Bonea,Pontelandolfo,52.583333333333336
Bonea,Puglianello,46.30166666666666
Bonea,Reino,60.27166666666667
Bonea,San Bartolomeo In Galdo,95.83166666666666
Bonea,San Giorgio La Molara,71.94833333333332
Bonea,San Giorgio Del Sannio,44.65
Bonea,San Leucio Del Sannio,32.071666666666665
Bonea,San Lorenzello,59.943333333333335
Bonea,San Lorenzo Maggiore,51.66333333333333
Bonea,San Lupo,57.763333333333335
Bonea,San Marco Dei Cavoti,63.87
Bonea,San Martino Sannita,45.09666666666667
Bonea,San Nazzaro,49.42166666666667
Bonea,San Nicola Manfredi,45.20333333333333
Bonea,Sant'Agata De' Goti,24.105
Bonea,Sant'Angelo A Cupolo,44.98
Bonea,Sant'Arcangelo Trimonte,58.861666666666665
Bonea,Santa Croce Del Sannio,61.318333333333335
Bonea,Sassinoro,60.17333333333333
Bonea,Solopaca,39.751666666666665
Bonea,Telese Terme,45.67333333333333
Bonea,Tocco Caudio,16.741666666666667
Bucciano,Airola,4.489999999999999
Bucciano,Limatola,38.84166666666667
Bucciano,San Giorgio Del Sannio,49.11333333333334
Bucciano,San Salvatore Telesino,40.515
Bucciano,Benevento,58.06333333333334
Bucciano,Cerreto Sannita,51.13333333333333
Bucciano,Ginestra Degli Schiavoni,83.11833333333334
Bucciano,Morcone,68.26333333333334
Bucciano,San Bartolomeo In Galdo,100.52166666666668
Bucciano,Vitulano,33.835
Bucciano,San Marco Dei Cavoti,68.56
Bucciano,Torrecuso,42.82833333333333
Bucciano,Amorosi,35.97
Bucciano,Apice,61.60333333333333
Bucciano,Apollosa,25.14333333333333
Bucciano,Arpaia,12.406666666666666
Bucciano,Arpaise,29.66333333333333
Bucciano,Baselice,92.11
Bucciano,Bonea,7.875
Bucciano,Bucciano,0.0
Bucciano,Buonalbergo,64.77833333333334
Bucciano,Calvi,51.64333333333333
Bucciano,Campolattaro,56.32
Bucciano,Campoli Del Monte Taburno,23.048333333333336
Bucciano,Casalduni,57.91166666666666
Bucciano,Castelfranco In Miscano,85.825
Bucciano,Castelpagano,80.41166666666666
Bucciano,Castelpoto,29.74
Bucciano,Castelvenere,42.81166666666666
Bucciano,Castelvetere In Val Fortore,99.85
Bucciano,Cautano,28.245
Bucciano,Ceppaloni,34.968333333333334
Bucciano,Circello,78.60333333333332
Bucciano,Colle Sannita,75.24
Bucciano,Cusano Mutri,67.945
Bucciano,Dugenta,27.476666666666667
Bucciano,Durazzano,25.90833333333333
Bucciano,Faicchio,47.81333333333334
Bucciano,Foglianise,33.21666666666667
Bucciano,Foiano Di Val Fortore,86.00666666666666
Bucciano,Forchia,14.963333333333331
Bucciano,Fragneto Monforte,53.95666666666667
Bucciano,Fragneto L'Abate,59.10833333333333
Bucciano,Frasso Telesino,21.89333333333333
Bucciano,Ginestra Degli Schiavoni,83.11833333333334
Bucciano,Guardia Sanframondi,47.46666666666667
Bucciano,Melizzano,26.891666666666666
Bucciano,Moiano,6.758333333333334
Bucciano,Molinara,76.17666666666668
Bucciano,Montefalcone Di Val Fortore,87.365
Bucciano,Montesarchio,12.065
Bucciano,Paduli,54.42666666666666
Bucciano,Pago Veiano,63.12
Bucciano,Pannarano,24.16166666666667
Bucciano,Paolisi,10.225
Bucciano,Paupisi,45.72166666666667
Bucciano,Pesco Sannita,54.75
Bucciano,Pietraroja,75.64166666666667
Bucciano,Pietrelcina,54.126666666666665
Bucciano,Ponte,47.62166666666667
Bucciano,Pontelandolfo,60.458333333333336
Bucciano,Puglianello,38.47666666666667
Bucciano,Reino,64.96166666666666
Bucciano,San Bartolomeo In Galdo,100.52166666666668
Bucciano,San Giorgio La Molara,76.41166666666666
Bucciano,San Giorgio Del Sannio,49.11333333333334
Bucciano,San Leucio Del Sannio,36.535
Bucciano,San Lorenzello,52.11833333333333
Bucciano,San Lorenzo Maggiore,46.035
Bucciano,San Lupo,51.035
Bucciano,San Marco Dei Cavoti,68.56
Bucciano,San Martino Sannita,49.56
Bucciano,San Nazzaro,53.885
Bucciano,San Nicola Manfredi,49.66666666666666
Bucciano,Sant'Agata De' Goti,16.826666666666668
Bucciano,Sant'Angelo A Cupolo,49.443333333333335
Bucciano,Sant'Arcangelo Trimonte,63.325
Bucciano,Santa Croce Del Sannio,69.19333333333334
Bucciano,Sassinoro,68.04833333333333
Bucciano,Solopaca,31.926666666666662
Bucciano,Telese Terme,37.848333333333336
Bucciano,Tocco Caudio,24.616666666666667
Buonalbergo,Airola,67.22833333333332
Buonalbergo,Limatola,84.96833333333333
Buonalbergo,San Giorgio Del Sannio,37.07833333333333
Buonalbergo,San Salvatore Telesino,57.80333333333333
Buonalbergo,Benevento,49.57166666666667
Buonalbergo,Cerreto Sannita,60.345
Buonalbergo,Ginestra Degli Schiavoni,21.423333333333336
Buonalbergo,Morcone,59.25
Buonalbergo,San Bartolomeo In Galdo,52.26166666666666
Buonalbergo,Vitulano,45.95166666666667
Buonalbergo,San Marco Dei Cavoti,36.656666666666666
Buonalbergo,Torrecuso,44.06166666666666
Buonalbergo,Amorosi,64.19666666666667
Buonalbergo,Apice,26.401666666666664
Buonalbergo,Apollosa,42.90333333333333
Buonalbergo,Arpaia,65.68
Buonalbergo,Arpaise,49.93833333333334
Buonalbergo,Baselice,47.88333333333333
Buonalbergo,Bonea,60.825
Buonalbergo,Bucciano,65.32333333333334
Buonalbergo,Buonalbergo,0.0
Buonalbergo,Calvi,39.60833333333333
Buonalbergo,Campolattaro,47.306666666666665
Buonalbergo,Campoli Del Monte Taburno,48.50333333333333
Buonalbergo,Casalduni,47.87166666666667
Buonalbergo,Castelfranco In Miscano,24.13
Buonalbergo,Castelpagano,56.39333333333333
Buonalbergo,Castelpoto,48.37
Buonalbergo,Castelvenere,56.60666666666667
Buonalbergo,Castelvetere In Val Fortore,66.35833333333333
Buonalbergo,Cautano,44.37833333333333
Buonalbergo,Ceppaloni,45.06166666666666
Buonalbergo,Circello,56.08166666666667
Buonalbergo,Colle Sannita,52.71833333333333
Buonalbergo,Cusano Mutri,77.15666666666667
Buonalbergo,Dugenta,71.91499999999999
Buonalbergo,Durazzano,87.13000000000001
Buonalbergo,Faicchio,66.915
Buonalbergo,Foglianise,41.931666666666665
Buonalbergo,Foiano Di Val Fortore,37.74666666666667
Buonalbergo,Forchia,68.23666666666666
Buonalbergo,Fragneto Monforte,44.943333333333335
Buonalbergo,Fragneto L'Abate,44.65833333333333
Buonalbergo,Frasso Telesino,60.39666666666667
Buonalbergo,Ginestra Degli Schiavoni,21.423333333333336
Buonalbergo,Guardia Sanframondi,54.325
Buonalbergo,Melizzano,61.361666666666665
Buonalbergo,Moiano,68.81666666666666
Buonalbergo,Molinara,27.82333333333333
Buonalbergo,Montefalcone Di Val Fortore,32.57833333333333
Buonalbergo,Montesarchio,55.531666666666666
Buonalbergo,Paduli,14.821666666666664
Buonalbergo,Pago Veiano,29.61
Buonalbergo,Pannarano,52.765
Buonalbergo,Paolisi,63.498333333333335
Buonalbergo,Paupisi,45.57
Buonalbergo,Pesco Sannita,40.3
Buonalbergo,Pietraroja,82.89666666666668
Buonalbergo,Pietrelcina,32.821666666666665
Buonalbergo,Ponte,39.135
Buonalbergo,Pontelandolfo,51.445
Buonalbergo,Puglianello,61.568333333333335
Buonalbergo,Reino,42.440000000000005
Buonalbergo,San Bartolomeo In Galdo,52.26166666666666
Buonalbergo,San Giorgio La Molara,22.21333333333333
Buonalbergo,San Giorgio Del Sannio,37.07833333333333
Buonalbergo,San Leucio Del Sannio,40.16166666666666
Buonalbergo,San Lorenzello,63.306666666666665
Buonalbergo,San Lorenzo Maggiore,50.155
Buonalbergo,San Lupo,55.77166666666667
Buonalbergo,San Marco Dei Cavoti,36.656666666666666
Buonalbergo,San Martino Sannita,38.82333333333334
Buonalbergo,San Nazzaro,41.85
Buonalbergo,San Nicola Manfredi,38.93
Buonalbergo,Sant'Agata De' Goti,77.78833333333334
Buonalbergo,Sant'Angelo A Cupolo,40.11666666666667
Buonalbergo,Sant'Arcangelo Trimonte,15.783333333333331
Buonalbergo,Santa Croce Del Sannio,60.18
Buonalbergo,Sassinoro,59.035
Buonalbergo,Solopaca,51.35
Buonalbergo,Telese Terme,52.945
Buonalbergo,Tocco Caudio,50.92333333333333
Calvi,Airola,54.29666666666667
Calvi,Limatola,76.50166666666668
Calvi,San Giorgio Del Sannio,3.895
Calvi,San Salvatore Telesino,49.336666666666666
Calvi,Benevento,41.105
Calvi,Cerreto Sannita,51.87833333333333
Calvi,Ginestra Degli Schiavoni,57.92166666666667
Calvi,Morcone,50.78333333333333
Calvi,San Bartolomeo In Galdo,77.605
Calvi,Vitulano,37.485
Calvi,San Marco Dei Cavoti,45.64333333333333
Calvi,Torrecuso,35.595
Calvi,Amorosi,55.73
Calvi,Apice,16.98
Calvi,Apollosa,29.971666666666668
Calvi,Arpaia,52.748333333333335
Calvi,Arpaise,37.00666666666667
Calvi,Baselice,69.19333333333334
Calvi,Bonea,47.89333333333333
Calvi,Bucciano,52.391666666666666
Calvi,Buonalbergo,39.58166666666667
Calvi,Calvi,0.0
Calvi,Campolattaro,38.84
Calvi,Campoli Del Monte Taburno,40.03666666666666
Calvi,Casalduni,39.405
Calvi,Castelfranco In Miscano,60.62833333333333
Calvi,Castelpagano,57.495
Calvi,Castelpoto,35.43833333333334
Calvi,Castelvenere,48.14
Calvi,Castelvetere In Val Fortore,76.93333333333334
Calvi,Cautano,35.91166666666666
Calvi,Ceppaloni,32.13
Calvi,Circello,55.68666666666666
Calvi,Colle Sannita,52.32333333333334
Calvi,Cusano Mutri,68.69
Calvi,Dugenta,63.44833333333334
Calvi,Durazzano,75.03500000000001
Calvi,Faicchio,58.44833333333334
Calvi,Foglianise,33.465
Calvi,Foiano Di Val Fortore,63.09
Calvi,Forchia,55.305
Calvi,Fragneto Monforte,36.47666666666667
Calvi,Fragneto L'Abate,36.19166666666667
Calvi,Frasso Telesino,51.93
Calvi,Ginestra Degli Schiavoni,57.92166666666667
Calvi,Guardia Sanframondi,45.85833333333333
Calvi,Melizzano,52.895
Calvi,Moiano,55.885
Calvi,Molinara,52.513333333333335
Calvi,Montefalcone Di Val Fortore,62.16833333333333
Calvi,Montesarchio,42.6
Calvi,Paduli,29.23
Calvi,Pago Veiano,40.20333333333333
Calvi,Pannarano,39.833333333333336
Calvi,Paolisi,50.56666666666667
Calvi,Paupisi,37.10333333333333
Calvi,Pesco Sannita,31.83333333333333
Calvi,Pietraroja,74.43
Calvi,Pietrelcina,31.21
Calvi,Ponte,30.668333333333333
Calvi,Pontelandolfo,42.97833333333333
Calvi,Puglianello,53.10166666666667
Calvi,Reino,42.045
Calvi,San Bartolomeo In Galdo,77.605
Calvi,San Giorgio La Molara,51.215
Calvi,San Giorgio Del Sannio,3.895
Calvi,San Leucio Del Sannio,27.23
Calvi,San Lorenzello,54.84
Calvi,San Lorenzo Maggiore,41.68833333333334
Calvi,San Lupo,47.305
Calvi,San Marco Dei Cavoti,45.64333333333333
Calvi,San Martino Sannita,7.816666666666666
Calvi,San Nazzaro,7.1483333333333325
Calvi,San Nicola Manfredi,12.49
Calvi,Sant'Agata De' Goti,65.95333333333333
Calvi,Sant'Angelo A Cupolo,17.96833333333333
Calvi,Sant'Arcangelo Trimonte,29.16
Calvi,Santa Croce Del Sannio,51.71333333333334
Calvi,Sassinoro,50.568333333333335
Calvi,Solopaca,42.88333333333333
Calvi,Telese Terme,44.47833333333333
Calvi,Tocco Caudio,42.45666666666667
Campolattaro,Airola,59.975
Campolattaro,Limatola,68.13333333333334
Campolattaro,San Giorgio Del Sannio,35.526666666666664
Campolattaro,San Salvatore Telesino,40.96833333333333
Campolattaro,Benevento,15.34
Campolattaro,Cerreto Sannita,37.22
Campolattaro,Ginestra Degli Schiavoni,65.71666666666667
Campolattaro,Morcone,19.613333333333333
Campolattaro,San Bartolomeo In Galdo,69.61166666666666
Campolattaro,Vitulano,31.048333333333336
Campolattaro,San Marco Dei Cavoti,37.65
Campolattaro,Torrecuso,27.195
Campolattaro,Amorosi,47.361666666666665
Campolattaro,Apice,44.285
Campolattaro,Apollosa,35.99666666666667
Campolattaro,Arpaia,58.77333333333333
Campolattaro,Arpaise,43.91
Campolattaro,Baselice,61.2
Campolattaro,Bonea,48.20666666666667
Campolattaro,Bucciano,56.031666666666666
Campolattaro,Buonalbergo,47.376666666666665
Campolattaro,Calvi,38.056666666666665
Campolattaro,Campolattaro,0.0
Campolattaro,Campoli Del Monte Taburno,33.6
Campolattaro,Casalduni,12.161666666666669
Campolattaro,Castelfranco In Miscano,68.42333333333333
Campolattaro,Castelpagano,40.585
Campolattaro,Castelpoto,34.8
Campolattaro,Castelvenere,37.57833333333333
Campolattaro,Castelvetere In Val Fortore,64.96333333333334
Campolattaro,Cautano,29.475
Campolattaro,Ceppaloni,40.57166666666667
Campolattaro,Circello,34.95
Campolattaro,Colle Sannita,40.35333333333333
Campolattaro,Cusano Mutri,54.031666666666666
Campolattaro,Dugenta,55.080000000000005
Campolattaro,Durazzano,70.295
Campolattaro,Faicchio,50.080000000000005
Campolattaro,Foglianise,27.02833333333333
Campolattaro,Foiano Di Val Fortore,55.09666666666667
Campolattaro,Forchia,61.330000000000005
Campolattaro,Fragneto Monforte,12.365
Campolattaro,Fragneto L'Abate,17.521666666666665
Campolattaro,Frasso Telesino,43.56166666666666
Campolattaro,Ginestra Degli Schiavoni,65.71666666666667
Campolattaro,Guardia Sanframondi,27.07333333333333
Campolattaro,Melizzano,44.52666666666666
Campolattaro,Moiano,61.91
Campolattaro,Molinara,45.266666666666666
Campolattaro,Montefalcone Di Val Fortore,66.86
Campolattaro,Montesarchio,48.625
Campolattaro,Paduli,37.025
Campolattaro,Pago Veiano,40.85166666666667
Campolattaro,Pannarano,45.85833333333333
Campolattaro,Paolisi,56.59166666666667
Campolattaro,Paupisi,28.703333333333333
Campolattaro,Pesco Sannita,25.876666666666665
Campolattaro,Pietraroja,43.26
Campolattaro,Pietrelcina,34.281666666666666
Campolattaro,Ponte,18.926666666666662
Campolattaro,Pontelandolfo,11.808333333333334
Campolattaro,Puglianello,44.73333333333333
Campolattaro,Reino,31.87333333333333
Campolattaro,San Bartolomeo In Galdo,69.61166666666666
Campolattaro,San Giorgio La Molara,55.77166666666667
Campolattaro,San Giorgio Del Sannio,35.526666666666664
Campolattaro,San Leucio Del Sannio,33.775
Campolattaro,San Lorenzello,39.84166666666667
Campolattaro,San Lorenzo Maggiore,28.173333333333336
Campolattaro,San Lupo,21.65666666666667
Campolattaro,San Marco Dei Cavoti,37.65
Campolattaro,San Martino Sannita,37.27166666666667
Campolattaro,San Nazzaro,40.29833333333333
Campolattaro,San Nicola Manfredi,37.37833333333333
Campolattaro,Sant'Agata De' Goti,60.95333333333333
Campolattaro,Sant'Angelo A Cupolo,38.79833333333333
Campolattaro,Sant'Arcangelo Trimonte,45.92333333333333
Campolattaro,Santa Croce Del Sannio,20.543333333333333
Campolattaro,Sassinoro,19.398333333333333
Campolattaro,Solopaca,34.515
Campolattaro,Telese Terme,36.11
Campolattaro,Tocco Caudio,36.02
Campoli Del Monte Taburno,Airola,27.05666666666667
Campoli Del Monte Taburno,Limatola,59.501666666666665
Campoli Del Monte Taburno,San Giorgio Del Sannio,36.55166666666666
Campoli Del Monte Taburno,San Salvatore Telesino,44.95666666666667
Campoli Del Monte Taburno,Benevento,35.61833333333333
Campoli Del Monte Taburno,Cerreto Sannita,47.28333333333333
Campoli Del Monte Taburno,Ginestra Degli Schiavoni,66.74166666666666
Campoli Del Monte Taburno,Morcone,45.818333333333335
Campoli Del Monte Taburno,San Bartolomeo In Galdo,81.26166666666667
Campoli Del Monte Taburno,Vitulano,11.39
Campoli Del Monte Taburno,San Marco Dei Cavoti,49.3
Campoli Del Monte Taburno,Torrecuso,20.383333333333333
Campoli Del Monte Taburno,Amorosi,40.86666666666667
Campoli Del Monte Taburno,Apice,45.31
Campoli Del Monte Taburno,Apollosa,17.596666666666668
Campoli Del Monte Taburno,Arpaia,29.571666666666665
Campoli Del Monte Taburno,Arpaise,34.913333333333334
Campoli Del Monte Taburno,Baselice,72.85
Campoli Del Monte Taburno,Bonea,15.288333333333332
Campoli Del Monte Taburno,Bucciano,23.113333333333333
Campoli Del Monte Taburno,Buonalbergo,48.40166666666666
Campoli Del Monte Taburno,Calvi,39.08166666666667
Campoli Del Monte Taburno,Campolattaro,33.875
Campoli Del Monte Taburno,Campoli Del Monte Taburno,0.0
Campoli Del Monte Taburno,Casalduni,35.46666666666667
Campoli Del Monte Taburno,Castelfranco In Miscano,69.44833333333332
Campoli Del Monte Taburno,Castelpagano,61.15166666666666
Campoli Del Monte Taburno,Castelpoto,15.51
Campoli Del Monte Taburno,Castelvenere,43.63166666666667
Campoli Del Monte Taburno,Castelvetere In Val Fortore,80.58999999999999
Campoli Del Monte Taburno,Cautano,5.8
Campoli Del Monte Taburno,Ceppaloni,37.86833333333333
Campoli Del Monte Taburno,Circello,59.34333333333333
Campoli Del Monte Taburno,Colle Sannita,55.98
Campoli Del Monte Taburno,Cusano Mutri,64.095
Campoli Del Monte Taburno,Dugenta,45.083333333333336
Campoli Del Monte Taburno,Durazzano,48.475
Campoli Del Monte Taburno,Faicchio,54.068333333333335
Campoli Del Monte Taburno,Foglianise,10.771666666666668
Campoli Del Monte Taburno,Foiano Di Val Fortore,66.74666666666667
Campoli Del Monte Taburno,Forchia,32.12833333333334
Campoli Del Monte Taburno,Fragneto Monforte,31.511666666666667
Campoli Del Monte Taburno,Fragneto L'Abate,36.66833333333333
Campoli Del Monte Taburno,Frasso Telesino,26.65833333333333
Campoli Del Monte Taburno,Ginestra Degli Schiavoni,66.74166666666666
Campoli Del Monte Taburno,Guardia Sanframondi,41.263333333333335
Campoli Del Monte Taburno,Melizzano,31.995
Campoli Del Monte Taburno,Moiano,29.325
Campoli Del Monte Taburno,Molinara,56.91666666666666
Campoli Del Monte Taburno,Montefalcone Di Val Fortore,70.98833333333333
Campoli Del Monte Taburno,Montesarchio,17.798333333333336
Campoli Del Monte Taburno,Paduli,38.05
Campoli Del Monte Taburno,Pago Veiano,43.86
Campoli Del Monte Taburno,Pannarano,29.796666666666667
Campoli Del Monte Taburno,Paolisi,27.39
Campoli Del Monte Taburno,Paupisi,23.276666666666664
Campoli Del Monte Taburno,Pesco Sannita,35.49
Campoli Del Monte Taburno,Pietraroja,69.46499999999999
Campoli Del Monte Taburno,Pietrelcina,34.86666666666667
Campoli Del Monte Taburno,Ponte,25.176666666666662
Campoli Del Monte Taburno,Pontelandolfo,38.013333333333335
Campoli Del Monte Taburno,Puglianello,45.86333333333334
Campoli Del Monte Taburno,Reino,45.70166666666667
Campoli Del Monte Taburno,San Bartolomeo In Galdo,81.26166666666667
Campoli Del Monte Taburno,San Giorgio La Molara,60.035
Campoli Del Monte Taburno,San Giorgio Del Sannio,36.55166666666666
Campoli Del Monte Taburno,San Leucio Del Sannio,32.90833333333333
Campoli Del Monte Taburno,San Lorenzello,50.245
Campoli Del Monte Taburno,San Lorenzo Maggiore,37.09333333333333
Campoli Del Monte Taburno,San Lupo,43.193333333333335
Campoli Del Monte Taburno,San Marco Dei Cavoti,49.3
Campoli Del Monte Taburno,San Martino Sannita,38.29666666666667
Campoli Del Monte Taburno,San Nazzaro,41.32333333333334
Campoli Del Monte Taburno,San Nicola Manfredi,38.40333333333333
Campoli Del Monte Taburno,Sant'Agata De' Goti,39.39333333333333
Campoli Del Monte Taburno,Sant'Angelo A Cupolo,39.62
Campoli Del Monte Taburno,Sant'Arcangelo Trimonte,46.94833333333334
Campoli Del Monte Taburno,Santa Croce Del Sannio,46.748333333333335
Campoli Del Monte Taburno,Sassinoro,45.60333333333333
Campoli Del Monte Taburno,Solopaca,34.126666666666665
Campoli Del Monte Taburno,Telese Terme,40.098333333333336
Campoli Del Monte Taburno,Tocco Caudio,3.4066666666666667
Casalduni,Airola,58.211666666666666
Casalduni,Limatola,60.34166666666667
Casalduni,San Giorgio Del Sannio,36.48166666666667
Casalduni,San Salvatore Telesino,33.17666666666666
Casalduni,Benevento,7.723333333333333
Casalduni,Cerreto Sannita,27.155
Casalduni,Ginestra Degli Schiavoni,66.67166666666667
Casalduni,Morcone,25.03666666666667
Casalduni,San Bartolomeo In Galdo,72.68666666666667
Casalduni,Vitulano,29.58833333333333
Casalduni,San Marco Dei Cavoti,40.725
Casalduni,Torrecuso,18.855
Casalduni,Amorosi,39.57
Casalduni,Apice,45.24
Casalduni,Apollosa,36.95166666666667
Casalduni,Arpaia,59.72833333333333
Casalduni,Arpaise,44.865
Casalduni,Baselice,64.275
Casalduni,Bonea,50.155
Casalduni,Bucciano,57.98
Casalduni,Buonalbergo,48.33166666666667
Casalduni,Calvi,39.01166666666666
Casalduni,Campolattaro,12.206666666666669
Casalduni,Campoli Del Monte Taburno,35.54833333333333
Casalduni,Casalduni,0.0
Casalduni,Castelfranco In Miscano,69.37833333333333
Casalduni,Castelpagano,46.00833333333333
Casalduni,Castelpoto,36.748333333333335
Casalduni,Castelvenere,27.51333333333333
Casalduni,Castelvetere In Val Fortore,69.08166666666666
Casalduni,Cautano,31.423333333333336
Casalduni,Ceppaloni,41.52666666666666
Casalduni,Circello,46.395
Casalduni,Colle Sannita,44.47166666666667
Casalduni,Cusano Mutri,43.96666666666667
Casalduni,Dugenta,47.28833333333333
Casalduni,Durazzano,62.50333333333333
Casalduni,Faicchio,41.065000000000005
Casalduni,Foglianise,25.83833333333333
Casalduni,Foiano Di Val Fortore,58.17166666666667
Casalduni,Forchia,62.285
Casalduni,Fragneto Monforte,15.44
Casalduni,Fragneto L'Abate,20.596666666666668
Casalduni,Frasso Telesino,35.77
Casalduni,Ginestra Degli Schiavoni,66.67166666666667
Casalduni,Guardia Sanframondi,17.008333333333333
Casalduni,Melizzano,36.735
Casalduni,Moiano,57.223333333333336
Casalduni,Molinara,48.34166666666667
Casalduni,Montefalcone Di Val Fortore,69.935
Casalduni,Montesarchio,49.580000000000005
Casalduni,Paduli,37.98
Casalduni,Pago Veiano,43.92666666666666
Casalduni,Pannarano,46.81333333333334
Casalduni,Paolisi,57.54666666666667
Casalduni,Paupisi,20.10833333333333
Casalduni,Pesco Sannita,28.951666666666664
Casalduni,Pietraroja,48.68333333333333
Casalduni,Pietrelcina,36.111666666666665
Casalduni,Ponte,11.536666666666669
Casalduni,Pontelandolfo,11.27
Casalduni,Puglianello,36.94166666666667
Casalduni,Reino,34.94833333333334
Casalduni,San Bartolomeo In Galdo,72.68666666666667
Casalduni,San Giorgio La Molara,58.84666666666667
Casalduni,San Giorgio Del Sannio,36.48166666666667
Casalduni,San Leucio Del Sannio,34.730000000000004
Casalduni,San Lorenzello,29.776666666666664
Casalduni,San Lorenzo Maggiore,18.10833333333333
Casalduni,San Lupo,11.591666666666669
Casalduni,San Marco Dei Cavoti,40.725
Casalduni,San Martino Sannita,38.22666666666667
Casalduni,San Nazzaro,41.25333333333333
Casalduni,San Nicola Manfredi,38.333333333333336
Casalduni,Sant'Agata De' Goti,53.16166666666666
Casalduni,Sant'Angelo A Cupolo,39.75333333333333
Casalduni,Sant'Arcangelo Trimonte,46.87833333333333
Casalduni,Santa Croce Del Sannio,25.966666666666665
Casalduni,Sassinoro,24.821666666666665
Casalduni,Solopaca,26.723333333333336
Casalduni,Telese Terme,28.31833333333333
Casalduni,Tocco Caudio,37.96833333333333
Castelfranco In Miscano,Airola,88.37166666666667
Castelfranco In Miscano,Limatola,106.11166666666666
Castelfranco In Miscano,San Giorgio Del Sannio,58.22166666666667
Castelfranco In Miscano,San Salvatore Telesino,78.94666666666667
Castelfranco In Miscano,Benevento,70.71499999999999
Castelfranco In Miscano,Cerreto Sannita,81.48833333333333
Castelfranco In Miscano,Ginestra Degli Schiavoni,11.001666666666669
Castelfranco In Miscano,Morcone,80.39333333333335
Castelfranco In Miscano,San Bartolomeo In Galdo,34.55333333333333
Castelfranco In Miscano,Vitulano,67.095
Castelfranco In Miscano,San Marco Dei Cavoti,44.76833333333333
Castelfranco In Miscano,Torrecuso,65.205
Castelfranco In Miscano,Amorosi,85.33999999999999
Castelfranco In Miscano,Apice,47.545
Castelfranco In Miscano,Apollosa,64.04666666666667
Castelfranco In Miscano,Arpaia,86.82333333333332
Castelfranco In Miscano,Arpaise,71.08166666666666
Castelfranco In Miscano,Baselice,36.57333333333334
Castelfranco In Miscano,Bonea,81.96833333333333
Castelfranco In Miscano,Bucciano,86.46666666666667
Castelfranco In Miscano,Buonalbergo,24.14
Castelfranco In Miscano,Calvi,60.751666666666665
Castelfranco In Miscano,Campolattaro,68.45
Castelfranco In Miscano,Campoli Del Monte Taburno,69.64666666666668
Castelfranco In Miscano,Casalduni,69.015
Castelfranco In Miscano,Castelfranco In Miscano,0.0
Castelfranco In Miscano,Castelpagano,60.08166666666667
Castelfranco In Miscano,Castelpoto,69.51333333333334
Castelfranco In Miscano,Castelvenere,77.75
Castelfranco In Miscano,Castelvetere In Val Fortore,55.67833333333333
Castelfranco In Miscano,Cautano,65.52166666666668
Castelfranco In Miscano,Ceppaloni,66.205
Castelfranco In Miscano,Circello,62.06333333333334
Castelfranco In Miscano,Colle Sannita,56.47
Castelfranco In Miscano,Cusano Mutri,98.3
Castelfranco In Miscano,Dugenta,93.05833333333334
Castelfranco In Miscano,Durazzano,108.27333333333333
Castelfranco In Miscano,Faicchio,88.05833333333334
Castelfranco In Miscano,Foglianise,63.075
Castelfranco In Miscano,Foiano Di Val Fortore,29.85333333333333
Castelfranco In Miscano,Forchia,89.38000000000001
Castelfranco In Miscano,Fragneto Monforte,66.08666666666666
Castelfranco In Miscano,Fragneto L'Abate,65.00166666666667
Castelfranco In Miscano,Frasso Telesino,81.53999999999999
Castelfranco In Miscano,Ginestra Degli Schiavoni,11.001666666666669
Castelfranco In Miscano,Guardia Sanframondi,75.46833333333333
Castelfranco In Miscano,Melizzano,82.50500000000001
Castelfranco In Miscano,Moiano,89.96000000000001
Castelfranco In Miscano,Molinara,42.473333333333336
Castelfranco In Miscano,Montefalcone Di Val Fortore,15.401666666666667
Castelfranco In Miscano,Montesarchio,76.675
Castelfranco In Miscano,Paduli,35.965
Castelfranco In Miscano,Pago Veiano,50.75333333333333
Castelfranco In Miscano,Pannarano,73.90833333333333
Castelfranco In Miscano,Paolisi,84.64166666666667
Castelfranco In Miscano,Paupisi,66.71333333333334
Castelfranco In Miscano,Pesco Sannita,61.443333333333335
Castelfranco In Miscano,Pietraroja,104.04
Castelfranco In Miscano,Pietrelcina,53.965
Castelfranco In Miscano,Ponte,60.27833333333333
Castelfranco In Miscano,Pontelandolfo,72.58833333333334
Castelfranco In Miscano,Puglianello,82.71166666666666
Castelfranco In Miscano,Reino,52.99
Castelfranco In Miscano,San Bartolomeo In Galdo,34.55333333333333
Castelfranco In Miscano,San Giorgio La Molara,36.49166666666667
Castelfranco In Miscano,San Giorgio Del Sannio,58.22166666666667
Castelfranco In Miscano,San Leucio Del Sannio,61.305
Castelfranco In Miscano,San Lorenzello,84.45
Castelfranco In Miscano,San Lorenzo Maggiore,71.29833333333333
Castelfranco In Miscano,San Lupo,76.91499999999999
Castelfranco In Miscano,San Marco Dei Cavoti,44.76833333333333
Castelfranco In Miscano,San Martino Sannita,59.96666666666667
Castelfranco In Miscano,San Nazzaro,62.99333333333333
Castelfranco In Miscano,San Nicola Manfredi,60.07333333333334
Castelfranco In Miscano,Sant'Agata De' Goti,98.93166666666666
Castelfranco In Miscano,Sant'Angelo A Cupolo,61.26
Castelfranco In Miscano,Sant'Arcangelo Trimonte,36.92666666666666
Castelfranco In Miscano,Santa Croce Del Sannio,79.83833333333334
Castelfranco In Miscano,Sassinoro,80.17833333333333
Castelfranco In Miscano,Solopaca,72.49333333333334
Castelfranco In Miscano,Telese Terme,74.08833333333334
Castelfranco In Miscano,Tocco Caudio,72.06666666666666
Castelpagano,Airola,81.295
Castelpagano,Limatola,98.25333333333332
Castelpagano,San Giorgio Del Sannio,55.26833333333333
Castelpagano,San Salvatore Telesino,71.08833333333334
Castelpagano,Benevento,49.005
Castelpagano,Cerreto Sannita,65.34666666666666
Castelpagano,Ginestra Degli Schiavoni,59.05
Castelpagano,Morcone,33.88666666666667
Castelpagano,San Bartolomeo In Galdo,44.28333333333333
Castelpagano,Vitulano,58.30833333333333
Castelpagano,San Marco Dei Cavoti,22.291666666666668
Castelpagano,Torrecuso,57.34666666666667
Castelpagano,Amorosi,77.48166666666665
Castelpagano,Apice,64.02666666666667
Castelpagano,Apollosa,56.97
Castelpagano,Arpaia,79.74666666666667
Castelpagano,Arpaise,64.88333333333334
Castelpagano,Baselice,33.845
Castelpagano,Bonea,74.89166666666667
Castelpagano,Bucciano,79.39
Castelpagano,Buonalbergo,56.52666666666666
Castelpagano,Calvi,57.79833333333333
Castelpagano,Campolattaro,40.89666666666667
Castelpagano,Campoli Del Monte Taburno,60.86
Castelpagano,Casalduni,45.82666666666667
Castelpagano,Castelfranco In Miscano,59.958333333333336
Castelpagano,Castelpagano,0.0
Castelpagano,Castelpoto,62.06
Castelpagano,Castelvenere,65.705
Castelpagano,Castelvetere In Val Fortore,27.245
Castelpagano,Cautano,56.735
Castelpagano,Ceppaloni,61.545
Castelpagano,Circello,12.161666666666669
Castelpagano,Colle Sannita,6.568333333333333
Castelpagano,Cusano Mutri,76.50500000000001
Castelpagano,Dugenta,85.2
Castelpagano,Durazzano,100.415
Castelpagano,Faicchio,79.25666666666666
Castelpagano,Foglianise,54.28833333333333
Castelpagano,Foiano Di Val Fortore,32.71333333333333
Castelpagano,Forchia,82.30333333333333
Castelpagano,Fragneto Monforte,36.47833333333333
Castelpagano,Fragneto L'Abate,29.90833333333333
Castelpagano,Frasso Telesino,73.68166666666666
Castelpagano,Ginestra Degli Schiavoni,59.05
Castelpagano,Guardia Sanframondi,55.2
Castelpagano,Melizzano,74.64666666666668
Castelpagano,Moiano,82.88333333333334
Castelpagano,Molinara,29.668333333333333
Castelpagano,Montefalcone Di Val Fortore,45.13166666666667
Castelpagano,Montesarchio,69.59833333333333
Castelpagano,Paduli,56.766666666666666
Castelpagano,Pago Veiano,43.580000000000005
Castelpagano,Pannarano,66.83166666666666
Castelpagano,Paolisi,77.565
Castelpagano,Paupisi,58.855
Castelpagano,Pesco Sannita,29.53666666666667
Castelpagano,Pietraroja,57.53333333333333
Castelpagano,Pietrelcina,37.94166666666667
Castelpagano,Ponte,51.31
Castelpagano,Pontelandolfo,39.935
Castelpagano,Puglianello,74.85333333333332
Castelpagano,Reino,15.756666666666666
Castelpagano,San Bartolomeo In Galdo,44.28333333333333
Castelpagano,San Giorgio La Molara,37.155
Castelpagano,San Giorgio Del Sannio,55.26833333333333
Castelpagano,San Leucio Del Sannio,54.748333333333335
Castelpagano,San Lorenzello,67.96833333333333
Castelpagano,San Lorenzo Maggiore,56.3
Castelpagano,San Lupo,49.78333333333333
Castelpagano,San Marco Dei Cavoti,22.291666666666668
Castelpagano,San Martino Sannita,57.013333333333335
Castelpagano,San Nazzaro,60.04
Castelpagano,San Nicola Manfredi,57.12
Castelpagano,Sant'Agata De' Goti,91.07333333333332
Castelpagano,Sant'Angelo A Cupolo,58.41666666666666
Castelpagano,Sant'Arcangelo Trimonte,61.66
Castelpagano,Santa Croce Del Sannio,20.14333333333333
Castelpagano,Sassinoro,31.07333333333333
Castelpagano,Solopaca,64.635
Castelpagano,Telese Terme,66.23
Castelpagano,Tocco Caudio,63.28
Castelpoto,Airola,33.598333333333336
Castelpoto,Limatola,68.49666666666667
Castelpoto,San Giorgio Del Sannio,32.05166666666666
Castelpoto,San Salvatore Telesino,46.94166666666667
Castelpoto,Benevento,36.905
Castelpoto,Cerreto Sannita,49.48333333333333
Castelpoto,Ginestra Degli Schiavoni,66.05666666666667
Castelpoto,Morcone,47.105
Castelpoto,San Bartolomeo In Galdo,82.54833333333333
Castelpoto,Vitulano,18.025
Castelpoto,San Marco Dei Cavoti,50.586666666666666
Castelpoto,Torrecuso,23.611666666666668
Castelpoto,Amorosi,53.335
Castelpoto,Apice,44.54166666666666
Castelpoto,Apollosa,15.565
Castelpoto,Arpaia,35.333333333333336
Castelpoto,Arpaise,30.51
Castelpoto,Baselice,74.13666666666667
Castelpoto,Bonea,23.00333333333333
Castelpoto,Bucciano,29.655
Castelpoto,Buonalbergo,47.71666666666667
Castelpoto,Calvi,34.58166666666667
Castelpoto,Campolattaro,35.16166666666666
Castelpoto,Campoli Del Monte Taburno,15.486666666666668
Castelpoto,Casalduni,36.75333333333333
Castelpoto,Castelfranco In Miscano,68.76333333333334
Castelpoto,Castelpagano,62.43833333333334
Castelpoto,Castelpoto,0.0
Castelpoto,Castelvenere,45.745
Castelpoto,Castelvetere In Val Fortore,81.87666666666668
Castelpoto,Cautano,16.451666666666668
Castelpoto,Ceppaloni,32.545
Castelpoto,Circello,60.63
Castelpoto,Colle Sannita,57.266666666666666
Castelpoto,Cusano Mutri,66.295
Castelpoto,Dugenta,56.736666666666665
Castelpoto,Durazzano,55.016666666666666
Castelpoto,Faicchio,56.05333333333333
Castelpoto,Foglianise,14.005
Castelpoto,Foiano Di Val Fortore,68.03333333333333
Castelpoto,Forchia,37.89
Castelpoto,Fragneto Monforte,32.79833333333333
Castelpoto,Fragneto L'Abate,37.955000000000005
Castelpoto,Frasso Telesino,38.31166666666666
Castelpoto,Ginestra Degli Schiavoni,66.05666666666667
Castelpoto,Guardia Sanframondi,43.46333333333334
Castelpoto,Melizzano,43.64833333333333
Castelpoto,Moiano,35.86666666666667
Castelpoto,Molinara,58.20333333333333
Castelpoto,Montefalcone Di Val Fortore,70.30333333333333
Castelpoto,Montesarchio,22.375
Castelpoto,Paduli,37.365
Castelpoto,Pago Veiano,45.14666666666667
Castelpoto,Pannarano,32.458333333333336
Castelpoto,Paolisi,33.151666666666664
Castelpoto,Paupisi,27.113333333333333
Castelpoto,Pesco Sannita,36.77666666666666
Castelpoto,Pietraroja,70.75166666666668
Castelpoto,Pietrelcina,36.15333333333333
Castelpoto,Ponte,26.46333333333333
Castelpoto,Pontelandolfo,39.3
Castelpoto,Puglianello,50.70666666666667
Castelpoto,Reino,46.98833333333334
Castelpoto,San Bartolomeo In Galdo,82.54833333333333
Castelpoto,San Giorgio La Molara,59.35
Castelpoto,San Giorgio Del Sannio,32.05166666666666
Castelpoto,San Leucio Del Sannio,22.516666666666666
Castelpoto,San Lorenzello,52.445
Castelpoto,San Lorenzo Maggiore,39.29333333333333
Castelpoto,San Lupo,44.91
Castelpoto,San Marco Dei Cavoti,50.586666666666666
Castelpoto,San Martino Sannita,32.498333333333335
Castelpoto,San Nazzaro,36.82333333333334
Castelpoto,San Nicola Manfredi,32.605
Castelpoto,Sant'Agata De' Goti,45.935
Castelpoto,Sant'Angelo A Cupolo,32.38166666666667
Castelpoto,Sant'Arcangelo Trimonte,46.263333333333335
Castelpoto,Santa Croce Del Sannio,48.035
Castelpoto,Sassinoro,46.89
Castelpoto,Solopaca,40.48833333333334
Castelpoto,Telese Terme,42.083333333333336
Castelpoto,Tocco Caudio,18.486666666666668
Castelvenere,Airola,42.56666666666667
Castelvenere,Limatola,38.8
Castelvenere,San Giorgio Del Sannio,45.435
Castelvenere,San Salvatore Telesino,11.23
Castelvenere,Benevento,34.18333333333333
Castelvenere,Cerreto Sannita,12.781666666666666
Castelvenere,Ginestra Degli Schiavoni,75.625
Castelvenere,Morcone,47.3
Castelvenere,San Bartolomeo In Galdo,91.46
Castelvenere,Vitulano,33.82
Castelvenere,San Marco Dei Cavoti,59.498333333333335
Castelvenere,Torrecuso,25.22833333333333
Castelvenere,Amorosi,18.02833333333333
Castelvenere,Apice,54.193333333333335
Castelvenere,Apollosa,45.905
Castelvenere,Arpaia,48.51
Castelvenere,Arpaise,53.818333333333335
Castelvenere,Baselice,83.04833333333333
Castelvenere,Bonea,50.60833333333333
Castelvenere,Bucciano,42.73333333333333
Castelvenere,Buonalbergo,57.285
Castelvenere,Calvi,47.965
Castelvenere,Campolattaro,39.97666666666667
Castelvenere,Campoli Del Monte Taburno,44.27166666666667
Castelvenere,Casalduni,29.67
Castelvenere,Castelfranco In Miscano,78.33166666666666
Castelvenere,Castelpagano,68.27166666666668
Castelvenere,Castelpoto,46.586666666666666
Castelvenere,Castelvenere,0.0
Castelvenere,Castelvetere In Val Fortore,90.78833333333334
Castelvenere,Cautano,40.14666666666667
Castelvenere,Ceppaloni,50.48
Castelvenere,Circello,69.54166666666667
Castelvenere,Colle Sannita,66.17833333333333
Castelvenere,Cusano Mutri,29.59333333333333
Castelvenere,Dugenta,24.585
Castelvenere,Durazzano,42.845
Castelvenere,Faicchio,20.341666666666665
Castelvenere,Foglianise,34.72666666666667
Castelvenere,Foiano Di Val Fortore,76.945
Castelvenere,Forchia,51.06666666666667
Castelvenere,Fragneto Monforte,38.315000000000005
Castelvenere,Fragneto L'Abate,43.47166666666667
Castelvenere,Frasso Telesino,20.125
Castelvenere,Ginestra Degli Schiavoni,75.625
Castelvenere,Guardia Sanframondi,13.041666666666666
Castelvenere,Melizzano,21.09
Castelvenere,Moiano,41.57833333333333
Castelvenere,Molinara,67.115
Castelvenere,Montefalcone Di Val Fortore,79.87166666666667
Castelvenere,Montesarchio,54.79833333333333
Castelvenere,Paduli,46.93333333333333
Castelvenere,Pago Veiano,54.05833333333333
Castelvenere,Pannarano,55.766666666666666
Castelvenere,Paolisi,46.32833333333333
Castelvenere,Paupisi,21.631666666666668
Castelvenere,Pesco Sannita,45.68833333333334
Castelvenere,Pietraroja,37.29
Castelvenere,Pietrelcina,45.065000000000005
Castelvenere,Ponte,23.746666666666663
Castelvenere,Pontelandolfo,32.38
Castelvenere,Puglianello,15.4
Castelvenere,Reino,55.9
Castelvenere,San Bartolomeo In Galdo,91.46
Castelvenere,San Giorgio La Molara,68.91833333333334
Castelvenere,San Giorgio Del Sannio,45.435
Castelvenere,San Leucio Del Sannio,43.68333333333333
Castelvenere,San Lorenzello,14.443333333333332
Castelvenere,San Lorenzo Maggiore,12.996666666666666
Castelvenere,San Lupo,17.996666666666666
Castelvenere,San Marco Dei Cavoti,59.498333333333335
Castelvenere,San Martino Sannita,47.18
Castelvenere,San Nazzaro,50.20666666666667
Castelvenere,San Nicola Manfredi,47.28666666666666
Castelvenere,Sant'Agata De' Goti,33.50333333333334
Castelvenere,Sant'Angelo A Cupolo,48.70666666666667
Castelvenere,Sant'Arcangelo Trimonte,55.83166666666667
Castelvenere,Santa Croce Del Sannio,48.23
Castelvenere,Sassinoro,47.085
Castelvenere,Solopaca,13.346666666666666
Castelvenere,Telese Terme,5.614999999999999
Castelvenere,Tocco Caudio,46.69166666666667
Castelvetere In Val Fortore,Airola,100.86
Castelvetere In Val Fortore,Limatola,117.81833333333334
Castelvetere In Val Fortore,San Giorgio Del Sannio,74.83333333333333
Castelvetere In Val Fortore,San Salvatore Telesino,90.65333333333334
Castelvetere In Val Fortore,Benevento,70.34166666666667
Castelvetere In Val Fortore,Cerreto Sannita,92.16166666666666
Castelvetere In Val Fortore,Ginestra Degli Schiavoni,59.78
Castelvetere In Val Fortore,Morcone,60.70166666666667
Castelvetere In Val Fortore,San Bartolomeo In Galdo,22.141666666666666
Castelvetere In Val Fortore,Vitulano,77.87333333333332
Castelvetere In Val Fortore,San Marco Dei Cavoti,32.35666666666667
Castelvetere In Val Fortore,Torrecuso,76.91166666666666
Castelvetere In Val Fortore,Amorosi,97.04666666666668
Castelvetere In Val Fortore,Apice,82.34333333333333
Castelvetere In Val Fortore,Apollosa,76.53500000000001
Castelvetere In Val Fortore,Arpaia,99.31166666666668
Castelvetere In Val Fortore,Arpaise,84.44833333333332
Castelvetere In Val Fortore,Baselice,21.13833333333333
Castelvetere In Val Fortore,Bonea,94.45666666666666
Castelvetere In Val Fortore,Bucciano,98.955
Castelvetere In Val Fortore,Buonalbergo,66.59166666666667
Castelvetere In Val Fortore,Calvi,77.36333333333333
Castelvetere In Val Fortore,Campolattaro,65.22166666666666
Castelvetere In Val Fortore,Campoli Del Monte Taburno,80.425
Castelvetere In Val Fortore,Casalduni,68.62166666666667
Castelvetere In Val Fortore,Castelfranco In Miscano,55.748333333333335
Castelvetere In Val Fortore,Castelpagano,27.275
Castelvetere In Val Fortore,Castelpoto,81.625
Castelvetere In Val Fortore,Castelvenere,89.45666666666666
Castelvetere In Val Fortore,Castelvetere In Val Fortore,0.0
Castelvetere In Val Fortore,Cautano,76.3
Castelvetere In Val Fortore,Ceppaloni,81.11
Castelvetere In Val Fortore,Circello,31.726666666666667
Castelvetere In Val Fortore,Colle Sannita,26.133333333333333
Castelvetere In Val Fortore,Cusano Mutri,103.32
Castelvetere In Val Fortore,Dugenta,104.765
Castelvetere In Val Fortore,Durazzano,119.98
Castelvetere In Val Fortore,Faicchio,99.765
Castelvetere In Val Fortore,Foglianise,73.85333333333332
Castelvetere In Val Fortore,Foiano Di Val Fortore,31.271666666666665
Castelvetere In Val Fortore,Forchia,101.86833333333334
Castelvetere In Val Fortore,Fragneto Monforte,56.04333333333333
Castelvetere In Val Fortore,Fragneto L'Abate,49.473333333333336
Castelvetere In Val Fortore,Frasso Telesino,93.24666666666668
Castelvetere In Val Fortore,Ginestra Degli Schiavoni,59.78
Castelvetere In Val Fortore,Guardia Sanframondi,82.015
Castelvetere In Val Fortore,Melizzano,94.21166666666666
Castelvetere In Val Fortore,Moiano,102.44833333333332
Castelvetere In Val Fortore,Molinara,39.73333333333333
Castelvetere In Val Fortore,Montefalcone Di Val Fortore,46.513333333333335
Castelvetere In Val Fortore,Montesarchio,89.16333333333334
Castelvetere In Val Fortore,Paduli,70.76333333333334
Castelvetere In Val Fortore,Pago Veiano,53.645
Castelvetere In Val Fortore,Pannarano,86.39666666666668
Castelvetere In Val Fortore,Paolisi,97.13
Castelvetere In Val Fortore,Paupisi,78.42
Castelvetere In Val Fortore,Pesco Sannita,49.10166666666667
Castelvetere In Val Fortore,Pietraroja,84.34833333333333
Castelvetere In Val Fortore,Pietrelcina,57.50666666666667
Castelvetere In Val Fortore,Ponte,70.875
Castelvetere In Val Fortore,Pontelandolfo,66.75
Castelvetere In Val Fortore,Puglianello,94.41833333333334
Castelvetere In Val Fortore,Reino,35.32166666666667
Castelvetere In Val Fortore,San Bartolomeo In Galdo,22.141666666666666
Castelvetere In Val Fortore,San Giorgio La Molara,47.22
Castelvetere In Val Fortore,San Giorgio Del Sannio,74.83333333333333
Castelvetere In Val Fortore,San Leucio Del Sannio,74.31333333333333
Castelvetere In Val Fortore,San Lorenzello,94.78333333333332
Castelvetere In Val Fortore,San Lorenzo Maggiore,83.00500000000001
Castelvetere In Val Fortore,San Lupo,76.59833333333333
Castelvetere In Val Fortore,San Marco Dei Cavoti,32.35666666666667
Castelvetere In Val Fortore,San Martino Sannita,76.57833333333333
Castelvetere In Val Fortore,San Nazzaro,79.605
Castelvetere In Val Fortore,San Nicola Manfredi,76.685
Castelvetere In Val Fortore,Sant'Agata De' Goti,110.63833333333334
Castelvetere In Val Fortore,Sant'Angelo A Cupolo,77.98166666666665
Castelvetere In Val Fortore,Sant'Arcangelo Trimonte,71.725
Castelvetere In Val Fortore,Santa Croce Del Sannio,46.958333333333336
Castelvetere In Val Fortore,Sassinoro,57.888333333333335
Castelvetere In Val Fortore,Solopaca,84.2
Castelvetere In Val Fortore,Telese Terme,85.795
Castelvetere In Val Fortore,Tocco Caudio,82.845
Cautano,Airola,33.58833333333333
Cautano,Limatola,54.79
Cautano,San Giorgio Del Sannio,34.04833333333333
Cautano,San Salvatore Telesino,42.45333333333333
Cautano,Benevento,33.115
Cautano,Cerreto Sannita,44.78
Cautano,Ginestra Degli Schiavoni,64.23833333333333
Cautano,Morcone,43.315000000000005
Cautano,San Bartolomeo In Galdo,78.75833333333334
Cautano,Vitulano,8.886666666666667
Cautano,San Marco Dei Cavoti,46.79666666666667
Cautano,Torrecuso,17.88
Cautano,Amorosi,36.155
Cautano,Apice,42.806666666666665
Cautano,Apollosa,24.12833333333333
Cautano,Arpaia,36.10333333333333
Cautano,Arpaise,41.445
Cautano,Baselice,70.34666666666666
Cautano,Bonea,21.82
Cautano,Bucciano,29.645
Cautano,Buonalbergo,45.89833333333333
Cautano,Calvi,36.57833333333333
Cautano,Campolattaro,31.371666666666663
Cautano,Campoli Del Monte Taburno,7.213333333333334
Cautano,Casalduni,32.96333333333333
Cautano,Castelfranco In Miscano,66.945
Cautano,Castelpagano,58.64833333333333
Cautano,Castelpoto,17.936666666666667
Cautano,Castelvenere,41.12833333333333
Cautano,Castelvetere In Val Fortore,78.08666666666666
Cautano,Cautano,0.0
Cautano,Ceppaloni,39.29666666666667
Cautano,Circello,56.84
Cautano,Colle Sannita,53.47666666666667
Cautano,Cusano Mutri,61.59166666666667
Cautano,Dugenta,40.37166666666667
Cautano,Durazzano,47.748333333333335
Cautano,Faicchio,51.565000000000005
Cautano,Foglianise,8.268333333333334
Cautano,Foiano Di Val Fortore,64.24333333333333
Cautano,Forchia,38.66
Cautano,Fragneto Monforte,29.008333333333333
Cautano,Fragneto L'Abate,34.165
Cautano,Frasso Telesino,21.946666666666665
Cautano,Ginestra Degli Schiavoni,64.23833333333333
Cautano,Guardia Sanframondi,38.76
Cautano,Melizzano,27.28333333333333
Cautano,Moiano,35.85666666666667
Cautano,Molinara,54.41333333333333
Cautano,Montefalcone Di Val Fortore,68.485
Cautano,Montesarchio,24.33
Cautano,Paduli,35.54666666666667
Cautano,Pago Veiano,41.35666666666667
Cautano,Pannarano,36.32833333333333
Cautano,Paolisi,33.92166666666667
Cautano,Paupisi,20.773333333333333
Cautano,Pesco Sannita,32.986666666666665
Cautano,Pietraroja,66.96166666666666
Cautano,Pietrelcina,32.36333333333333
Cautano,Ponte,22.673333333333336
Cautano,Pontelandolfo,35.51
Cautano,Puglianello,41.15166666666666
Cautano,Reino,43.19833333333334
Cautano,San Bartolomeo In Galdo,78.75833333333334
Cautano,San Giorgio La Molara,57.531666666666666
Cautano,San Giorgio Del Sannio,34.04833333333333
Cautano,San Leucio Del Sannio,32.5
Cautano,San Lorenzello,47.74166666666667
Cautano,San Lorenzo Maggiore,34.59
Cautano,San Lupo,40.690000000000005
Cautano,San Marco Dei Cavoti,46.79666666666667
Cautano,San Martino Sannita,35.79333333333333
Cautano,San Nazzaro,38.82
Cautano,San Nicola Manfredi,35.9
Cautano,Sant'Agata De' Goti,38.406666666666666
Cautano,Sant'Angelo A Cupolo,37.11666666666667
Cautano,Sant'Arcangelo Trimonte,44.445
Cautano,Santa Croce Del Sannio,44.245
Cautano,Sassinoro,43.1
Cautano,Solopaca,31.526666666666664
Cautano,Telese Terme,37.44833333333334
Cautano,Tocco Caudio,8.806666666666667
Ceppaloni,Airola,34.75333333333333
Ceppaloni,Limatola,68.59333333333333
Ceppaloni,San Giorgio Del Sannio,28.773333333333333
Ceppaloni,San Salvatore Telesino,52.556666666666665
Ceppaloni,Benevento,44.325
Ceppaloni,Cerreto Sannita,55.098333333333336
Ceppaloni,Ginestra Degli Schiavoni,62.77833333333333
Ceppaloni,Morcone,54.00333333333333
Ceppaloni,San Bartolomeo In Galdo,82.46166666666666
Ceppaloni,Vitulano,39.035
Ceppaloni,San Marco Dei Cavoti,50.5
Ceppaloni,Torrecuso,38.815000000000005
Ceppaloni,Amorosi,58.95
Ceppaloni,Apice,41.263333333333335
Ceppaloni,Apollosa,20.90666666666667
Ceppaloni,Arpaia,32.81666666666667
Ceppaloni,Arpaise,6.503333333333333
Ceppaloni,Baselice,74.05
Ceppaloni,Bonea,30.38
Ceppaloni,Bucciano,34.87833333333333
Ceppaloni,Buonalbergo,44.43833333333334
Ceppaloni,Calvi,31.30333333333333
Ceppaloni,Campolattaro,42.06
Ceppaloni,Campoli Del Monte Taburno,37.93833333333334
Ceppaloni,Casalduni,42.625
Ceppaloni,Castelfranco In Miscano,65.485
Ceppaloni,Castelpagano,62.35166666666667
Ceppaloni,Castelpoto,32.625
Ceppaloni,Castelvenere,51.36
Ceppaloni,Castelvetere In Val Fortore,81.78999999999999
Ceppaloni,Cautano,37.461666666666666
Ceppaloni,Ceppaloni,0.0
Ceppaloni,Circello,60.54333333333333
Ceppaloni,Colle Sannita,57.18
Ceppaloni,Cusano Mutri,71.91000000000001
Ceppaloni,Dugenta,57.22833333333333
Ceppaloni,Durazzano,55.10333333333333
Ceppaloni,Faicchio,61.66833333333333
Ceppaloni,Foglianise,35.015
Ceppaloni,Foiano Di Val Fortore,67.94666666666667
Ceppaloni,Forchia,35.373333333333335
Ceppaloni,Fragneto Monforte,39.69666666666667
Ceppaloni,Fragneto L'Abate,41.04833333333333
Ceppaloni,Frasso Telesino,51.645
Ceppaloni,Ginestra Degli Schiavoni,62.77833333333333
Ceppaloni,Guardia Sanframondi,49.07833333333333
Ceppaloni,Melizzano,56.115
Ceppaloni,Moiano,35.95333333333333
Ceppaloni,Molinara,57.37
Ceppaloni,Montefalcone Di Val Fortore,67.025
Ceppaloni,Montesarchio,25.086666666666662
Ceppaloni,Paduli,34.086666666666666
Ceppaloni,Pago Veiano,45.06
Ceppaloni,Pannarano,17.301666666666666
Ceppaloni,Paolisi,30.635
Ceppaloni,Paupisi,40.32333333333334
Ceppaloni,Pesco Sannita,36.690000000000005
Ceppaloni,Pietraroja,77.65
Ceppaloni,Pietrelcina,36.06666666666667
Ceppaloni,Ponte,33.888333333333335
Ceppaloni,Pontelandolfo,46.19833333333334
Ceppaloni,Puglianello,56.32166666666667
Ceppaloni,Reino,46.90166666666666
Ceppaloni,San Bartolomeo In Galdo,82.46166666666666
Ceppaloni,San Giorgio La Molara,56.07166666666667
Ceppaloni,San Giorgio Del Sannio,28.773333333333333
Ceppaloni,San Leucio Del Sannio,10.976666666666668
Ceppaloni,San Lorenzello,58.06
Ceppaloni,San Lorenzo Maggiore,44.90833333333333
Ceppaloni,San Lupo,50.525
Ceppaloni,San Marco Dei Cavoti,50.5
Ceppaloni,San Martino Sannita,26.571666666666665
Ceppaloni,San Nazzaro,30.246666666666663
Ceppaloni,San Nicola Manfredi,23.576666666666664
Ceppaloni,Sant'Agata De' Goti,46.02166666666667
Ceppaloni,Sant'Angelo A Cupolo,18.425
Ceppaloni,Sant'Arcangelo Trimonte,42.985
Ceppaloni,Santa Croce Del Sannio,54.93333333333333
Ceppaloni,Sassinoro,53.78833333333333
Ceppaloni,Solopaca,46.10333333333333
Ceppaloni,Telese Terme,47.69833333333334
Ceppaloni,Tocco Caudio,39.50666666666667
Circello,Airola,80.15
Circello,Limatola,97.10833333333332
Circello,San Giorgio Del Sannio,54.123333333333335
Circello,San Salvatore Telesino,69.94333333333334
Circello,Benevento,49.04833333333333
Circello,Cerreto Sannita,70.855
Circello,Ginestra Degli Schiavoni,61.60666666666667
Circello,Morcone,39.395
Circello,San Bartolomeo In Galdo,49.09166666666667
Circello,Vitulano,57.16333333333333
Circello,San Marco Dei Cavoti,23.461666666666662
Circello,Torrecuso,56.20166666666667
Circello,Amorosi,76.33666666666666
Circello,Apice,62.88166666666667
Circello,Apollosa,55.825
Circello,Arpaia,78.60166666666667
Circello,Arpaise,63.73833333333334
Circello,Baselice,36.40166666666666
Circello,Bonea,73.74666666666667
Circello,Bucciano,78.24499999999999
Circello,Buonalbergo,56.87833333333333
Circello,Calvi,56.65333333333333
Circello,Campolattaro,34.64833333333333
Circello,Campoli Del Monte Taburno,59.715
Circello,Casalduni,45.87
Circello,Castelfranco In Miscano,62.515
Circello,Castelpagano,12.856666666666666
Circello,Castelpoto,60.915
Circello,Castelvenere,68.74666666666667
Circello,Castelvetere In Val Fortore,32.295
Circello,Cautano,55.59
Circello,Ceppaloni,60.4
Circello,Circello,0.0
Circello,Colle Sannita,7.685
Circello,Cusano Mutri,82.01333333333334
Circello,Dugenta,84.055
Circello,Durazzano,99.27
Circello,Faicchio,79.055
Circello,Foglianise,53.14333333333333
Circello,Foiano Di Val Fortore,35.27
Circello,Forchia,81.15833333333333
Circello,Fragneto Monforte,35.333333333333336
Circello,Fragneto L'Abate,28.76333333333333
Circello,Frasso Telesino,72.53666666666666
Circello,Ginestra Degli Schiavoni,61.60666666666667
Circello,Guardia Sanframondi,60.708333333333336
Circello,Melizzano,73.50166666666668
Circello,Moiano,81.73833333333333
Circello,Molinara,31.078333333333333
Circello,Montefalcone Di Val Fortore,47.68833333333334
Circello,Montesarchio,68.45333333333333
Circello,Paduli,55.62166666666667
Circello,Pago Veiano,43.36666666666667
Circello,Pannarano,65.68666666666667
Circello,Paolisi,76.42
Circello,Paupisi,57.71
Circello,Pesco Sannita,28.391666666666666
Circello,Pietraroja,63.04166666666666
Circello,Pietrelcina,36.79666666666667
Circello,Ponte,50.165
Circello,Pontelandolfo,45.443333333333335
Circello,Puglianello,73.70833333333333
Circello,Reino,14.611666666666668
Circello,San Bartolomeo In Galdo,49.09166666666667
Circello,San Giorgio La Molara,39.711666666666666
Circello,San Giorgio Del Sannio,54.123333333333335
Circello,San Leucio Del Sannio,53.60333333333333
Circello,San Lorenzello,73.47666666666667
Circello,San Lorenzo Maggiore,61.80833333333333
Circello,San Lupo,55.29166666666666
Circello,San Marco Dei Cavoti,23.461666666666662
Circello,San Martino Sannita,55.86833333333333
Circello,San Nazzaro,58.895
Circello,San Nicola Manfredi,55.975
Circello,Sant'Agata De' Goti,89.92833333333333
Circello,Sant'Angelo A Cupolo,57.27166666666667
Circello,Sant'Arcangelo Trimonte,62.01166666666666
Circello,Santa Croce Del Sannio,25.651666666666664
Circello,Sassinoro,36.58166666666667
Circello,Solopaca,63.49
Circello,Telese Terme,65.085
Circello,Tocco Caudio,62.135
Colle Sannita,Airola,76.59333333333333
Colle Sannita,Limatola,93.55166666666668
Colle Sannita,San Giorgio Del Sannio,50.56666666666667
Colle Sannita,San Salvatore Telesino,66.38666666666667
Colle Sannita,Benevento,46.075
Colle Sannita,Cerreto Sannita,68.92833333333333
Colle Sannita,Ginestra Degli Schiavoni,55.22833333333333
Colle Sannita,Morcone,39.97833333333333
Colle Sannita,San Bartolomeo In Galdo,42.71333333333334
Colle Sannita,Vitulano,53.60666666666667
Colle Sannita,San Marco Dei Cavoti,18.47
Colle Sannita,Torrecuso,52.645
Colle Sannita,Amorosi,72.78
Colle Sannita,Apice,59.325
Colle Sannita,Apollosa,52.26833333333333
Colle Sannita,Arpaia,75.045
Colle Sannita,Arpaise,60.181666666666665
Colle Sannita,Baselice,30.023333333333333
Colle Sannita,Bonea,70.19
Colle Sannita,Bucciano,74.68833333333333
Colle Sannita,Buonalbergo,52.705000000000005
Colle Sannita,Calvi,53.09666666666667
Colle Sannita,Campolattaro,40.955000000000005
Colle Sannita,Campoli Del Monte Taburno,56.15833333333333
Colle Sannita,Casalduni,44.355
Colle Sannita,Castelfranco In Miscano,56.13666666666666
Colle Sannita,Castelpagano,6.4783333333333335
Colle Sannita,Castelpoto,57.35833333333333
Colle Sannita,Castelvenere,65.19
Colle Sannita,Castelvetere In Val Fortore,25.916666666666668
Colle Sannita,Cautano,52.03333333333333
Colle Sannita,Ceppaloni,56.84333333333333
Colle Sannita,Circello,7.46
Colle Sannita,Colle Sannita,0.0
Colle Sannita,Cusano Mutri,82.59666666666666
Colle Sannita,Dugenta,80.49833333333332
Colle Sannita,Durazzano,95.71333333333334
Colle Sannita,Faicchio,75.49833333333332
Colle Sannita,Foglianise,49.586666666666666
Colle Sannita,Foiano Di Val Fortore,28.891666666666666
Colle Sannita,Forchia,77.60166666666667
Colle Sannita,Fragneto Monforte,31.776666666666664
Colle Sannita,Fragneto L'Abate,25.206666666666667
Colle Sannita,Frasso Telesino,68.98
Colle Sannita,Ginestra Degli Schiavoni,55.22833333333333
Colle Sannita,Guardia Sanframondi,60.35833333333333
Colle Sannita,Melizzano,69.945
Colle Sannita,Moiano,78.18166666666666
Colle Sannita,Molinara,25.846666666666668
Colle Sannita,Montefalcone Di Val Fortore,41.31
Colle Sannita,Montesarchio,64.89666666666668
Colle Sannita,Paduli,52.065000000000005
Colle Sannita,Pago Veiano,39.75833333333333
Colle Sannita,Pannarano,62.13
Colle Sannita,Paolisi,72.86333333333333
Colle Sannita,Paupisi,54.15333333333333
Colle Sannita,Pesco Sannita,24.835
Colle Sannita,Pietraroja,63.625
Colle Sannita,Pietrelcina,33.24
Colle Sannita,Ponte,46.60833333333333
Colle Sannita,Pontelandolfo,45.09333333333333
Colle Sannita,Puglianello,70.15166666666667
Colle Sannita,Reino,11.055
Colle Sannita,San Bartolomeo In Galdo,42.71333333333334
Colle Sannita,San Giorgio La Molara,33.333333333333336
Colle Sannita,San Giorgio Del Sannio,50.56666666666667
Colle Sannita,San Leucio Del Sannio,50.04666666666667
Colle Sannita,San Lorenzello,71.89
Colle Sannita,San Lorenzo Maggiore,58.73833333333334
Colle Sannita,San Lupo,54.94166666666667
Colle Sannita,San Marco Dei Cavoti,18.47
Colle Sannita,San Martino Sannita,52.31166666666666
Colle Sannita,San Nazzaro,55.33833333333334
Colle Sannita,San Nicola Manfredi,52.41833333333333
Colle Sannita,Sant'Agata De' Goti,86.37166666666667
Colle Sannita,Sant'Angelo A Cupolo,53.715
Colle Sannita,Sant'Arcangelo Trimonte,57.83833333333334
Colle Sannita,Santa Croce Del Sannio,26.235
Colle Sannita,Sassinoro,37.165
Colle Sannita,Solopaca,59.93333333333333
Colle Sannita,Telese Terme,61.52833333333333
Colle Sannita,Tocco Caudio,58.57833333333333
Cusano Mutri,Airola,67.14166666666667
Cusano Mutri,Limatola,60.82
Cusano Mutri,San Giorgio Del Sannio,64.87666666666667
Cusano Mutri,San Salvatore Telesino,30.78166666666667
Cusano Mutri,Benevento,50.66
Cusano Mutri,Cerreto Sannita,16.426666666666666
Cusano Mutri,Ginestra Degli Schiavoni,95.06666666666666
Cusano Mutri,Morcone,43.86666666666667
Cusano Mutri,San Bartolomeo In Galdo,110.90166666666669
Cusano Mutri,Vitulano,54.54166666666666
Cusano Mutri,San Marco Dei Cavoti,78.94
Cusano Mutri,Torrecuso,44.48
Cusano Mutri,Amorosi,40.04833333333333
Cusano Mutri,Apice,73.635
Cusano Mutri,Apollosa,65.34666666666666
Cusano Mutri,Arpaia,73.08500000000001
Cusano Mutri,Arpaise,73.26
Cusano Mutri,Baselice,102.49
Cusano Mutri,Bonea,75.18333333333334
Cusano Mutri,Bucciano,67.30833333333334
Cusano Mutri,Buonalbergo,76.72666666666667
Cusano Mutri,Calvi,67.40666666666667
Cusano Mutri,Campolattaro,53.62166666666667
Cusano Mutri,Campoli Del Monte Taburno,63.58166666666667
Cusano Mutri,Casalduni,43.315000000000005
Cusano Mutri,Castelfranco In Miscano,97.77333333333333
Cusano Mutri,Castelpagano,75.32
Cusano Mutri,Castelpoto,66.02833333333334
Cusano Mutri,Castelvenere,26.66
Cusano Mutri,Castelvetere In Val Fortore,102.25333333333332
Cusano Mutri,Cautano,59.45666666666667
Cusano Mutri,Ceppaloni,69.92166666666667
Cusano Mutri,Circello,81.60833333333333
Cusano Mutri,Colle Sannita,81.71666666666667
Cusano Mutri,Cusano Mutri,0.0
Cusano Mutri,Dugenta,49.51833333333333
Cusano Mutri,Durazzano,67.77833333333334
Cusano Mutri,Faicchio,31.84
Cusano Mutri,Foglianise,53.97833333333333
Cusano Mutri,Foiano Di Val Fortore,96.38666666666668
Cusano Mutri,Forchia,75.64166666666667
Cusano Mutri,Fragneto Monforte,57.75666666666667
Cusano Mutri,Fragneto L'Abate,62.91333333333333
Cusano Mutri,Frasso Telesino,44.7
Cusano Mutri,Ginestra Degli Schiavoni,95.06666666666666
Cusano Mutri,Guardia Sanframondi,26.226666666666667
Cusano Mutri,Melizzano,45.665
Cusano Mutri,Moiano,66.15333333333334
Cusano Mutri,Molinara,86.55666666666666
Cusano Mutri,Montefalcone Di Val Fortore,99.31333333333332
Cusano Mutri,Montesarchio,77.975
Cusano Mutri,Paduli,66.375
Cusano Mutri,Pago Veiano,73.5
Cusano Mutri,Pannarano,75.20833333333333
Cusano Mutri,Paolisi,70.90333333333334
Cusano Mutri,Paupisi,40.88333333333333
Cusano Mutri,Pesco Sannita,65.13000000000001
Cusano Mutri,Pietraroja,19.105
Cusano Mutri,Pietrelcina,64.50666666666667
Cusano Mutri,Ponte,43.18833333333334
Cusano Mutri,Pontelandolfo,46.025
Cusano Mutri,Puglianello,38.23833333333334
Cusano Mutri,Reino,75.34166666666667
Cusano Mutri,San Bartolomeo In Galdo,110.90166666666669
Cusano Mutri,San Giorgio La Molara,88.36
Cusano Mutri,San Giorgio Del Sannio,64.87666666666667
Cusano Mutri,San Leucio Del Sannio,63.125
Cusano Mutri,San Lorenzello,20.44
Cusano Mutri,San Lorenzo Maggiore,28.18
Cusano Mutri,San Lupo,31.641666666666666
Cusano Mutri,San Marco Dei Cavoti,78.94
Cusano Mutri,San Martino Sannita,66.62166666666667
Cusano Mutri,San Nazzaro,69.64833333333333
Cusano Mutri,San Nicola Manfredi,66.72833333333332
Cusano Mutri,Sant'Agata De' Goti,58.43666666666666
Cusano Mutri,Sant'Angelo A Cupolo,68.14833333333334
Cusano Mutri,Sant'Arcangelo Trimonte,75.27333333333333
Cusano Mutri,Santa Croce Del Sannio,55.27833333333333
Cusano Mutri,Sassinoro,53.766666666666666
Cusano Mutri,Solopaca,35.65333333333333
Cusano Mutri,Telese Terme,31.166666666666668
Cusano Mutri,Tocco Caudio,66.00166666666667
Dugenta,Airola,28.06
Dugenta,Limatola,14.418333333333331
Dugenta,San Giorgio Del Sannio,61.35833333333333
Dugenta,San Salvatore Telesino,20.41166666666667
Dugenta,Benevento,50.10666666666667
Dugenta,Cerreto Sannita,34.65333333333333
Dugenta,Ginestra Degli Schiavoni,91.54833333333332
Dugenta,Morcone,68.545
Dugenta,San Bartolomeo In Galdo,107.38333333333334
Dugenta,Vitulano,45.89666666666667
Dugenta,San Marco Dei Cavoti,75.42166666666667
Dugenta,Torrecuso,41.15166666666666
Dugenta,Amorosi,15.866666666666667
Dugenta,Apice,70.11666666666666
Dugenta,Apollosa,53.37
Dugenta,Arpaia,34.00333333333334
Dugenta,Arpaise,51.26
Dugenta,Baselice,98.97166666666666
Dugenta,Bonea,36.10166666666667
Dugenta,Bucciano,28.226666666666667
Dugenta,Buonalbergo,73.20833333333333
Dugenta,Calvi,63.888333333333335
Dugenta,Campolattaro,56.60166666666667
Dugenta,Campoli Del Monte Taburno,45.083333333333336
Dugenta,Casalduni,48.406666666666666
Dugenta,Castelfranco In Miscano,94.255
Dugenta,Castelpagano,87.27333333333333
Dugenta,Castelpoto,56.72833333333333
Dugenta,Castelvenere,25.421666666666667
Dugenta,Castelvetere In Val Fortore,106.71166666666666
Dugenta,Cautano,40.905
Dugenta,Ceppaloni,57.07166666666667
Dugenta,Circello,85.46499999999999
Dugenta,Colle Sannita,82.10166666666667
Dugenta,Cusano Mutri,51.465
Dugenta,Dugenta,0.0
Dugenta,Durazzano,24.896666666666665
Dugenta,Faicchio,27.71
Dugenta,Foglianise,47.06
Dugenta,Foiano Di Val Fortore,92.86833333333334
Dugenta,Forchia,36.56
Dugenta,Fragneto Monforte,54.23833333333334
Dugenta,Fragneto L'Abate,59.395
Dugenta,Frasso Telesino,18.651666666666664
Dugenta,Ginestra Degli Schiavoni,91.54833333333332
Dugenta,Guardia Sanframondi,34.913333333333334
Dugenta,Melizzano,14.426666666666668
Dugenta,Moiano,25.886666666666667
Dugenta,Molinara,83.03833333333334
Dugenta,Montefalcone Di Val Fortore,95.795
Dugenta,Montesarchio,40.29166666666666
Dugenta,Paduli,62.85666666666667
Dugenta,Pago Veiano,69.98166666666665
Dugenta,Pannarano,45.75833333333333
Dugenta,Paolisi,31.821666666666665
Dugenta,Paupisi,37.555
Dugenta,Pesco Sannita,61.611666666666665
Dugenta,Pietraroja,59.16166666666666
Dugenta,Pietrelcina,60.98833333333334
Dugenta,Ponte,39.67
Dugenta,Pontelandolfo,54.251666666666665
Dugenta,Puglianello,18.37333333333333
Dugenta,Reino,71.82333333333332
Dugenta,San Bartolomeo In Galdo,107.38333333333334
Dugenta,San Giorgio La Molara,84.84166666666667
Dugenta,San Giorgio Del Sannio,61.35833333333333
Dugenta,San Leucio Del Sannio,59.60666666666667
Dugenta,San Lorenzello,32.015
Dugenta,San Lorenzo Maggiore,34.86833333333333
Dugenta,San Lupo,39.86833333333333
Dugenta,San Marco Dei Cavoti,75.42166666666667
Dugenta,San Martino Sannita,63.10333333333333
Dugenta,San Nazzaro,66.13000000000001
Dugenta,San Nicola Manfredi,63.21
Dugenta,Sant'Agata De' Goti,15.555
Dugenta,Sant'Angelo A Cupolo,64.63000000000001
Dugenta,Sant'Arcangelo Trimonte,71.75500000000001
Dugenta,Santa Croce Del Sannio,69.475
Dugenta,Sassinoro,68.33
Dugenta,Solopaca,23.62833333333333
Dugenta,Telese Terme,19.48166666666667
Dugenta,Tocco Caudio,45.88333333333333
Durazzano,Airola,25.42
Durazzano,Limatola,36.445
Durazzano,San Giorgio Del Sannio,71.13166666666666
Durazzano,San Salvatore Telesino,38.11833333333333
Durazzano,Benevento,64.88666666666667
Durazzano,Cerreto Sannita,52.36
Durazzano,Ginestra Degli Schiavoni,105.13666666666668
Durazzano,Morcone,83.325
Durazzano,San Bartolomeo In Galdo,122.16333333333334
Durazzano,Vitulano,54.906666666666666
Durazzano,San Marco Dei Cavoti,90.20166666666668
Durazzano,Torrecuso,55.931666666666665
Durazzano,Amorosi,33.57333333333334
Durazzano,Apice,83.62166666666667
Durazzano,Apollosa,50.63
Durazzano,Arpaia,25.765
Durazzano,Arpaise,48.973333333333336
Durazzano,Baselice,113.75166666666668
Durazzano,Bonea,33.361666666666665
Durazzano,Bucciano,26.05
Durazzano,Buonalbergo,86.79666666666667
Durazzano,Calvi,73.66166666666666
Durazzano,Campolattaro,71.38166666666666
Durazzano,Campoli Del Monte Taburno,48.535
Durazzano,Casalduni,63.18666666666666
Durazzano,Castelfranco In Miscano,107.84333333333332
Durazzano,Castelpagano,102.05333333333331
Durazzano,Castelpoto,55.22666666666667
Durazzano,Castelvenere,43.12833333333333
Durazzano,Castelvetere In Val Fortore,121.49166666666666
Durazzano,Cautano,48.295
Durazzano,Ceppaloni,54.785
Durazzano,Circello,100.245
Durazzano,Colle Sannita,96.88166666666666
Durazzano,Cusano Mutri,69.17166666666667
Durazzano,Dugenta,25.08
Durazzano,Durazzano,0.0
Durazzano,Faicchio,45.41666666666666
Durazzano,Foglianise,54.45
Durazzano,Foiano Di Val Fortore,107.64833333333333
Durazzano,Forchia,26.21
Durazzano,Fragneto Monforte,69.01833333333335
Durazzano,Fragneto L'Abate,74.175
Durazzano,Frasso Telesino,27.10666666666667
Durazzano,Ginestra Degli Schiavoni,105.13666666666668
Durazzano,Guardia Sanframondi,52.68
Durazzano,Melizzano,32.105
Durazzano,Moiano,20.89333333333333
Durazzano,Molinara,97.81833333333334
Durazzano,Montefalcone Di Val Fortore,109.38333333333334
Durazzano,Montesarchio,37.55166666666666
Durazzano,Paduli,76.445
Durazzano,Pago Veiano,84.76166666666667
Durazzano,Pannarano,43.47166666666667
Durazzano,Paolisi,29.535
Durazzano,Paupisi,52.335
Durazzano,Pesco Sannita,76.39166666666667
Durazzano,Pietraroja,76.86833333333334
Durazzano,Pietrelcina,75.76833333333335
Durazzano,Ponte,54.45
Durazzano,Pontelandolfo,70.63166666666666
Durazzano,Puglianello,36.080000000000005
Durazzano,Reino,86.60333333333332
Durazzano,San Bartolomeo In Galdo,122.16333333333334
Durazzano,San Giorgio La Molara,98.43
Durazzano,San Giorgio Del Sannio,71.13166666666666
Durazzano,San Leucio Del Sannio,58.55333333333333
Durazzano,San Lorenzello,49.72166666666667
Durazzano,San Lorenzo Maggiore,51.248333333333335
Durazzano,San Lupo,56.248333333333335
Durazzano,San Marco Dei Cavoti,90.20166666666668
Durazzano,San Martino Sannita,71.57833333333333
Durazzano,San Nazzaro,75.44166666666666
Durazzano,San Nicola Manfredi,71.685
Durazzano,Sant'Agata De' Goti,10.401666666666667
Durazzano,Sant'Angelo A Cupolo,70.82666666666667
Durazzano,Sant'Arcangelo Trimonte,85.34333333333333
Durazzano,Santa Croce Del Sannio,84.25500000000001
Durazzano,Sassinoro,83.11
Durazzano,Solopaca,37.14
Durazzano,Telese Terme,37.18833333333334
Durazzano,Tocco Caudio,50.10333333333333
Faicchio,Airola,48.31333333333334
Faicchio,Limatola,38.056666666666665
Faicchio,San Giorgio Del Sannio,54.85666666666667
Faicchio,San Salvatore Telesino,10.09
Faicchio,Benevento,43.605
Faicchio,Cerreto Sannita,16.448333333333334
Faicchio,Ginestra Degli Schiavoni,85.04666666666667
Faicchio,Morcone,57.17833333333333
Faicchio,San Bartolomeo In Galdo,100.88166666666666
Faicchio,Vitulano,43.24166666666667
Faicchio,San Marco Dei Cavoti,68.92
Faicchio,Torrecuso,34.65
Faicchio,Amorosi,16.821666666666665
Faicchio,Apice,63.615
Faicchio,Apollosa,55.32666666666667
Faicchio,Arpaia,54.25666666666667
Faicchio,Arpaise,63.24
Faicchio,Baselice,92.47
Faicchio,Bonea,56.355
Faicchio,Bucciano,48.48
Faicchio,Buonalbergo,66.70666666666666
Faicchio,Calvi,57.38666666666666
Faicchio,Campolattaro,50.1
Faicchio,Campoli Del Monte Taburno,53.693333333333335
Faicchio,Casalduni,40.935
Faicchio,Castelfranco In Miscano,87.75333333333333
Faicchio,Castelpagano,79.53666666666666
Faicchio,Castelpoto,56.00833333333333
Faicchio,Castelvenere,18.85
Faicchio,Castelvetere In Val Fortore,100.21
Faicchio,Cautano,49.568333333333335
Faicchio,Ceppaloni,59.90166666666666
Faicchio,Circello,78.96333333333334
Faicchio,Colle Sannita,75.6
Faicchio,Cusano Mutri,33.251666666666665
Faicchio,Dugenta,26.866666666666667
Faicchio,Durazzano,45.126666666666665
Faicchio,Faicchio,0.0
Faicchio,Foglianise,44.14833333333333
Faicchio,Foiano Di Val Fortore,86.36666666666666
Faicchio,Forchia,56.81333333333334
Faicchio,Fragneto Monforte,47.736666666666665
Faicchio,Fragneto L'Abate,52.89333333333333
Faicchio,Frasso Telesino,30.516666666666666
Faicchio,Ginestra Degli Schiavoni,85.04666666666667
Faicchio,Guardia Sanframondi,23.846666666666668
Faicchio,Melizzano,26.291666666666668
Faicchio,Moiano,46.11666666666667
Faicchio,Molinara,76.53666666666666
Faicchio,Montefalcone Di Val Fortore,89.29333333333334
Faicchio,Montesarchio,60.545
Faicchio,Paduli,56.355
Faicchio,Pago Veiano,63.48
Faicchio,Pannarano,65.18833333333333
Faicchio,Paolisi,52.075
Faicchio,Paupisi,31.05333333333333
Faicchio,Pesco Sannita,55.11
Faicchio,Pietraroja,40.94833333333334
Faicchio,Pietrelcina,54.486666666666665
Faicchio,Ponte,33.16833333333333
Faicchio,Pontelandolfo,43.645
Faicchio,Puglianello,13.505
Faicchio,Reino,65.32166666666667
Faicchio,San Bartolomeo In Galdo,100.88166666666666
Faicchio,San Giorgio La Molara,78.33999999999999
Faicchio,San Giorgio Del Sannio,54.85666666666667
Faicchio,San Leucio Del Sannio,53.105
Faicchio,San Lorenzello,13.71
Faicchio,San Lorenzo Maggiore,25.756666666666668
Faicchio,San Lupo,29.261666666666667
Faicchio,San Marco Dei Cavoti,68.92
Faicchio,San Martino Sannita,56.60166666666667
Faicchio,San Nazzaro,59.62833333333333
Faicchio,San Nicola Manfredi,56.708333333333336
Faicchio,Sant'Agata De' Goti,35.785
Faicchio,Sant'Angelo A Cupolo,58.12833333333333
Faicchio,Sant'Arcangelo Trimonte,65.25333333333333
Faicchio,Santa Croce Del Sannio,59.495
Faicchio,Sassinoro,58.35
Faicchio,Solopaca,23.741666666666667
Faicchio,Telese Terme,15.441666666666666
Faicchio,Tocco Caudio,56.11333333333334
Foglianise,Airola,37.29833333333333
Foglianise,Limatola,61.501666666666665
Foglianise,San Giorgio Del Sannio,30.03166666666667
Foglianise,San Salvatore Telesino,35.31666666666667
Foglianise,Benevento,27.30666666666667
Foglianise,Cerreto Sannita,37.64333333333333
Foglianise,Ginestra Degli Schiavoni,60.22166666666667
Foglianise,Morcone,39.29833333333333
Foglianise,San Bartolomeo In Galdo,74.74166666666666
Foglianise,Vitulano,8.088333333333333
Foglianise,San Marco Dei Cavoti,42.78
Foglianise,Torrecuso,10.135
Foglianise,Amorosi,41.71
Foglianise,Apice,38.79
Foglianise,Apollosa,22.495
Foglianise,Arpaia,39.81333333333334
Foglianise,Arpaise,38.61833333333333
Foglianise,Baselice,66.33
Foglianise,Bonea,25.53
Foglianise,Bucciano,33.355
Foglianise,Buonalbergo,41.88166666666667
Foglianise,Calvi,32.56166666666667
Foglianise,Campolattaro,27.355
Foglianise,Campoli Del Monte Taburno,10.923333333333334
Foglianise,Casalduni,25.60666666666667
Foglianise,Castelfranco In Miscano,62.92833333333333
Foglianise,Castelpagano,54.63166666666667
Foglianise,Castelpoto,13.92
Foglianise,Castelvenere,34.12
Foglianise,Castelvetere In Val Fortore,74.07
Foglianise,Cautano,6.798333333333333
Foglianise,Ceppaloni,35.28
Foglianise,Circello,52.82333333333334
Foglianise,Colle Sannita,49.46
Foglianise,Cusano Mutri,54.455000000000005
Foglianise,Dugenta,47.083333333333336
Foglianise,Durazzano,54.46
Foglianise,Faicchio,44.42833333333333
Foglianise,Foglianise,0.0
Foglianise,Foiano Di Val Fortore,60.22666666666667
Foglianise,Forchia,42.37
Foglianise,Fragneto Monforte,24.991666666666667
Foglianise,Fragneto L'Abate,30.148333333333333
Foglianise,Frasso Telesino,28.65833333333333
Foglianise,Ginestra Degli Schiavoni,60.22166666666667
Foglianise,Guardia Sanframondi,31.62333333333333
Foglianise,Melizzano,33.995
Foglianise,Moiano,39.56666666666667
Foglianise,Molinara,50.39666666666667
Foglianise,Montefalcone Di Val Fortore,64.46833333333333
Foglianise,Montesarchio,28.040000000000003
Foglianise,Paduli,31.53
Foglianise,Pago Veiano,37.34
Foglianise,Pannarano,40.03833333333333
Foglianise,Paolisi,37.63166666666667
Foglianise,Paupisi,13.636666666666668
Foglianise,Pesco Sannita,28.97
Foglianise,Pietraroja,62.15166666666666
Foglianise,Pietrelcina,28.346666666666668
Foglianise,Ponte,16.87
Foglianise,Pontelandolfo,31.49333333333333
Foglianise,Puglianello,39.08166666666667
Foglianise,Reino,39.181666666666665
Foglianise,San Bartolomeo In Galdo,74.74166666666666
Foglianise,San Giorgio La Molara,53.515
Foglianise,San Giorgio Del Sannio,30.03166666666667
Foglianise,San Leucio Del Sannio,28.48333333333333
Foglianise,San Lorenzello,40.605
Foglianise,San Lorenzo Maggiore,27.453333333333333
Foglianise,San Lupo,33.50666666666667
Foglianise,San Marco Dei Cavoti,42.78
Foglianise,San Martino Sannita,31.776666666666664
Foglianise,San Nazzaro,34.80333333333333
Foglianise,San Nicola Manfredi,31.883333333333333
Foglianise,Sant'Agata De' Goti,45.11833333333333
Foglianise,Sant'Angelo A Cupolo,33.1
Foglianise,Sant'Arcangelo Trimonte,40.42833333333333
Foglianise,Santa Croce Del Sannio,40.22833333333333
Foglianise,Sassinoro,39.083333333333336
Foglianise,Solopaca,28.863333333333333
Foglianise,Telese Terme,30.45833333333333
Foglianise,Tocco Caudio,13.343333333333334
Foiano Di Val Fortore,Airola,87.50500000000001
Foiano Di Val Fortore,Limatola,104.46333333333334
Foiano Di Val Fortore,San Giorgio Del Sannio,61.47833333333333
Foiano Di Val Fortore,San Salvatore Telesino,77.29833333333333
Foiano Di Val Fortore,Benevento,58.985
Foiano Di Val Fortore,Cerreto Sannita,79.83999999999999
Foiano Di Val Fortore,Ginestra Degli Schiavoni,32.45666666666667
Foiano Di Val Fortore,Morcone,65.80833333333334
Foiano Di Val Fortore,San Bartolomeo In Galdo,15.295
Foiano Di Val Fortore,Vitulano,64.51833333333333
Foiano Di Val Fortore,San Marco Dei Cavoti,18.355
Foiano Di Val Fortore,Torrecuso,63.556666666666665
Foiano Di Val Fortore,Amorosi,83.69166666666666
Foiano Di Val Fortore,Apice,54.035
Foiano Di Val Fortore,Apollosa,63.18
Foiano Di Val Fortore,Arpaia,85.95666666666666
Foiano Di Val Fortore,Arpaise,71.09333333333333
Foiano Di Val Fortore,Baselice,11.191666666666666
Foiano Di Val Fortore,Bonea,81.10166666666667
Foiano Di Val Fortore,Bucciano,85.6
Foiano Di Val Fortore,Buonalbergo,37.52833333333333
Foiano Di Val Fortore,Calvi,64.00833333333334
Foiano Di Val Fortore,Campolattaro,53.865
Foiano Di Val Fortore,Campoli Del Monte Taburno,67.07
Foiano Di Val Fortore,Casalduni,57.265
Foiano Di Val Fortore,Castelfranco In Miscano,29.80333333333333
Foiano Di Val Fortore,Castelpagano,32.905
Foiano Di Val Fortore,Castelpoto,68.27
Foiano Di Val Fortore,Castelvenere,76.10166666666667
Foiano Di Val Fortore,Castelvetere In Val Fortore,31.41
Foiano Di Val Fortore,Cautano,62.945
Foiano Di Val Fortore,Ceppaloni,67.75500000000001
Foiano Di Val Fortore,Circello,34.88666666666666
Foiano Di Val Fortore,Colle Sannita,29.293333333333333
Foiano Di Val Fortore,Cusano Mutri,96.65166666666669
Foiano Di Val Fortore,Dugenta,91.41
Foiano Di Val Fortore,Durazzano,106.625
Foiano Di Val Fortore,Faicchio,86.41000000000001
Foiano Di Val Fortore,Foglianise,60.498333333333335
Foiano Di Val Fortore,Foiano Di Val Fortore,0.0
Foiano Di Val Fortore,Forchia,88.51333333333334
Foiano Di Val Fortore,Fragneto Monforte,43.875
Foiano Di Val Fortore,Fragneto L'Abate,38.58833333333334
Foiano Di Val Fortore,Frasso Telesino,79.89166666666667
Foiano Di Val Fortore,Ginestra Degli Schiavoni,32.45666666666667
Foiano Di Val Fortore,Guardia Sanframondi,73.26833333333335
Foiano Di Val Fortore,Melizzano,80.85666666666665
Foiano Di Val Fortore,Moiano,89.09333333333333
Foiano Di Val Fortore,Molinara,18.953333333333333
Foiano Di Val Fortore,Montefalcone Di Val Fortore,18.53833333333333
Foiano Di Val Fortore,Montesarchio,75.80833333333334
Foiano Di Val Fortore,Paduli,42.455000000000005
Foiano Di Val Fortore,Pago Veiano,32.865
Foiano Di Val Fortore,Pannarano,73.04166666666667
Foiano Di Val Fortore,Paolisi,83.775
Foiano Di Val Fortore,Paupisi,65.065
Foiano Di Val Fortore,Pesco Sannita,36.14333333333333
Foiano Di Val Fortore,Pietraroja,89.455
Foiano Di Val Fortore,Pietrelcina,43.08833333333334
Foiano Di Val Fortore,Ponte,58.63
Foiano Di Val Fortore,Pontelandolfo,58.00333333333333
Foiano Di Val Fortore,Puglianello,81.06333333333333
Foiano Di Val Fortore,Reino,26.576666666666664
Foiano Di Val Fortore,San Bartolomeo In Galdo,15.295
Foiano Di Val Fortore,San Giorgio La Molara,26.44
Foiano Di Val Fortore,San Giorgio Del Sannio,61.47833333333333
Foiano Di Val Fortore,San Leucio Del Sannio,60.958333333333336
Foiano Di Val Fortore,San Lorenzello,82.80166666666668
Foiano Di Val Fortore,San Lorenzo Maggiore,69.65
Foiano Di Val Fortore,San Lupo,67.85166666666666
Foiano Di Val Fortore,San Marco Dei Cavoti,18.355
Foiano Di Val Fortore,San Martino Sannita,63.223333333333336
Foiano Di Val Fortore,San Nazzaro,66.25
Foiano Di Val Fortore,San Nicola Manfredi,63.330000000000005
Foiano Di Val Fortore,Sant'Agata De' Goti,97.28333333333332
Foiano Di Val Fortore,Sant'Angelo A Cupolo,64.62666666666667
Foiano Di Val Fortore,Sant'Arcangelo Trimonte,43.41666666666666
Foiano Di Val Fortore,Santa Croce Del Sannio,52.66166666666666
Foiano Di Val Fortore,Sassinoro,63.59166666666667
Foiano Di Val Fortore,Solopaca,70.845
Foiano Di Val Fortore,Telese Terme,72.44
Foiano Di Val Fortore,Tocco Caudio,69.49
Forchia,Airola,11.783333333333331
Forchia,Limatola,46.975
Forchia,San Giorgio Del Sannio,51.43
Forchia,San Salvatore Telesino,50.06666666666667
Forchia,Benevento,64.465
Forchia,Cerreto Sannita,60.685
Forchia,Ginestra Degli Schiavoni,85.435
Forchia,Morcone,74.14333333333335
Forchia,San Bartolomeo In Galdo,102.83833333333334
Forchia,Vitulano,42.74666666666667
Forchia,San Marco Dei Cavoti,70.87666666666668
Forchia,Torrecuso,51.74
Forchia,Amorosi,45.52166666666667
Forchia,Apice,63.92
Forchia,Apollosa,33.059999999999995
Forchia,Arpaia,2.506666666666667
Forchia,Arpaise,29.271666666666665
Forchia,Baselice,94.42666666666668
Forchia,Bonea,16.78666666666667
Forchia,Bucciano,14.895
Forchia,Buonalbergo,67.095
Forchia,Calvi,53.96
Forchia,Campolattaro,62.2
Forchia,Campoli Del Monte Taburno,31.96
Forchia,Casalduni,62.765
Forchia,Castelfranco In Miscano,88.14166666666667
Forchia,Castelpagano,82.72833333333332
Forchia,Castelpoto,37.656666666666666
Forchia,Castelvenere,52.36333333333334
Forchia,Castelvetere In Val Fortore,102.16666666666669
Forchia,Cautano,37.156666666666666
Forchia,Ceppaloni,35.083333333333336
Forchia,Circello,80.92
Forchia,Colle Sannita,77.55666666666666
Forchia,Cusano Mutri,77.49666666666667
Forchia,Dugenta,36.73
Forchia,Durazzano,25.238333333333333
Forchia,Faicchio,57.365
Forchia,Foglianise,42.12833333333333
Forchia,Foiano Di Val Fortore,88.32333333333332
Forchia,Forchia,0.0
Forchia,Fragneto Monforte,59.836666666666666
Forchia,Fragneto L'Abate,61.425
Forchia,Frasso Telesino,31.445
Forchia,Ginestra Degli Schiavoni,85.435
Forchia,Guardia Sanframondi,57.01833333333333
Forchia,Melizzano,36.443333333333335
Forchia,Moiano,15.753333333333334
Forchia,Molinara,78.49333333333334
Forchia,Montefalcone Di Val Fortore,89.68166666666666
Forchia,Montesarchio,19.391666666666666
Forchia,Paduli,56.74333333333333
Forchia,Pago Veiano,65.43666666666667
Forchia,Pannarano,23.77
Forchia,Paolisi,7.763333333333334
Forchia,Paupisi,54.63333333333333
Forchia,Pesco Sannita,57.06666666666667
Forchia,Pietraroja,85.19333333333334
Forchia,Pietrelcina,56.443333333333335
Forchia,Ponte,54.02833333333333
Forchia,Pontelandolfo,66.33833333333334
Forchia,Puglianello,48.02833333333333
Forchia,Reino,67.27833333333334
Forchia,San Bartolomeo In Galdo,102.83833333333334
Forchia,San Giorgio La Molara,78.72833333333332
Forchia,San Giorgio Del Sannio,51.43
Forchia,San Leucio Del Sannio,38.85166666666667
Forchia,San Lorenzello,61.67
Forchia,San Lorenzo Maggiore,55.586666666666666
Forchia,San Lupo,60.586666666666666
Forchia,San Marco Dei Cavoti,70.87666666666668
Forchia,San Martino Sannita,51.876666666666665
Forchia,San Nazzaro,55.74
Forchia,San Nicola Manfredi,51.98333333333333
Forchia,Sant'Agata De' Goti,25.821666666666665
Forchia,Sant'Angelo A Cupolo,51.125
Forchia,Sant'Arcangelo Trimonte,65.64166666666667
Forchia,Santa Croce Del Sannio,75.07333333333332
Forchia,Sassinoro,73.92833333333333
Forchia,Solopaca,41.47833333333333
Forchia,Telese Terme,47.4
Forchia,Tocco Caudio,33.528333333333336
Fragneto Monforte,Airola,59.29333333333333
Fragneto Monforte,Limatola,67.085
Fragneto Monforte,San Giorgio Del Sannio,34.845
Fragneto Monforte,San Salvatore Telesino,39.92
Fragneto Monforte,Benevento,16.796666666666667
Fragneto Monforte,Cerreto Sannita,41.22666666666667
Fragneto Monforte,Ginestra Degli Schiavoni,65.035
Fragneto Monforte,Morcone,23.62
Fragneto Monforte,San Bartolomeo In Galdo,59.00666666666667
Fragneto Monforte,Vitulano,30.366666666666667
Fragneto Monforte,San Marco Dei Cavoti,27.045
Fragneto Monforte,Torrecuso,25.598333333333336
Fragneto Monforte,Amorosi,46.31333333333334
Fragneto Monforte,Apice,43.60333333333333
Fragneto Monforte,Apollosa,35.315000000000005
Fragneto Monforte,Arpaia,58.09166666666667
Fragneto Monforte,Arpaise,43.22833333333333
Fragneto Monforte,Baselice,50.595
Fragneto Monforte,Bonea,47.525
Fragneto Monforte,Bucciano,55.35
Fragneto Monforte,Buonalbergo,46.695
Fragneto Monforte,Calvi,37.375
Fragneto Monforte,Campolattaro,11.676666666666668
Fragneto Monforte,Campoli Del Monte Taburno,32.91833333333333
Fragneto Monforte,Casalduni,15.076666666666666
Fragneto Monforte,Castelfranco In Miscano,67.74166666666666
Fragneto Monforte,Castelpagano,37.27166666666667
Fragneto Monforte,Castelpoto,34.11833333333333
Fragneto Monforte,Castelvenere,38.723333333333336
Fragneto Monforte,Castelvetere In Val Fortore,56.71
Fragneto Monforte,Cautano,28.793333333333333
Fragneto Monforte,Ceppaloni,39.89
Fragneto Monforte,Circello,35.46333333333334
Fragneto Monforte,Colle Sannita,32.1
Fragneto Monforte,Cusano Mutri,58.03833333333333
Fragneto Monforte,Dugenta,54.031666666666666
Fragneto Monforte,Durazzano,69.24666666666667
Fragneto Monforte,Faicchio,49.031666666666666
Fragneto Monforte,Foglianise,26.346666666666668
Fragneto Monforte,Foiano Di Val Fortore,44.49166666666667
Fragneto Monforte,Forchia,60.64833333333333
Fragneto Monforte,Fragneto Monforte,0.0
Fragneto Monforte,Fragneto L'Abate,8.225
Fragneto Monforte,Frasso Telesino,42.513333333333335
Fragneto Monforte,Ginestra Degli Schiavoni,65.035
Fragneto Monforte,Guardia Sanframondi,31.08
Fragneto Monforte,Melizzano,43.47833333333333
Fragneto Monforte,Moiano,61.22833333333333
Fragneto Monforte,Molinara,34.66166666666666
Fragneto Monforte,Montefalcone Di Val Fortore,56.255
Fragneto Monforte,Montesarchio,47.943333333333335
Fragneto Monforte,Paduli,36.34333333333333
Fragneto Monforte,Pago Veiano,30.82
Fragneto Monforte,Pannarano,45.17666666666666
Fragneto Monforte,Paolisi,55.91
Fragneto Monforte,Paupisi,27.10666666666667
Fragneto Monforte,Pesco Sannita,15.845
Fragneto Monforte,Pietraroja,47.266666666666666
Fragneto Monforte,Pietrelcina,24.25
Fragneto Monforte,Ponte,17.33
Fragneto Monforte,Pontelandolfo,15.815
Fragneto Monforte,Puglianello,43.685
Fragneto Monforte,Reino,22.576666666666664
Fragneto Monforte,San Bartolomeo In Galdo,59.00666666666667
Fragneto Monforte,San Giorgio La Molara,45.16666666666666
Fragneto Monforte,San Giorgio Del Sannio,34.845
Fragneto Monforte,San Leucio Del Sannio,33.093333333333334
Fragneto Monforte,San Lorenzello,43.848333333333336
Fragneto Monforte,San Lorenzo Maggiore,32.18
Fragneto Monforte,San Lupo,25.66333333333333
Fragneto Monforte,San Marco Dei Cavoti,27.045
Fragneto Monforte,San Martino Sannita,36.59
Fragneto Monforte,San Nazzaro,39.61666666666667
Fragneto Monforte,San Nicola Manfredi,36.69666666666667
Fragneto Monforte,Sant'Agata De' Goti,59.905
Fragneto Monforte,Sant'Angelo A Cupolo,38.11666666666667
Fragneto Monforte,Sant'Arcangelo Trimonte,45.24166666666667
Fragneto Monforte,Santa Croce Del Sannio,24.55
Fragneto Monforte,Sassinoro,23.405
Fragneto Monforte,Solopaca,33.46666666666667
Fragneto Monforte,Telese Terme,35.06166666666666
Fragneto Monforte,Tocco Caudio,35.33833333333334
Fragneto L'Abate,Airola,59.72166666666667
Fragneto L'Abate,Limatola,71.15666666666667
Fragneto L'Abate,San Giorgio Del Sannio,33.695
Fragneto L'Abate,San Salvatore Telesino,43.99166666666667
Fragneto L'Abate,Benevento,20.86833333333333
Fragneto L'Abate,Cerreto Sannita,45.29833333333333
Fragneto L'Abate,Ginestra Degli Schiavoni,63.885
Fragneto L'Abate,Morcone,27.691666666666663
Fragneto L'Abate,San Bartolomeo In Galdo,53.67166666666667
Fragneto L'Abate,Vitulano,34.43833333333334
Fragneto L'Abate,San Marco Dei Cavoti,21.71
Fragneto L'Abate,Torrecuso,29.67
Fragneto L'Abate,Amorosi,50.385
Fragneto L'Abate,Apice,42.45333333333333
Fragneto L'Abate,Apollosa,35.39666666666667
Fragneto L'Abate,Arpaia,58.17333333333333
Fragneto L'Abate,Arpaise,43.31
Fragneto L'Abate,Baselice,45.26
Fragneto L'Abate,Bonea,51.59666666666667
Fragneto L'Abate,Bucciano,57.81666666666667
Fragneto L'Abate,Buonalbergo,45.545
Fragneto L'Abate,Calvi,36.225
Fragneto L'Abate,Campolattaro,15.748333333333331
Fragneto L'Abate,Campoli Del Monte Taburno,36.99
Fragneto L'Abate,Casalduni,19.148333333333333
Fragneto L'Abate,Castelfranco In Miscano,65.74666666666667
Fragneto L'Abate,Castelpagano,30.35
Fragneto L'Abate,Castelpoto,38.190000000000005
Fragneto L'Abate,Castelvenere,42.795
Fragneto L'Abate,Castelvetere In Val Fortore,49.78833333333333
Fragneto L'Abate,Cautano,32.865
Fragneto L'Abate,Ceppaloni,39.97166666666667
Fragneto L'Abate,Circello,28.541666666666668
Fragneto L'Abate,Colle Sannita,25.17833333333333
Fragneto L'Abate,Cusano Mutri,62.11
Fragneto L'Abate,Dugenta,58.10333333333333
Fragneto L'Abate,Durazzano,73.31833333333334
Fragneto L'Abate,Faicchio,53.10333333333333
Fragneto L'Abate,Foglianise,30.418333333333333
Fragneto L'Abate,Foiano Di Val Fortore,39.156666666666666
Fragneto L'Abate,Forchia,60.73
Fragneto L'Abate,Fragneto Monforte,6.569999999999999
Fragneto L'Abate,Fragneto L'Abate,0.0
Fragneto L'Abate,Frasso Telesino,46.585
Fragneto L'Abate,Ginestra Degli Schiavoni,63.885
Fragneto L'Abate,Guardia Sanframondi,35.151666666666664
Fragneto L'Abate,Melizzano,47.55
Fragneto L'Abate,Moiano,61.31
Fragneto L'Abate,Molinara,29.326666666666664
Fragneto L'Abate,Montefalcone Di Val Fortore,50.92
Fragneto L'Abate,Montesarchio,48.025
Fragneto L'Abate,Paduli,35.193333333333335
Fragneto L'Abate,Pago Veiano,24.73166666666667
Fragneto L'Abate,Pannarano,45.25833333333333
Fragneto L'Abate,Paolisi,55.99166666666667
Fragneto L'Abate,Paupisi,31.17833333333333
Fragneto L'Abate,Pesco Sannita,9.756666666666666
Fragneto L'Abate,Pietraroja,51.33833333333334
Fragneto L'Abate,Pietrelcina,18.16166666666667
Fragneto L'Abate,Ponte,21.401666666666664
Fragneto L'Abate,Pontelandolfo,19.886666666666667
Fragneto L'Abate,Puglianello,47.75666666666667
Fragneto L'Abate,Reino,15.655
Fragneto L'Abate,San Bartolomeo In Galdo,53.67166666666667
Fragneto L'Abate,San Giorgio La Molara,39.83166666666667
Fragneto L'Abate,San Giorgio Del Sannio,33.695
Fragneto L'Abate,San Leucio Del Sannio,33.175
Fragneto L'Abate,San Lorenzello,47.92
Fragneto L'Abate,San Lorenzo Maggiore,36.251666666666665
Fragneto L'Abate,San Lupo,29.735
Fragneto L'Abate,San Marco Dei Cavoti,21.71
Fragneto L'Abate,San Martino Sannita,35.440000000000005
Fragneto L'Abate,San Nazzaro,38.46666666666667
Fragneto L'Abate,San Nicola Manfredi,35.54666666666667
Fragneto L'Abate,Sant'Agata De' Goti,63.97666666666667
Fragneto L'Abate,Sant'Angelo A Cupolo,36.84333333333333
Fragneto L'Abate,Sant'Arcangelo Trimonte,44.09166666666667
Fragneto L'Abate,Santa Croce Del Sannio,28.621666666666663
Fragneto L'Abate,Sassinoro,27.476666666666667
Fragneto L'Abate,Solopaca,37.53833333333333
Fragneto L'Abate,Telese Terme,39.13333333333333
Fragneto L'Abate,Tocco Caudio,39.41
Frasso Telesino,Airola,22.633333333333333
Frasso Telesino,Limatola,33.098333333333336
Frasso Telesino,San Giorgio Del Sannio,49.251666666666665
Frasso Telesino,San Salvatore Telesino,22.6
Frasso Telesino,Benevento,38.0
Frasso Telesino,Cerreto Sannita,29.46
Frasso Telesino,Ginestra Degli Schiavoni,79.44166666666666
Frasso Telesino,Morcone,56.43833333333334
Frasso Telesino,San Bartolomeo In Galdo,95.27666666666669
Frasso Telesino,Vitulano,28.918333333333333
Frasso Telesino,San Marco Dei Cavoti,63.315000000000005
Frasso Telesino,Torrecuso,29.045
Frasso Telesino,Amorosi,14.463333333333331
Frasso Telesino,Apice,58.01
Frasso Telesino,Apollosa,43.4
Frasso Telesino,Arpaia,28.576666666666664
Frasso Telesino,Arpaise,45.833333333333336
Frasso Telesino,Baselice,86.865
Frasso Telesino,Bonea,30.675
Frasso Telesino,Bucciano,22.8
Frasso Telesino,Buonalbergo,61.10166666666667
Frasso Telesino,Calvi,51.781666666666666
Frasso Telesino,Campolattaro,44.495
Frasso Telesino,Campoli Del Monte Taburno,26.485
Frasso Telesino,Casalduni,36.3
Frasso Telesino,Castelfranco In Miscano,82.14833333333333
Frasso Telesino,Castelpagano,75.16666666666667
Frasso Telesino,Castelpoto,38.13
Frasso Telesino,Castelvenere,21.13833333333333
Frasso Telesino,Castelvetere In Val Fortore,94.605
Frasso Telesino,Cautano,22.30666666666667
Frasso Telesino,Ceppaloni,51.645
Frasso Telesino,Circello,73.35833333333333
Frasso Telesino,Colle Sannita,69.99499999999999
Frasso Telesino,Cusano Mutri,46.27166666666667
Frasso Telesino,Dugenta,18.68
Frasso Telesino,Durazzano,26.925
Frasso Telesino,Faicchio,30.773333333333333
Frasso Telesino,Foglianise,28.461666666666662
Frasso Telesino,Foiano Di Val Fortore,80.76166666666667
Frasso Telesino,Forchia,31.133333333333333
Frasso Telesino,Fragneto Monforte,42.13166666666667
Frasso Telesino,Fragneto L'Abate,47.28833333333333
Frasso Telesino,Frasso Telesino,0.0
Frasso Telesino,Ginestra Degli Schiavoni,79.44166666666666
Frasso Telesino,Guardia Sanframondi,25.793333333333333
Frasso Telesino,Melizzano,5.591666666666667
Frasso Telesino,Moiano,21.645
Frasso Telesino,Molinara,70.93166666666666
Frasso Telesino,Montefalcone Di Val Fortore,83.68833333333333
Frasso Telesino,Montesarchio,34.865
Frasso Telesino,Paduli,50.75
Frasso Telesino,Pago Veiano,57.875
Frasso Telesino,Pannarano,40.33166666666667
Frasso Telesino,Paolisi,26.395
Frasso Telesino,Paupisi,25.44833333333333
Frasso Telesino,Pesco Sannita,49.505
Frasso Telesino,Pietraroja,53.96833333333333
Frasso Telesino,Pietrelcina,48.88166666666667
Frasso Telesino,Ponte,27.563333333333333
Frasso Telesino,Pontelandolfo,43.745
Frasso Telesino,Puglianello,19.46
Frasso Telesino,Reino,59.71666666666667
Frasso Telesino,San Bartolomeo In Galdo,95.27666666666669
Frasso Telesino,San Giorgio La Molara,72.735
Frasso Telesino,San Giorgio Del Sannio,49.251666666666665
Frasso Telesino,San Leucio Del Sannio,47.5
Frasso Telesino,San Lorenzello,30.99
Frasso Telesino,San Lorenzo Maggiore,24.361666666666668
Frasso Telesino,San Lupo,29.361666666666668
Frasso Telesino,San Marco Dei Cavoti,63.315000000000005
Frasso Telesino,San Martino Sannita,50.99666666666667
Frasso Telesino,San Nazzaro,54.02333333333333
Frasso Telesino,San Nicola Manfredi,51.10333333333333
Frasso Telesino,Sant'Agata De' Goti,17.583333333333332
Frasso Telesino,Sant'Angelo A Cupolo,52.52333333333333
Frasso Telesino,Sant'Arcangelo Trimonte,59.64833333333333
Frasso Telesino,Santa Croce Del Sannio,57.36833333333333
Frasso Telesino,Sassinoro,56.223333333333336
Frasso Telesino,Solopaca,10.253333333333334
Frasso Telesino,Telese Terme,16.175
Frasso Telesino,Tocco Caudio,27.285
Ginestra Degli Schiavoni,Airola,85.53500000000001
Ginestra Degli Schiavoni,Limatola,103.275
Ginestra Degli Schiavoni,San Giorgio Del Sannio,55.385
Ginestra Degli Schiavoni,San Salvatore Telesino,76.11
Ginestra Degli Schiavoni,Benevento,67.87833333333333
Ginestra Degli Schiavoni,Cerreto Sannita,78.65166666666667
Ginestra Degli Schiavoni,Ginestra Degli Schiavoni,0.0
Ginestra Degli Schiavoni,Morcone,77.55666666666666
Ginestra Degli Schiavoni,San Bartolomeo In Galdo,38.59166666666667
Ginestra Degli Schiavoni,Vitulano,64.25833333333334
Ginestra Degli Schiavoni,San Marco Dei Cavoti,43.95166666666667
Ginestra Degli Schiavoni,Torrecuso,62.36833333333333
Ginestra Degli Schiavoni,Amorosi,82.50333333333333
Ginestra Degli Schiavoni,Apice,44.708333333333336
Ginestra Degli Schiavoni,Apollosa,61.21
Ginestra Degli Schiavoni,Arpaia,83.98666666666666
Ginestra Degli Schiavoni,Arpaise,68.24499999999999
Ginestra Degli Schiavoni,Baselice,40.611666666666665
Ginestra Degli Schiavoni,Bonea,79.13166666666666
Ginestra Degli Schiavoni,Bucciano,83.63000000000001
Ginestra Degli Schiavoni,Buonalbergo,21.30333333333333
Ginestra Degli Schiavoni,Calvi,57.915
Ginestra Degli Schiavoni,Campolattaro,65.61333333333333
Ginestra Degli Schiavoni,Campoli Del Monte Taburno,66.81
Ginestra Degli Schiavoni,Casalduni,66.17833333333333
Ginestra Degli Schiavoni,Castelfranco In Miscano,10.938333333333333
Ginestra Degli Schiavoni,Castelpagano,59.265
Ginestra Degli Schiavoni,Castelpoto,66.67666666666666
Ginestra Degli Schiavoni,Castelvenere,74.91333333333334
Ginestra Degli Schiavoni,Castelvetere In Val Fortore,59.71666666666667
Ginestra Degli Schiavoni,Cautano,62.685
Ginestra Degli Schiavoni,Ceppaloni,63.36833333333333
Ginestra Degli Schiavoni,Circello,61.24666666666667
Ginestra Degli Schiavoni,Colle Sannita,55.65333333333333
Ginestra Degli Schiavoni,Cusano Mutri,95.46333333333334
Ginestra Degli Schiavoni,Dugenta,90.22166666666666
Ginestra Degli Schiavoni,Durazzano,105.43666666666668
Ginestra Degli Schiavoni,Faicchio,85.22166666666666
Ginestra Degli Schiavoni,Foglianise,60.23833333333334
Ginestra Degli Schiavoni,Foiano Di Val Fortore,32.45333333333333
Ginestra Degli Schiavoni,Forchia,86.54333333333334
Ginestra Degli Schiavoni,Fragneto Monforte,63.25
Ginestra Degli Schiavoni,Fragneto L'Abate,62.965
Ginestra Degli Schiavoni,Frasso Telesino,78.70333333333333
Ginestra Degli Schiavoni,Ginestra Degli Schiavoni,0.0
Ginestra Degli Schiavoni,Guardia Sanframondi,72.63166666666666
Ginestra Degli Schiavoni,Melizzano,79.66833333333334
Ginestra Degli Schiavoni,Moiano,87.12333333333332
Ginestra Degli Schiavoni,Molinara,41.656666666666666
Ginestra Degli Schiavoni,Montefalcone Di Val Fortore,14.585
Ginestra Degli Schiavoni,Montesarchio,73.83833333333334
Ginestra Degli Schiavoni,Paduli,33.12833333333334
Ginestra Degli Schiavoni,Pago Veiano,47.91666666666666
Ginestra Degli Schiavoni,Pannarano,71.07166666666667
Ginestra Degli Schiavoni,Paolisi,81.805
Ginestra Degli Schiavoni,Paupisi,63.876666666666665
Ginestra Degli Schiavoni,Pesco Sannita,58.60666666666667
Ginestra Degli Schiavoni,Pietraroja,101.20333333333332
Ginestra Degli Schiavoni,Pietrelcina,51.12833333333333
Ginestra Degli Schiavoni,Ponte,57.44166666666667
Ginestra Degli Schiavoni,Pontelandolfo,69.75166666666668
Ginestra Degli Schiavoni,Puglianello,79.875
Ginestra Degli Schiavoni,Reino,52.17333333333333
Ginestra Degli Schiavoni,San Bartolomeo In Galdo,38.59166666666667
Ginestra Degli Schiavoni,San Giorgio La Molara,35.675
Ginestra Degli Schiavoni,San Giorgio Del Sannio,55.385
Ginestra Degli Schiavoni,San Leucio Del Sannio,58.46833333333333
Ginestra Degli Schiavoni,San Lorenzello,81.61333333333333
Ginestra Degli Schiavoni,San Lorenzo Maggiore,68.46166666666666
Ginestra Degli Schiavoni,San Lupo,74.07833333333333
Ginestra Degli Schiavoni,San Marco Dei Cavoti,43.95166666666667
Ginestra Degli Schiavoni,San Martino Sannita,57.13
Ginestra Degli Schiavoni,San Nazzaro,60.156666666666666
Ginestra Degli Schiavoni,San Nicola Manfredi,57.236666666666665
Ginestra Degli Schiavoni,Sant'Agata De' Goti,96.095
Ginestra Degli Schiavoni,Sant'Angelo A Cupolo,58.42333333333333
Ginestra Degli Schiavoni,Sant'Arcangelo Trimonte,34.09
Ginestra Degli Schiavoni,Santa Croce Del Sannio,78.48666666666666
Ginestra Degli Schiavoni,Sassinoro,77.34166666666667
Ginestra Degli Schiavoni,Solopaca,69.65666666666667
Ginestra Degli Schiavoni,Telese Terme,71.25166666666668
Ginestra Degli Schiavoni,Tocco Caudio,69.23
Guardia Sanframondi,Airola,47.40833333333333
Guardia Sanframondi,Limatola,48.61333333333334
Guardia Sanframondi,San Giorgio Del Sannio,42.85333333333333
Guardia Sanframondi,San Salvatore Telesino,21.715
Guardia Sanframondi,Benevento,24.433333333333334
Guardia Sanframondi,Cerreto Sannita,10.146666666666668
Guardia Sanframondi,Ginestra Degli Schiavoni,73.04333333333334
Guardia Sanframondi,Morcone,34.718333333333334
Guardia Sanframondi,San Bartolomeo In Galdo,88.87833333333333
Guardia Sanframondi,Vitulano,32.51833333333333
Guardia Sanframondi,San Marco Dei Cavoti,56.91666666666666
Guardia Sanframondi,Torrecuso,22.456666666666667
Guardia Sanframondi,Amorosi,27.841666666666665
Guardia Sanframondi,Apice,51.611666666666665
Guardia Sanframondi,Apollosa,43.32333333333334
Guardia Sanframondi,Arpaia,53.35166666666667
Guardia Sanframondi,Arpaise,51.236666666666665
Guardia Sanframondi,Baselice,80.46666666666667
Guardia Sanframondi,Bonea,55.45
Guardia Sanframondi,Bucciano,47.575
Guardia Sanframondi,Buonalbergo,54.70333333333333
Guardia Sanframondi,Calvi,45.38333333333333
Guardia Sanframondi,Campolattaro,27.395
Guardia Sanframondi,Campoli Del Monte Taburno,41.55833333333333
Guardia Sanframondi,Casalduni,17.08833333333333
Guardia Sanframondi,Castelfranco In Miscano,75.75
Guardia Sanframondi,Castelpagano,55.690000000000005
Guardia Sanframondi,Castelpoto,44.005
Guardia Sanframondi,Castelvenere,10.921666666666663
Guardia Sanframondi,Castelvetere In Val Fortore,82.62333333333332
Guardia Sanframondi,Cautano,37.43333333333333
Guardia Sanframondi,Ceppaloni,47.89833333333333
Guardia Sanframondi,Circello,61.583333333333336
Guardia Sanframondi,Colle Sannita,60.95166666666667
Guardia Sanframondi,Cusano Mutri,26.95833333333333
Guardia Sanframondi,Dugenta,34.39833333333333
Guardia Sanframondi,Durazzano,51.7
Guardia Sanframondi,Faicchio,24.05666666666667
Guardia Sanframondi,Foglianise,31.955
Guardia Sanframondi,Foiano Di Val Fortore,74.36333333333333
Guardia Sanframondi,Forchia,55.90833333333333
Guardia Sanframondi,Fragneto Monforte,31.92
Guardia Sanframondi,Fragneto L'Abate,37.07666666666667
Guardia Sanframondi,Frasso Telesino,24.966666666666665
Guardia Sanframondi,Ginestra Degli Schiavoni,73.04333333333334
Guardia Sanframondi,Guardia Sanframondi,0.0
Guardia Sanframondi,Melizzano,25.93166666666667
Guardia Sanframondi,Moiano,46.42
Guardia Sanframondi,Molinara,64.53333333333333
Guardia Sanframondi,Montefalcone Di Val Fortore,77.28999999999999
Guardia Sanframondi,Montesarchio,55.95166666666667
Guardia Sanframondi,Paduli,44.35166666666667
Guardia Sanframondi,Pago Veiano,51.47666666666667
Guardia Sanframondi,Pannarano,53.185
Guardia Sanframondi,Paolisi,51.17
Guardia Sanframondi,Paupisi,18.86
Guardia Sanframondi,Pesco Sannita,43.10666666666667
Guardia Sanframondi,Pietraroja,34.655
Guardia Sanframondi,Pietrelcina,42.48333333333333
Guardia Sanframondi,Ponte,21.165000000000003
Guardia Sanframondi,Pontelandolfo,19.798333333333336
Guardia Sanframondi,Puglianello,25.885
Guardia Sanframondi,Reino,51.42833333333333
Guardia Sanframondi,San Bartolomeo In Galdo,88.87833333333333
Guardia Sanframondi,San Giorgio La Molara,66.33666666666666
Guardia Sanframondi,San Giorgio Del Sannio,42.85333333333333
Guardia Sanframondi,San Leucio Del Sannio,41.10166666666667
Guardia Sanframondi,San Lorenzello,12.768333333333334
Guardia Sanframondi,San Lorenzo Maggiore,5.239999999999999
Guardia Sanframondi,San Lupo,5.415
Guardia Sanframondi,San Marco Dei Cavoti,56.91666666666666
Guardia Sanframondi,San Martino Sannita,44.598333333333336
Guardia Sanframondi,San Nazzaro,47.625
Guardia Sanframondi,San Nicola Manfredi,44.705000000000005
Guardia Sanframondi,Sant'Agata De' Goti,42.35833333333333
Guardia Sanframondi,Sant'Angelo A Cupolo,46.125
Guardia Sanframondi,Sant'Arcangelo Trimonte,53.25
Guardia Sanframondi,Santa Croce Del Sannio,35.64833333333333
Guardia Sanframondi,Sassinoro,34.50333333333333
Guardia Sanframondi,Solopaca,15.92
Guardia Sanframondi,Telese Terme,15.428333333333336
Guardia Sanframondi,Tocco Caudio,43.97833333333333
Melizzano,Airola,27.15666666666667
Melizzano,Limatola,28.995
Melizzano,San Giorgio Del Sannio,50.23833333333334
Melizzano,San Salvatore Telesino,19.371666666666663
Melizzano,Benevento,38.986666666666665
Melizzano,Cerreto Sannita,30.446666666666665
Melizzano,Ginestra Degli Schiavoni,80.42833333333333
Melizzano,Morcone,57.425
Melizzano,San Bartolomeo In Galdo,96.26333333333334
Melizzano,Vitulano,33.19833333333334
Melizzano,San Marco Dei Cavoti,64.30166666666666
Melizzano,Torrecuso,30.03166666666667
Melizzano,Amorosi,10.36
Melizzano,Apice,58.99666666666667
Melizzano,Apollosa,48.45666666666667
Melizzano,Arpaia,33.1
Melizzano,Arpaise,50.35666666666667
Melizzano,Baselice,87.85166666666667
Melizzano,Bonea,35.19833333333334
Melizzano,Bucciano,27.32333333333333
Melizzano,Buonalbergo,62.08833333333334
Melizzano,Calvi,52.76833333333333
Melizzano,Campolattaro,45.48166666666667
Melizzano,Campoli Del Monte Taburno,31.541666666666668
Melizzano,Casalduni,37.28666666666666
Melizzano,Castelfranco In Miscano,83.135
Melizzano,Castelpagano,76.15333333333334
Melizzano,Castelpoto,43.18666666666666
Melizzano,Castelvenere,22.125
Melizzano,Castelvetere In Val Fortore,95.59166666666668
Melizzano,Cautano,27.363333333333333
Melizzano,Ceppaloni,55.28333333333333
Melizzano,Circello,74.345
Melizzano,Colle Sannita,70.98166666666665
Melizzano,Cusano Mutri,47.25833333333333
Melizzano,Dugenta,14.576666666666666
Melizzano,Durazzano,31.44833333333333
Melizzano,Faicchio,26.67
Melizzano,Foglianise,33.51833333333333
Melizzano,Foiano Di Val Fortore,81.74833333333332
Melizzano,Forchia,35.656666666666666
Melizzano,Fragneto Monforte,43.11833333333333
Melizzano,Fragneto L'Abate,48.275
Melizzano,Frasso Telesino,5.11
Melizzano,Ginestra Degli Schiavoni,80.42833333333333
Melizzano,Guardia Sanframondi,26.78
Melizzano,Melizzano,0.0
Melizzano,Moiano,26.168333333333333
Melizzano,Molinara,71.91833333333334
Melizzano,Montefalcone Di Val Fortore,84.675
Melizzano,Montesarchio,39.388333333333335
Melizzano,Paduli,51.736666666666665
Melizzano,Pago Veiano,58.861666666666665
Melizzano,Pannarano,44.855
Melizzano,Paolisi,30.918333333333333
Melizzano,Paupisi,26.435
Melizzano,Pesco Sannita,50.49166666666667
Melizzano,Pietraroja,54.955000000000005
Melizzano,Pietrelcina,49.86833333333333
Melizzano,Ponte,28.55
Melizzano,Pontelandolfo,44.73166666666667
Melizzano,Puglianello,15.356666666666666
Melizzano,Reino,60.70333333333333
Melizzano,San Bartolomeo In Galdo,96.26333333333334
Melizzano,San Giorgio La Molara,73.72166666666666
Melizzano,San Giorgio Del Sannio,50.23833333333334
Melizzano,San Leucio Del Sannio,48.486666666666665
Melizzano,San Lorenzello,30.975
Melizzano,San Lorenzo Maggiore,25.348333333333336
Melizzano,San Lupo,30.348333333333336
Melizzano,San Marco Dei Cavoti,64.30166666666666
Melizzano,San Martino Sannita,51.98333333333333
Melizzano,San Nazzaro,55.01
Melizzano,San Nicola Manfredi,52.09
Melizzano,Sant'Agata De' Goti,22.10666666666667
Melizzano,Sant'Angelo A Cupolo,53.51
Melizzano,Sant'Arcangelo Trimonte,60.635
Melizzano,Santa Croce Del Sannio,58.355
Melizzano,Sassinoro,57.21
Melizzano,Solopaca,11.24
Melizzano,Telese Terme,17.16166666666667
Melizzano,Tocco Caudio,32.34166666666667
Moiano,Airola,5.658333333333333
Moiano,Limatola,37.415
Moiano,San Giorgio Del Sannio,51.845
Moiano,San Salvatore Telesino,39.08833333333334
Moiano,Benevento,60.35
Moiano,Cerreto Sannita,51.81
Moiano,Ginestra Degli Schiavoni,85.85
Moiano,Morcone,74.46333333333334
Moiano,San Bartolomeo In Galdo,103.25333333333332
Moiano,Vitulano,40.035
Moiano,San Marco Dei Cavoti,71.29166666666667
Moiano,Torrecuso,49.02833333333333
Moiano,Amorosi,34.54333333333333
Moiano,Apice,64.335
Moiano,Apollosa,31.34333333333333
Moiano,Arpaia,12.43
Moiano,Arpaise,29.686666666666667
Moiano,Baselice,94.84166666666668
Moiano,Bonea,14.075
Moiano,Bucciano,6.763333333333334
Moiano,Buonalbergo,67.51
Moiano,Calvi,54.375
Moiano,Campolattaro,62.52
Moiano,Campoli Del Monte Taburno,29.24833333333333
Moiano,Casalduni,58.65
Moiano,Castelfranco In Miscano,88.55666666666666
Moiano,Castelpagano,83.14333333333335
Moiano,Castelpoto,35.940000000000005
Moiano,Castelvenere,43.48833333333334
Moiano,Castelvetere In Val Fortore,102.58166666666666
Moiano,Cautano,34.445
Moiano,Ceppaloni,35.498333333333335
Moiano,Circello,81.33500000000001
Moiano,Colle Sannita,77.97166666666666
Moiano,Cusano Mutri,68.62166666666667
Moiano,Dugenta,26.05
Moiano,Durazzano,20.89
Moiano,Faicchio,46.38666666666666
Moiano,Foglianise,39.41666666666666
Moiano,Foiano Di Val Fortore,88.73833333333333
Moiano,Forchia,14.986666666666668
Moiano,Fragneto Monforte,60.156666666666666
Moiano,Fragneto L'Abate,61.84
Moiano,Frasso Telesino,22.57
Moiano,Ginestra Degli Schiavoni,85.85
Moiano,Guardia Sanframondi,48.14333333333333
Moiano,Melizzano,27.56833333333333
Moiano,Moiano,0.0
Moiano,Molinara,78.90833333333333
Moiano,Montefalcone Di Val Fortore,90.09666666666666
Moiano,Montesarchio,18.265
Moiano,Paduli,57.15833333333333
Moiano,Pago Veiano,65.85166666666666
Moiano,Pannarano,24.185
Moiano,Paolisi,10.248333333333331
Moiano,Paupisi,47.79833333333333
Moiano,Pesco Sannita,57.48166666666667
Moiano,Pietraroja,76.31833333333334
Moiano,Pietrelcina,56.85833333333333
Moiano,Ponte,49.91333333333333
Moiano,Pontelandolfo,66.095
Moiano,Puglianello,37.05
Moiano,Reino,67.69333333333333
Moiano,San Bartolomeo In Galdo,103.25333333333332
Moiano,San Giorgio La Molara,79.14333333333335
Moiano,San Giorgio Del Sannio,51.845
Moiano,San Leucio Del Sannio,39.266666666666666
Moiano,San Lorenzello,50.69166666666667
Moiano,San Lorenzo Maggiore,46.711666666666666
Moiano,San Lupo,51.711666666666666
Moiano,San Marco Dei Cavoti,71.29166666666667
Moiano,San Martino Sannita,52.29166666666666
Moiano,San Nazzaro,56.155
Moiano,San Nicola Manfredi,52.39833333333333
Moiano,Sant'Agata De' Goti,11.808333333333334
Moiano,Sant'Angelo A Cupolo,51.54
Moiano,Sant'Arcangelo Trimonte,66.05666666666667
Moiano,Santa Croce Del Sannio,75.39333333333335
Moiano,Sassinoro,74.24833333333332
Moiano,Solopaca,32.60333333333333
Moiano,Telese Terme,38.15833333333333
Moiano,Tocco Caudio,30.816666666666663
Molinara,Airola,77.37833333333333
Molinara,Limatola,94.33666666666666
Molinara,San Giorgio Del Sannio,50.29666666666667
Molinara,San Salvatore Telesino,67.17166666666667
Molinara,Benevento,48.85833333333333
Molinara,Cerreto Sannita,69.71333333333334
Molinara,Ginestra Degli Schiavoni,41.461666666666666
Molinara,Morcone,55.681666666666665
Molinara,San Bartolomeo In Galdo,33.17
Molinara,Vitulano,54.391666666666666
Molinara,San Marco Dei Cavoti,9.748333333333331
Molinara,Torrecuso,53.43
Molinara,Amorosi,73.565
Molinara,Apice,43.855
Molinara,Apollosa,53.05333333333333
Molinara,Arpaia,75.83
Molinara,Arpaise,60.96666666666667
Molinara,Baselice,24.758333333333333
Molinara,Bonea,70.975
Molinara,Bucciano,75.47333333333333
Molinara,Buonalbergo,28.10333333333333
Molinara,Calvi,52.82666666666667
Molinara,Campolattaro,43.73833333333334
Molinara,Campoli Del Monte Taburno,56.943333333333335
Molinara,Casalduni,47.138333333333335
Molinara,Castelfranco In Miscano,42.37
Molinara,Castelpagano,29.58333333333333
Molinara,Castelpoto,58.14333333333333
Molinara,Castelvenere,65.975
Molinara,Castelvetere In Val Fortore,39.54833333333333
Molinara,Cautano,52.818333333333335
Molinara,Ceppaloni,57.62833333333333
Molinara,Circello,30.085
Molinara,Colle Sannita,25.971666666666668
Molinara,Cusano Mutri,86.525
Molinara,Dugenta,81.28333333333333
Molinara,Durazzano,96.49833333333332
Molinara,Faicchio,76.28333333333333
Molinara,Foglianise,50.37166666666667
Molinara,Foiano Di Val Fortore,18.655
Molinara,Forchia,78.38666666666667
Molinara,Fragneto Monforte,33.748333333333335
Molinara,Fragneto L'Abate,28.461666666666662
Molinara,Frasso Telesino,69.765
Molinara,Ginestra Degli Schiavoni,41.461666666666666
Molinara,Guardia Sanframondi,63.141666666666666
Molinara,Melizzano,70.73
Molinara,Moiano,78.96666666666667
Molinara,Molinara,0.0
Molinara,Montefalcone Di Val Fortore,27.543333333333333
Molinara,Montesarchio,65.68166666666667
Molinara,Paduli,32.275
Molinara,Pago Veiano,15.156666666666666
Molinara,Pannarano,62.915
Molinara,Paolisi,73.64833333333333
Molinara,Paupisi,54.93833333333334
Molinara,Pesco Sannita,26.016666666666666
Molinara,Pietraroja,79.32833333333333
Molinara,Pietrelcina,25.38
Molinara,Ponte,48.50333333333333
Molinara,Pontelandolfo,47.876666666666665
Molinara,Puglianello,70.93666666666667
Molinara,Reino,16.45
Molinara,San Bartolomeo In Galdo,33.17
Molinara,San Giorgio La Molara,11.886666666666668
Molinara,San Giorgio Del Sannio,50.29666666666667
Molinara,San Leucio Del Sannio,50.83166666666667
Molinara,San Lorenzello,72.675
Molinara,San Lorenzo Maggiore,59.52333333333333
Molinara,San Lupo,57.725
Molinara,San Marco Dei Cavoti,9.748333333333331
Molinara,San Martino Sannita,52.04166666666666
Molinara,San Nazzaro,55.068333333333335
Molinara,San Nicola Manfredi,52.14833333333333
Molinara,Sant'Agata De' Goti,87.15666666666667
Molinara,Sant'Angelo A Cupolo,53.335
Molinara,Sant'Arcangelo Trimonte,33.236666666666665
Molinara,Santa Croce Del Sannio,49.34
Molinara,Sassinoro,55.46666666666667
Molinara,Solopaca,60.71833333333333
Molinara,Telese Terme,62.31333333333334
Molinara,Tocco Caudio,59.36333333333334
Montefalcone Di Val Fortore,Airola,89.81666666666666
Montefalcone Di Val Fortore,Limatola,107.55666666666666
Montefalcone Di Val Fortore,San Giorgio Del Sannio,59.66666666666666
Montefalcone Di Val Fortore,San Salvatore Telesino,80.39166666666667
Montefalcone Di Val Fortore,Benevento,70.56833333333334
Montefalcone Di Val Fortore,Cerreto Sannita,82.93333333333334
Montefalcone Di Val Fortore,Ginestra Degli Schiavoni,14.511666666666668
Montefalcone Di Val Fortore,Morcone,77.39166666666667
Montefalcone Di Val Fortore,San Bartolomeo In Galdo,25.30333333333333
Montefalcone Di Val Fortore,Vitulano,68.53999999999999
Montefalcone Di Val Fortore,San Marco Dei Cavoti,29.938333333333333
Montefalcone Di Val Fortore,Torrecuso,66.65
Montefalcone Di Val Fortore,Amorosi,86.78500000000001
Montefalcone Di Val Fortore,Apice,48.99
Montefalcone Di Val Fortore,Apollosa,65.49166666666666
Montefalcone Di Val Fortore,Arpaia,88.26833333333335
Montefalcone Di Val Fortore,Arpaise,72.52666666666667
Montefalcone Di Val Fortore,Baselice,27.32333333333333
Montefalcone Di Val Fortore,Bonea,83.41333333333334
Montefalcone Di Val Fortore,Bucciano,87.91166666666666
Montefalcone Di Val Fortore,Buonalbergo,32.483333333333334
Montefalcone Di Val Fortore,Calvi,62.19666666666667
Montefalcone Di Val Fortore,Campolattaro,65.44833333333334
Montefalcone Di Val Fortore,Campoli Del Monte Taburno,71.09166666666667
Montefalcone Di Val Fortore,Casalduni,68.84833333333333
Montefalcone Di Val Fortore,Castelfranco In Miscano,15.42
Montefalcone Di Val Fortore,Castelpagano,45.251666666666665
Montefalcone Di Val Fortore,Castelpoto,70.95833333333333
Montefalcone Di Val Fortore,Castelvenere,79.195
Montefalcone Di Val Fortore,Castelvetere In Val Fortore,46.42833333333333
Montefalcone Di Val Fortore,Cautano,66.96666666666667
Montefalcone Di Val Fortore,Ceppaloni,67.65
Montefalcone Di Val Fortore,Circello,47.23333333333333
Montefalcone Di Val Fortore,Colle Sannita,41.64
Montefalcone Di Val Fortore,Cusano Mutri,99.745
Montefalcone Di Val Fortore,Dugenta,94.50333333333332
Montefalcone Di Val Fortore,Durazzano,109.71833333333332
Montefalcone Di Val Fortore,Faicchio,89.50333333333333
Montefalcone Di Val Fortore,Foglianise,64.52
Montefalcone Di Val Fortore,Foiano Di Val Fortore,18.44
Montefalcone Di Val Fortore,Forchia,90.825
Montefalcone Di Val Fortore,Fragneto Monforte,55.458333333333336
Montefalcone Di Val Fortore,Fragneto L'Abate,50.17166666666667
Montefalcone Di Val Fortore,Frasso Telesino,82.985
Montefalcone Di Val Fortore,Ginestra Degli Schiavoni,14.511666666666668
Montefalcone Di Val Fortore,Guardia Sanframondi,76.91333333333334
Montefalcone Di Val Fortore,Melizzano,83.95
Montefalcone Di Val Fortore,Moiano,91.405
Montefalcone Di Val Fortore,Molinara,27.64333333333333
Montefalcone Di Val Fortore,Montefalcone Di Val Fortore,0.0
Montefalcone Di Val Fortore,Montesarchio,78.11999999999999
Montefalcone Di Val Fortore,Paduli,37.41
Montefalcone Di Val Fortore,Pago Veiano,38.16
Montefalcone Di Val Fortore,Pannarano,75.35333333333332
Montefalcone Di Val Fortore,Paolisi,86.08666666666666
Montefalcone Di Val Fortore,Paupisi,68.15833333333333
Montefalcone Di Val Fortore,Pesco Sannita,47.72666666666667
Montefalcone Di Val Fortore,Pietraroja,101.03833333333334
Montefalcone Di Val Fortore,Pietrelcina,48.38333333333333
Montefalcone Di Val Fortore,Ponte,61.723333333333336
Montefalcone Di Val Fortore,Pontelandolfo,69.58666666666666
Montefalcone Di Val Fortore,Puglianello,84.15666666666667
Montefalcone Di Val Fortore,Reino,38.16
Montefalcone Di Val Fortore,San Bartolomeo In Galdo,25.30333333333333
Montefalcone Di Val Fortore,San Giorgio La Molara,21.66166666666667
Montefalcone Di Val Fortore,San Giorgio Del Sannio,59.66666666666666
Montefalcone Di Val Fortore,San Leucio Del Sannio,62.75
Montefalcone Di Val Fortore,San Lorenzello,85.895
Montefalcone Di Val Fortore,San Lorenzo Maggiore,72.74333333333334
Montefalcone Di Val Fortore,San Lupo,78.36
Montefalcone Di Val Fortore,San Marco Dei Cavoti,29.938333333333333
Montefalcone Di Val Fortore,San Martino Sannita,61.41166666666666
Montefalcone Di Val Fortore,San Nazzaro,64.43833333333333
Montefalcone Di Val Fortore,San Nicola Manfredi,61.51833333333333
Montefalcone Di Val Fortore,Sant'Agata De' Goti,100.37666666666668
Montefalcone Di Val Fortore,Sant'Angelo A Cupolo,62.705000000000005
Montefalcone Di Val Fortore,Sant'Arcangelo Trimonte,38.37166666666667
Montefalcone Di Val Fortore,Santa Croce Del Sannio,65.00833333333334
Montefalcone Di Val Fortore,Sassinoro,75.93833333333333
Montefalcone Di Val Fortore,Solopaca,73.93833333333333
Montefalcone Di Val Fortore,Telese Terme,75.53333333333333
Montefalcone Di Val Fortore,Tocco Caudio,73.51166666666667
Montesarchio,Airola,15.61
Montesarchio,Limatola,50.50833333333333
Montesarchio,San Giorgio Del Sannio,38.05166666666666
Montesarchio,San Salvatore Telesino,52.181666666666665
Montesarchio,Benevento,51.086666666666666
Montesarchio,Cerreto Sannita,61.86
Montesarchio,Ginestra Degli Schiavoni,72.05666666666666
Montesarchio,Morcone,60.765
Montesarchio,San Bartolomeo In Galdo,89.46000000000001
Montesarchio,Vitulano,27.53166666666667
Montesarchio,San Marco Dei Cavoti,57.498333333333335
Montesarchio,Torrecuso,36.525
Montesarchio,Amorosi,47.63666666666666
Montesarchio,Apice,50.54166666666666
Montesarchio,Apollosa,17.7
Montesarchio,Arpaia,15.425
Montesarchio,Arpaise,19.78166666666667
Montesarchio,Baselice,81.04833333333333
Montesarchio,Bonea,7.168333333333334
Montesarchio,Bucciano,11.666666666666666
Montesarchio,Buonalbergo,53.71666666666667
Montesarchio,Calvi,40.58166666666667
Montesarchio,Campolattaro,48.82166666666667
Montesarchio,Campoli Del Monte Taburno,16.745
Montesarchio,Casalduni,49.38666666666666
Montesarchio,Castelfranco In Miscano,74.76333333333334
Montesarchio,Castelpagano,69.35
Montesarchio,Castelpoto,22.296666666666667
Montesarchio,Castelvenere,54.47833333333333
Montesarchio,Castelvetere In Val Fortore,88.78833333333334
Montesarchio,Cautano,21.941666666666663
Montesarchio,Ceppaloni,23.90666666666667
Montesarchio,Circello,67.54166666666667
Montesarchio,Colle Sannita,64.17833333333333
Montesarchio,Cusano Mutri,78.67166666666667
Montesarchio,Dugenta,39.14333333333333
Montesarchio,Durazzano,37.02833333333333
Montesarchio,Faicchio,59.48
Montesarchio,Foglianise,26.91333333333333
Montesarchio,Foiano Di Val Fortore,74.945
Montesarchio,Forchia,17.98166666666667
Montesarchio,Fragneto Monforte,46.458333333333336
Montesarchio,Fragneto L'Abate,48.04666666666667
Montesarchio,Frasso Telesino,33.559999999999995
Montesarchio,Ginestra Degli Schiavoni,72.05666666666666
Montesarchio,Guardia Sanframondi,55.84
Montesarchio,Melizzano,38.55833333333333
Montesarchio,Moiano,17.878333333333334
Montesarchio,Molinara,65.115
Montesarchio,Montefalcone Di Val Fortore,76.30333333333333
Montesarchio,Montesarchio,0.0
Montesarchio,Paduli,43.365
Montesarchio,Pago Veiano,52.05833333333333
Montesarchio,Pannarano,14.28
Montesarchio,Paolisi,13.243333333333334
Montesarchio,Paupisi,39.41833333333333
Montesarchio,Pesco Sannita,43.68833333333334
Montesarchio,Pietraroja,84.41166666666666
Montesarchio,Pietrelcina,43.065000000000005
Montesarchio,Ponte,40.65
Montesarchio,Pontelandolfo,52.96
Montesarchio,Puglianello,50.14333333333333
Montesarchio,Reino,53.9
Montesarchio,San Bartolomeo In Galdo,89.46000000000001
Montesarchio,San Giorgio La Molara,65.35
Montesarchio,San Giorgio Del Sannio,38.05166666666666
Montesarchio,San Leucio Del Sannio,25.473333333333336
Montesarchio,San Lorenzello,63.785
Montesarchio,San Lorenzo Maggiore,51.67
Montesarchio,San Lupo,57.28666666666666
Montesarchio,San Marco Dei Cavoti,57.498333333333335
Montesarchio,San Martino Sannita,38.498333333333335
Montesarchio,San Nazzaro,42.82333333333334
Montesarchio,San Nicola Manfredi,38.605
Montesarchio,Sant'Agata De' Goti,27.946666666666665
Montesarchio,Sant'Angelo A Cupolo,38.38166666666667
Montesarchio,Sant'Arcangelo Trimonte,52.263333333333335
Montesarchio,Santa Croce Del Sannio,61.695
Montesarchio,Sassinoro,60.55
Montesarchio,Solopaca,43.59333333333333
Montesarchio,Telese Terme,49.515
Montesarchio,Tocco Caudio,18.313333333333333
Paduli,Airola,56.90333333333333
Paduli,Limatola,74.64333333333335
Paduli,San Giorgio Del Sannio,26.75333333333333
Paduli,San Salvatore Telesino,47.47833333333333
Paduli,Benevento,39.24666666666667
Paduli,Cerreto Sannita,50.02
Paduli,Ginestra Degli Schiavoni,33.665
Paduli,Morcone,48.925
Paduli,San Bartolomeo In Galdo,57.595
Paduli,Vitulano,35.626666666666665
Paduli,San Marco Dei Cavoti,41.255
Paduli,Torrecuso,33.736666666666665
Paduli,Amorosi,53.87166666666667
Paduli,Apice,16.076666666666668
Paduli,Apollosa,32.57833333333333
Paduli,Arpaia,55.355
Paduli,Arpaise,39.61333333333334
Paduli,Baselice,53.21666666666667
Paduli,Bonea,50.5
Paduli,Bucciano,54.998333333333335
Paduli,Buonalbergo,15.325
Paduli,Calvi,29.28333333333333
Paduli,Campolattaro,36.98166666666667
Paduli,Campoli Del Monte Taburno,38.17833333333333
Paduli,Casalduni,37.54666666666667
Paduli,Castelfranco In Miscano,36.37166666666667
Paduli,Castelpagano,55.63666666666666
Paduli,Castelpoto,38.045
Paduli,Castelvenere,46.281666666666666
Paduli,Castelvetere In Val Fortore,70.95666666666666
Paduli,Cautano,34.053333333333335
Paduli,Ceppaloni,34.736666666666665
Paduli,Circello,53.82833333333333
Paduli,Colle Sannita,50.465
Paduli,Cusano Mutri,66.83166666666666
Paduli,Dugenta,61.59
Paduli,Durazzano,76.805
Paduli,Faicchio,56.59
Paduli,Foglianise,31.60666666666667
Paduli,Foiano Di Val Fortore,43.080000000000005
Paduli,Forchia,57.91166666666666
Paduli,Fragneto Monforte,34.61833333333333
Paduli,Fragneto L'Abate,34.333333333333336
Paduli,Frasso Telesino,50.07166666666667
Paduli,Ginestra Degli Schiavoni,33.665
Paduli,Guardia Sanframondi,44.0
Paduli,Melizzano,51.03666666666666
Paduli,Moiano,58.49166666666667
Paduli,Molinara,32.42166666666667
Paduli,Montefalcone Di Val Fortore,37.91166666666666
Paduli,Montesarchio,45.20666666666667
Paduli,Paduli,0.0
Paduli,Pago Veiano,30.826666666666664
Paduli,Pannarano,42.440000000000005
Paduli,Paolisi,53.17333333333333
Paduli,Paupisi,35.245
Paduli,Pesco Sannita,29.975
Paduli,Pietraroja,72.57166666666667
Paduli,Pietrelcina,20.988333333333333
Paduli,Ponte,28.81
Paduli,Pontelandolfo,41.12
Paduli,Puglianello,51.24333333333333
Paduli,Reino,40.18666666666666
Paduli,San Bartolomeo In Galdo,57.595
Paduli,San Giorgio La Molara,26.95833333333333
Paduli,San Giorgio Del Sannio,26.75333333333333
Paduli,San Leucio Del Sannio,29.836666666666662
Paduli,San Lorenzello,52.98166666666667
Paduli,San Lorenzo Maggiore,39.830000000000005
Paduli,San Lupo,45.44666666666667
Paduli,San Marco Dei Cavoti,41.255
Paduli,San Martino Sannita,28.49833333333333
Paduli,San Nazzaro,31.525
Paduli,San Nicola Manfredi,28.605
Paduli,Sant'Agata De' Goti,67.46333333333334
Paduli,Sant'Angelo A Cupolo,29.791666666666668
Paduli,Sant'Arcangelo Trimonte,13.871666666666666
Paduli,Santa Croce Del Sannio,49.855
Paduli,Sassinoro,48.71
Paduli,Solopaca,41.025
Paduli,Telese Terme,42.62
Paduli,Tocco Caudio,40.598333333333336
Pago Veiano,Airola,64.80333333333333
Pago Veiano,Limatola,81.76166666666667
Pago Veiano,San Giorgio Del Sannio,38.77666666666666
Pago Veiano,San Salvatore Telesino,54.59666666666667
Pago Veiano,Benevento,45.31166666666666
Pago Veiano,Cerreto Sannita,57.138333333333335
Pago Veiano,Ginestra Degli Schiavoni,47.93
Pago Veiano,Morcone,52.135
Pago Veiano,San Bartolomeo In Galdo,47.165
Pago Veiano,Vitulano,41.81666666666667
Pago Veiano,San Marco Dei Cavoti,23.841666666666665
Pago Veiano,Torrecuso,40.855
Pago Veiano,Amorosi,60.99
Pago Veiano,Apice,43.105
Pago Veiano,Apollosa,40.47833333333333
Pago Veiano,Arpaia,63.255
Pago Veiano,Arpaise,48.391666666666666
Pago Veiano,Baselice,38.75333333333333
Pago Veiano,Bonea,58.4
Pago Veiano,Bucciano,62.89833333333333
Pago Veiano,Buonalbergo,29.59
Pago Veiano,Calvi,41.306666666666665
Pago Veiano,Campolattaro,40.19166666666667
Pago Veiano,Campoli Del Monte Taburno,44.36833333333333
Pago Veiano,Casalduni,43.59166666666667
Pago Veiano,Castelfranco In Miscano,50.63666666666666
Pago Veiano,Castelpagano,43.57833333333333
Pago Veiano,Castelpoto,45.568333333333335
Pago Veiano,Castelvenere,53.4
Pago Veiano,Castelvetere In Val Fortore,53.54333333333333
Pago Veiano,Cautano,40.24333333333333
Pago Veiano,Ceppaloni,45.05333333333333
Pago Veiano,Circello,42.42333333333333
Pago Veiano,Colle Sannita,39.06
Pago Veiano,Cusano Mutri,73.95
Pago Veiano,Dugenta,68.70833333333333
Pago Veiano,Durazzano,83.92333333333333
Pago Veiano,Faicchio,63.708333333333336
Pago Veiano,Foglianise,37.79666666666667
Pago Veiano,Foiano Di Val Fortore,32.65
Pago Veiano,Forchia,65.81166666666667
Pago Veiano,Fragneto Monforte,30.75333333333333
Pago Veiano,Fragneto L'Abate,24.68
Pago Veiano,Frasso Telesino,57.190000000000005
Pago Veiano,Ginestra Degli Schiavoni,47.93
Pago Veiano,Guardia Sanframondi,51.11833333333333
Pago Veiano,Melizzano,58.155
Pago Veiano,Moiano,66.39166666666667
Pago Veiano,Molinara,15.008333333333333
Pago Veiano,Montefalcone Di Val Fortore,38.71
Pago Veiano,Montesarchio,53.10666666666667
Pago Veiano,Paduli,30.438333333333333
Pago Veiano,Pago Veiano,0.0
Pago Veiano,Pannarano,50.34
Pago Veiano,Paolisi,61.07333333333334
Pago Veiano,Paupisi,42.36333333333334
Pago Veiano,Pesco Sannita,16.103333333333335
Pago Veiano,Pietraroja,75.78166666666667
Pago Veiano,Pietrelcina,10.411666666666669
Pago Veiano,Ponte,35.92833333333333
Pago Veiano,Pontelandolfo,44.330000000000005
Pago Veiano,Puglianello,58.361666666666665
Pago Veiano,Reino,28.78166666666667
Pago Veiano,San Bartolomeo In Galdo,47.165
Pago Veiano,San Giorgio La Molara,17.728333333333335
Pago Veiano,San Giorgio Del Sannio,38.77666666666666
Pago Veiano,San Leucio Del Sannio,38.25666666666667
Pago Veiano,San Lorenzello,60.1
Pago Veiano,San Lorenzo Maggiore,46.94833333333334
Pago Veiano,San Lupo,52.565000000000005
Pago Veiano,San Marco Dei Cavoti,23.841666666666665
Pago Veiano,San Martino Sannita,40.52166666666667
Pago Veiano,San Nazzaro,43.54833333333333
Pago Veiano,San Nicola Manfredi,40.62833333333333
Pago Veiano,Sant'Agata De' Goti,74.58166666666666
Pago Veiano,Sant'Angelo A Cupolo,41.04333333333333
Pago Veiano,Sant'Arcangelo Trimonte,34.723333333333336
Pago Veiano,Santa Croce Del Sannio,53.065000000000005
Pago Veiano,Sassinoro,51.92
Pago Veiano,Solopaca,48.14333333333333
Pago Veiano,Telese Terme,49.73833333333334
Pago Veiano,Tocco Caudio,46.78833333333333
Pannarano,Airola,24.346666666666668
Pannarano,Limatola,58.18666666666666
Pannarano,San Giorgio Del Sannio,36.3
Pannarano,San Salvatore Telesino,57.56666666666667
Pannarano,Benevento,49.335
Pannarano,Cerreto Sannita,60.10833333333333
Pannarano,Ginestra Degli Schiavoni,70.305
Pannarano,Morcone,59.013333333333335
Pannarano,San Bartolomeo In Galdo,87.70833333333333
Pannarano,Vitulano,42.12
Pannarano,San Marco Dei Cavoti,55.74666666666667
Pannarano,Torrecuso,43.825
Pannarano,Amorosi,55.315000000000005
Pannarano,Apice,48.79
Pannarano,Apollosa,19.65333333333333
Pannarano,Arpaia,22.41
Pannarano,Arpaise,11.556666666666668
Pannarano,Baselice,79.29666666666667
Pannarano,Bonea,21.756666666666668
Pannarano,Bucciano,24.688333333333333
Pannarano,Buonalbergo,51.965
Pannarano,Calvi,38.830000000000005
Pannarano,Campolattaro,47.07
Pannarano,Campoli Del Monte Taburno,31.33333333333333
Pannarano,Casalduni,47.635
Pannarano,Castelfranco In Miscano,73.01166666666667
Pannarano,Castelpagano,67.59833333333333
Pannarano,Castelpoto,32.365
Pannarano,Castelvenere,56.37
Pannarano,Castelvetere In Val Fortore,87.03666666666666
Pannarano,Cautano,36.53
Pannarano,Ceppaloni,17.368333333333332
Pannarano,Circello,65.79
Pannarano,Colle Sannita,62.42666666666666
Pannarano,Cusano Mutri,76.92
Pannarano,Dugenta,46.82166666666667
Pannarano,Durazzano,44.69666666666667
Pannarano,Faicchio,66.67833333333333
Pannarano,Foglianise,40.025
Pannarano,Foiano Di Val Fortore,73.19333333333334
Pannarano,Forchia,24.966666666666665
Pannarano,Fragneto Monforte,44.70666666666667
Pannarano,Fragneto L'Abate,46.295
Pannarano,Frasso Telesino,41.23833333333334
Pannarano,Ginestra Degli Schiavoni,70.305
Pannarano,Guardia Sanframondi,54.08833333333334
Pannarano,Melizzano,46.236666666666665
Pannarano,Moiano,25.546666666666667
Pannarano,Molinara,63.36333333333334
Pannarano,Montefalcone Di Val Fortore,74.55166666666668
Pannarano,Montesarchio,16.46333333333333
Pannarano,Paduli,41.61333333333334
Pannarano,Pago Veiano,50.306666666666665
Pannarano,Pannarano,0.0
Pannarano,Paolisi,20.22833333333333
Pannarano,Paupisi,45.333333333333336
Pannarano,Pesco Sannita,41.93666666666666
Pannarano,Pietraroja,82.66000000000001
Pannarano,Pietrelcina,41.31333333333334
Pannarano,Ponte,38.89833333333333
Pannarano,Pontelandolfo,51.208333333333336
Pannarano,Puglianello,57.82166666666667
Pannarano,Reino,52.14833333333333
Pannarano,San Bartolomeo In Galdo,87.70833333333333
Pannarano,San Giorgio La Molara,63.598333333333336
Pannarano,San Giorgio Del Sannio,36.3
Pannarano,San Leucio Del Sannio,21.191666666666663
Pannarano,San Lorenzello,63.07
Pannarano,San Lorenzo Maggiore,49.91833333333333
Pannarano,San Lupo,55.535
Pannarano,San Marco Dei Cavoti,55.74666666666667
Pannarano,San Martino Sannita,36.74666666666667
Pannarano,San Nazzaro,38.025
Pannarano,San Nicola Manfredi,36.85333333333333
Pannarano,Sant'Agata De' Goti,35.615
Pannarano,Sant'Angelo A Cupolo,33.41
Pannarano,Sant'Arcangelo Trimonte,50.51166666666666
Pannarano,Santa Croce Del Sannio,59.943333333333335
Pannarano,Sassinoro,58.79833333333333
Pannarano,Solopaca,51.11333333333334
Pannarano,Telese Terme,52.708333333333336
Pannarano,Tocco Caudio,32.901666666666664
Paolisi,Airola,9.826666666666666
Paolisi,Limatola,43.66666666666666
Paolisi,San Giorgio Del Sannio,46.70333333333333
Paolisi,San Salvatore Telesino,45.34
Paolisi,Benevento,59.73833333333334
Paolisi,Cerreto Sannita,55.958333333333336
Paolisi,Ginestra Degli Schiavoni,80.70833333333333
Paolisi,Morcone,69.41666666666667
Paolisi,San Bartolomeo In Galdo,98.11166666666666
Paolisi,Vitulano,38.02
Paolisi,San Marco Dei Cavoti,66.15
Paolisi,Torrecuso,47.013333333333335
Paolisi,Amorosi,40.795
Paolisi,Apice,59.193333333333335
Paolisi,Apollosa,28.33333333333333
Paolisi,Arpaia,5.266666666666667
Paolisi,Arpaise,24.545
Paolisi,Baselice,89.7
Paolisi,Bonea,12.06
Paolisi,Bucciano,10.168333333333331
Paolisi,Buonalbergo,62.36833333333333
Paolisi,Calvi,49.23333333333333
Paolisi,Campolattaro,57.473333333333336
Paolisi,Campoli Del Monte Taburno,27.23333333333333
Paolisi,Casalduni,58.03833333333333
Paolisi,Castelfranco In Miscano,83.41499999999999
Paolisi,Castelpagano,78.00166666666668
Paolisi,Castelpoto,32.93
Paolisi,Castelvenere,47.63666666666666
Paolisi,Castelvetere In Val Fortore,97.44
Paolisi,Cautano,32.43
Paolisi,Ceppaloni,30.35666666666667
Paolisi,Circello,76.19333333333334
Paolisi,Colle Sannita,72.83
Paolisi,Cusano Mutri,72.77
Paolisi,Dugenta,32.30166666666666
Paolisi,Durazzano,30.081666666666667
Paolisi,Faicchio,52.638333333333335
Paolisi,Foglianise,37.40166666666666
Paolisi,Foiano Di Val Fortore,83.59666666666666
Paolisi,Forchia,7.823333333333333
Paolisi,Fragneto Monforte,55.11
Paolisi,Fragneto L'Abate,56.69833333333334
Paolisi,Frasso Telesino,26.71833333333333
Paolisi,Ginestra Degli Schiavoni,80.70833333333333
Paolisi,Guardia Sanframondi,52.29166666666666
Paolisi,Melizzano,31.716666666666665
Paolisi,Moiano,11.026666666666667
Paolisi,Molinara,73.76666666666667
Paolisi,Montefalcone Di Val Fortore,84.955
Paolisi,Montesarchio,14.665
Paolisi,Paduli,52.016666666666666
Paolisi,Pago Veiano,60.71
Paolisi,Pannarano,19.043333333333333
Paolisi,Paolisi,0.0
Paolisi,Paupisi,49.906666666666666
Paolisi,Pesco Sannita,52.34
Paolisi,Pietraroja,80.46666666666667
Paolisi,Pietrelcina,51.71666666666667
Paolisi,Ponte,49.30166666666666
Paolisi,Pontelandolfo,61.611666666666665
Paolisi,Puglianello,43.30166666666666
Paolisi,Reino,62.55166666666666
Paolisi,San Bartolomeo In Galdo,98.11166666666666
Paolisi,San Giorgio La Molara,74.00166666666668
Paolisi,San Giorgio Del Sannio,46.70333333333333
Paolisi,San Leucio Del Sannio,34.125
Paolisi,San Lorenzello,56.943333333333335
Paolisi,San Lorenzo Maggiore,50.86
Paolisi,San Lupo,55.86
Paolisi,San Marco Dei Cavoti,66.15
Paolisi,San Martino Sannita,47.15
Paolisi,San Nazzaro,51.013333333333335
Paolisi,San Nicola Manfredi,47.25666666666667
Paolisi,Sant'Agata De' Goti,21.095
Paolisi,Sant'Angelo A Cupolo,46.39833333333333
Paolisi,Sant'Arcangelo Trimonte,60.915
Paolisi,Santa Croce Del Sannio,70.34666666666666
Paolisi,Sassinoro,69.20166666666667
Paolisi,Solopaca,36.751666666666665
Paolisi,Telese Terme,42.67333333333333
Paolisi,Tocco Caudio,28.801666666666662
Paupisi,Airola,47.263333333333335
Paupisi,Limatola,49.39333333333333
Paupisi,San Giorgio Del Sannio,34.12166666666666
Paupisi,San Salvatore Telesino,22.22833333333333
Paupisi,Benevento,22.23
Paupisi,Cerreto Sannita,24.555
Paupisi,Ginestra Degli Schiavoni,64.31166666666667
Paupisi,Morcone,41.30833333333333
Paupisi,San Bartolomeo In Galdo,80.14666666666668
Paupisi,Vitulano,14.173333333333334
Paupisi,San Marco Dei Cavoti,48.185
Paupisi,Torrecuso,4.111666666666666
Paupisi,Amorosi,28.621666666666663
Paupisi,Apice,42.88
Paupisi,Apollosa,34.59166666666667
Paupisi,Arpaia,52.10333333333333
Paupisi,Arpaise,42.505
Paupisi,Baselice,71.735
Paupisi,Bonea,37.82
Paupisi,Bucciano,45.645
Paupisi,Buonalbergo,45.97166666666667
Paupisi,Calvi,36.65166666666666
Paupisi,Campolattaro,29.365
Paupisi,Campoli Del Monte Taburno,23.21333333333333
Paupisi,Casalduni,20.21
Paupisi,Castelfranco In Miscano,67.01833333333333
Paupisi,Castelpagano,60.03666666666666
Paupisi,Castelpoto,27.116666666666667
Paupisi,Castelvenere,21.03166666666667
Paupisi,Castelvetere In Val Fortore,79.475
Paupisi,Cautano,19.08833333333333
Paupisi,Ceppaloni,39.16666666666666
Paupisi,Circello,58.22833333333333
Paupisi,Colle Sannita,54.865
Paupisi,Cusano Mutri,41.36666666666667
Paupisi,Dugenta,36.34
Paupisi,Durazzano,51.555
Paupisi,Faicchio,31.34
Paupisi,Foglianise,13.61
Paupisi,Foiano Di Val Fortore,65.63166666666667
Paupisi,Forchia,54.66
Paupisi,Fragneto Monforte,27.001666666666665
Paupisi,Fragneto L'Abate,32.15833333333333
Paupisi,Frasso Telesino,24.821666666666665
Paupisi,Ginestra Degli Schiavoni,64.31166666666667
Paupisi,Guardia Sanframondi,18.535
Paupisi,Melizzano,25.78666666666667
Paupisi,Moiano,46.275
Paupisi,Molinara,55.80166666666666
Paupisi,Montefalcone Di Val Fortore,68.55833333333334
Paupisi,Montesarchio,40.330000000000005
Paupisi,Paduli,35.62
Paupisi,Pago Veiano,42.745
Paupisi,Pannarano,44.45333333333333
Paupisi,Paolisi,49.92166666666667
Paupisi,Paupisi,0.0
Paupisi,Pesco Sannita,34.375
Paupisi,Pietraroja,49.06333333333334
Paupisi,Pietrelcina,33.751666666666665
Paupisi,Ponte,11.793333333333331
Paupisi,Pontelandolfo,31.48
Paupisi,Puglianello,25.99333333333333
Paupisi,Reino,44.586666666666666
Paupisi,San Bartolomeo In Galdo,80.14666666666668
Paupisi,San Giorgio La Molara,57.605
Paupisi,San Giorgio Del Sannio,34.12166666666666
Paupisi,San Leucio Del Sannio,32.37
Paupisi,San Lorenzello,27.516666666666666
Paupisi,San Lorenzo Maggiore,14.365
Paupisi,San Lupo,20.465
Paupisi,San Marco Dei Cavoti,48.185
Paupisi,San Martino Sannita,35.86666666666667
Paupisi,San Nazzaro,38.89333333333333
Paupisi,San Nicola Manfredi,35.973333333333336
Paupisi,Sant'Agata De' Goti,42.21333333333334
Paupisi,Sant'Angelo A Cupolo,37.39333333333333
Paupisi,Sant'Arcangelo Trimonte,44.51833333333333
Paupisi,Santa Croce Del Sannio,42.23833333333334
Paupisi,Sassinoro,41.09333333333333
Paupisi,Solopaca,15.775
Paupisi,Telese Terme,17.37
Paupisi,Tocco Caudio,25.633333333333333
Pesco Sannita,Airola,56.895
Pesco Sannita,Limatola,73.85333333333332
Pesco Sannita,San Giorgio Del Sannio,30.86833333333333
Pesco Sannita,San Salvatore Telesino,46.68833333333334
Pesco Sannita,Benevento,30.77833333333333
Pesco Sannita,Cerreto Sannita,49.23
Pesco Sannita,Ginestra Degli Schiavoni,60.85333333333333
Pesco Sannita,Morcone,37.60166666666667
Pesco Sannita,San Bartolomeo In Galdo,50.99333333333333
Pesco Sannita,Vitulano,33.90833333333333
Pesco Sannita,San Marco Dei Cavoti,19.03166666666667
Pesco Sannita,Torrecuso,32.946666666666665
Pesco Sannita,Amorosi,53.08166666666667
Pesco Sannita,Apice,39.626666666666665
Pesco Sannita,Apollosa,32.57
Pesco Sannita,Arpaia,55.34666666666667
Pesco Sannita,Arpaise,40.48333333333333
Pesco Sannita,Baselice,42.58166666666667
Pesco Sannita,Bonea,50.49166666666667
Pesco Sannita,Bucciano,54.99
Pesco Sannita,Buonalbergo,42.513333333333335
Pesco Sannita,Calvi,33.39833333333333
Pesco Sannita,Campolattaro,25.65833333333333
Pesco Sannita,Campoli Del Monte Taburno,36.46
Pesco Sannita,Casalduni,29.058333333333334
Pesco Sannita,Castelfranco In Miscano,63.068333333333335
Pesco Sannita,Castelpagano,29.94833333333333
Pesco Sannita,Castelpoto,37.66
Pesco Sannita,Castelvenere,45.49166666666667
Pesco Sannita,Castelvetere In Val Fortore,49.38666666666666
Pesco Sannita,Cautano,32.335
Pesco Sannita,Ceppaloni,37.145
Pesco Sannita,Circello,28.14
Pesco Sannita,Colle Sannita,24.776666666666664
Pesco Sannita,Cusano Mutri,66.04166666666667
Pesco Sannita,Dugenta,60.8
Pesco Sannita,Durazzano,76.015
Pesco Sannita,Faicchio,55.8
Pesco Sannita,Foglianise,29.88833333333333
Pesco Sannita,Foiano Di Val Fortore,36.47833333333333
Pesco Sannita,Forchia,57.90333333333333
Pesco Sannita,Fragneto Monforte,16.220000000000002
Pesco Sannita,Fragneto L'Abate,10.146666666666668
Pesco Sannita,Frasso Telesino,49.281666666666666
Pesco Sannita,Ginestra Degli Schiavoni,60.85333333333333
Pesco Sannita,Guardia Sanframondi,43.21
Pesco Sannita,Melizzano,50.24666666666667
Pesco Sannita,Moiano,58.48333333333333
Pesco Sannita,Molinara,26.648333333333333
Pesco Sannita,Montefalcone Di Val Fortore,48.24166666666667
Pesco Sannita,Montesarchio,45.19833333333334
Pesco Sannita,Paduli,30.35833333333333
Pesco Sannita,Pago Veiano,16.563333333333333
Pesco Sannita,Pannarano,42.431666666666665
Pesco Sannita,Paolisi,53.165
Pesco Sannita,Paupisi,34.455000000000005
Pesco Sannita,Pesco Sannita,0.0
Pesco Sannita,Pietraroja,61.248333333333335
Pesco Sannita,Pietrelcina,9.993333333333334
Pesco Sannita,Ponte,28.02
Pesco Sannita,Pontelandolfo,29.796666666666667
Pesco Sannita,Puglianello,50.45333333333333
Pesco Sannita,Reino,14.498333333333331
Pesco Sannita,San Bartolomeo In Galdo,50.99333333333333
Pesco Sannita,San Giorgio La Molara,34.10333333333333
Pesco Sannita,San Giorgio Del Sannio,30.86833333333333
Pesco Sannita,San Leucio Del Sannio,30.348333333333336
Pesco Sannita,San Lorenzello,52.19166666666667
Pesco Sannita,San Lorenzo Maggiore,39.04
Pesco Sannita,San Lupo,39.645
Pesco Sannita,San Marco Dei Cavoti,19.03166666666667
Pesco Sannita,San Martino Sannita,32.61333333333333
Pesco Sannita,San Nazzaro,35.64
Pesco Sannita,San Nicola Manfredi,32.72
Pesco Sannita,Sant'Agata De' Goti,66.67333333333333
Pesco Sannita,Sant'Angelo A Cupolo,34.016666666666666
Pesco Sannita,Sant'Arcangelo Trimonte,41.06
Pesco Sannita,Santa Croce Del Sannio,38.531666666666666
Pesco Sannita,Sassinoro,37.38666666666666
Pesco Sannita,Solopaca,40.235
Pesco Sannita,Telese Terme,41.830000000000005
Pesco Sannita,Tocco Caudio,38.88
Pietraroja,Airola,76.38333333333334
Pietraroja,Limatola,70.06166666666667
Pietraroja,San Giorgio Del Sannio,70.91166666666666
Pietraroja,San Salvatore Telesino,40.02333333333333
Pietraroja,Benevento,51.333333333333336
Pietraroja,Cerreto Sannita,25.668333333333333
Pietraroja,Ginestra Degli Schiavoni,101.10166666666667
Pietraroja,Morcone,26.10666666666667
Pietraroja,San Bartolomeo In Galdo,101.53166666666668
Pietraroja,Vitulano,63.78333333333333
Pietraroja,San Marco Dei Cavoti,73.03500000000001
Pietraroja,Torrecuso,53.72166666666667
Pietraroja,Amorosi,49.29
Pietraroja,Apice,79.67
Pietraroja,Apollosa,71.38166666666666
Pietraroja,Arpaia,82.32666666666667
Pietraroja,Arpaise,79.295
Pietraroja,Baselice,91.23333333333332
Pietraroja,Bonea,83.59166666666667
Pietraroja,Bucciano,76.55
Pietraroja,Buonalbergo,82.76166666666667
Pietraroja,Calvi,73.44166666666666
Pietraroja,Campolattaro,43.225
Pietraroja,Campoli Del Monte Taburno,68.985
Pietraroja,Casalduni,48.155
Pietraroja,Castelfranco In Miscano,103.80833333333334
Pietraroja,Castelpagano,57.56
Pietraroja,Castelpoto,70.185
Pietraroja,Castelvenere,35.901666666666664
Pietraroja,Castelvetere In Val Fortore,84.49333333333334
Pietraroja,Cautano,64.86
Pietraroja,Ceppaloni,75.95666666666666
Pietraroja,Circello,63.848333333333336
Pietraroja,Colle Sannita,63.95666666666667
Pietraroja,Cusano Mutri,20.35
Pietraroja,Dugenta,58.76
Pietraroja,Durazzano,77.02
Pietraroja,Faicchio,41.08166666666667
Pietraroja,Foglianise,62.41333333333333
Pietraroja,Foiano Di Val Fortore,90.10166666666667
Pietraroja,Forchia,84.88333333333334
Pietraroja,Fragneto Monforte,47.75
Pietraroja,Fragneto L'Abate,52.906666666666666
Pietraroja,Frasso Telesino,53.94166666666667
Pietraroja,Ginestra Degli Schiavoni,101.10166666666667
Pietraroja,Guardia Sanframondi,35.468333333333334
Pietraroja,Melizzano,54.906666666666666
Pietraroja,Moiano,75.395
Pietraroja,Molinara,80.65166666666667
Pietraroja,Montefalcone Di Val Fortore,102.245
Pietraroja,Montesarchio,84.01
Pietraroja,Paduli,72.41000000000001
Pietraroja,Pago Veiano,76.23666666666666
Pietraroja,Pannarano,81.24333333333334
Pietraroja,Paolisi,80.145
Pietraroja,Paupisi,50.125
Pietraroja,Pesco Sannita,61.26166666666666
Pietraroja,Pietraroja,0.0
Pietraroja,Pietrelcina,69.66666666666667
Pietraroja,Ponte,52.43
Pietraroja,Pontelandolfo,42.263333333333335
Pietraroja,Puglianello,47.48
Pietraroja,Reino,67.25833333333334
Pietraroja,San Bartolomeo In Galdo,101.53166666666668
Pietraroja,San Giorgio La Molara,91.15666666666668
Pietraroja,San Giorgio Del Sannio,70.91166666666666
Pietraroja,San Leucio Del Sannio,69.16000000000001
Pietraroja,San Lorenzello,29.68166666666667
Pietraroja,San Lorenzo Maggiore,37.42166666666667
Pietraroja,San Lupo,40.88333333333333
Pietraroja,San Marco Dei Cavoti,73.03500000000001
Pietraroja,San Martino Sannita,72.65666666666667
Pietraroja,San Nazzaro,75.68333333333334
Pietraroja,San Nicola Manfredi,72.76333333333334
Pietraroja,Sant'Agata De' Goti,67.67833333333333
Pietraroja,Sant'Angelo A Cupolo,74.18333333333334
Pietraroja,Sant'Arcangelo Trimonte,81.30833333333334
Pietraroja,Santa Croce Del Sannio,37.51833333333333
Pietraroja,Sassinoro,36.00666666666667
Pietraroja,Solopaca,44.895
Pietraroja,Telese Terme,40.40833333333333
Pietraroja,Tocco Caudio,71.405
Pietrelcina,Airola,55.77833333333333
Pietrelcina,Limatola,72.73666666666666
Pietrelcina,San Giorgio Del Sannio,29.751666666666665
Pietrelcina,San Salvatore Telesino,45.57166666666667
Pietrelcina,Benevento,37.34
Pietrelcina,Cerreto Sannita,48.11333333333334
Pietrelcina,Ginestra Degli Schiavoni,51.60833333333333
Pietrelcina,Morcone,45.556666666666665
Pietrelcina,San Bartolomeo In Galdo,57.25833333333333
Pietrelcina,Vitulano,32.791666666666664
Pietrelcina,San Marco Dei Cavoti,26.736666666666668
Pietrelcina,Torrecuso,31.83
Pietrelcina,Amorosi,51.965
Pietrelcina,Apice,33.78
Pietrelcina,Apollosa,31.453333333333333
Pietrelcina,Arpaia,54.23
Pietrelcina,Arpaise,39.36666666666667
Pietrelcina,Baselice,48.84666666666667
Pietrelcina,Bonea,49.375
Pietrelcina,Bucciano,53.873333333333335
Pietrelcina,Buonalbergo,33.26833333333333
Pietrelcina,Calvi,32.281666666666666
Pietrelcina,Campolattaro,33.61333333333333
Pietrelcina,Campoli Del Monte Taburno,35.343333333333334
Pietrelcina,Casalduni,35.64
Pietrelcina,Castelfranco In Miscano,54.315000000000005
Pietrelcina,Castelpagano,37.65333333333333
Pietrelcina,Castelpoto,36.54333333333333
Pietrelcina,Castelvenere,44.375
Pietrelcina,Castelvetere In Val Fortore,57.09166666666667
Pietrelcina,Cautano,31.21833333333333
Pietrelcina,Ceppaloni,36.02833333333333
Pietrelcina,Circello,35.845
Pietrelcina,Colle Sannita,32.48166666666667
Pietrelcina,Cusano Mutri,64.925
Pietrelcina,Dugenta,59.68333333333333
Pietrelcina,Durazzano,74.89833333333333
Pietrelcina,Faicchio,54.68333333333333
Pietrelcina,Foglianise,28.771666666666665
Pietrelcina,Foiano Di Val Fortore,42.74333333333333
Pietrelcina,Forchia,56.78666666666666
Pietrelcina,Fragneto Monforte,24.175
Pietrelcina,Fragneto L'Abate,18.101666666666667
Pietrelcina,Frasso Telesino,48.165
Pietrelcina,Ginestra Degli Schiavoni,51.60833333333333
Pietrelcina,Guardia Sanframondi,42.09333333333333
Pietrelcina,Melizzano,49.13
Pietrelcina,Moiano,57.36666666666667
Pietrelcina,Molinara,25.101666666666667
Pietrelcina,Montefalcone Di Val Fortore,48.80333333333333
Pietrelcina,Montesarchio,44.08166666666667
Pietrelcina,Paduli,21.113333333333333
Pietrelcina,Pago Veiano,10.281666666666666
Pietrelcina,Pannarano,41.315000000000005
Pietrelcina,Paolisi,52.04833333333333
Pietrelcina,Paupisi,33.33833333333333
Pietrelcina,Pesco Sannita,9.525
Pietrelcina,Pietraroja,69.20333333333333
Pietrelcina,Pietrelcina,0.0
Pietrelcina,Ponte,26.90333333333333
Pietrelcina,Pontelandolfo,37.751666666666665
Pietrelcina,Puglianello,49.336666666666666
Pietrelcina,Reino,22.203333333333333
Pietrelcina,San Bartolomeo In Galdo,57.25833333333333
Pietrelcina,San Giorgio La Molara,27.821666666666665
Pietrelcina,San Giorgio Del Sannio,29.751666666666665
Pietrelcina,San Leucio Del Sannio,29.23166666666667
Pietrelcina,San Lorenzello,51.075
Pietrelcina,San Lorenzo Maggiore,37.92333333333333
Pietrelcina,San Lupo,43.54
Pietrelcina,San Marco Dei Cavoti,26.736666666666668
Pietrelcina,San Martino Sannita,31.496666666666663
Pietrelcina,San Nazzaro,34.52333333333333
Pietrelcina,San Nicola Manfredi,31.60333333333333
Pietrelcina,Sant'Agata De' Goti,65.55666666666667
Pietrelcina,Sant'Angelo A Cupolo,32.01833333333333
Pietrelcina,Sant'Arcangelo Trimonte,31.815
Pietrelcina,Santa Croce Del Sannio,46.486666666666665
Pietrelcina,Sassinoro,45.34166666666667
Pietrelcina,Solopaca,39.11833333333333
Pietrelcina,Telese Terme,40.71333333333334
Pietrelcina,Tocco Caudio,37.763333333333335
Ponte,Airola,48.62
Ponte,Limatola,50.75
Ponte,San Giorgio Del Sannio,26.89
Ponte,San Salvatore Telesino,23.585
Ponte,Benevento,12.173333333333334
Ponte,Cerreto Sannita,26.126666666666665
Ponte,Ginestra Degli Schiavoni,57.080000000000005
Ponte,Morcone,32.25333333333334
Ponte,San Bartolomeo In Galdo,72.91499999999999
Ponte,Vitulano,19.996666666666663
Ponte,San Marco Dei Cavoti,40.95333333333333
Ponte,Torrecuso,9.263333333333332
Ponte,Amorosi,29.97833333333333
Ponte,Apice,35.64833333333333
Ponte,Apollosa,27.36
Ponte,Arpaia,50.13666666666666
Ponte,Arpaise,35.27333333333333
Ponte,Baselice,64.50333333333333
Ponte,Bonea,39.76
Ponte,Bucciano,47.585
Ponte,Buonalbergo,38.74
Ponte,Calvi,29.42
Ponte,Campolattaro,20.295
Ponte,Campoli Del Monte Taburno,25.15333333333333
Ponte,Casalduni,11.453333333333337
Ponte,Castelfranco In Miscano,59.78666666666666
Ponte,Castelpagano,51.55166666666666
Ponte,Castelpoto,26.35333333333333
Ponte,Castelvenere,22.38833333333333
Ponte,Castelvetere In Val Fortore,70.99
Ponte,Cautano,21.02833333333333
Ponte,Ceppaloni,31.935
Ponte,Circello,49.74333333333333
Ponte,Colle Sannita,46.38
Ponte,Cusano Mutri,42.93833333333334
Ponte,Dugenta,37.69666666666667
Ponte,Durazzano,52.91166666666666
Ponte,Faicchio,32.696666666666665
Ponte,Foglianise,16.246666666666666
Ponte,Foiano Di Val Fortore,58.4
Ponte,Forchia,52.693333333333335
Ponte,Fragneto Monforte,17.348333333333336
Ponte,Fragneto L'Abate,22.505
Ponte,Frasso Telesino,26.17833333333333
Ponte,Ginestra Degli Schiavoni,57.080000000000005
Ponte,Guardia Sanframondi,20.10666666666667
Ponte,Melizzano,27.14333333333333
Ponte,Moiano,47.63166666666667
Ponte,Molinara,48.57
Ponte,Montefalcone Di Val Fortore,61.32666666666667
Ponte,Montesarchio,39.98833333333334
Ponte,Paduli,28.38833333333333
Ponte,Pago Veiano,35.513333333333335
Ponte,Pannarano,37.22166666666667
Ponte,Paolisi,47.955000000000005
Ponte,Paupisi,10.771666666666668
Ponte,Pesco Sannita,27.14333333333333
Ponte,Pietraroja,50.635
Ponte,Pietrelcina,26.52
Ponte,Ponte,0.0
Ponte,Pontelandolfo,22.723333333333336
Ponte,Puglianello,27.35
Ponte,Reino,36.85666666666667
Ponte,San Bartolomeo In Galdo,72.91499999999999
Ponte,San Giorgio La Molara,50.373333333333335
Ponte,San Giorgio Del Sannio,26.89
Ponte,San Leucio Del Sannio,25.13833333333333
Ponte,San Lorenzello,29.08833333333333
Ponte,San Lorenzo Maggiore,15.936666666666667
Ponte,San Lupo,20.265
Ponte,San Marco Dei Cavoti,40.95333333333333
Ponte,San Martino Sannita,28.635
Ponte,San Nazzaro,31.66166666666667
Ponte,San Nicola Manfredi,28.741666666666667
Ponte,Sant'Agata De' Goti,43.57
Ponte,Sant'Angelo A Cupolo,30.16166666666667
Ponte,Sant'Arcangelo Trimonte,37.28666666666666
Ponte,Santa Croce Del Sannio,33.18333333333333
Ponte,Sassinoro,32.038333333333334
Ponte,Solopaca,17.131666666666668
Ponte,Telese Terme,18.726666666666667
Ponte,Tocco Caudio,27.57333333333333
Pontelandolfo,Airola,64.16166666666666
Pontelandolfo,Limatola,68.025
Pontelandolfo,San Giorgio Del Sannio,39.71333333333334
Pontelandolfo,San Salvatore Telesino,41.126666666666665
Pontelandolfo,Benevento,17.01
Pontelandolfo,Cerreto Sannita,29.975
Pontelandolfo,Ginestra Degli Schiavoni,69.90333333333334
Pontelandolfo,Morcone,19.35
Pontelandolfo,San Bartolomeo In Galdo,73.79833333333333
Pontelandolfo,Vitulano,35.235
Pontelandolfo,San Marco Dei Cavoti,41.836666666666666
Pontelandolfo,Torrecuso,30.058333333333334
Pontelandolfo,Amorosi,47.25333333333333
Pontelandolfo,Apice,48.47166666666667
Pontelandolfo,Apollosa,40.18333333333333
Pontelandolfo,Arpaia,62.96
Pontelandolfo,Arpaise,48.09666666666667
Pontelandolfo,Baselice,65.38666666666667
Pontelandolfo,Bonea,52.39333333333333
Pontelandolfo,Bucciano,60.21833333333333
Pontelandolfo,Buonalbergo,51.56333333333334
Pontelandolfo,Calvi,42.24333333333333
Pontelandolfo,Campolattaro,12.026666666666667
Pontelandolfo,Campoli Del Monte Taburno,37.78666666666666
Pontelandolfo,Casalduni,11.203333333333337
Pontelandolfo,Castelfranco In Miscano,72.61
Pontelandolfo,Castelpagano,40.32166666666667
Pontelandolfo,Castelpoto,38.986666666666665
Pontelandolfo,Castelvenere,30.33333333333333
Pontelandolfo,Castelvetere In Val Fortore,67.25500000000001
Pontelandolfo,Cautano,33.66166666666667
Pontelandolfo,Ceppaloni,44.75833333333333
Pontelandolfo,Circello,46.215
Pontelandolfo,Colle Sannita,45.583333333333336
Pontelandolfo,Cusano Mutri,46.78666666666666
Pontelandolfo,Dugenta,53.81
Pontelandolfo,Durazzano,69.70666666666666
Pontelandolfo,Faicchio,43.885
Pontelandolfo,Foglianise,31.215
Pontelandolfo,Foiano Di Val Fortore,59.28333333333333
Pontelandolfo,Forchia,65.51666666666667
Pontelandolfo,Fragneto Monforte,16.551666666666666
Pontelandolfo,Fragneto L'Abate,21.70833333333333
Pontelandolfo,Frasso Telesino,42.973333333333336
Pontelandolfo,Ginestra Degli Schiavoni,69.90333333333334
Pontelandolfo,Guardia Sanframondi,19.828333333333333
Pontelandolfo,Melizzano,43.93833333333334
Pontelandolfo,Moiano,64.42666666666666
Pontelandolfo,Molinara,49.45333333333333
Pontelandolfo,Montefalcone Di Val Fortore,71.04666666666667
Pontelandolfo,Montesarchio,52.81166666666666
Pontelandolfo,Paduli,41.211666666666666
Pontelandolfo,Pago Veiano,45.03833333333333
Pontelandolfo,Pannarano,50.045
Pontelandolfo,Paolisi,60.77833333333333
Pontelandolfo,Paupisi,31.311666666666667
Pontelandolfo,Pesco Sannita,30.063333333333333
Pontelandolfo,Pietraroja,42.99666666666667
Pontelandolfo,Pietrelcina,38.46833333333333
Pontelandolfo,Ponte,22.74
Pontelandolfo,Pontelandolfo,0.0
Pontelandolfo,Puglianello,45.29666666666667
Pontelandolfo,Reino,36.06
Pontelandolfo,San Bartolomeo In Galdo,73.79833333333333
Pontelandolfo,San Giorgio La Molara,59.958333333333336
Pontelandolfo,San Giorgio Del Sannio,39.71333333333334
Pontelandolfo,San Leucio Del Sannio,37.961666666666666
Pontelandolfo,San Lorenzello,32.596666666666664
Pontelandolfo,San Lorenzo Maggiore,20.92833333333333
Pontelandolfo,San Lupo,14.411666666666669
Pontelandolfo,San Marco Dei Cavoti,41.836666666666666
Pontelandolfo,San Martino Sannita,41.458333333333336
Pontelandolfo,San Nazzaro,44.485
Pontelandolfo,San Nicola Manfredi,41.565000000000005
Pontelandolfo,Sant'Agata De' Goti,60.365
Pontelandolfo,Sant'Angelo A Cupolo,42.985
Pontelandolfo,Sant'Arcangelo Trimonte,50.11
Pontelandolfo,Santa Croce Del Sannio,20.28
Pontelandolfo,Sassinoro,19.135
Pontelandolfo,Solopaca,33.92666666666666
Pontelandolfo,Telese Terme,34.84
Pontelandolfo,Tocco Caudio,40.20666666666667
Puglianello,Airola,38.345
Puglianello,Limatola,26.188333333333333
Puglianello,San Giorgio Del Sannio,50.27833333333333
Puglianello,San Salvatore Telesino,9.331666666666669
Puglianello,Benevento,39.02666666666666
Puglianello,Cerreto Sannita,23.673333333333336
Puglianello,Ginestra Degli Schiavoni,80.46833333333333
Puglianello,Morcone,57.465
Puglianello,San Bartolomeo In Galdo,96.30333333333331
Puglianello,Vitulano,38.66333333333333
Puglianello,San Marco Dei Cavoti,64.34166666666667
Puglianello,Torrecuso,30.071666666666665
Puglianello,Amorosi,4.953333333333333
Puglianello,Apice,59.03666666666666
Puglianello,Apollosa,50.748333333333335
Puglianello,Arpaia,44.28833333333333
Puglianello,Arpaise,58.66166666666666
Puglianello,Baselice,87.89166666666667
Puglianello,Bonea,46.38666666666666
Puglianello,Bucciano,38.51166666666666
Puglianello,Buonalbergo,62.12833333333333
Puglianello,Calvi,52.80833333333333
Puglianello,Campolattaro,45.52166666666667
Puglianello,Campoli Del Monte Taburno,45.445
Puglianello,Casalduni,37.32666666666667
Puglianello,Castelfranco In Miscano,83.175
Puglianello,Castelpagano,76.19333333333334
Puglianello,Castelpoto,51.43
Puglianello,Castelvenere,16.86
Puglianello,Castelvetere In Val Fortore,95.63166666666666
Puglianello,Cautano,41.266666666666666
Puglianello,Ceppaloni,55.32333333333334
Puglianello,Circello,74.385
Puglianello,Colle Sannita,71.02166666666668
Puglianello,Cusano Mutri,40.47666666666667
Puglianello,Dugenta,16.898333333333333
Puglianello,Durazzano,35.15833333333333
Puglianello,Faicchio,13.588333333333331
Puglianello,Foglianise,39.57
Puglianello,Foiano Di Val Fortore,81.78833333333334
Puglianello,Forchia,46.845
Puglianello,Fragneto Monforte,43.15833333333333
Puglianello,Fragneto L'Abate,48.315000000000005
Puglianello,Frasso Telesino,19.01333333333333
Puglianello,Ginestra Degli Schiavoni,80.46833333333333
Puglianello,Guardia Sanframondi,27.041666666666668
Puglianello,Melizzano,14.788333333333332
Puglianello,Moiano,36.14833333333333
Puglianello,Molinara,71.95833333333333
Puglianello,Montefalcone Di Val Fortore,84.71499999999999
Puglianello,Montesarchio,50.57666666666667
Puglianello,Paduli,51.77666666666666
Puglianello,Pago Veiano,58.90166666666666
Puglianello,Pannarano,56.04333333333333
Puglianello,Paolisi,42.10666666666667
Puglianello,Paupisi,26.475
Puglianello,Pesco Sannita,50.531666666666666
Puglianello,Pietraroja,48.17333333333333
Puglianello,Pietrelcina,49.90833333333333
Puglianello,Ponte,28.59
Puglianello,Pontelandolfo,46.38
Puglianello,Puglianello,0.0
Puglianello,Reino,60.74333333333333
Puglianello,San Bartolomeo In Galdo,96.30333333333331
Puglianello,San Giorgio La Molara,73.76166666666667
Puglianello,San Giorgio Del Sannio,50.27833333333333
Puglianello,San Leucio Del Sannio,48.52666666666666
Puglianello,San Lorenzello,20.935
Puglianello,San Lorenzo Maggiore,26.996666666666663
Puglianello,San Lupo,31.996666666666663
Puglianello,San Marco Dei Cavoti,64.34166666666667
Puglianello,San Martino Sannita,52.02333333333333
Puglianello,San Nazzaro,55.05
Puglianello,San Nicola Manfredi,52.13
Puglianello,Sant'Agata De' Goti,25.816666666666663
Puglianello,Sant'Angelo A Cupolo,53.55
Puglianello,Sant'Arcangelo Trimonte,60.675
Puglianello,Santa Croce Del Sannio,58.395
Puglianello,Sassinoro,57.25
Puglianello,Solopaca,19.16333333333333
Puglianello,Telese Terme,12.308333333333334
Puglianello,Tocco Caudio,46.245
Reino,Airola,65.63666666666667
Reino,Limatola,82.595
Reino,San Giorgio Del Sannio,39.61
Reino,San Salvatore Telesino,55.43
Reino,Benevento,35.95166666666667
Reino,Cerreto Sannita,57.97166666666667
Reino,Ginestra Degli Schiavoni,52.18
Reino,Morcone,42.775
Reino,San Bartolomeo In Galdo,41.013333333333335
Reino,Vitulano,42.65
Reino,San Marco Dei Cavoti,9.051666666666668
Reino,Torrecuso,41.68833333333334
Reino,Amorosi,61.82333333333334
Reino,Apice,48.36833333333333
Reino,Apollosa,41.31166666666666
Reino,Arpaia,64.08833333333334
Reino,Arpaise,49.225
Reino,Baselice,32.60166666666667
Reino,Bonea,59.23333333333333
Reino,Bucciano,63.73166666666667
Reino,Buonalbergo,42.365
Reino,Calvi,42.14
Reino,Campolattaro,30.831666666666667
Reino,Campoli Del Monte Taburno,45.20166666666667
Reino,Casalduni,34.23166666666667
Reino,Castelfranco In Miscano,53.08833333333334
Reino,Castelpagano,15.578333333333337
Reino,Castelpoto,46.40166666666666
Reino,Castelvenere,54.23333333333333
Reino,Castelvetere In Val Fortore,35.016666666666666
Reino,Cautano,41.07666666666667
Reino,Ceppaloni,45.88666666666666
Reino,Circello,13.77
Reino,Colle Sannita,10.406666666666666
Reino,Cusano Mutri,74.78333333333333
Reino,Dugenta,69.54166666666667
Reino,Durazzano,84.75666666666666
Reino,Faicchio,64.54166666666667
Reino,Foglianise,38.63
Reino,Foiano Di Val Fortore,26.49833333333333
Reino,Forchia,66.645
Reino,Fragneto Monforte,21.65333333333333
Reino,Fragneto L'Abate,15.083333333333334
Reino,Frasso Telesino,58.02333333333333
Reino,Ginestra Degli Schiavoni,52.18
Reino,Guardia Sanframondi,50.235
Reino,Melizzano,58.98833333333334
Reino,Moiano,67.225
Reino,Molinara,16.668333333333333
Reino,Montefalcone Di Val Fortore,38.26166666666666
Reino,Montesarchio,53.940000000000005
Reino,Paduli,41.10833333333333
Reino,Pago Veiano,28.85333333333333
Reino,Pannarano,51.17333333333333
Reino,Paolisi,61.906666666666666
Reino,Paupisi,43.19666666666667
Reino,Pesco Sannita,13.878333333333334
Reino,Pietraroja,66.42166666666667
Reino,Pietrelcina,22.28333333333333
Reino,Ponte,36.485
Reino,Pontelandolfo,34.97
Reino,Puglianello,59.195
Reino,Reino,0.0
Reino,San Bartolomeo In Galdo,41.013333333333335
Reino,San Giorgio La Molara,27.173333333333336
Reino,San Giorgio Del Sannio,39.61
Reino,San Leucio Del Sannio,39.09
Reino,San Lorenzello,60.93333333333333
Reino,San Lorenzo Maggiore,47.781666666666666
Reino,San Lupo,44.818333333333335
Reino,San Marco Dei Cavoti,9.051666666666668
Reino,San Martino Sannita,41.355
Reino,San Nazzaro,44.38166666666667
Reino,San Nicola Manfredi,41.461666666666666
Reino,Sant'Agata De' Goti,75.41499999999999
Reino,Sant'Angelo A Cupolo,42.75833333333333
Reino,Sant'Arcangelo Trimonte,47.498333333333335
Reino,Santa Croce Del Sannio,35.335
Reino,Sassinoro,42.56
Reino,Solopaca,48.97666666666667
Reino,Telese Terme,50.57166666666667
Reino,Tocco Caudio,47.62166666666667
San Bartolomeo In Galdo,Airola,102.02
San Bartolomeo In Galdo,Limatola,118.97833333333332
San Bartolomeo In Galdo,San Giorgio Del Sannio,75.99333333333334
San Bartolomeo In Galdo,San Salvatore Telesino,91.81333333333332
San Bartolomeo In Galdo,Benevento,73.5
San Bartolomeo In Galdo,Cerreto Sannita,94.355
San Bartolomeo In Galdo,Ginestra Degli Schiavoni,38.715
San Bartolomeo In Galdo,Morcone,78.40333333333334
San Bartolomeo In Galdo,San Bartolomeo In Galdo,0.0
San Bartolomeo In Galdo,Vitulano,79.03333333333333
San Bartolomeo In Galdo,San Marco Dei Cavoti,32.87
San Bartolomeo In Galdo,Torrecuso,78.07166666666667
San Bartolomeo In Galdo,Amorosi,98.20666666666666
San Bartolomeo In Galdo,Apice,68.55
San Bartolomeo In Galdo,Apollosa,77.695
San Bartolomeo In Galdo,Arpaia,100.47166666666666
San Bartolomeo In Galdo,Arpaise,85.60833333333333
San Bartolomeo In Galdo,Baselice,16.021666666666665
San Bartolomeo In Galdo,Bonea,95.61666666666666
San Bartolomeo In Galdo,Bucciano,100.115
San Bartolomeo In Galdo,Buonalbergo,52.04333333333333
San Bartolomeo In Galdo,Calvi,78.52333333333333
San Bartolomeo In Galdo,Campolattaro,68.38000000000001
San Bartolomeo In Galdo,Campoli Del Monte Taburno,81.58500000000001
San Bartolomeo In Galdo,Casalduni,71.78
San Bartolomeo In Galdo,Castelfranco In Miscano,34.68333333333333
San Bartolomeo In Galdo,Castelpagano,44.97666666666667
San Bartolomeo In Galdo,Castelpoto,82.78500000000001
San Bartolomeo In Galdo,Castelvenere,90.61666666666666
San Bartolomeo In Galdo,Castelvetere In Val Fortore,22.7
San Bartolomeo In Galdo,Cautano,77.46000000000001
San Bartolomeo In Galdo,Ceppaloni,82.27
San Bartolomeo In Galdo,Circello,48.766666666666666
San Bartolomeo In Galdo,Colle Sannita,43.17333333333333
San Bartolomeo In Galdo,Cusano Mutri,111.16666666666669
San Bartolomeo In Galdo,Dugenta,105.925
San Bartolomeo In Galdo,Durazzano,121.14
San Bartolomeo In Galdo,Faicchio,100.925
San Bartolomeo In Galdo,Foglianise,75.01333333333334
San Bartolomeo In Galdo,Foiano Di Val Fortore,15.366666666666667
San Bartolomeo In Galdo,Forchia,103.02833333333334
San Bartolomeo In Galdo,Fragneto Monforte,58.39
San Bartolomeo In Galdo,Fragneto L'Abate,53.10333333333333
San Bartolomeo In Galdo,Frasso Telesino,94.40666666666668
San Bartolomeo In Galdo,Ginestra Degli Schiavoni,38.715
San Bartolomeo In Galdo,Guardia Sanframondi,87.78333333333333
San Bartolomeo In Galdo,Melizzano,95.37166666666668
San Bartolomeo In Galdo,Moiano,103.60833333333332
San Bartolomeo In Galdo,Molinara,33.468333333333334
San Bartolomeo In Galdo,Montefalcone Di Val Fortore,25.44833333333333
San Bartolomeo In Galdo,Montesarchio,90.32333333333332
San Bartolomeo In Galdo,Paduli,56.97
San Bartolomeo In Galdo,Pago Veiano,47.38
San Bartolomeo In Galdo,Pannarano,87.55666666666666
San Bartolomeo In Galdo,Paolisi,98.29
San Bartolomeo In Galdo,Paupisi,79.58
San Bartolomeo In Galdo,Pesco Sannita,50.65833333333333
San Bartolomeo In Galdo,Pietraroja,102.05
San Bartolomeo In Galdo,Pietrelcina,57.60333333333333
San Bartolomeo In Galdo,Ponte,73.145
San Bartolomeo In Galdo,Pontelandolfo,72.51833333333335
San Bartolomeo In Galdo,Puglianello,95.57833333333332
San Bartolomeo In Galdo,Reino,41.09166666666667
San Bartolomeo In Galdo,San Bartolomeo In Galdo,0.0
San Bartolomeo In Galdo,San Giorgio La Molara,40.955000000000005
San Bartolomeo In Galdo,San Giorgio Del Sannio,75.99333333333334
San Bartolomeo In Galdo,San Leucio Del Sannio,75.47333333333333
San Bartolomeo In Galdo,San Lorenzello,97.31666666666666
San Bartolomeo In Galdo,San Lorenzo Maggiore,84.16499999999999
San Bartolomeo In Galdo,San Lupo,82.36666666666666
San Bartolomeo In Galdo,San Marco Dei Cavoti,32.87
San Bartolomeo In Galdo,San Martino Sannita,77.73833333333333
San Bartolomeo In Galdo,San Nazzaro,80.765
San Bartolomeo In Galdo,San Nicola Manfredi,77.845
San Bartolomeo In Galdo,Sant'Agata De' Goti,111.79833333333332
San Bartolomeo In Galdo,Sant'Angelo A Cupolo,79.14166666666667
San Bartolomeo In Galdo,Sant'Arcangelo Trimonte,57.931666666666665
San Bartolomeo In Galdo,Santa Croce Del Sannio,64.66
San Bartolomeo In Galdo,Sassinoro,75.58999999999999
San Bartolomeo In Galdo,Solopaca,85.36
San Bartolomeo In Galdo,Telese Terme,86.955
San Bartolomeo In Galdo,Tocco Caudio,84.00500000000001
San Giorgio La Molara,Airola,78.975
San Giorgio La Molara,Limatola,96.715
San Giorgio La Molara,San Giorgio Del Sannio,48.825
San Giorgio La Molara,San Salvatore Telesino,69.55
San Giorgio La Molara,Benevento,59.555
San Giorgio La Molara,Cerreto Sannita,72.09166666666667
San Giorgio La Molara,Ginestra Degli Schiavoni,35.645
San Giorgio La Molara,Morcone,66.37833333333333
San Giorgio La Molara,San Bartolomeo In Galdo,40.763333333333335
San Giorgio La Molara,Vitulano,57.69833333333334
San Giorgio La Molara,San Marco Dei Cavoti,18.925
San Giorgio La Molara,Torrecuso,55.80833333333333
San Giorgio La Molara,Amorosi,75.94333333333334
San Giorgio La Molara,Apice,38.14833333333333
San Giorgio La Molara,Apollosa,54.65
San Giorgio La Molara,Arpaia,77.42666666666668
San Giorgio La Molara,Arpaise,61.685
San Giorgio La Molara,Baselice,32.35166666666667
San Giorgio La Molara,Bonea,72.57166666666667
San Giorgio La Molara,Bucciano,77.07
San Giorgio La Molara,Buonalbergo,22.396666666666665
San Giorgio La Molara,Calvi,51.355
San Giorgio La Molara,Campolattaro,54.435
San Giorgio La Molara,Campoli Del Monte Taburno,60.25
San Giorgio La Molara,Casalduni,57.835
San Giorgio La Molara,Castelfranco In Miscano,36.55333333333333
San Giorgio La Molara,Castelpagano,37.17666666666666
San Giorgio La Molara,Castelpoto,60.11666666666667
San Giorgio La Molara,Castelvenere,68.35333333333332
San Giorgio La Molara,Castelvetere In Val Fortore,47.141666666666666
San Giorgio La Molara,Cautano,56.125
San Giorgio La Molara,Ceppaloni,56.80833333333333
San Giorgio La Molara,Circello,39.15833333333333
San Giorgio La Molara,Colle Sannita,33.565000000000005
San Giorgio La Molara,Cusano Mutri,88.90333333333334
San Giorgio La Molara,Dugenta,83.66166666666666
San Giorgio La Molara,Durazzano,98.87666666666668
San Giorgio La Molara,Faicchio,78.66166666666666
San Giorgio La Molara,Foglianise,53.67833333333333
San Giorgio La Molara,Foiano Di Val Fortore,26.24833333333333
San Giorgio La Molara,Forchia,79.98333333333333
San Giorgio La Molara,Fragneto Monforte,44.445
San Giorgio La Molara,Fragneto L'Abate,39.15833333333333
San Giorgio La Molara,Frasso Telesino,72.14333333333335
San Giorgio La Molara,Ginestra Degli Schiavoni,35.645
San Giorgio La Molara,Guardia Sanframondi,66.07166666666667
San Giorgio La Molara,Melizzano,73.10833333333333
San Giorgio La Molara,Moiano,80.56333333333333
San Giorgio La Molara,Molinara,11.886666666666668
San Giorgio La Molara,Montefalcone Di Val Fortore,21.726666666666667
San Giorgio La Molara,Montesarchio,67.27833333333334
San Giorgio La Molara,Paduli,26.56833333333333
San Giorgio La Molara,Pago Veiano,17.716666666666665
San Giorgio La Molara,Pannarano,64.51166666666667
San Giorgio La Molara,Paolisi,75.24499999999999
San Giorgio La Molara,Paupisi,57.31666666666667
San Giorgio La Molara,Pesco Sannita,33.63166666666667
San Giorgio La Molara,Pietraroja,90.025
San Giorgio La Molara,Pietrelcina,27.94
San Giorgio La Molara,Ponte,50.88166666666667
San Giorgio La Molara,Pontelandolfo,58.57333333333334
San Giorgio La Molara,Puglianello,73.315
San Giorgio La Molara,Reino,27.146666666666665
San Giorgio La Molara,San Bartolomeo In Galdo,40.763333333333335
San Giorgio La Molara,San Giorgio La Molara,0.0
San Giorgio La Molara,San Giorgio Del Sannio,48.825
San Giorgio La Molara,San Leucio Del Sannio,51.90833333333333
San Giorgio La Molara,San Lorenzello,75.05333333333333
San Giorgio La Molara,San Lorenzo Maggiore,61.90166666666666
San Giorgio La Molara,San Lupo,67.51833333333333
San Giorgio La Molara,San Marco Dei Cavoti,18.925
San Giorgio La Molara,San Martino Sannita,50.57
San Giorgio La Molara,San Nazzaro,53.59666666666667
San Giorgio La Molara,San Nicola Manfredi,50.67666666666666
San Giorgio La Molara,Sant'Agata De' Goti,89.53500000000001
San Giorgio La Molara,Sant'Angelo A Cupolo,51.86333333333334
San Giorgio La Molara,Sant'Arcangelo Trimonte,27.53
San Giorgio La Molara,Santa Croce Del Sannio,56.93333333333333
San Giorgio La Molara,Sassinoro,66.16333333333334
San Giorgio La Molara,Solopaca,63.09666666666667
San Giorgio La Molara,Telese Terme,64.69166666666666
San Giorgio La Molara,Tocco Caudio,62.67
San Giorgio Del Sannio,Airola,51.975
San Giorgio Del Sannio,Limatola,74.18
San Giorgio Del Sannio,San Giorgio Del Sannio,0.0
San Giorgio Del Sannio,San Salvatore Telesino,47.015
San Giorgio Del Sannio,Benevento,38.78333333333333
San Giorgio Del Sannio,Cerreto Sannita,49.556666666666665
San Giorgio Del Sannio,Ginestra Degli Schiavoni,55.6
San Giorgio Del Sannio,Morcone,48.461666666666666
San Giorgio Del Sannio,San Bartolomeo In Galdo,75.28333333333333
San Giorgio Del Sannio,Vitulano,35.163333333333334
San Giorgio Del Sannio,San Marco Dei Cavoti,43.32166666666667
San Giorgio Del Sannio,Torrecuso,33.27333333333333
San Giorgio Del Sannio,Amorosi,53.40833333333333
San Giorgio Del Sannio,Apice,16.608333333333334
San Giorgio Del Sannio,Apollosa,27.65
San Giorgio Del Sannio,Arpaia,50.42666666666666
San Giorgio Del Sannio,Arpaise,34.54333333333333
San Giorgio Del Sannio,Baselice,66.87166666666667
San Giorgio Del Sannio,Bonea,45.57166666666667
San Giorgio Del Sannio,Bucciano,50.07
San Giorgio Del Sannio,Buonalbergo,37.26
San Giorgio Del Sannio,Calvi,3.835
San Giorgio Del Sannio,Campolattaro,36.51833333333333
San Giorgio Del Sannio,Campoli Del Monte Taburno,37.715
San Giorgio Del Sannio,Casalduni,37.083333333333336
San Giorgio Del Sannio,Castelfranco In Miscano,58.306666666666665
San Giorgio Del Sannio,Castelpagano,55.17333333333333
San Giorgio Del Sannio,Castelpoto,33.11666666666667
San Giorgio Del Sannio,Castelvenere,45.818333333333335
San Giorgio Del Sannio,Castelvetere In Val Fortore,74.61166666666666
San Giorgio Del Sannio,Cautano,33.59
San Giorgio Del Sannio,Ceppaloni,29.41
San Giorgio Del Sannio,Circello,53.365
San Giorgio Del Sannio,Colle Sannita,50.001666666666665
San Giorgio Del Sannio,Cusano Mutri,66.36833333333333
San Giorgio Del Sannio,Dugenta,61.126666666666665
San Giorgio Del Sannio,Durazzano,72.71333333333334
San Giorgio Del Sannio,Faicchio,56.126666666666665
San Giorgio Del Sannio,Foglianise,31.14333333333333
San Giorgio Del Sannio,Foiano Di Val Fortore,60.76833333333333
San Giorgio Del Sannio,Forchia,52.98333333333333
San Giorgio Del Sannio,Fragneto Monforte,34.155
San Giorgio Del Sannio,Fragneto L'Abate,33.87
San Giorgio Del Sannio,Frasso Telesino,49.60833333333333
San Giorgio Del Sannio,Ginestra Degli Schiavoni,55.6
San Giorgio Del Sannio,Guardia Sanframondi,43.53666666666666
San Giorgio Del Sannio,Melizzano,50.57333333333334
San Giorgio Del Sannio,Moiano,53.56333333333334
San Giorgio Del Sannio,Molinara,50.19166666666667
San Giorgio Del Sannio,Montefalcone Di Val Fortore,59.84666666666667
San Giorgio Del Sannio,Montesarchio,40.27833333333333
San Giorgio Del Sannio,Paduli,26.90833333333333
San Giorgio Del Sannio,Pago Veiano,37.88166666666667
San Giorgio Del Sannio,Pannarano,37.51166666666666
San Giorgio Del Sannio,Paolisi,48.245
San Giorgio Del Sannio,Paupisi,34.781666666666666
San Giorgio Del Sannio,Pesco Sannita,29.511666666666667
San Giorgio Del Sannio,Pietraroja,72.10833333333333
San Giorgio Del Sannio,Pietrelcina,28.88833333333333
San Giorgio Del Sannio,Ponte,28.346666666666668
San Giorgio Del Sannio,Pontelandolfo,40.656666666666666
San Giorgio Del Sannio,Puglianello,50.78
San Giorgio Del Sannio,Reino,39.723333333333336
San Giorgio Del Sannio,San Bartolomeo In Galdo,75.28333333333333
San Giorgio Del Sannio,San Giorgio La Molara,48.89333333333333
San Giorgio Del Sannio,San Giorgio Del Sannio,0.0
San Giorgio Del Sannio,San Leucio Del Sannio,24.90833333333333
San Giorgio Del Sannio,San Lorenzello,52.51833333333333
San Giorgio Del Sannio,San Lorenzo Maggiore,39.36666666666667
San Giorgio Del Sannio,San Lupo,44.98333333333333
San Giorgio Del Sannio,San Marco Dei Cavoti,43.32166666666667
San Giorgio Del Sannio,San Martino Sannita,4.7283333333333335
San Giorgio Del Sannio,San Nazzaro,5.194999999999999
San Giorgio Del Sannio,San Nicola Manfredi,9.401666666666667
San Giorgio Del Sannio,Sant'Agata De' Goti,63.63166666666667
San Giorgio Del Sannio,Sant'Angelo A Cupolo,14.88
San Giorgio Del Sannio,Sant'Arcangelo Trimonte,28.78833333333333
San Giorgio Del Sannio,Santa Croce Del Sannio,49.391666666666666
San Giorgio Del Sannio,Sassinoro,48.24666666666667
San Giorgio Del Sannio,Solopaca,40.56166666666666
San Giorgio Del Sannio,Telese Terme,42.156666666666666
San Giorgio Del Sannio,Tocco Caudio,40.135
San Leucio Del Sannio,Airola,38.406666666666666
San Leucio Del Sannio,Limatola,72.635
San Leucio Del Sannio,San Giorgio Del Sannio,23.84333333333333
San Leucio Del Sannio,San Salvatore Telesino,45.675
San Leucio Del Sannio,Benevento,37.443333333333335
San Leucio Del Sannio,Cerreto Sannita,48.21666666666667
San Leucio Del Sannio,Ginestra Degli Schiavoni,57.848333333333336
San Leucio Del Sannio,Morcone,47.12166666666667
San Leucio Del Sannio,San Bartolomeo In Galdo,75.81666666666666
San Leucio Del Sannio,Vitulano,32.153333333333336
San Leucio Del Sannio,San Marco Dei Cavoti,43.855
San Leucio Del Sannio,Torrecuso,31.933333333333334
San Leucio Del Sannio,Amorosi,52.068333333333335
San Leucio Del Sannio,Apice,36.333333333333336
San Leucio Del Sannio,Apollosa,15.241666666666667
San Leucio Del Sannio,Arpaia,36.85833333333333
San Leucio Del Sannio,Arpaise,11.041666666666666
San Leucio Del Sannio,Baselice,67.405
San Leucio Del Sannio,Bonea,32.00333333333334
San Leucio Del Sannio,Bucciano,36.501666666666665
San Leucio Del Sannio,Buonalbergo,39.50833333333333
San Leucio Del Sannio,Calvi,26.37333333333333
San Leucio Del Sannio,Campolattaro,35.17833333333333
San Leucio Del Sannio,Campoli Del Monte Taburno,32.725
San Leucio Del Sannio,Casalduni,35.74333333333333
San Leucio Del Sannio,Castelfranco In Miscano,60.555
San Leucio Del Sannio,Castelpagano,55.70666666666667
San Leucio Del Sannio,Castelpoto,22.585
San Leucio Del Sannio,Castelvenere,44.47833333333333
San Leucio Del Sannio,Castelvetere In Val Fortore,75.145
San Leucio Del Sannio,Cautano,30.58
San Leucio Del Sannio,Ceppaloni,11.671666666666663
San Leucio Del Sannio,Circello,53.89833333333333
San Leucio Del Sannio,Colle Sannita,50.535
San Leucio Del Sannio,Cusano Mutri,65.02833333333334
San Leucio Del Sannio,Dugenta,59.78666666666666
San Leucio Del Sannio,Durazzano,59.145
San Leucio Del Sannio,Faicchio,54.78666666666666
San Leucio Del Sannio,Foglianise,28.133333333333333
San Leucio Del Sannio,Foiano Di Val Fortore,61.30166666666666
San Leucio Del Sannio,Forchia,39.415
San Leucio Del Sannio,Fragneto Monforte,32.815000000000005
San Leucio Del Sannio,Fragneto L'Abate,34.40333333333333
San Leucio Del Sannio,Frasso Telesino,48.26833333333333
San Leucio Del Sannio,Ginestra Degli Schiavoni,57.848333333333336
San Leucio Del Sannio,Guardia Sanframondi,42.19666666666667
San Leucio Del Sannio,Melizzano,49.23333333333333
San Leucio Del Sannio,Moiano,39.995
San Leucio Del Sannio,Molinara,51.47166666666667
San Leucio Del Sannio,Montefalcone Di Val Fortore,62.095
San Leucio Del Sannio,Montesarchio,26.71
San Leucio Del Sannio,Paduli,29.15666666666667
San Leucio Del Sannio,Pago Veiano,38.415
San Leucio Del Sannio,Pannarano,21.84
San Leucio Del Sannio,Paolisi,34.67666666666666
San Leucio Del Sannio,Paupisi,33.44166666666667
San Leucio Del Sannio,Pesco Sannita,30.045
San Leucio Del Sannio,Pietraroja,70.76833333333335
San Leucio Del Sannio,Pietrelcina,29.421666666666667
San Leucio Del Sannio,Ponte,27.006666666666668
San Leucio Del Sannio,Pontelandolfo,39.31666666666667
San Leucio Del Sannio,Puglianello,49.440000000000005
San Leucio Del Sannio,Reino,40.25666666666667
San Leucio Del Sannio,San Bartolomeo In Galdo,75.81666666666666
San Leucio Del Sannio,San Giorgio La Molara,51.141666666666666
San Leucio Del Sannio,San Giorgio Del Sannio,23.84333333333333
San Leucio Del Sannio,San Leucio Del Sannio,0.0
San Leucio Del Sannio,San Lorenzello,51.17833333333333
San Leucio Del Sannio,San Lorenzo Maggiore,38.02666666666666
San Leucio Del Sannio,San Lupo,43.64333333333333
San Leucio Del Sannio,San Marco Dei Cavoti,43.855
San Leucio Del Sannio,San Martino Sannita,24.290000000000003
San Leucio Del Sannio,San Nazzaro,28.615
San Leucio Del Sannio,San Nicola Manfredi,24.396666666666665
San Leucio Del Sannio,Sant'Agata De' Goti,50.06333333333334
San Leucio Del Sannio,Sant'Angelo A Cupolo,24.173333333333336
San Leucio Del Sannio,Sant'Arcangelo Trimonte,38.055
San Leucio Del Sannio,Santa Croce Del Sannio,48.05166666666666
San Leucio Del Sannio,Sassinoro,46.906666666666666
San Leucio Del Sannio,Solopaca,39.22166666666667
San Leucio Del Sannio,Telese Terme,40.81666666666667
San Leucio Del Sannio,Tocco Caudio,34.29333333333333
San Lorenzello,Airola,52.695
San Lorenzello,Limatola,42.85166666666667
San Lorenzello,San Giorgio Del Sannio,51.96833333333333
San Lorenzello,San Salvatore Telesino,12.813333333333333
San Lorenzello,Benevento,37.19833333333334
San Lorenzello,Cerreto Sannita,5.166666666666667
San Lorenzello,Ginestra Degli Schiavoni,82.15833333333333
San Lorenzello,Morcone,45.89666666666667
San Lorenzello,San Bartolomeo In Galdo,97.99333333333334
San Lorenzello,Vitulano,41.22
San Lorenzello,San Marco Dei Cavoti,66.03166666666667
San Lorenzello,Torrecuso,31.571666666666665
San Lorenzello,Amorosi,22.08
San Lorenzello,Apice,60.72666666666667
San Lorenzello,Apollosa,52.43833333333334
San Lorenzello,Arpaia,58.638333333333335
San Lorenzello,Arpaise,60.35166666666667
San Lorenzello,Baselice,89.58166666666666
San Lorenzello,Bonea,60.736666666666665
San Lorenzello,Bucciano,52.861666666666665
San Lorenzello,Buonalbergo,63.818333333333335
San Lorenzello,Calvi,54.498333333333335
San Lorenzello,Campolattaro,40.16
San Lorenzello,Campoli Del Monte Taburno,50.67333333333333
San Lorenzello,Casalduni,29.85333333333333
San Lorenzello,Castelfranco In Miscano,84.865
San Lorenzello,Castelpagano,68.455
San Lorenzello,Castelpoto,53.12
San Lorenzello,Castelvenere,12.631666666666666
San Lorenzello,Castelvetere In Val Fortore,95.38833333333334
San Lorenzello,Cautano,46.54833333333333
San Lorenzello,Ceppaloni,57.013333333333335
San Lorenzello,Circello,74.34833333333333
San Lorenzello,Colle Sannita,72.71166666666666
San Lorenzello,Cusano Mutri,21.97
San Lorenzello,Dugenta,31.55
San Lorenzello,Durazzano,49.81
San Lorenzello,Faicchio,13.871666666666666
San Lorenzello,Foglianise,41.07
San Lorenzello,Foiano Di Val Fortore,83.47833333333332
San Lorenzello,Forchia,61.195
San Lorenzello,Fragneto Monforte,44.685
San Lorenzello,Fragneto L'Abate,49.84166666666667
San Lorenzello,Frasso Telesino,30.25333333333333
San Lorenzello,Ginestra Degli Schiavoni,82.15833333333333
San Lorenzello,Guardia Sanframondi,12.765
San Lorenzello,Melizzano,30.975
San Lorenzello,Moiano,50.8
San Lorenzello,Molinara,73.64833333333333
San Lorenzello,Montefalcone Di Val Fortore,86.405
San Lorenzello,Montesarchio,64.92666666666666
San Lorenzello,Paduli,53.46666666666667
San Lorenzello,Pago Veiano,60.59166666666667
San Lorenzello,Pannarano,62.3
San Lorenzello,Paolisi,56.45666666666667
San Lorenzello,Paupisi,27.975
San Lorenzello,Pesco Sannita,52.22166666666667
San Lorenzello,Pietraroja,29.666666666666668
San Lorenzello,Pietrelcina,51.598333333333336
San Lorenzello,Ponte,30.28
San Lorenzello,Pontelandolfo,32.56333333333333
San Lorenzello,Puglianello,20.27
San Lorenzello,Reino,62.43333333333333
San Lorenzello,San Bartolomeo In Galdo,97.99333333333334
San Lorenzello,San Giorgio La Molara,75.45166666666667
San Lorenzello,San Giorgio Del Sannio,51.96833333333333
San Lorenzello,San Leucio Del Sannio,50.21666666666667
San Lorenzello,San Lorenzello,0.0
San Lorenzello,San Lorenzo Maggiore,15.271666666666668
San Lorenzello,San Lupo,18.18
San Lorenzello,San Marco Dei Cavoti,66.03166666666667
San Lorenzello,San Martino Sannita,53.71333333333334
San Lorenzello,San Nazzaro,56.74
San Lorenzello,San Nicola Manfredi,53.82
San Lorenzello,Sant'Agata De' Goti,40.46833333333333
San Lorenzello,Sant'Angelo A Cupolo,55.24
San Lorenzello,Sant'Arcangelo Trimonte,62.365
San Lorenzello,Santa Croce Del Sannio,48.41333333333333
San Lorenzello,Sassinoro,47.26833333333333
San Lorenzello,Solopaca,21.72
San Lorenzello,Telese Terme,15.858333333333333
San Lorenzello,Tocco Caudio,53.09333333333333
San Lorenzo Maggiore,Airola,45.693333333333335
San Lorenzo Maggiore,Limatola,48.30333333333333
San Lorenzo Maggiore,San Giorgio Del Sannio,38.675
San Lorenzo Maggiore,San Salvatore Telesino,21.405
San Lorenzo Maggiore,Benevento,25.491666666666667
San Lorenzo Maggiore,Cerreto Sannita,11.783333333333331
San Lorenzo Maggiore,Ginestra Degli Schiavoni,68.865
San Lorenzo Maggiore,Morcone,35.776666666666664
San Lorenzo Maggiore,San Bartolomeo In Galdo,84.7
San Lorenzo Maggiore,Vitulano,28.34
San Lorenzo Maggiore,San Marco Dei Cavoti,52.73833333333334
San Lorenzo Maggiore,Torrecuso,18.27833333333333
San Lorenzo Maggiore,Amorosi,27.53166666666667
San Lorenzo Maggiore,Apice,47.43333333333333
San Lorenzo Maggiore,Apollosa,39.145
San Lorenzo Maggiore,Arpaia,51.63666666666666
San Lorenzo Maggiore,Arpaise,47.05833333333333
San Lorenzo Maggiore,Baselice,76.28833333333334
San Lorenzo Maggiore,Bonea,51.986666666666665
San Lorenzo Maggiore,Bucciano,45.86
San Lorenzo Maggiore,Buonalbergo,50.525
San Lorenzo Maggiore,Calvi,41.205000000000005
San Lorenzo Maggiore,Campolattaro,28.453333333333333
San Lorenzo Maggiore,Campoli Del Monte Taburno,37.38
San Lorenzo Maggiore,Casalduni,18.146666666666665
San Lorenzo Maggiore,Castelfranco In Miscano,71.57166666666667
San Lorenzo Maggiore,Castelpagano,56.748333333333335
San Lorenzo Maggiore,Castelpoto,39.82666666666667
San Lorenzo Maggiore,Castelvenere,10.611666666666668
San Lorenzo Maggiore,Castelvetere In Val Fortore,83.68166666666666
San Lorenzo Maggiore,Cautano,33.255
San Lorenzo Maggiore,Ceppaloni,43.72
San Lorenzo Maggiore,Circello,62.641666666666666
San Lorenzo Maggiore,Colle Sannita,59.41833333333333
San Lorenzo Maggiore,Cusano Mutri,28.595
San Lorenzo Maggiore,Dugenta,34.08833333333333
San Lorenzo Maggiore,Durazzano,49.985
San Lorenzo Maggiore,Faicchio,25.56833333333333
San Lorenzo Maggiore,Foglianise,27.776666666666664
San Lorenzo Maggiore,Foiano Di Val Fortore,70.185
San Lorenzo Maggiore,Forchia,54.193333333333335
San Lorenzo Maggiore,Fragneto Monforte,31.555
San Lorenzo Maggiore,Fragneto L'Abate,36.711666666666666
San Lorenzo Maggiore,Frasso Telesino,23.251666666666665
San Lorenzo Maggiore,Ginestra Degli Schiavoni,68.865
San Lorenzo Maggiore,Guardia Sanframondi,5.286666666666666
San Lorenzo Maggiore,Melizzano,24.216666666666665
San Lorenzo Maggiore,Moiano,44.705000000000005
San Lorenzo Maggiore,Molinara,60.355
San Lorenzo Maggiore,Montefalcone Di Val Fortore,73.11166666666666
San Lorenzo Maggiore,Montesarchio,51.77333333333333
San Lorenzo Maggiore,Paduli,40.17333333333333
San Lorenzo Maggiore,Pago Veiano,47.29833333333333
San Lorenzo Maggiore,Pannarano,49.00666666666667
San Lorenzo Maggiore,Paolisi,49.455000000000005
San Lorenzo Maggiore,Paupisi,14.681666666666668
San Lorenzo Maggiore,Pesco Sannita,38.92833333333333
San Lorenzo Maggiore,Pietraroja,36.29166666666666
San Lorenzo Maggiore,Pietrelcina,38.305
San Lorenzo Maggiore,Ponte,16.986666666666668
San Lorenzo Maggiore,Pontelandolfo,20.85666666666667
San Lorenzo Maggiore,Puglianello,25.575
San Lorenzo Maggiore,Reino,49.14
San Lorenzo Maggiore,San Bartolomeo In Galdo,84.7
San Lorenzo Maggiore,San Giorgio La Molara,62.15833333333333
San Lorenzo Maggiore,San Giorgio Del Sannio,38.675
San Lorenzo Maggiore,San Leucio Del Sannio,36.92333333333333
San Lorenzo Maggiore,San Lorenzello,14.745
San Lorenzo Maggiore,San Lorenzo Maggiore,0.0
San Lorenzo Maggiore,San Lupo,7.216666666666667
San Lorenzo Maggiore,San Marco Dei Cavoti,52.73833333333334
San Lorenzo Maggiore,San Martino Sannita,40.42
San Lorenzo Maggiore,San Nazzaro,43.44666666666667
San Lorenzo Maggiore,San Nicola Manfredi,40.52666666666666
San Lorenzo Maggiore,Sant'Agata De' Goti,40.64333333333333
San Lorenzo Maggiore,Sant'Angelo A Cupolo,41.94666666666667
San Lorenzo Maggiore,Sant'Arcangelo Trimonte,49.07166666666667
San Lorenzo Maggiore,Santa Croce Del Sannio,36.70666666666667
San Lorenzo Maggiore,Sassinoro,35.56166666666666
San Lorenzo Maggiore,Solopaca,14.205
San Lorenzo Maggiore,Telese Terme,15.118333333333334
San Lorenzo Maggiore,Tocco Caudio,39.8
San Lupo,Airola,51.01833333333333
San Lupo,Limatola,53.62833333333333
San Lupo,San Giorgio Del Sannio,44.14
San Lupo,San Salvatore Telesino,26.73
San Lupo,Benevento,18.966666666666665
San Lupo,Cerreto Sannita,15.578333333333337
San Lupo,Ginestra Degli Schiavoni,74.33
San Lupo,Morcone,29.251666666666665
San Lupo,San Bartolomeo In Galdo,83.7
San Lupo,Vitulano,34.513333333333335
San Lupo,San Marco Dei Cavoti,51.73833333333334
San Lupo,Torrecuso,24.451666666666664
San Lupo,Amorosi,32.85666666666667
San Lupo,Apice,52.89833333333333
San Lupo,Apollosa,44.61
San Lupo,Arpaia,56.961666666666666
San Lupo,Arpaise,52.52333333333333
San Lupo,Baselice,75.28833333333334
San Lupo,Bonea,58.16
San Lupo,Bucciano,51.185
San Lupo,Buonalbergo,55.99
San Lupo,Calvi,46.67
San Lupo,Campolattaro,21.92833333333333
San Lupo,Campoli Del Monte Taburno,43.55333333333333
San Lupo,Casalduni,11.621666666666666
San Lupo,Castelfranco In Miscano,77.03666666666666
San Lupo,Castelpagano,50.223333333333336
San Lupo,Castelpoto,44.766666666666666
San Lupo,Castelvenere,15.936666666666667
San Lupo,Castelvetere In Val Fortore,77.15666666666667
San Lupo,Cautano,39.42833333333333
San Lupo,Ceppaloni,49.185
San Lupo,Circello,56.11666666666667
San Lupo,Colle Sannita,55.485
San Lupo,Cusano Mutri,32.39
San Lupo,Dugenta,39.41333333333333
San Lupo,Durazzano,55.31
San Lupo,Faicchio,29.488333333333333
San Lupo,Foglianise,33.49666666666666
San Lupo,Foiano Di Val Fortore,69.185
San Lupo,Forchia,59.51833333333333
San Lupo,Fragneto Monforte,26.453333333333333
San Lupo,Fragneto L'Abate,31.61
San Lupo,Frasso Telesino,28.576666666666664
San Lupo,Ginestra Degli Schiavoni,74.33
San Lupo,Guardia Sanframondi,5.431666666666667
San Lupo,Melizzano,29.541666666666668
San Lupo,Moiano,50.03
San Lupo,Molinara,59.355
San Lupo,Montefalcone Di Val Fortore,78.57666666666667
San Lupo,Montesarchio,57.23833333333334
San Lupo,Paduli,45.638333333333335
San Lupo,Pago Veiano,52.763333333333335
San Lupo,Pannarano,54.47166666666667
San Lupo,Paolisi,54.78
San Lupo,Paupisi,20.855
San Lupo,Pesco Sannita,39.965
San Lupo,Pietraroja,40.086666666666666
San Lupo,Pietrelcina,43.77
San Lupo,Ponte,20.576666666666664
San Lupo,Pontelandolfo,14.331666666666669
San Lupo,Puglianello,30.9
San Lupo,Reino,45.961666666666666
San Lupo,San Bartolomeo In Galdo,83.7
San Lupo,San Giorgio La Molara,67.62333333333333
San Lupo,San Giorgio Del Sannio,44.14
San Lupo,San Leucio Del Sannio,42.388333333333335
San Lupo,San Lorenzello,18.2
San Lupo,San Lorenzo Maggiore,7.235
San Lupo,San Lupo,0.0
San Lupo,San Marco Dei Cavoti,51.73833333333334
San Lupo,San Martino Sannita,45.885
San Lupo,San Nazzaro,48.91166666666666
San Lupo,San Nicola Manfredi,45.99166666666667
San Lupo,Sant'Agata De' Goti,45.96833333333333
San Lupo,Sant'Angelo A Cupolo,47.41166666666666
San Lupo,Sant'Arcangelo Trimonte,54.53666666666666
San Lupo,Santa Croce Del Sannio,30.18166666666667
San Lupo,Sassinoro,29.03666666666667
San Lupo,Solopaca,19.53
San Lupo,Telese Terme,20.44333333333333
San Lupo,Tocco Caudio,45.973333333333336
San Marco Dei Cavoti,Airola,69.81
San Marco Dei Cavoti,Limatola,86.76833333333335
San Marco Dei Cavoti,San Giorgio Del Sannio,43.78333333333333
San Marco Dei Cavoti,San Salvatore Telesino,59.60333333333333
San Marco Dei Cavoti,Benevento,41.29
San Marco Dei Cavoti,Cerreto Sannita,62.145
San Marco Dei Cavoti,Ginestra Degli Schiavoni,43.836666666666666
San Marco Dei Cavoti,Morcone,48.11333333333334
San Marco Dei Cavoti,San Bartolomeo In Galdo,32.67
San Marco Dei Cavoti,Vitulano,46.82333333333334
San Marco Dei Cavoti,San Marco Dei Cavoti,0.0
San Marco Dei Cavoti,Torrecuso,45.861666666666665
San Marco Dei Cavoti,Amorosi,65.99666666666667
San Marco Dei Cavoti,Apice,52.51166666666666
San Marco Dei Cavoti,Apollosa,45.485
San Marco Dei Cavoti,Arpaia,68.26166666666667
San Marco Dei Cavoti,Arpaise,53.39833333333333
San Marco Dei Cavoti,Baselice,24.258333333333333
San Marco Dei Cavoti,Bonea,63.406666666666666
San Marco Dei Cavoti,Bucciano,67.905
San Marco Dei Cavoti,Buonalbergo,36.76
San Marco Dei Cavoti,Calvi,46.31333333333334
San Marco Dei Cavoti,Campolattaro,36.17
San Marco Dei Cavoti,Campoli Del Monte Taburno,49.375
San Marco Dei Cavoti,Casalduni,39.57
San Marco Dei Cavoti,Castelfranco In Miscano,44.745
San Marco Dei Cavoti,Castelpagano,22.41166666666667
San Marco Dei Cavoti,Castelpoto,50.575
San Marco Dei Cavoti,Castelvenere,58.406666666666666
San Marco Dei Cavoti,Castelvetere In Val Fortore,32.376666666666665
San Marco Dei Cavoti,Cautano,45.25
San Marco Dei Cavoti,Ceppaloni,50.06
San Marco Dei Cavoti,Circello,22.516666666666666
San Marco Dei Cavoti,Colle Sannita,18.8
San Marco Dei Cavoti,Cusano Mutri,78.95666666666666
San Marco Dei Cavoti,Dugenta,73.71499999999999
San Marco Dei Cavoti,Durazzano,88.93
San Marco Dei Cavoti,Faicchio,68.71499999999999
San Marco Dei Cavoti,Foglianise,42.80333333333333
San Marco Dei Cavoti,Foiano Di Val Fortore,18.155
San Marco Dei Cavoti,Forchia,70.81833333333334
San Marco Dei Cavoti,Fragneto Monforte,26.18
San Marco Dei Cavoti,Fragneto L'Abate,20.89333333333333
San Marco Dei Cavoti,Frasso Telesino,62.19666666666667
San Marco Dei Cavoti,Ginestra Degli Schiavoni,43.836666666666666
San Marco Dei Cavoti,Guardia Sanframondi,55.57333333333334
San Marco Dei Cavoti,Melizzano,63.16166666666666
San Marco Dei Cavoti,Moiano,71.39833333333333
San Marco Dei Cavoti,Molinara,9.853333333333332
San Marco Dei Cavoti,Montefalcone Di Val Fortore,29.918333333333333
San Marco Dei Cavoti,Montesarchio,58.11333333333334
San Marco Dei Cavoti,Paduli,40.931666666666665
San Marco Dei Cavoti,Pago Veiano,23.813333333333333
San Marco Dei Cavoti,Pannarano,55.34666666666667
San Marco Dei Cavoti,Paolisi,66.08
San Marco Dei Cavoti,Paupisi,47.37
San Marco Dei Cavoti,Pesco Sannita,18.44833333333333
San Marco Dei Cavoti,Pietraroja,71.76
San Marco Dei Cavoti,Pietrelcina,26.85333333333333
San Marco Dei Cavoti,Ponte,40.935
San Marco Dei Cavoti,Pontelandolfo,40.30833333333333
San Marco Dei Cavoti,Puglianello,63.36833333333333
San Marco Dei Cavoti,Reino,8.881666666666666
San Marco Dei Cavoti,San Bartolomeo In Galdo,32.67
San Marco Dei Cavoti,San Giorgio La Molara,18.83
San Marco Dei Cavoti,San Giorgio Del Sannio,43.78333333333333
San Marco Dei Cavoti,San Leucio Del Sannio,43.263333333333335
San Marco Dei Cavoti,San Lorenzello,65.10666666666667
San Marco Dei Cavoti,San Lorenzo Maggiore,51.955000000000005
San Marco Dei Cavoti,San Lupo,50.156666666666666
San Marco Dei Cavoti,San Marco Dei Cavoti,0.0
San Marco Dei Cavoti,San Martino Sannita,45.52833333333333
San Marco Dei Cavoti,San Nazzaro,48.555
San Marco Dei Cavoti,San Nicola Manfredi,45.635
San Marco Dei Cavoti,Sant'Agata De' Goti,79.58833333333334
San Marco Dei Cavoti,Sant'Angelo A Cupolo,46.931666666666665
San Marco Dei Cavoti,Sant'Arcangelo Trimonte,41.89333333333333
San Marco Dei Cavoti,Santa Croce Del Sannio,42.16833333333333
San Marco Dei Cavoti,Sassinoro,47.89833333333333
San Marco Dei Cavoti,Solopaca,53.15
San Marco Dei Cavoti,Telese Terme,54.745
San Marco Dei Cavoti,Tocco Caudio,51.795
San Martino Sannita,Airola,51.78
San Martino Sannita,Limatola,75.17333333333333
San Martino Sannita,San Giorgio Del Sannio,4.588333333333334
San Martino Sannita,San Salvatore Telesino,48.00833333333333
San Martino Sannita,Benevento,39.77666666666666
San Martino Sannita,Cerreto Sannita,50.55
San Martino Sannita,Ginestra Degli Schiavoni,56.59333333333333
San Martino Sannita,Morcone,49.455000000000005
San Martino Sannita,San Bartolomeo In Galdo,76.27666666666667
San Martino Sannita,Vitulano,36.156666666666666
San Martino Sannita,San Marco Dei Cavoti,44.315000000000005
San Martino Sannita,Torrecuso,34.266666666666666
San Martino Sannita,Amorosi,54.40166666666666
San Martino Sannita,Apice,20.676666666666662
San Martino Sannita,Apollosa,27.455
San Martino Sannita,Arpaia,50.23166666666667
San Martino Sannita,Arpaise,32.765
San Martino Sannita,Baselice,67.865
San Martino Sannita,Bonea,45.376666666666665
San Martino Sannita,Bucciano,49.875
San Martino Sannita,Buonalbergo,38.25333333333333
San Martino Sannita,Calvi,7.816666666666666
San Martino Sannita,Campolattaro,37.51166666666666
San Martino Sannita,Campoli Del Monte Taburno,38.708333333333336
San Martino Sannita,Casalduni,38.07666666666667
San Martino Sannita,Castelfranco In Miscano,59.3
San Martino Sannita,Castelpagano,56.16666666666666
San Martino Sannita,Castelpoto,32.92166666666667
San Martino Sannita,Castelvenere,46.81166666666666
San Martino Sannita,Castelvetere In Val Fortore,75.605
San Martino Sannita,Cautano,34.583333333333336
San Martino Sannita,Ceppaloni,26.63
San Martino Sannita,Circello,54.35833333333333
San Martino Sannita,Colle Sannita,50.995
San Martino Sannita,Cusano Mutri,67.36166666666666
San Martino Sannita,Dugenta,62.12
San Martino Sannita,Durazzano,72.51833333333335
San Martino Sannita,Faicchio,57.12
San Martino Sannita,Foglianise,32.13666666666667
San Martino Sannita,Foiano Di Val Fortore,61.76166666666666
San Martino Sannita,Forchia,52.78833333333333
San Martino Sannita,Fragneto Monforte,35.14833333333333
San Martino Sannita,Fragneto L'Abate,34.86333333333334
San Martino Sannita,Frasso Telesino,50.60166666666667
San Martino Sannita,Ginestra Degli Schiavoni,56.59333333333333
San Martino Sannita,Guardia Sanframondi,44.53
San Martino Sannita,Melizzano,51.56666666666667
San Martino Sannita,Moiano,53.36833333333333
San Martino Sannita,Molinara,51.185
San Martino Sannita,Montefalcone Di Val Fortore,60.84
San Martino Sannita,Montesarchio,40.083333333333336
San Martino Sannita,Paduli,27.901666666666664
San Martino Sannita,Pago Veiano,38.875
San Martino Sannita,Pannarano,37.31666666666667
San Martino Sannita,Paolisi,48.05
San Martino Sannita,Paupisi,35.775
San Martino Sannita,Pesco Sannita,30.505
San Martino Sannita,Pietraroja,73.10166666666667
San Martino Sannita,Pietrelcina,29.881666666666668
San Martino Sannita,Ponte,29.34
San Martino Sannita,Pontelandolfo,41.65
San Martino Sannita,Puglianello,51.77333333333333
San Martino Sannita,Reino,40.71666666666667
San Martino Sannita,San Bartolomeo In Galdo,76.27666666666667
San Martino Sannita,San Giorgio La Molara,49.88666666666666
San Martino Sannita,San Giorgio Del Sannio,4.588333333333334
San Martino Sannita,San Leucio Del Sannio,24.71333333333333
San Martino Sannita,San Lorenzello,53.51166666666666
San Martino Sannita,San Lorenzo Maggiore,40.36
San Martino Sannita,San Lupo,45.97666666666667
San Martino Sannita,San Marco Dei Cavoti,44.315000000000005
San Martino Sannita,San Martino Sannita,0.0
San Martino Sannita,San Nazzaro,9.263333333333332
San Martino Sannita,San Nicola Manfredi,5.086666666666667
San Martino Sannita,Sant'Agata De' Goti,63.43666666666666
San Martino Sannita,Sant'Angelo A Cupolo,10.565
San Martino Sannita,Sant'Arcangelo Trimonte,32.85666666666667
San Martino Sannita,Santa Croce Del Sannio,50.385
San Martino Sannita,Sassinoro,49.24
San Martino Sannita,Solopaca,41.555
San Martino Sannita,Telese Terme,43.15
San Martino Sannita,Tocco Caudio,41.12833333333333
San Nazzaro,Airola,55.63166666666667
San Nazzaro,Limatola,78.91333333333334
San Nazzaro,San Giorgio Del Sannio,5.363333333333333
San Nazzaro,San Salvatore Telesino,51.748333333333335
San Nazzaro,Benevento,43.516666666666666
San Nazzaro,Cerreto Sannita,54.29
San Nazzaro,Ginestra Degli Schiavoni,60.333333333333336
San Nazzaro,Morcone,53.195
San Nazzaro,San Bartolomeo In Galdo,80.01666666666667
San Nazzaro,Vitulano,39.89666666666667
San Nazzaro,San Marco Dei Cavoti,48.055
San Nazzaro,Torrecuso,38.00666666666667
San Nazzaro,Amorosi,58.141666666666666
San Nazzaro,Apice,19.113333333333333
San Nazzaro,Apollosa,32.38333333333333
San Nazzaro,Arpaia,53.695
San Nazzaro,Arpaise,32.90833333333333
San Nazzaro,Baselice,71.605
San Nazzaro,Bonea,50.305
San Nazzaro,Bucciano,54.80333333333333
San Nazzaro,Buonalbergo,41.99333333333333
San Nazzaro,Calvi,7.223333333333333
San Nazzaro,Campolattaro,41.251666666666665
San Nazzaro,Campoli Del Monte Taburno,42.44833333333334
San Nazzaro,Casalduni,41.81666666666667
San Nazzaro,Castelfranco In Miscano,63.04
San Nazzaro,Castelpagano,59.906666666666666
San Nazzaro,Castelpoto,37.85
San Nazzaro,Castelvenere,50.55166666666666
San Nazzaro,Castelvetere In Val Fortore,79.345
San Nazzaro,Cautano,38.32333333333334
San Nazzaro,Ceppaloni,30.058333333333334
San Nazzaro,Circello,58.098333333333336
San Nazzaro,Colle Sannita,54.735
San Nazzaro,Cusano Mutri,71.10166666666667
San Nazzaro,Dugenta,65.86
San Nazzaro,Durazzano,75.98166666666665
San Nazzaro,Faicchio,60.86
San Nazzaro,Foglianise,35.876666666666665
San Nazzaro,Foiano Di Val Fortore,65.50166666666667
San Nazzaro,Forchia,56.251666666666665
San Nazzaro,Fragneto Monforte,38.888333333333335
San Nazzaro,Fragneto L'Abate,38.60333333333333
San Nazzaro,Frasso Telesino,54.34166666666667
San Nazzaro,Ginestra Degli Schiavoni,60.333333333333336
San Nazzaro,Guardia Sanframondi,48.27
San Nazzaro,Melizzano,55.306666666666665
San Nazzaro,Moiano,56.83166666666667
San Nazzaro,Molinara,54.925
San Nazzaro,Montefalcone Di Val Fortore,64.58
San Nazzaro,Montesarchio,45.01166666666666
San Nazzaro,Paduli,31.641666666666666
San Nazzaro,Pago Veiano,42.615
San Nazzaro,Pannarano,38.18
San Nazzaro,Paolisi,51.513333333333335
San Nazzaro,Paupisi,39.515
San Nazzaro,Pesco Sannita,34.245
San Nazzaro,Pietraroja,76.84166666666667
San Nazzaro,Pietrelcina,33.62166666666666
San Nazzaro,Ponte,33.08
San Nazzaro,Pontelandolfo,45.39
San Nazzaro,Puglianello,55.513333333333335
San Nazzaro,Reino,44.45666666666667
San Nazzaro,San Bartolomeo In Galdo,80.01666666666667
San Nazzaro,San Giorgio La Molara,53.626666666666665
San Nazzaro,San Giorgio Del Sannio,5.363333333333333
San Nazzaro,San Leucio Del Sannio,29.641666666666666
San Nazzaro,San Lorenzello,57.251666666666665
San Nazzaro,San Lorenzo Maggiore,44.1
San Nazzaro,San Lupo,49.71666666666667
San Nazzaro,San Marco Dei Cavoti,48.055
San Nazzaro,San Martino Sannita,9.4
San Nazzaro,San Nazzaro,0.0
San Nazzaro,San Nicola Manfredi,14.073333333333332
San Nazzaro,Sant'Agata De' Goti,66.9
San Nazzaro,Sant'Angelo A Cupolo,19.551666666666662
San Nazzaro,Sant'Arcangelo Trimonte,31.293333333333333
San Nazzaro,Santa Croce Del Sannio,54.125
San Nazzaro,Sassinoro,52.98
San Nazzaro,Solopaca,45.295
San Nazzaro,Telese Terme,46.89
San Nazzaro,Tocco Caudio,44.86833333333333
San Nicola Manfredi,Airola,51.81666666666667
San Nicola Manfredi,Limatola,75.21000000000001
San Nicola Manfredi,San Giorgio Del Sannio,9.268333333333334
San Nicola Manfredi,San Salvatore Telesino,48.045
San Nicola Manfredi,Benevento,39.81333333333334
San Nicola Manfredi,Cerreto Sannita,50.586666666666666
San Nicola Manfredi,Ginestra Degli Schiavoni,56.63
San Nicola Manfredi,Morcone,49.49166666666667
San Nicola Manfredi,San Bartolomeo In Galdo,76.31333333333333
San Nicola Manfredi,Vitulano,36.193333333333335
San Nicola Manfredi,San Marco Dei Cavoti,44.35166666666667
San Nicola Manfredi,Torrecuso,34.30333333333333
San Nicola Manfredi,Amorosi,54.43833333333334
San Nicola Manfredi,Apice,25.35666666666667
San Nicola Manfredi,Apollosa,27.491666666666667
San Nicola Manfredi,Arpaia,50.26833333333333
San Nicola Manfredi,Arpaise,29.646666666666665
San Nicola Manfredi,Baselice,67.90166666666667
San Nicola Manfredi,Bonea,45.41333333333333
San Nicola Manfredi,Bucciano,49.91166666666666
San Nicola Manfredi,Buonalbergo,38.29
San Nicola Manfredi,Calvi,12.496666666666666
San Nicola Manfredi,Campolattaro,37.54833333333333
San Nicola Manfredi,Campoli Del Monte Taburno,38.745
San Nicola Manfredi,Casalduni,38.11333333333334
San Nicola Manfredi,Castelfranco In Miscano,59.336666666666666
San Nicola Manfredi,Castelpagano,56.20333333333333
San Nicola Manfredi,Castelpoto,32.958333333333336
San Nicola Manfredi,Castelvenere,46.848333333333336
San Nicola Manfredi,Castelvetere In Val Fortore,75.64166666666667
San Nicola Manfredi,Cautano,34.62
San Nicola Manfredi,Ceppaloni,23.511666666666667
San Nicola Manfredi,Circello,54.395
San Nicola Manfredi,Colle Sannita,51.031666666666666
San Nicola Manfredi,Cusano Mutri,67.39833333333334
San Nicola Manfredi,Dugenta,62.156666666666666
San Nicola Manfredi,Durazzano,72.555
San Nicola Manfredi,Faicchio,57.156666666666666
San Nicola Manfredi,Foglianise,32.17333333333333
San Nicola Manfredi,Foiano Di Val Fortore,61.79833333333333
San Nicola Manfredi,Forchia,52.825
San Nicola Manfredi,Fragneto Monforte,35.184999999999995
San Nicola Manfredi,Fragneto L'Abate,34.9
San Nicola Manfredi,Frasso Telesino,50.638333333333335
San Nicola Manfredi,Ginestra Degli Schiavoni,56.63
San Nicola Manfredi,Guardia Sanframondi,44.56666666666667
San Nicola Manfredi,Melizzano,51.60333333333333
San Nicola Manfredi,Moiano,53.405
San Nicola Manfredi,Molinara,51.22166666666667
San Nicola Manfredi,Montefalcone Di Val Fortore,60.876666666666665
San Nicola Manfredi,Montesarchio,40.12
San Nicola Manfredi,Paduli,27.938333333333333
San Nicola Manfredi,Pago Veiano,38.91166666666666
San Nicola Manfredi,Pannarano,37.35333333333333
San Nicola Manfredi,Paolisi,48.086666666666666
San Nicola Manfredi,Paupisi,35.81166666666666
San Nicola Manfredi,Pesco Sannita,30.541666666666668
San Nicola Manfredi,Pietraroja,73.13833333333334
San Nicola Manfredi,Pietrelcina,29.918333333333333
San Nicola Manfredi,Ponte,29.376666666666665
San Nicola Manfredi,Pontelandolfo,41.68666666666666
San Nicola Manfredi,Puglianello,51.81
San Nicola Manfredi,Reino,40.75333333333333
San Nicola Manfredi,San Bartolomeo In Galdo,76.31333333333333
San Nicola Manfredi,San Giorgio La Molara,49.92333333333333
San Nicola Manfredi,San Giorgio Del Sannio,9.268333333333334
San Nicola Manfredi,San Leucio Del Sannio,24.75
San Nicola Manfredi,San Lorenzello,53.54833333333333
San Nicola Manfredi,San Lorenzo Maggiore,40.39666666666667
San Nicola Manfredi,San Lupo,46.013333333333335
San Nicola Manfredi,San Marco Dei Cavoti,44.35166666666667
San Nicola Manfredi,San Martino Sannita,5.0600000000000005
San Nicola Manfredi,San Nazzaro,13.943333333333332
San Nicola Manfredi,San Nicola Manfredi,0.0
San Nicola Manfredi,Sant'Agata De' Goti,63.473333333333336
San Nicola Manfredi,Sant'Angelo A Cupolo,7.446666666666667
San Nicola Manfredi,Sant'Arcangelo Trimonte,36.836666666666666
San Nicola Manfredi,Santa Croce Del Sannio,50.42166666666667
San Nicola Manfredi,Sassinoro,49.27666666666666
San Nicola Manfredi,Solopaca,41.59166666666667
San Nicola Manfredi,Telese Terme,43.18666666666666
San Nicola Manfredi,Tocco Caudio,41.165
Sant'Agata De' Goti,Airola,16.351666666666667
Sant'Agata De' Goti,Limatola,26.47
Sant'Agata De' Goti,San Giorgio Del Sannio,62.06333333333334
Sant'Agata De' Goti,San Salvatore Telesino,28.14333333333333
Sant'Agata De' Goti,Benevento,54.91166666666666
Sant'Agata De' Goti,Cerreto Sannita,42.385
Sant'Agata De' Goti,Ginestra Degli Schiavoni,96.06833333333334
Sant'Agata De' Goti,Morcone,73.35
Sant'Agata De' Goti,San Bartolomeo In Galdo,112.18833333333332
Sant'Agata De' Goti,Vitulano,44.931666666666665
Sant'Agata De' Goti,San Marco Dei Cavoti,80.22666666666667
Sant'Agata De' Goti,Torrecuso,45.95666666666667
Sant'Agata De' Goti,Amorosi,23.598333333333336
Sant'Agata De' Goti,Apice,74.55333333333333
Sant'Agata De' Goti,Apollosa,41.56166666666666
Sant'Agata De' Goti,Arpaia,22.648333333333333
Sant'Agata De' Goti,Arpaise,39.905
Sant'Agata De' Goti,Baselice,103.77666666666669
Sant'Agata De' Goti,Bonea,24.293333333333333
Sant'Agata De' Goti,Bucciano,16.981666666666666
Sant'Agata De' Goti,Buonalbergo,77.72833333333332
Sant'Agata De' Goti,Calvi,64.59333333333333
Sant'Agata De' Goti,Campolattaro,61.406666666666666
Sant'Agata De' Goti,Campoli Del Monte Taburno,39.46666666666667
Sant'Agata De' Goti,Casalduni,53.211666666666666
Sant'Agata De' Goti,Castelfranco In Miscano,98.775
Sant'Agata De' Goti,Castelpagano,92.07833333333332
Sant'Agata De' Goti,Castelpoto,46.15833333333333
Sant'Agata De' Goti,Castelvenere,33.153333333333336
Sant'Agata De' Goti,Castelvetere In Val Fortore,111.51666666666668
Sant'Agata De' Goti,Cautano,38.32
Sant'Agata De' Goti,Ceppaloni,45.71666666666667
Sant'Agata De' Goti,Circello,90.27
Sant'Agata De' Goti,Colle Sannita,86.90666666666667
Sant'Agata De' Goti,Cusano Mutri,59.19666666666667
Sant'Agata De' Goti,Dugenta,15.105
Sant'Agata De' Goti,Durazzano,10.33
Sant'Agata De' Goti,Faicchio,35.44166666666667
Sant'Agata De' Goti,Foglianise,44.475
Sant'Agata De' Goti,Foiano Di Val Fortore,97.67333333333332
Sant'Agata De' Goti,Forchia,25.205
Sant'Agata De' Goti,Fragneto Monforte,59.04333333333333
Sant'Agata De' Goti,Fragneto L'Abate,64.2
Sant'Agata De' Goti,Frasso Telesino,17.131666666666668
Sant'Agata De' Goti,Ginestra Degli Schiavoni,96.06833333333334
Sant'Agata De' Goti,Guardia Sanframondi,42.705000000000005
Sant'Agata De' Goti,Melizzano,22.13
Sant'Agata De' Goti,Moiano,11.825
Sant'Agata De' Goti,Molinara,87.84333333333333
Sant'Agata De' Goti,Montefalcone Di Val Fortore,100.315
Sant'Agata De' Goti,Montesarchio,28.48333333333333
Sant'Agata De' Goti,Paduli,67.37666666666667
Sant'Agata De' Goti,Pago Veiano,74.78666666666666
Sant'Agata De' Goti,Pannarano,34.40333333333333
Sant'Agata De' Goti,Paolisi,20.466666666666665
Sant'Agata De' Goti,Paupisi,42.36
Sant'Agata De' Goti,Pesco Sannita,66.41666666666667
Sant'Agata De' Goti,Pietraroja,66.89333333333333
Sant'Agata De' Goti,Pietrelcina,65.79333333333334
Sant'Agata De' Goti,Ponte,44.475
Sant'Agata De' Goti,Pontelandolfo,60.656666666666666
Sant'Agata De' Goti,Puglianello,26.105
Sant'Agata De' Goti,Reino,76.62833333333333
Sant'Agata De' Goti,San Bartolomeo In Galdo,112.18833333333332
Sant'Agata De' Goti,San Giorgio La Molara,89.36166666666666
Sant'Agata De' Goti,San Giorgio Del Sannio,62.06333333333334
Sant'Agata De' Goti,San Leucio Del Sannio,49.485
Sant'Agata De' Goti,San Lorenzello,39.74666666666667
Sant'Agata De' Goti,San Lorenzo Maggiore,41.27333333333333
Sant'Agata De' Goti,San Lupo,46.27333333333333
Sant'Agata De' Goti,San Marco Dei Cavoti,80.22666666666667
Sant'Agata De' Goti,San Martino Sannita,62.51
Sant'Agata De' Goti,San Nazzaro,66.37333333333333
Sant'Agata De' Goti,San Nicola Manfredi,62.61666666666667
Sant'Agata De' Goti,Sant'Agata De' Goti,0.0
Sant'Agata De' Goti,Sant'Angelo A Cupolo,61.75833333333333
Sant'Agata De' Goti,Sant'Arcangelo Trimonte,76.275
Sant'Agata De' Goti,Santa Croce Del Sannio,74.28
Sant'Agata De' Goti,Sassinoro,73.135
Sant'Agata De' Goti,Solopaca,27.165000000000003
Sant'Agata De' Goti,Telese Terme,27.21333333333333
Sant'Agata De' Goti,Tocco Caudio,41.035
Sant'Angelo A Cupolo,Airola,50.75333333333333
Sant'Angelo A Cupolo,Limatola,76.57
Sant'Angelo A Cupolo,San Giorgio Del Sannio,14.695
Sant'Angelo A Cupolo,San Salvatore Telesino,49.405
Sant'Angelo A Cupolo,Benevento,41.17333333333333
Sant'Angelo A Cupolo,Cerreto Sannita,51.94666666666667
Sant'Angelo A Cupolo,Ginestra Degli Schiavoni,57.99
Sant'Angelo A Cupolo,Morcone,50.85166666666667
Sant'Angelo A Cupolo,San Bartolomeo In Galdo,77.67333333333333
Sant'Angelo A Cupolo,Vitulano,37.55333333333333
Sant'Angelo A Cupolo,San Marco Dei Cavoti,45.711666666666666
Sant'Angelo A Cupolo,Torrecuso,35.663333333333334
Sant'Angelo A Cupolo,Amorosi,55.79833333333333
Sant'Angelo A Cupolo,Apice,30.78333333333333
Sant'Angelo A Cupolo,Apollosa,27.155
Sant'Angelo A Cupolo,Arpaia,48.81666666666667
Sant'Angelo A Cupolo,Arpaise,24.423333333333336
Sant'Angelo A Cupolo,Baselice,69.26166666666667
Sant'Angelo A Cupolo,Bonea,45.07666666666667
Sant'Angelo A Cupolo,Bucciano,49.575
Sant'Angelo A Cupolo,Buonalbergo,39.65
Sant'Angelo A Cupolo,Calvi,17.923333333333336
Sant'Angelo A Cupolo,Campolattaro,38.90833333333333
Sant'Angelo A Cupolo,Campoli Del Monte Taburno,40.105
Sant'Angelo A Cupolo,Casalduni,39.473333333333336
Sant'Angelo A Cupolo,Castelfranco In Miscano,60.69666666666667
Sant'Angelo A Cupolo,Castelpagano,57.56333333333334
Sant'Angelo A Cupolo,Castelpoto,32.62166666666666
Sant'Angelo A Cupolo,Castelvenere,48.208333333333336
Sant'Angelo A Cupolo,Castelvetere In Val Fortore,77.00166666666668
Sant'Angelo A Cupolo,Cautano,35.980000000000004
Sant'Angelo A Cupolo,Ceppaloni,18.28833333333333
Sant'Angelo A Cupolo,Circello,55.755
Sant'Angelo A Cupolo,Colle Sannita,52.391666666666666
Sant'Angelo A Cupolo,Cusano Mutri,68.75833333333334
Sant'Angelo A Cupolo,Dugenta,63.516666666666666
Sant'Angelo A Cupolo,Durazzano,71.10333333333332
Sant'Angelo A Cupolo,Faicchio,58.516666666666666
Sant'Angelo A Cupolo,Foglianise,33.53333333333333
Sant'Angelo A Cupolo,Foiano Di Val Fortore,63.15833333333333
Sant'Angelo A Cupolo,Forchia,51.373333333333335
Sant'Angelo A Cupolo,Fragneto Monforte,36.545
Sant'Angelo A Cupolo,Fragneto L'Abate,36.26
Sant'Angelo A Cupolo,Frasso Telesino,51.998333333333335
Sant'Angelo A Cupolo,Ginestra Degli Schiavoni,57.99
Sant'Angelo A Cupolo,Guardia Sanframondi,45.92666666666666
Sant'Angelo A Cupolo,Melizzano,52.96333333333334
Sant'Angelo A Cupolo,Moiano,51.95333333333333
Sant'Angelo A Cupolo,Molinara,52.58166666666667
Sant'Angelo A Cupolo,Montefalcone Di Val Fortore,62.236666666666665
Sant'Angelo A Cupolo,Montesarchio,39.78333333333333
Sant'Angelo A Cupolo,Paduli,29.298333333333336
Sant'Angelo A Cupolo,Pago Veiano,40.27166666666667
Sant'Angelo A Cupolo,Pannarano,33.30166666666666
Sant'Angelo A Cupolo,Paolisi,46.635
Sant'Angelo A Cupolo,Paupisi,37.17166666666667
Sant'Angelo A Cupolo,Pesco Sannita,31.901666666666664
Sant'Angelo A Cupolo,Pietraroja,74.49833333333332
Sant'Angelo A Cupolo,Pietrelcina,31.27833333333333
Sant'Angelo A Cupolo,Ponte,30.736666666666668
Sant'Angelo A Cupolo,Pontelandolfo,43.04666666666667
Sant'Angelo A Cupolo,Puglianello,53.17
Sant'Angelo A Cupolo,Reino,42.11333333333334
Sant'Angelo A Cupolo,San Bartolomeo In Galdo,77.67333333333333
Sant'Angelo A Cupolo,San Giorgio La Molara,51.28333333333333
Sant'Angelo A Cupolo,San Giorgio Del Sannio,14.695
Sant'Angelo A Cupolo,San Leucio Del Sannio,24.41333333333333
Sant'Angelo A Cupolo,San Lorenzello,54.90833333333333
Sant'Angelo A Cupolo,San Lorenzo Maggiore,41.75666666666667
Sant'Angelo A Cupolo,San Lupo,47.373333333333335
Sant'Angelo A Cupolo,San Marco Dei Cavoti,45.711666666666666
Sant'Angelo A Cupolo,San Martino Sannita,10.486666666666668
Sant'Angelo A Cupolo,San Nazzaro,19.37
Sant'Angelo A Cupolo,San Nicola Manfredi,7.491666666666666
Sant'Angelo A Cupolo,Sant'Agata De' Goti,62.02166666666667
Sant'Angelo A Cupolo,Sant'Angelo A Cupolo,0.0
Sant'Angelo A Cupolo,Sant'Arcangelo Trimonte,38.19666666666667
Sant'Angelo A Cupolo,Santa Croce Del Sannio,51.781666666666666
Sant'Angelo A Cupolo,Sassinoro,50.63666666666666
Sant'Angelo A Cupolo,Solopaca,42.95166666666667
Sant'Angelo A Cupolo,Telese Terme,44.54666666666667
Sant'Angelo A Cupolo,Tocco Caudio,42.525
Sant'Arcangelo Trimonte,Airola,65.90666666666667
Sant'Arcangelo Trimonte,Limatola,83.64666666666668
Sant'Arcangelo Trimonte,San Giorgio Del Sannio,28.791666666666668
Sant'Arcangelo Trimonte,San Salvatore Telesino,56.48166666666667
Sant'Arcangelo Trimonte,Benevento,48.25
Sant'Arcangelo Trimonte,Cerreto Sannita,59.02333333333333
Sant'Arcangelo Trimonte,Ginestra Degli Schiavoni,34.086666666666666
Sant'Arcangelo Trimonte,Morcone,57.92833333333333
Sant'Arcangelo Trimonte,San Bartolomeo In Galdo,58.016666666666666
Sant'Arcangelo Trimonte,Vitulano,44.63
Sant'Arcangelo Trimonte,San Marco Dei Cavoti,41.82333333333334
Sant'Arcangelo Trimonte,Torrecuso,42.74
Sant'Arcangelo Trimonte,Amorosi,62.875
Sant'Arcangelo Trimonte,Apice,14.481666666666666
Sant'Arcangelo Trimonte,Apollosa,41.58166666666667
Sant'Arcangelo Trimonte,Arpaia,64.35833333333333
Sant'Arcangelo Trimonte,Arpaise,48.61666666666667
Sant'Arcangelo Trimonte,Baselice,53.638333333333335
Sant'Arcangelo Trimonte,Bonea,59.50333333333333
Sant'Arcangelo Trimonte,Bucciano,64.00166666666667
Sant'Arcangelo Trimonte,Buonalbergo,15.746666666666666
Sant'Arcangelo Trimonte,Calvi,29.055
Sant'Arcangelo Trimonte,Campolattaro,45.985
Sant'Arcangelo Trimonte,Campoli Del Monte Taburno,47.181666666666665
Sant'Arcangelo Trimonte,Casalduni,46.55
Sant'Arcangelo Trimonte,Castelfranco In Miscano,36.79333333333333
Sant'Arcangelo Trimonte,Castelpagano,61.56
Sant'Arcangelo Trimonte,Castelpoto,47.04833333333333
Sant'Arcangelo Trimonte,Castelvenere,55.285
Sant'Arcangelo Trimonte,Castelvetere In Val Fortore,71.525
Sant'Arcangelo Trimonte,Cautano,43.056666666666665
Sant'Arcangelo Trimonte,Ceppaloni,43.74
Sant'Arcangelo Trimonte,Circello,61.248333333333335
Sant'Arcangelo Trimonte,Colle Sannita,57.885
Sant'Arcangelo Trimonte,Cusano Mutri,75.83500000000001
Sant'Arcangelo Trimonte,Dugenta,70.59333333333333
Sant'Arcangelo Trimonte,Durazzano,85.80833333333334
Sant'Arcangelo Trimonte,Faicchio,65.59333333333333
Sant'Arcangelo Trimonte,Foglianise,40.61
Sant'Arcangelo Trimonte,Foiano Di Val Fortore,43.501666666666665
Sant'Arcangelo Trimonte,Forchia,66.915
Sant'Arcangelo Trimonte,Fragneto Monforte,43.62166666666667
Sant'Arcangelo Trimonte,Fragneto L'Abate,43.336666666666666
Sant'Arcangelo Trimonte,Frasso Telesino,59.075
Sant'Arcangelo Trimonte,Ginestra Degli Schiavoni,34.086666666666666
Sant'Arcangelo Trimonte,Guardia Sanframondi,53.00333333333333
Sant'Arcangelo Trimonte,Melizzano,60.04
Sant'Arcangelo Trimonte,Moiano,67.49499999999999
Sant'Arcangelo Trimonte,Molinara,32.99
Sant'Arcangelo Trimonte,Montefalcone Di Val Fortore,38.333333333333336
Sant'Arcangelo Trimonte,Montesarchio,54.21
Sant'Arcangelo Trimonte,Paduli,13.5
Sant'Arcangelo Trimonte,Pago Veiano,34.776666666666664
Sant'Arcangelo Trimonte,Pannarano,51.443333333333335
Sant'Arcangelo Trimonte,Paolisi,62.17666666666666
Sant'Arcangelo Trimonte,Paupisi,44.248333333333335
Sant'Arcangelo Trimonte,Pesco Sannita,38.97833333333333
Sant'Arcangelo Trimonte,Pietraroja,81.575
Sant'Arcangelo Trimonte,Pietrelcina,31.5
Sant'Arcangelo Trimonte,Ponte,37.81333333333334
Sant'Arcangelo Trimonte,Pontelandolfo,50.123333333333335
Sant'Arcangelo Trimonte,Puglianello,60.24666666666667
Sant'Arcangelo Trimonte,Reino,47.60666666666667
Sant'Arcangelo Trimonte,San Bartolomeo In Galdo,58.016666666666666
Sant'Arcangelo Trimonte,San Giorgio La Molara,27.38
Sant'Arcangelo Trimonte,San Giorgio Del Sannio,28.791666666666668
Sant'Arcangelo Trimonte,San Leucio Del Sannio,38.84
Sant'Arcangelo Trimonte,San Lorenzello,61.985
Sant'Arcangelo Trimonte,San Lorenzo Maggiore,48.833333333333336
Sant'Arcangelo Trimonte,San Lupo,54.45
Sant'Arcangelo Trimonte,San Marco Dei Cavoti,41.82333333333334
Sant'Arcangelo Trimonte,San Martino Sannita,32.82833333333333
Sant'Arcangelo Trimonte,San Nazzaro,31.221666666666668
Sant'Arcangelo Trimonte,San Nicola Manfredi,37.27333333333333
Sant'Arcangelo Trimonte,Sant'Agata De' Goti,76.46666666666667
Sant'Arcangelo Trimonte,Sant'Angelo A Cupolo,38.795
Sant'Arcangelo Trimonte,Sant'Arcangelo Trimonte,0.0
Sant'Arcangelo Trimonte,Santa Croce Del Sannio,58.85833333333333
Sant'Arcangelo Trimonte,Sassinoro,57.71333333333334
Sant'Arcangelo Trimonte,Solopaca,50.02833333333333
Sant'Arcangelo Trimonte,Telese Terme,51.623333333333335
Sant'Arcangelo Trimonte,Tocco Caudio,49.60166666666667
Santa Croce Del Sannio,Airola,72.88833333333334
Santa Croce Del Sannio,Limatola,81.04666666666667
Santa Croce Del Sannio,San Giorgio Del Sannio,48.440000000000005
Santa Croce Del Sannio,San Salvatore Telesino,53.88166666666667
Santa Croce Del Sannio,Benevento,28.861666666666668
Santa Croce Del Sannio,Cerreto Sannita,45.20333333333333
Santa Croce Del Sannio,Ginestra Degli Schiavoni,78.63000000000001
Santa Croce Del Sannio,Morcone,13.743333333333334
Santa Croce Del Sannio,San Bartolomeo In Galdo,64.01333333333334
Santa Croce Del Sannio,Vitulano,43.961666666666666
Santa Croce Del Sannio,San Marco Dei Cavoti,42.16166666666666
Santa Croce Del Sannio,Torrecuso,40.10833333333333
Santa Croce Del Sannio,Amorosi,60.275
Santa Croce Del Sannio,Apice,57.19833333333334
Santa Croce Del Sannio,Apollosa,48.91
Santa Croce Del Sannio,Arpaia,71.68666666666667
Santa Croce Del Sannio,Arpaise,56.82333333333334
Santa Croce Del Sannio,Baselice,53.715
Santa Croce Del Sannio,Bonea,61.12
Santa Croce Del Sannio,Bucciano,68.945
Santa Croce Del Sannio,Buonalbergo,60.29
Santa Croce Del Sannio,Calvi,50.97
Santa Croce Del Sannio,Campolattaro,20.75333333333333
Santa Croce Del Sannio,Campoli Del Monte Taburno,46.513333333333335
Santa Croce Del Sannio,Casalduni,25.683333333333334
Santa Croce Del Sannio,Castelfranco In Miscano,79.82833333333333
Santa Croce Del Sannio,Castelpagano,20.041666666666668
Santa Croce Del Sannio,Castelpoto,47.71333333333334
Santa Croce Del Sannio,Castelvenere,45.56166666666666
Santa Croce Del Sannio,Castelvetere In Val Fortore,46.975
Santa Croce Del Sannio,Cautano,42.388333333333335
Santa Croce Del Sannio,Ceppaloni,53.485
Santa Croce Del Sannio,Circello,26.33
Santa Croce Del Sannio,Colle Sannita,26.438333333333333
Santa Croce Del Sannio,Cusano Mutri,56.361666666666665
Santa Croce Del Sannio,Dugenta,67.99333333333333
Santa Croce Del Sannio,Durazzano,83.20833333333333
Santa Croce Del Sannio,Faicchio,59.11333333333334
Santa Croce Del Sannio,Foglianise,39.94166666666667
Santa Croce Del Sannio,Foiano Di Val Fortore,52.583333333333336
Santa Croce Del Sannio,Forchia,74.24333333333334
Santa Croce Del Sannio,Fragneto Monforte,25.27833333333333
Santa Croce Del Sannio,Fragneto L'Abate,30.435
Santa Croce Del Sannio,Frasso Telesino,56.475
Santa Croce Del Sannio,Ginestra Degli Schiavoni,78.63000000000001
Santa Croce Del Sannio,Guardia Sanframondi,35.056666666666665
Santa Croce Del Sannio,Melizzano,57.440000000000005
Santa Croce Del Sannio,Moiano,74.82333333333332
Santa Croce Del Sannio,Molinara,49.53833333333333
Santa Croce Del Sannio,Montefalcone Di Val Fortore,65.00166666666667
Santa Croce Del Sannio,Montesarchio,61.53833333333333
Santa Croce Del Sannio,Paduli,49.93833333333334
Santa Croce Del Sannio,Pago Veiano,53.765
Santa Croce Del Sannio,Pannarano,58.77166666666667
Santa Croce Del Sannio,Paolisi,69.50500000000001
Santa Croce Del Sannio,Paupisi,41.61666666666667
Santa Croce Del Sannio,Pesco Sannita,38.79
Santa Croce Del Sannio,Pietraroja,37.39
Santa Croce Del Sannio,Pietrelcina,47.195
Santa Croce Del Sannio,Ponte,31.84
Santa Croce Del Sannio,Pontelandolfo,19.791666666666668
Santa Croce Del Sannio,Puglianello,57.64666666666667
Santa Croce Del Sannio,Reino,35.626666666666665
Santa Croce Del Sannio,San Bartolomeo In Galdo,64.01333333333334
Santa Croce Del Sannio,San Giorgio La Molara,57.025
Santa Croce Del Sannio,San Giorgio Del Sannio,48.440000000000005
Santa Croce Del Sannio,San Leucio Del Sannio,46.68833333333334
Santa Croce Del Sannio,San Lorenzello,47.825
Santa Croce Del Sannio,San Lorenzo Maggiore,36.156666666666666
Santa Croce Del Sannio,San Lupo,29.64
Santa Croce Del Sannio,San Marco Dei Cavoti,42.16166666666666
Santa Croce Del Sannio,San Martino Sannita,50.185
Santa Croce Del Sannio,San Nazzaro,53.211666666666666
Santa Croce Del Sannio,San Nicola Manfredi,50.29166666666666
Santa Croce Del Sannio,Sant'Agata De' Goti,73.86666666666666
Santa Croce Del Sannio,Sant'Angelo A Cupolo,51.711666666666666
Santa Croce Del Sannio,Sant'Arcangelo Trimonte,58.836666666666666
Santa Croce Del Sannio,Santa Croce Del Sannio,0.0
Santa Croce Del Sannio,Sassinoro,10.93
Santa Croce Del Sannio,Solopaca,47.42833333333333
Santa Croce Del Sannio,Telese Terme,49.02333333333333
Santa Croce Del Sannio,Tocco Caudio,48.93333333333333
Sassinoro,Airola,71.52166666666668
Sassinoro,Limatola,79.68
Sassinoro,San Giorgio Del Sannio,47.07333333333334
Sassinoro,San Salvatore Telesino,52.515
Sassinoro,Benevento,27.495
Sassinoro,Cerreto Sannita,43.836666666666666
Sassinoro,Ginestra Degli Schiavoni,77.26333333333334
Sassinoro,Morcone,12.356666666666666
Sassinoro,San Bartolomeo In Galdo,74.61
Sassinoro,Vitulano,42.595
Sassinoro,San Marco Dei Cavoti,49.19666666666667
Sassinoro,Torrecuso,38.74166666666667
Sassinoro,Amorosi,58.90833333333333
Sassinoro,Apice,55.83166666666667
Sassinoro,Apollosa,47.54333333333333
Sassinoro,Arpaia,70.32
Sassinoro,Arpaise,55.45666666666667
Sassinoro,Baselice,64.31166666666667
Sassinoro,Bonea,59.75333333333333
Sassinoro,Bucciano,67.57833333333333
Sassinoro,Buonalbergo,58.92333333333333
Sassinoro,Calvi,49.60333333333333
Sassinoro,Campolattaro,19.386666666666667
Sassinoro,Campoli Del Monte Taburno,45.14666666666667
Sassinoro,Casalduni,24.316666666666663
Sassinoro,Castelfranco In Miscano,79.97
Sassinoro,Castelpagano,30.63833333333333
Sassinoro,Castelpoto,46.34666666666667
Sassinoro,Castelvenere,44.195
Sassinoro,Castelvetere In Val Fortore,57.57166666666667
Sassinoro,Cautano,41.02166666666667
Sassinoro,Ceppaloni,52.11833333333333
Sassinoro,Circello,36.92666666666666
Sassinoro,Colle Sannita,37.035
Sassinoro,Cusano Mutri,54.975
Sassinoro,Dugenta,66.62666666666667
Sassinoro,Durazzano,81.84166666666667
Sassinoro,Faicchio,57.74666666666667
Sassinoro,Foglianise,38.575
Sassinoro,Foiano Di Val Fortore,63.18
Sassinoro,Forchia,72.87666666666668
Sassinoro,Fragneto Monforte,23.91166666666667
Sassinoro,Fragneto L'Abate,29.06833333333333
Sassinoro,Frasso Telesino,55.10833333333333
Sassinoro,Ginestra Degli Schiavoni,77.26333333333334
Sassinoro,Guardia Sanframondi,33.690000000000005
Sassinoro,Melizzano,56.07333333333334
Sassinoro,Moiano,73.45666666666666
Sassinoro,Molinara,56.81333333333334
Sassinoro,Montefalcone Di Val Fortore,75.59833333333333
Sassinoro,Montesarchio,60.17166666666667
Sassinoro,Paduli,48.57166666666667
Sassinoro,Pago Veiano,52.39833333333333
Sassinoro,Pannarano,57.405
Sassinoro,Paolisi,68.13833333333334
Sassinoro,Paupisi,40.25
Sassinoro,Pesco Sannita,37.42333333333333
Sassinoro,Pietraroja,36.00333333333333
Sassinoro,Pietrelcina,45.82833333333333
Sassinoro,Ponte,30.473333333333336
Sassinoro,Pontelandolfo,18.425
Sassinoro,Puglianello,56.28
Sassinoro,Reino,43.42
Sassinoro,San Bartolomeo In Galdo,74.61
Sassinoro,San Giorgio La Molara,67.31833333333333
Sassinoro,San Giorgio Del Sannio,47.07333333333334
Sassinoro,San Leucio Del Sannio,45.32166666666667
Sassinoro,San Lorenzello,46.458333333333336
Sassinoro,San Lorenzo Maggiore,34.79
Sassinoro,San Lupo,28.273333333333333
Sassinoro,San Marco Dei Cavoti,49.19666666666667
Sassinoro,San Martino Sannita,48.818333333333335
Sassinoro,San Nazzaro,51.845
Sassinoro,San Nicola Manfredi,48.925
Sassinoro,Sant'Agata De' Goti,72.5
Sassinoro,Sant'Angelo A Cupolo,50.345
Sassinoro,Sant'Arcangelo Trimonte,57.47
Sassinoro,Santa Croce Del Sannio,10.596666666666666
Sassinoro,Sassinoro,0.0
Sassinoro,Solopaca,46.06166666666666
Sassinoro,Telese Terme,47.656666666666666
Sassinoro,Tocco Caudio,47.56666666666667
Solopaca,Airola,33.156666666666666
Solopaca,Limatola,37.285
Solopaca,San Giorgio Del Sannio,39.665
Solopaca,San Salvatore Telesino,14.601666666666668
Solopaca,Benevento,28.41333333333333
Solopaca,Cerreto Sannita,19.87333333333333
Solopaca,Ginestra Degli Schiavoni,69.855
Solopaca,Morcone,46.85166666666667
Solopaca,San Bartolomeo In Galdo,85.69
Solopaca,Vitulano,24.043333333333333
Solopaca,San Marco Dei Cavoti,53.72833333333333
Solopaca,Torrecuso,19.45833333333333
Solopaca,Amorosi,18.65
Solopaca,Apice,48.42333333333333
Solopaca,Apollosa,40.135
Solopaca,Arpaia,39.1
Solopaca,Arpaise,48.04833333333333
Solopaca,Baselice,77.27833333333334
Solopaca,Bonea,41.19833333333334
Solopaca,Bucciano,33.32333333333334
Solopaca,Buonalbergo,51.515
Solopaca,Calvi,42.195
Solopaca,Campolattaro,34.90833333333333
Solopaca,Campoli Del Monte Taburno,34.495
Solopaca,Casalduni,26.71333333333333
Solopaca,Castelfranco In Miscano,72.56166666666667
Solopaca,Castelpagano,65.58
Solopaca,Castelpoto,40.81666666666667
Solopaca,Castelvenere,13.14
Solopaca,Castelvetere In Val Fortore,85.01833333333335
Solopaca,Cautano,30.37
Solopaca,Ceppaloni,44.71
Solopaca,Circello,63.77166666666667
Solopaca,Colle Sannita,60.40833333333333
Solopaca,Cusano Mutri,36.685
Solopaca,Dugenta,22.866666666666667
Solopaca,Durazzano,37.44833333333334
Solopaca,Faicchio,23.71333333333333
Solopaca,Foglianise,28.956666666666667
Solopaca,Foiano Di Val Fortore,71.175
Solopaca,Forchia,41.656666666666666
Solopaca,Fragneto Monforte,32.545
Solopaca,Fragneto L'Abate,37.70166666666667
Solopaca,Frasso Telesino,10.715
Solopaca,Ginestra Degli Schiavoni,69.855
Solopaca,Guardia Sanframondi,16.206666666666667
Solopaca,Melizzano,11.68
Solopaca,Moiano,32.16833333333333
Solopaca,Molinara,61.345
Solopaca,Montefalcone Di Val Fortore,74.10166666666667
Solopaca,Montesarchio,45.388333333333335
Solopaca,Paduli,41.16333333333333
Solopaca,Pago Veiano,48.28833333333333
Solopaca,Pannarano,49.99666666666667
Solopaca,Paolisi,36.91833333333333
Solopaca,Paupisi,15.861666666666668
Solopaca,Pesco Sannita,39.91833333333333
Solopaca,Pietraroja,44.38166666666667
Solopaca,Pietrelcina,39.295
Solopaca,Ponte,17.976666666666667
Solopaca,Pontelandolfo,34.15833333333333
Solopaca,Puglianello,19.40333333333333
Solopaca,Reino,50.13
Solopaca,San Bartolomeo In Galdo,85.69
Solopaca,San Giorgio La Molara,63.14833333333333
Solopaca,San Giorgio Del Sannio,39.665
Solopaca,San Leucio Del Sannio,37.91333333333333
Solopaca,San Lorenzello,22.085
Solopaca,San Lorenzo Maggiore,14.775
Solopaca,San Lupo,19.775
Solopaca,San Marco Dei Cavoti,53.72833333333333
Solopaca,San Martino Sannita,41.41
Solopaca,San Nazzaro,44.43666666666666
Solopaca,San Nicola Manfredi,41.516666666666666
Solopaca,Sant'Agata De' Goti,28.10666666666667
Solopaca,Sant'Angelo A Cupolo,42.93666666666666
Solopaca,Sant'Arcangelo Trimonte,50.06166666666666
Solopaca,Santa Croce Del Sannio,47.781666666666666
Solopaca,Sassinoro,46.63666666666666
Solopaca,Solopaca,0.0
Solopaca,Telese Terme,8.176666666666668
Solopaca,Tocco Caudio,36.915
Telese Terme,Airola,37.818333333333335
Telese Terme,Limatola,33.184999999999995
Telese Terme,San Giorgio Del Sannio,41.97
Telese Terme,San Salvatore Telesino,6.425
Telese Terme,Benevento,30.71833333333333
Telese Terme,Cerreto Sannita,15.171666666666663
Telese Terme,Ginestra Degli Schiavoni,72.16000000000001
Telese Terme,Morcone,49.156666666666666
Telese Terme,San Bartolomeo In Galdo,87.99499999999999
Telese Terme,Vitulano,30.355
Telese Terme,San Marco Dei Cavoti,56.03333333333333
Telese Terme,Torrecuso,21.76333333333333
Telese Terme,Amorosi,12.413333333333332
Telese Terme,Apice,50.72833333333333
Telese Terme,Apollosa,42.440000000000005
Telese Terme,Arpaia,43.76166666666666
Telese Terme,Arpaise,50.35333333333333
Telese Terme,Baselice,79.58333333333333
Telese Terme,Bonea,45.86
Telese Terme,Bucciano,37.985
Telese Terme,Buonalbergo,53.82
Telese Terme,Calvi,44.5
Telese Terme,Campolattaro,37.21333333333334
Telese Terme,Campoli Del Monte Taburno,40.806666666666665
Telese Terme,Casalduni,29.01833333333333
Telese Terme,Castelfranco In Miscano,74.86666666666666
Telese Terme,Castelpagano,67.885
Telese Terme,Castelpoto,43.12166666666667
Telese Terme,Castelvenere,5.94
Telese Terme,Castelvetere In Val Fortore,87.32333333333332
Telese Terme,Cautano,36.681666666666665
Telese Terme,Ceppaloni,47.015
Telese Terme,Circello,66.07666666666667
Telese Terme,Colle Sannita,62.71333333333334
Telese Terme,Cusano Mutri,31.98333333333333
Telese Terme,Dugenta,18.97
Telese Terme,Durazzano,37.23
Telese Terme,Faicchio,15.536666666666669
Telese Terme,Foglianise,31.261666666666667
Telese Terme,Foiano Di Val Fortore,73.48
Telese Terme,Forchia,46.318333333333335
Telese Terme,Fragneto Monforte,34.85
Telese Terme,Fragneto L'Abate,40.00666666666667
Telese Terme,Frasso Telesino,15.376666666666669
Telese Terme,Ginestra Degli Schiavoni,72.16000000000001
Telese Terme,Guardia Sanframondi,15.431666666666668
Telese Terme,Melizzano,16.341666666666665
Telese Terme,Moiano,36.830000000000005
Telese Terme,Molinara,63.65
Telese Terme,Montefalcone Di Val Fortore,76.40666666666667
Telese Terme,Montesarchio,50.05
Telese Terme,Paduli,43.46833333333333
Telese Terme,Pago Veiano,50.59333333333333
Telese Terme,Pannarano,52.30166666666666
Telese Terme,Paolisi,41.580000000000005
Telese Terme,Paupisi,18.166666666666668
Telese Terme,Pesco Sannita,42.223333333333336
Telese Terme,Pietraroja,39.68
Telese Terme,Pietrelcina,41.6
Telese Terme,Ponte,20.28166666666667
Telese Terme,Pontelandolfo,34.77
Telese Terme,Puglianello,12.21
Telese Terme,Reino,52.435
Telese Terme,San Bartolomeo In Galdo,87.99499999999999
Telese Terme,San Giorgio La Molara,65.45333333333333
Telese Terme,San Giorgio Del Sannio,41.97
Telese Terme,San Leucio Del Sannio,40.21833333333333
Telese Terme,San Lorenzello,15.86
Telese Terme,San Lorenzo Maggiore,15.386666666666668
Telese Terme,San Lupo,20.386666666666667
Telese Terme,San Marco Dei Cavoti,56.03333333333333
Telese Terme,San Martino Sannita,43.715
Telese Terme,San Nazzaro,46.74166666666667
Telese Terme,San Nicola Manfredi,43.82166666666667
Telese Terme,Sant'Agata De' Goti,27.88833333333333
Telese Terme,Sant'Angelo A Cupolo,45.24166666666667
Telese Terme,Sant'Arcangelo Trimonte,52.36666666666667
Telese Terme,Santa Croce Del Sannio,50.086666666666666
Telese Terme,Sassinoro,48.94166666666667
Telese Terme,Solopaca,8.598333333333333
Telese Terme,Telese Terme,0.0
Telese Terme,Tocco Caudio,42.18833333333334
Tocco Caudio,Airola,28.555
Tocco Caudio,Limatola,60.44833333333334
Tocco Caudio,San Giorgio Del Sannio,39.080000000000005
Tocco Caudio,San Salvatore Telesino,47.485
Tocco Caudio,Benevento,38.14666666666667
Tocco Caudio,Cerreto Sannita,49.81166666666666
Tocco Caudio,Ginestra Degli Schiavoni,69.27
Tocco Caudio,Morcone,48.34666666666667
Tocco Caudio,San Bartolomeo In Galdo,83.78999999999999
Tocco Caudio,Vitulano,13.918333333333331
Tocco Caudio,San Marco Dei Cavoti,51.82833333333333
Tocco Caudio,Torrecuso,22.91166666666667
Tocco Caudio,Amorosi,41.81333333333334
Tocco Caudio,Apice,47.83833333333334
Tocco Caudio,Apollosa,19.095
Tocco Caudio,Arpaia,31.07
Tocco Caudio,Arpaise,36.41166666666666
Tocco Caudio,Baselice,75.37833333333333
Tocco Caudio,Bonea,16.78666666666667
Tocco Caudio,Bucciano,24.611666666666668
Tocco Caudio,Buonalbergo,50.93
Tocco Caudio,Calvi,41.61
Tocco Caudio,Campolattaro,36.40333333333333
Tocco Caudio,Campoli Del Monte Taburno,3.411666666666666
Tocco Caudio,Casalduni,37.995
Tocco Caudio,Castelfranco In Miscano,71.97666666666667
Tocco Caudio,Castelpagano,63.68
Tocco Caudio,Castelpoto,18.56833333333333
Tocco Caudio,Castelvenere,46.16
Tocco Caudio,Castelvetere In Val Fortore,83.11833333333334
Tocco Caudio,Cautano,8.328333333333333
Tocco Caudio,Ceppaloni,39.36666666666667
Tocco Caudio,Circello,61.87166666666667
Tocco Caudio,Colle Sannita,58.50833333333333
Tocco Caudio,Cusano Mutri,66.62333333333333
Tocco Caudio,Dugenta,46.03
Tocco Caudio,Durazzano,49.973333333333336
Tocco Caudio,Faicchio,56.59666666666667
Tocco Caudio,Foglianise,13.3
Tocco Caudio,Foiano Di Val Fortore,69.275
Tocco Caudio,Forchia,33.626666666666665
Tocco Caudio,Fragneto Monforte,34.04
Tocco Caudio,Fragneto L'Abate,39.19666666666667
Tocco Caudio,Frasso Telesino,27.605
Tocco Caudio,Ginestra Degli Schiavoni,69.27
Tocco Caudio,Guardia Sanframondi,43.79166666666666
Tocco Caudio,Melizzano,32.94166666666667
Tocco Caudio,Moiano,30.82333333333333
Tocco Caudio,Molinara,59.445
Tocco Caudio,Montefalcone Di Val Fortore,73.51666666666667
Tocco Caudio,Montesarchio,19.296666666666667
Tocco Caudio,Paduli,40.57833333333333
Tocco Caudio,Pago Veiano,46.388333333333335
Tocco Caudio,Pannarano,31.295
Tocco Caudio,Paolisi,28.88833333333333
Tocco Caudio,Paupisi,25.805
Tocco Caudio,Pesco Sannita,38.01833333333333
Tocco Caudio,Pietraroja,71.99333333333334
Tocco Caudio,Pietrelcina,37.395
Tocco Caudio,Ponte,27.705
Tocco Caudio,Pontelandolfo,40.54166666666666
Tocco Caudio,Puglianello,46.81
Tocco Caudio,Reino,48.23
Tocco Caudio,San Bartolomeo In Galdo,83.78999999999999
Tocco Caudio,San Giorgio La Molara,62.56333333333334
Tocco Caudio,San Giorgio Del Sannio,39.080000000000005
Tocco Caudio,San Leucio Del Sannio,34.406666666666666
Tocco Caudio,San Lorenzello,52.77333333333333
Tocco Caudio,San Lorenzo Maggiore,39.62166666666667
Tocco Caudio,San Lupo,45.72166666666667
Tocco Caudio,San Marco Dei Cavoti,51.82833333333333
Tocco Caudio,San Martino Sannita,40.825
Tocco Caudio,San Nazzaro,43.85166666666667
Tocco Caudio,San Nicola Manfredi,40.931666666666665
Tocco Caudio,Sant'Agata De' Goti,40.891666666666666
Tocco Caudio,Sant'Angelo A Cupolo,42.14833333333333
Tocco Caudio,Sant'Arcangelo Trimonte,49.47666666666667
Tocco Caudio,Santa Croce Del Sannio,49.27666666666666
Tocco Caudio,Sassinoro,48.13166666666667
Tocco Caudio,Solopaca,36.655
Tocco Caudio,Telese Terme,42.626666666666665
Tocco Caudio,Tocco Caudio,0.0
