from_site_id,to_comune,distance_km
AMB_ALS_AIROLA,Airola,0.0
AMB_ALS_AIROLA,Limatola,24.23
AMB_ALS_AIROLA,San Giorgio Del Sannio,37.36
AMB_ALS_AIROLA,San Salvatore Telesino,32.98
AMB_ALS_AIROLA,Benevento,43.53
AMB_ALS_AIROLA,Cerreto Sannita,39.06
AMB_ALS_AIROLA,Ginestra Degli Schiavoni,69.92
AMB_ALS_AIROLA,Morcone,59.95
AMB_ALS_AIROLA,San Bartolomeo In Galdo,82.85
AMB_ALS_AIROLA,Vitulano,21.78
AMB_ALS_AIROLA,San Marco Dei Cavoti,57.17
AMB_ALS_AIROLA,Torrecuso,25.52
AMB_ALS_AIROLA,Amorosi,28.85
AMB_ALS_AIROLA,Apice,48.75
AMB_ALS_AIROLA,Apollosa,15.69
AMB_ALS_AIROLA,Arpaia,3.49
AMB_ALS_AIROLA,Arpaise,20.45
AMB_ALS_AIROLA,Baselice,74.1
AMB_ALS_AIROLA,Bonea,6.4
AMB_ALS_AIROLA,Bucciano,3.56
AMB_ALS_AIROLA,Buonalbergo,53.98
AMB_ALS_AIROLA,Calvi,38.28
AMB_ALS_AIROLA,Campolattaro,49.19
AMB_ALS_AIROLA,Campoli del Monte Taburno,15.08
AMB_ALS_AIROLA,Casalduni,44.5
AMB_ALS_AIROLA,Castelfranco in Miscano,71.75
AMB_ALS_AIROLA,Castelpagano,70.53
AMB_ALS_AIROLA,Castelpoto,18.28
AMB_ALS_AIROLA,Castelvenere,29.54
AMB_ALS_AIROLA,Castelvetere in Val Fortore,81.18
AMB_ALS_AIROLA,Cautano,17.96
AMB_ALS_AIROLA,Ceppaloni,24.4
AMB_ALS_AIROLA,Circello,63.2
AMB_ALS_AIROLA,Colle Sannita,64.03
AMB_ALS_AIROLA,Cusano Mutri,47.53
AMB_ALS_AIROLA,Dugenta,18.31
AMB_ALS_AIROLA,Durazzano,17.28
AMB_ALS_AIROLA,Faicchio,37.61
AMB_ALS_AIROLA,Foglianise,20.98
AMB_ALS_AIROLA,Foiano di Val Fortore,71.35
AMB_ALS_AIROLA,Forchia,4.62
AMB_ALS_AIROLA,Fragneto Monforte,46.34
AMB_ALS_AIROLA,Fragneto l'Abate,46.95
AMB_ALS_AIROLA,Frasso Telesino,15.99
AMB_ALS_AIROLA,Ginestra degli Schiavoni,69.92
AMB_ALS_AIROLA,Guardia Sanframondi,34.71
AMB_ALS_AIROLA,Melizzano,18.73
AMB_ALS_AIROLA,Moiano,3.58
AMB_ALS_AIROLA,Molinara,59.95
AMB_ALS_AIROLA,Montefalcone di Val Fortore,67.79
AMB_ALS_AIROLA,Montesarchio,8.14
AMB_ALS_AIROLA,Paduli,42.17
AMB_ALS_AIROLA,Pago Veiano,47.27
AMB_ALS_AIROLA,Pannarano,17.1
AMB_ALS_AIROLA,Paolisi,3.71
AMB_ALS_AIROLA,Paupisi,35.39
AMB_ALS_AIROLA,Pesco Sannita,43.63
AMB_ALS_AIROLA,Pietraroja,50.24
AMB_ALS_AIROLA,Pietrelcina,41.17
AMB_ALS_AIROLA,Ponte,38.39
AMB_ALS_AIROLA,Pontelandolfo,52.78
AMB_ALS_AIROLA,Puglianello,32.0
AMB_ALS_AIROLA,Reino,53.99
AMB_ALS_AIROLA,San Bartolomeo in Galdo,82.85
AMB_ALS_AIROLA,San Giorgio La Molara,57.98
AMB_ALS_AIROLA,San Giorgio del Sannio,37.36
AMB_ALS_AIROLA,San Leucio del Sannio,23.96
AMB_ALS_AIROLA,San Lorenzello,40.32
AMB_ALS_AIROLA,San Lorenzo Maggiore,34.72
AMB_ALS_AIROLA,San Lupo,37.51
AMB_ALS_AIROLA,San Marco dei Cavoti,57.17
AMB_ALS_AIROLA,San Martino Sannita,37.1
AMB_ALS_AIROLA,San Nazzaro,40.55
AMB_ALS_AIROLA,San Nicola Manfredi,36.66
AMB_ALS_AIROLA,Sant'Agata de' Goti,11.53
AMB_ALS_AIROLA,Sant'Angelo a Cupolo,37.14
AMB_ALS_AIROLA,Sant'Arcangelo Trimonte,50.59
AMB_ALS_AIROLA,Santa Croce del Sannio,65.8
AMB_ALS_AIROLA,Sassinoro,62.57
AMB_ALS_AIROLA,Solopaca,23.65
AMB_ALS_AIROLA,Telese Terme,26.68
AMB_ALS_AIROLA,Tocco Caudio,15.11
AMB_ALS_LIMATOLA,Airola,22.38
AMB_ALS_LIMATOLA,Limatola,0.0
AMB_ALS_LIMATOLA,San Giorgio Del Sannio,59.42
AMB_ALS_LIMATOLA,San Salvatore Telesino,17.94
AMB_ALS_LIMATOLA,Benevento,42.88
AMB_ALS_LIMATOLA,Cerreto Sannita,26.57
AMB_ALS_LIMATOLA,Ginestra Degli Schiavoni,87.92
AMB_ALS_LIMATOLA,Morcone,65.27
AMB_ALS_LIMATOLA,San Bartolomeo In Galdo,98.73
AMB_ALS_LIMATOLA,Vitulano,33.27
AMB_ALS_LIMATOLA,San Marco Dei Cavoti,73.04
AMB_ALS_LIMATOLA,Torrecuso,37.08
AMB_ALS_LIMATOLA,Amorosi,12.96
AMB_ALS_LIMATOLA,Apice,62.59
AMB_ALS_LIMATOLA,Apollosa,35.21
AMB_ALS_LIMATOLA,Arpaia,27.62
AMB_ALS_LIMATOLA,Arpaise,41.58
AMB_ALS_LIMATOLA,Baselice,89.97
AMB_ALS_LIMATOLA,Bonea,25.91
AMB_ALS_LIMATOLA,Bucciano,21.06
AMB_ALS_LIMATOLA,Buonalbergo,71.98
AMB_ALS_LIMATOLA,Calvi,60.34
AMB_ALS_LIMATOLA,Campolattaro,54.52
AMB_ALS_LIMATOLA,Campoli del Monte Taburno,33.16
AMB_ALS_LIMATOLA,Casalduni,43.85
AMB_ALS_LIMATOLA,Castelfranco in Miscano,89.75
AMB_ALS_LIMATOLA,Castelpagano,86.4
AMB_ALS_LIMATOLA,Castelpoto,37.8
AMB_ALS_LIMATOLA,Castelvenere,23.4
AMB_ALS_LIMATOLA,Castelvetere in Val Fortore,97.05
AMB_ALS_LIMATOLA,Cautano,33.11
AMB_ALS_LIMATOLA,Ceppaloni,45.54
AMB_ALS_LIMATOLA,Circello,79.07
AMB_ALS_LIMATOLA,Colle Sannita,79.9
AMB_ALS_LIMATOLA,Cusano Mutri,35.08
AMB_ALS_LIMATOLA,Dugenta,6.24
AMB_ALS_LIMATOLA,Durazzano,21.26
AMB_ALS_LIMATOLA,Faicchio,24.2
AMB_ALS_LIMATOLA,Foglianise,36.21
AMB_ALS_LIMATOLA,Foiano di Val Fortore,87.22
AMB_ALS_LIMATOLA,Forchia,29.25
AMB_ALS_LIMATOLA,Fragneto Monforte,51.66
AMB_ALS_LIMATOLA,Fragneto l'Abate,53.26
AMB_ALS_LIMATOLA,Frasso Telesino,18.74
AMB_ALS_LIMATOLA,Ginestra degli Schiavoni,87.92
AMB_ALS_LIMATOLA,Guardia Sanframondi,29.67
AMB_ALS_LIMATOLA,Melizzano,15.81
AMB_ALS_LIMATOLA,Moiano,22.08
AMB_ALS_LIMATOLA,Molinara,75.82
AMB_ALS_LIMATOLA,Montefalcone di Val Fortore,85.79
AMB_ALS_LIMATOLA,Montesarchio,27.66
AMB_ALS_LIMATOLA,Paduli,60.17
AMB_ALS_LIMATOLA,Pago Veiano,63.14
AMB_ALS_LIMATOLA,Pannarano,38.23
AMB_ALS_LIMATOLA,Paolisi,25.67
AMB_ALS_LIMATOLA,Paupisi,34.74
AMB_ALS_LIMATOLA,Pesco Sannita,59.5
AMB_ALS_LIMATOLA,Pietraroja,37.79
AMB_ALS_LIMATOLA,Pietrelcina,57.04
AMB_ALS_LIMATOLA,Ponte,37.73
AMB_ALS_LIMATOLA,Pontelandolfo,44.33
AMB_ALS_LIMATOLA,Puglianello,16.04
AMB_ALS_LIMATOLA,Reino,69.86
AMB_ALS_LIMATOLA,San Bartolomeo in Galdo,98.73
AMB_ALS_LIMATOLA,San Giorgio La Molara,75.98
AMB_ALS_LIMATOLA,San Giorgio del Sannio,59.42
AMB_ALS_LIMATOLA,San Leucio del Sannio,55.96
AMB_ALS_LIMATOLA,San Lorenzello,25.27
AMB_ALS_LIMATOLA,San Lorenzo Maggiore,31.48
AMB_ALS_LIMATOLA,San Lupo,34.26
AMB_ALS_LIMATOLA,San Marco dei Cavoti,73.04
AMB_ALS_LIMATOLA,San Martino Sannita,59.59
AMB_ALS_LIMATOLA,San Nazzaro,61.47
AMB_ALS_LIMATOLA,San Nicola Manfredi,59.15
AMB_ALS_LIMATOLA,Sant'Agata de' Goti,14.84
AMB_ALS_LIMATOLA,Sant'Angelo a Cupolo,59.12
AMB_ALS_LIMATOLA,Sant'Arcangelo Trimonte,68.59
AMB_ALS_LIMATOLA,Santa Croce del Sannio,71.13
AMB_ALS_LIMATOLA,Sassinoro,67.89
AMB_ALS_LIMATOLA,Solopaca,20.21
AMB_ALS_LIMATOLA,Telese Terme,19.97
AMB_ALS_LIMATOLA,Tocco Caudio,33.28
AMB_ALS_SAN_GIORGIO_DEL_SANNIO,Airola,36.78
AMB_ALS_SAN_GIORGIO_DEL_SANNIO,Limatola,59.9
AMB_ALS_SAN_GIORGIO_DEL_SANNIO,San Giorgio Del Sannio,0.0
AMB_ALS_SAN_GIORGIO_DEL_SANNIO,San Salvatore Telesino,42.72
AMB_ALS_SAN_GIORGIO_DEL_SANNIO,Benevento,30.67
AMB_ALS_SAN_GIORGIO_DEL_SANNIO,Cerreto Sannita,43.63
AMB_ALS_SAN_GIORGIO_DEL_SANNIO,Ginestra Degli Schiavoni,49.57
AMB_ALS_SAN_GIORGIO_DEL_SANNIO,Morcone,43.51
AMB_ALS_SAN_GIORGIO_DEL_SANNIO,San Bartolomeo In Galdo,64.7
AMB_ALS_SAN_GIORGIO_DEL_SANNIO,Vitulano,27.99
AMB_ALS_SAN_GIORGIO_DEL_SANNIO,San Marco Dei Cavoti,39.01
AMB_ALS_SAN_GIORGIO_DEL_SANNIO,Torrecuso,28.6
AMB_ALS_SAN_GIORGIO_DEL_SANNIO,Amorosi,47.07
AMB_ALS_SAN_GIORGIO_DEL_SANNIO,Apice,11.16
AMB_ALS_SAN_GIORGIO_DEL_SANNIO,Apollosa,19.46
AMB_ALS_SAN_GIORGIO_DEL_SANNIO,Arpaia,37.81
AMB_ALS_SAN_GIORGIO_DEL_SANNIO,Arpaise,18.06
AMB_ALS_SAN_GIORGIO_DEL_SANNIO,Baselice,55.94
AMB_ALS_SAN_GIORGIO_DEL_SANNIO,Bonea,31.64
AMB_ALS_SAN_GIORGIO_DEL_SANNIO,Bucciano,35.27
AMB_ALS_SAN_GIORGIO_DEL_SANNIO,Buonalbergo,33.63
AMB_ALS_SAN_GIORGIO_DEL_SANNIO,Calvi,1.66
AMB_ALS_SAN_GIORGIO_DEL_SANNIO,Campolattaro,32.75
AMB_ALS_SAN_GIORGIO_DEL_SANNIO,Campoli del Monte Taburno,30.15
AMB_ALS_SAN_GIORGIO_DEL_SANNIO,Casalduni,31.64
AMB_ALS_SAN_GIORGIO_DEL_SANNIO,Castelfranco in Miscano,51.4
AMB_ALS_SAN_GIORGIO_DEL_SANNIO,Castelpagano,52.37
AMB_ALS_SAN_GIORGIO_DEL_SANNIO,Castelpoto,23.81
AMB_ALS_SAN_GIORGIO_DEL_SANNIO,Castelvenere,40.81
AMB_ALS_SAN_GIORGIO_DEL_SANNIO,Castelvetere in Val Fortore,63.03
AMB_ALS_SAN_GIORGIO_DEL_SANNIO,Cautano,28.0
AMB_ALS_SAN_GIORGIO_DEL_SANNIO,Ceppaloni,16.0
AMB_ALS_SAN_GIORGIO_DEL_SANNIO,Circello,45.05
AMB_ALS_SAN_GIORGIO_DEL_SANNIO,Colle Sannita,45.88
AMB_ALS_SAN_GIORGIO_DEL_SANNIO,Cusano Mutri,52.1
AMB_ALS_SAN_GIORGIO_DEL_SANNIO,Dugenta,51.55
AMB_ALS_SAN_GIORGIO_DEL_SANNIO,Durazzano,53.23
AMB_ALS_SAN_GIORGIO_DEL_SANNIO,Faicchio,48.56
AMB_ALS_SAN_GIORGIO_DEL_SANNIO,Foglianise,25.19
AMB_ALS_SAN_GIORGIO_DEL_SANNIO,Foiano di Val Fortore,53.2
AMB_ALS_SAN_GIORGIO_DEL_SANNIO,Forchia,38.95
AMB_ALS_SAN_GIORGIO_DEL_SANNIO,Fragneto Monforte,29.89
AMB_ALS_SAN_GIORGIO_DEL_SANNIO,Fragneto l'Abate,28.8
AMB_ALS_SAN_GIORGIO_DEL_SANNIO,Frasso Telesino,44.48
AMB_ALS_SAN_GIORGIO_DEL_SANNIO,Ginestra degli Schiavoni,49.57
AMB_ALS_SAN_GIORGIO_DEL_SANNIO,Guardia Sanframondi,37.89
AMB_ALS_SAN_GIORGIO_DEL_SANNIO,Melizzano,43.86
AMB_ALS_SAN_GIORGIO_DEL_SANNIO,Moiano,40.54
AMB_ALS_SAN_GIORGIO_DEL_SANNIO,Molinara,35.88
AMB_ALS_SAN_GIORGIO_DEL_SANNIO,Montefalcone di Val Fortore,47.44
AMB_ALS_SAN_GIORGIO_DEL_SANNIO,Montesarchio,29.32
AMB_ALS_SAN_GIORGIO_DEL_SANNIO,Paduli,21.82
AMB_ALS_SAN_GIORGIO_DEL_SANNIO,Pago Veiano,29.12
AMB_ALS_SAN_GIORGIO_DEL_SANNIO,Pannarano,28.32
AMB_ALS_SAN_GIORGIO_DEL_SANNIO,Paolisi,35.86
AMB_ALS_SAN_GIORGIO_DEL_SANNIO,Paupisi,28.68
AMB_ALS_SAN_GIORGIO_DEL_SANNIO,Pesco Sannita,25.47
AMB_ALS_SAN_GIORGIO_DEL_SANNIO,Pietraroja,58.39
AMB_ALS_SAN_GIORGIO_DEL_SANNIO,Pietrelcina,23.02
AMB_ALS_SAN_GIORGIO_DEL_SANNIO,Ponte,25.53
AMB_ALS_SAN_GIORGIO_DEL_SANNIO,Pontelandolfo,36.34
AMB_ALS_SAN_GIORGIO_DEL_SANNIO,Puglianello,47.05
AMB_ALS_SAN_GIORGIO_DEL_SANNIO,Reino,35.83
AMB_ALS_SAN_GIORGIO_DEL_SANNIO,San Bartolomeo in Galdo,64.7
AMB_ALS_SAN_GIORGIO_DEL_SANNIO,San Giorgio La Molara,37.63
AMB_ALS_SAN_GIORGIO_DEL_SANNIO,San Giorgio del Sannio,0.0
AMB_ALS_SAN_GIORGIO_DEL_SANNIO,San Leucio del Sannio,17.4
AMB_ALS_SAN_GIORGIO_DEL_SANNIO,San Lorenzello,44.16
AMB_ALS_SAN_GIORGIO_DEL_SANNIO,San Lorenzo Maggiore,34.21
AMB_ALS_SAN_GIORGIO_DEL_SANNIO,San Lupo,34.75
AMB_ALS_SAN_GIORGIO_DEL_SANNIO,San Marco dei Cavoti,39.01
AMB_ALS_SAN_GIORGIO_DEL_SANNIO,San Martino Sannita,2.72
AMB_ALS_SAN_GIORGIO_DEL_SANNIO,San Nazzaro,2.34
AMB_ALS_SAN_GIORGIO_DEL_SANNIO,San Nicola Manfredi,5.6
AMB_ALS_SAN_GIORGIO_DEL_SANNIO,Sant'Agata de' Goti,47.47
AMB_ALS_SAN_GIORGIO_DEL_SANNIO,Sant'Angelo a Cupolo,9.33
AMB_ALS_SAN_GIORGIO_DEL_SANNIO,Sant'Arcangelo Trimonte,19.04
AMB_ALS_SAN_GIORGIO_DEL_SANNIO,Santa Croce del Sannio,49.36
AMB_ALS_SAN_GIORGIO_DEL_SANNIO,Sassinoro,46.12
AMB_ALS_SAN_GIORGIO_DEL_SANNIO,Solopaca,37.13
AMB_ALS_SAN_GIORGIO_DEL_SANNIO,Telese Terme,38.85
AMB_ALS_SAN_GIORGIO_DEL_SANNIO,Tocco Caudio,31.53
AMB_ALS_SAN_SALVATORE_TELESINO,Airola,32.14
AMB_ALS_SAN_SALVATORE_TELESINO,Limatola,18.05
AMB_ALS_SAN_SALVATORE_TELESINO,San Giorgio Del Sannio,42.25
AMB_ALS_SAN_SALVATORE_TELESINO,San Salvatore Telesino,0.0
AMB_ALS_SAN_SALVATORE_TELESINO,Benevento,25.7
AMB_ALS_SAN_SALVATORE_TELESINO,Cerreto Sannita,8.4
AMB_ALS_SAN_SALVATORE_TELESINO,Ginestra Degli Schiavoni,70.74
AMB_ALS_SAN_SALVATORE_TELESINO,Morcone,48.1
AMB_ALS_SAN_SALVATORE_TELESINO,San Bartolomeo In Galdo,81.55
AMB_ALS_SAN_SALVATORE_TELESINO,Vitulano,21.82
AMB_ALS_SAN_SALVATORE_TELESINO,San Marco Dei Cavoti,55.86
AMB_ALS_SAN_SALVATORE_TELESINO,Torrecuso,19.9
AMB_ALS_SAN_SALVATORE_TELESINO,Amorosi,5.22
AMB_ALS_SAN_SALVATORE_TELESINO,Apice,45.41
AMB_ALS_SAN_SALVATORE_TELESINO,Apollosa,39.88
AMB_ALS_SAN_SALVATORE_TELESINO,Arpaia,37.38
AMB_ALS_SAN_SALVATORE_TELESINO,Arpaise,47.36
AMB_ALS_SAN_SALVATORE_TELESINO,Baselice,72.79
AMB_ALS_SAN_SALVATORE_TELESINO,Bonea,35.67
AMB_ALS_SAN_SALVATORE_TELESINO,Bucciano,30.82
AMB_ALS_SAN_SALVATORE_TELESINO,Buonalbergo,54.8
AMB_ALS_SAN_SALVATORE_TELESINO,Calvi,43.16
AMB_ALS_SAN_SALVATORE_TELESINO,Campolattaro,37.34
AMB_ALS_SAN_SALVATORE_TELESINO,Campoli del Monte Taburno,28.83
AMB_ALS_SAN_SALVATORE_TELESINO,Casalduni,26.67
AMB_ALS_SAN_SALVATORE_TELESINO,Castelfranco in Miscano,72.58
AMB_ALS_SAN_SALVATORE_TELESINO,Castelpagano,69.22
AMB_ALS_SAN_SALVATORE_TELESINO,Castelpoto,32.93
AMB_ALS_SAN_SALVATORE_TELESINO,Castelvenere,5.47
AMB_ALS_SAN_SALVATORE_TELESINO,Castelvetere in Val Fortore,79.88
AMB_ALS_SAN_SALVATORE_TELESINO,Cautano,26.68
AMB_ALS_SAN_SALVATORE_TELESINO,Ceppaloni,43.75
AMB_ALS_SAN_SALVATORE_TELESINO,Circello,61.9
AMB_ALS_SAN_SALVATORE_TELESINO,Colle Sannita,62.73
AMB_ALS_SAN_SALVATORE_TELESINO,Cusano Mutri,16.91
AMB_ALS_SAN_SALVATORE_TELESINO,Dugenta,15.63
AMB_ALS_SAN_SALVATORE_TELESINO,Durazzano,31.02
AMB_ALS_SAN_SALVATORE_TELESINO,Faicchio,6.13
AMB_ALS_SAN_SALVATORE_TELESINO,Foglianise,24.16
AMB_ALS_SAN_SALVATORE_TELESINO,Foiano di Val Fortore,70.04
AMB_ALS_SAN_SALVATORE_TELESINO,Forchia,38.51
AMB_ALS_SAN_SALVATORE_TELESINO,Fragneto Monforte,34.48
AMB_ALS_SAN_SALVATORE_TELESINO,Fragneto l'Abate,36.08
AMB_ALS_SAN_SALVATORE_TELESINO,Frasso Telesino,14.55
AMB_ALS_SAN_SALVATORE_TELESINO,Ginestra degli Schiavoni,70.74
AMB_ALS_SAN_SALVATORE_TELESINO,Guardia Sanframondi,13.6
AMB_ALS_SAN_SALVATORE_TELESINO,Melizzano,15.18
AMB_ALS_SAN_SALVATORE_TELESINO,Moiano,31.84
AMB_ALS_SAN_SALVATORE_TELESINO,Molinara,58.64
AMB_ALS_SAN_SALVATORE_TELESINO,Montefalcone di Val Fortore,68.62
AMB_ALS_SAN_SALVATORE_TELESINO,Montesarchio,37.42
AMB_ALS_SAN_SALVATORE_TELESINO,Paduli,42.99
AMB_ALS_SAN_SALVATORE_TELESINO,Pago Veiano,45.97
AMB_ALS_SAN_SALVATORE_TELESINO,Pannarano,48.73
AMB_ALS_SAN_SALVATORE_TELESINO,Paolisi,35.43
AMB_ALS_SAN_SALVATORE_TELESINO,Paupisi,17.56
AMB_ALS_SAN_SALVATORE_TELESINO,Pesco Sannita,42.32
AMB_ALS_SAN_SALVATORE_TELESINO,Pietraroja,19.62
AMB_ALS_SAN_SALVATORE_TELESINO,Pietrelcina,39.86
AMB_ALS_SAN_SALVATORE_TELESINO,Ponte,20.56
AMB_ALS_SAN_SALVATORE_TELESINO,Pontelandolfo,28.25
AMB_ALS_SAN_SALVATORE_TELESINO,Puglianello,5.46
AMB_ALS_SAN_SALVATORE_TELESINO,Reino,52.68
AMB_ALS_SAN_SALVATORE_TELESINO,San Bartolomeo in Galdo,81.55
AMB_ALS_SAN_SALVATORE_TELESINO,San Giorgio La Molara,58.8
AMB_ALS_SAN_SALVATORE_TELESINO,San Giorgio del Sannio,42.25
AMB_ALS_SAN_SALVATORE_TELESINO,San Leucio del Sannio,38.78
AMB_ALS_SAN_SALVATORE_TELESINO,San Lorenzello,7.1
AMB_ALS_SAN_SALVATORE_TELESINO,San Lorenzo Maggiore,15.41
AMB_ALS_SAN_SALVATORE_TELESINO,San Lupo,18.19
AMB_ALS_SAN_SALVATORE_TELESINO,San Marco dei Cavoti,55.86
AMB_ALS_SAN_SALVATORE_TELESINO,San Martino Sannita,42.41
AMB_ALS_SAN_SALVATORE_TELESINO,San Nazzaro,44.29
AMB_ALS_SAN_SALVATORE_TELESINO,San Nicola Manfredi,41.97
AMB_ALS_SAN_SALVATORE_TELESINO,Sant'Agata de' Goti,24.59
AMB_ALS_SAN_SALVATORE_TELESINO,Sant'Angelo a Cupolo,41.94
AMB_ALS_SAN_SALVATORE_TELESINO,Sant'Arcangelo Trimonte,51.41
AMB_ALS_SAN_SALVATORE_TELESINO,Santa Croce del Sannio,53.95
AMB_ALS_SAN_SALVATORE_TELESINO,Sassinoro,50.72
AMB_ALS_SAN_SALVATORE_TELESINO,Solopaca,11.07
AMB_ALS_SAN_SALVATORE_TELESINO,Telese Terme,3.9
AMB_ALS_SAN_SALVATORE_TELESINO,Tocco Caudio,30.2
AMB_ILS_BENEVENTO,Airola,42.21
AMB_ILS_BENEVENTO,Limatola,42.88
AMB_ILS_BENEVENTO,San Giorgio Del Sannio,30.36
AMB_ILS_BENEVENTO,San Salvatore Telesino,25.7
AMB_ILS_BENEVENTO,Benevento,0.0
AMB_ILS_BENEVENTO,Cerreto Sannita,22.86
AMB_ILS_BENEVENTO,Ginestra Degli Schiavoni,58.86
AMB_ILS_BENEVENTO,Morcone,19.82
AMB_ILS_BENEVENTO,San Bartolomeo In Galdo,50.61
AMB_ILS_BENEVENTO,Vitulano,15.39
AMB_ILS_BENEVENTO,San Marco Dei Cavoti,24.92
AMB_ILS_BENEVENTO,Torrecuso,11.28
AMB_ILS_BENEVENTO,Amorosi,30.05
AMB_ILS_BENEVENTO,Apice,33.53
AMB_ILS_BENEVENTO,Apollosa,28.0
AMB_ILS_BENEVENTO,Arpaia,46.35
AMB_ILS_BENEVENTO,Arpaise,35.47
AMB_ILS_BENEVENTO,Baselice,41.85
AMB_ILS_BENEVENTO,Bonea,34.25
AMB_ILS_BENEVENTO,Bucciano,39.1
AMB_ILS_BENEVENTO,Buonalbergo,42.92
AMB_ILS_BENEVENTO,Calvi,31.28
AMB_ILS_BENEVENTO,Campolattaro,8.35
AMB_ILS_BENEVENTO,Campoli del Monte Taburno,25.7
AMB_ILS_BENEVENTO,Casalduni,3.35
AMB_ILS_BENEVENTO,Castelfranco in Miscano,60.69
AMB_ILS_BENEVENTO,Castelpagano,36.46
AMB_ILS_BENEVENTO,Castelpoto,18.99
AMB_ILS_BENEVENTO,Castelvenere,23.78
AMB_ILS_BENEVENTO,Castelvetere in Val Fortore,41.32
AMB_ILS_BENEVENTO,Cautano,23.56
AMB_ILS_BENEVENTO,Ceppaloni,31.87
AMB_ILS_BENEVENTO,Circello,23.34
AMB_ILS_BENEVENTO,Colle Sannita,24.17
AMB_ILS_BENEVENTO,Cusano Mutri,31.33
AMB_ILS_BENEVENTO,Dugenta,34.53
AMB_ILS_BENEVENTO,Durazzano,44.98
AMB_ILS_BENEVENTO,Faicchio,31.54
AMB_ILS_BENEVENTO,Foglianise,15.99
AMB_ILS_BENEVENTO,Foiano di Val Fortore,39.11
AMB_ILS_BENEVENTO,Forchia,47.48
AMB_ILS_BENEVENTO,Fragneto Monforte,7.83
AMB_ILS_BENEVENTO,Fragneto l'Abate,9.43
AMB_ILS_BENEVENTO,Frasso Telesino,27.46
AMB_ILS_BENEVENTO,Ginestra degli Schiavoni,58.86
AMB_ILS_BENEVENTO,Guardia Sanframondi,15.98
AMB_ILS_BENEVENTO,Melizzano,26.84
AMB_ILS_BENEVENTO,Moiano,40.44
AMB_ILS_BENEVENTO,Molinara,27.71
AMB_ILS_BENEVENTO,Montefalcone di Val Fortore,43.27
AMB_ILS_BENEVENTO,Montesarchio,37.85
AMB_ILS_BENEVENTO,Paduli,31.11
AMB_ILS_BENEVENTO,Pago Veiano,25.79
AMB_ILS_BENEVENTO,Pannarano,36.85
AMB_ILS_BENEVENTO,Paolisi,44.4
AMB_ILS_BENEVENTO,Paupisi,11.35
AMB_ILS_BENEVENTO,Pesco Sannita,15.86
AMB_ILS_BENEVENTO,Pietraroja,34.7
AMB_ILS_BENEVENTO,Pietrelcina,27.98
AMB_ILS_BENEVENTO,Ponte,5.17
AMB_ILS_BENEVENTO,Pontelandolfo,6.91
AMB_ILS_BENEVENTO,Puglianello,30.03
AMB_ILS_BENEVENTO,Reino,15.39
AMB_ILS_BENEVENTO,San Bartolomeo in Galdo,50.61
AMB_ILS_BENEVENTO,San Giorgio La Molara,37.31
AMB_ILS_BENEVENTO,San Giorgio del Sannio,30.36
AMB_ILS_BENEVENTO,San Leucio del Sannio,26.9
AMB_ILS_BENEVENTO,San Lorenzello,23.21
AMB_ILS_BENEVENTO,San Lorenzo Maggiore,14.03
AMB_ILS_BENEVENTO,San Lupo,11.74
AMB_ILS_BENEVENTO,San Marco dei Cavoti,24.92
AMB_ILS_BENEVENTO,San Martino Sannita,30.53
AMB_ILS_BENEVENTO,San Nazzaro,32.41
AMB_ILS_BENEVENTO,San Nicola Manfredi,30.09
AMB_ILS_BENEVENTO,Sant'Agata de' Goti,38.55
AMB_ILS_BENEVENTO,Sant'Angelo a Cupolo,30.06
AMB_ILS_BENEVENTO,Sant'Arcangelo Trimonte,39.53
AMB_ILS_BENEVENTO,Santa Croce del Sannio,25.68
AMB_ILS_BENEVENTO,Sassinoro,22.44
AMB_ILS_BENEVENTO,Solopaca,20.11
AMB_ILS_BENEVENTO,Telese Terme,21.83
AMB_ILS_BENEVENTO,Tocco Caudio,27.08
AMB_ILS_CERRETO_SANNITA,Airola,37.66
AMB_ILS_CERRETO_SANNITA,Limatola,26.78
AMB_ILS_CERRETO_SANNITA,San Giorgio Del Sannio,43.5
AMB_ILS_CERRETO_SANNITA,San Salvatore Telesino,8.81
AMB_ILS_CERRETO_SANNITA,Benevento,22.55
AMB_ILS_CERRETO_SANNITA,Cerreto Sannita,0.0
AMB_ILS_CERRETO_SANNITA,Ginestra Degli Schiavoni,71.99
AMB_ILS_CERRETO_SANNITA,Morcone,16.65
AMB_ILS_CERRETO_SANNITA,San Bartolomeo In Galdo,82.8
AMB_ILS_CERRETO_SANNITA,Vitulano,25.13
AMB_ILS_CERRETO_SANNITA,San Marco Dei Cavoti,57.11
AMB_ILS_CERRETO_SANNITA,Torrecuso,21.17
AMB_ILS_CERRETO_SANNITA,Amorosi,13.94
AMB_ILS_CERRETO_SANNITA,Apice,46.66
AMB_ILS_CERRETO_SANNITA,Apollosa,41.13
AMB_ILS_CERRETO_SANNITA,Arpaia,42.9
AMB_ILS_CERRETO_SANNITA,Arpaise,48.61
AMB_ILS_CERRETO_SANNITA,Baselice,74.04
AMB_ILS_CERRETO_SANNITA,Bonea,41.2
AMB_ILS_CERRETO_SANNITA,Bucciano,36.34
AMB_ILS_CERRETO_SANNITA,Buonalbergo,56.05
AMB_ILS_CERRETO_SANNITA,Calvi,44.41
AMB_ILS_CERRETO_SANNITA,Campolattaro,27.2
AMB_ILS_CERRETO_SANNITA,Campoli del Monte Taburno,31.26
AMB_ILS_CERRETO_SANNITA,Casalduni,19.41
AMB_ILS_CERRETO_SANNITA,Castelfranco in Miscano,73.83
AMB_ILS_CERRETO_SANNITA,Castelpagano,49.55
AMB_ILS_CERRETO_SANNITA,Castelpoto,34.18
AMB_ILS_CERRETO_SANNITA,Castelvenere,8.13
AMB_ILS_CERRETO_SANNITA,Castelvetere in Val Fortore,70.21
AMB_ILS_CERRETO_SANNITA,Cautano,29.11
AMB_ILS_CERRETO_SANNITA,Ceppaloni,45.0
AMB_ILS_CERRETO_SANNITA,Circello,40.78
AMB_ILS_CERRETO_SANNITA,Colle Sannita,63.98
AMB_ILS_CERRETO_SANNITA,Cusano Mutri,8.75
AMB_ILS_CERRETO_SANNITA,Dugenta,23.85
AMB_ILS_CERRETO_SANNITA,Durazzano,39.23
AMB_ILS_CERRETO_SANNITA,Faicchio,9.86
AMB_ILS_CERRETO_SANNITA,Foglianise,25.43
AMB_ILS_CERRETO_SANNITA,Foiano di Val Fortore,71.3
AMB_ILS_CERRETO_SANNITA,Forchia,44.04
AMB_ILS_CERRETO_SANNITA,Fragneto Monforte,35.74
AMB_ILS_CERRETO_SANNITA,Fragneto l'Abate,37.33
AMB_ILS_CERRETO_SANNITA,Frasso Telesino,22.91
AMB_ILS_CERRETO_SANNITA,Ginestra degli Schiavoni,71.99
AMB_ILS_CERRETO_SANNITA,Guardia Sanframondi,6.57
AMB_ILS_CERRETO_SANNITA,Melizzano,22.29
AMB_ILS_CERRETO_SANNITA,Moiano,35.89
AMB_ILS_CERRETO_SANNITA,Molinara,59.89
AMB_ILS_CERRETO_SANNITA,Montefalcone di Val Fortore,69.87
AMB_ILS_CERRETO_SANNITA,Montesarchio,50.99
AMB_ILS_CERRETO_SANNITA,Paduli,44.24
AMB_ILS_CERRETO_SANNITA,Pago Veiano,47.22
AMB_ILS_CERRETO_SANNITA,Pannarano,49.98
AMB_ILS_CERRETO_SANNITA,Paolisi,40.95
AMB_ILS_CERRETO_SANNITA,Paupisi,18.83
AMB_ILS_CERRETO_SANNITA,Pesco Sannita,43.57
AMB_ILS_CERRETO_SANNITA,Pietraroja,11.46
AMB_ILS_CERRETO_SANNITA,Pietrelcina,41.12
AMB_ILS_CERRETO_SANNITA,Ponte,21.81
AMB_ILS_CERRETO_SANNITA,Pontelandolfo,20.89
AMB_ILS_CERRETO_SANNITA,Puglianello,14.18
AMB_ILS_CERRETO_SANNITA,Reino,53.93
AMB_ILS_CERRETO_SANNITA,San Bartolomeo in Galdo,82.8
AMB_ILS_CERRETO_SANNITA,San Giorgio La Molara,60.06
AMB_ILS_CERRETO_SANNITA,San Giorgio del Sannio,43.5
AMB_ILS_CERRETO_SANNITA,San Leucio del Sannio,40.03
AMB_ILS_CERRETO_SANNITA,San Lorenzello,2.22
AMB_ILS_CERRETO_SANNITA,San Lorenzo Maggiore,10.49
AMB_ILS_CERRETO_SANNITA,San Lupo,10.82
AMB_ILS_CERRETO_SANNITA,San Marco dei Cavoti,57.11
AMB_ILS_CERRETO_SANNITA,San Martino Sannita,43.67
AMB_ILS_CERRETO_SANNITA,San Nazzaro,45.54
AMB_ILS_CERRETO_SANNITA,San Nicola Manfredi,43.23
AMB_ILS_CERRETO_SANNITA,Sant'Agata de' Goti,32.81
AMB_ILS_CERRETO_SANNITA,Sant'Angelo a Cupolo,43.19
AMB_ILS_CERRETO_SANNITA,Sant'Arcangelo Trimonte,52.66
AMB_ILS_CERRETO_SANNITA,Santa Croce del Sannio,38.77
AMB_ILS_CERRETO_SANNITA,Sassinoro,35.53
AMB_ILS_CERRETO_SANNITA,Solopaca,15.56
AMB_ILS_CERRETO_SANNITA,Telese Terme,11.15
AMB_ILS_CERRETO_SANNITA,Tocco Caudio,32.64
AMB_ILS_GINESTRA_DEGLI_SCHIAVONI,Airola,69.2
AMB_ILS_GINESTRA_DEGLI_SCHIAVONI,Limatola,87.81
AMB_ILS_GINESTRA_DEGLI_SCHIAVONI,San Giorgio Del Sannio,49.56
AMB_ILS_GINESTRA_DEGLI_SCHIAVONI,San Salvatore Telesino,70.64
AMB_ILS_GINESTRA_DEGLI_SCHIAVONI,Benevento,58.58
AMB_ILS_GINESTRA_DEGLI_SCHIAVONI,Cerreto Sannita,71.54
AMB_ILS_GINESTRA_DEGLI_SCHIAVONI,Ginestra Degli Schiavoni,0.0
AMB_ILS_GINESTRA_DEGLI_SCHIAVONI,Morcone,71.42
AMB_ILS_GINESTRA_DEGLI_SCHIAVONI,San Bartolomeo In Galdo,25.51
AMB_ILS_GINESTRA_DEGLI_SCHIAVONI,Vitulano,55.9
AMB_ILS_GINESTRA_DEGLI_SCHIAVONI,San Marco Dei Cavoti,27.75
AMB_ILS_GINESTRA_DEGLI_SCHIAVONI,Torrecuso,56.52
AMB_ILS_GINESTRA_DEGLI_SCHIAVONI,Amorosi,74.98
AMB_ILS_GINESTRA_DEGLI_SCHIAVONI,Apice,37.69
AMB_ILS_GINESTRA_DEGLI_SCHIAVONI,Apollosa,51.89
AMB_ILS_GINESTRA_DEGLI_SCHIAVONI,Arpaia,70.23
AMB_ILS_GINESTRA_DEGLI_SCHIAVONI,Arpaise,56.47
AMB_ILS_GINESTRA_DEGLI_SCHIAVONI,Baselice,26.3
AMB_ILS_GINESTRA_DEGLI_SCHIAVONI,Bonea,64.07
AMB_ILS_GINESTRA_DEGLI_SCHIAVONI,Bucciano,67.7
AMB_ILS_GINESTRA_DEGLI_SCHIAVONI,Buonalbergo,16.62
AMB_ILS_GINESTRA_DEGLI_SCHIAVONI,Calvi,50.48
AMB_ILS_GINESTRA_DEGLI_SCHIAVONI,Campolattaro,60.66
AMB_ILS_GINESTRA_DEGLI_SCHIAVONI,Campoli del Monte Taburno,58.06
AMB_ILS_GINESTRA_DEGLI_SCHIAVONI,Casalduni,59.55
AMB_ILS_GINESTRA_DEGLI_SCHIAVONI,Castelfranco in Miscano,5.93
AMB_ILS_GINESTRA_DEGLI_SCHIAVONI,Castelpagano,39.84
AMB_ILS_GINESTRA_DEGLI_SCHIAVONI,Castelpoto,56.24
AMB_ILS_GINESTRA_DEGLI_SCHIAVONI,Castelvenere,68.72
AMB_ILS_GINESTRA_DEGLI_SCHIAVONI,Castelvetere in Val Fortore,41.41
AMB_ILS_GINESTRA_DEGLI_SCHIAVONI,Cautano,55.91
AMB_ILS_GINESTRA_DEGLI_SCHIAVONI,Ceppaloni,53.36
AMB_ILS_GINESTRA_DEGLI_SCHIAVONI,Circello,38.09
AMB_ILS_GINESTRA_DEGLI_SCHIAVONI,Colle Sannita,35.33
AMB_ILS_GINESTRA_DEGLI_SCHIAVONI,Cusano Mutri,80.01
AMB_ILS_GINESTRA_DEGLI_SCHIAVONI,Dugenta,79.46
AMB_ILS_GINESTRA_DEGLI_SCHIAVONI,Durazzano,89.91
AMB_ILS_GINESTRA_DEGLI_SCHIAVONI,Faicchio,76.48
AMB_ILS_GINESTRA_DEGLI_SCHIAVONI,Foglianise,53.1
AMB_ILS_GINESTRA_DEGLI_SCHIAVONI,Foiano di Val Fortore,21.78
AMB_ILS_GINESTRA_DEGLI_SCHIAVONI,Forchia,71.37
AMB_ILS_GINESTRA_DEGLI_SCHIAVONI,Fragneto Monforte,57.8
AMB_ILS_GINESTRA_DEGLI_SCHIAVONI,Fragneto l'Abate,56.71
AMB_ILS_GINESTRA_DEGLI_SCHIAVONI,Frasso Telesino,72.4
AMB_ILS_GINESTRA_DEGLI_SCHIAVONI,Ginestra degli Schiavoni,0.0
AMB_ILS_GINESTRA_DEGLI_SCHIAVONI,Guardia Sanframondi,65.8
AMB_ILS_GINESTRA_DEGLI_SCHIAVONI,Melizzano,71.78
AMB_ILS_GINESTRA_DEGLI_SCHIAVONI,Moiano,72.97
AMB_ILS_GINESTRA_DEGLI_SCHIAVONI,Molinara,24.26
AMB_ILS_GINESTRA_DEGLI_SCHIAVONI,Montefalcone di Val Fortore,9.24
AMB_ILS_GINESTRA_DEGLI_SCHIAVONI,Montesarchio,61.74
AMB_ILS_GINESTRA_DEGLI_SCHIAVONI,Paduli,29.02
AMB_ILS_GINESTRA_DEGLI_SCHIAVONI,Pago Veiano,32.71
AMB_ILS_GINESTRA_DEGLI_SCHIAVONI,Pannarano,60.74
AMB_ILS_GINESTRA_DEGLI_SCHIAVONI,Paolisi,68.29
AMB_ILS_GINESTRA_DEGLI_SCHIAVONI,Paupisi,56.59
AMB_ILS_GINESTRA_DEGLI_SCHIAVONI,Pesco Sannita,53.38
AMB_ILS_GINESTRA_DEGLI_SCHIAVONI,Pietraroja,86.3
AMB_ILS_GINESTRA_DEGLI_SCHIAVONI,Pietrelcina,36.29
AMB_ILS_GINESTRA_DEGLI_SCHIAVONI,Ponte,53.44
AMB_ILS_GINESTRA_DEGLI_SCHIAVONI,Pontelandolfo,64.25
AMB_ILS_GINESTRA_DEGLI_SCHIAVONI,Puglianello,74.96
AMB_ILS_GINESTRA_DEGLI_SCHIAVONI,Reino,34.13
AMB_ILS_GINESTRA_DEGLI_SCHIAVONI,San Bartolomeo in Galdo,25.51
AMB_ILS_GINESTRA_DEGLI_SCHIAVONI,San Giorgio La Molara,20.68
AMB_ILS_GINESTRA_DEGLI_SCHIAVONI,San Giorgio del Sannio,49.56
AMB_ILS_GINESTRA_DEGLI_SCHIAVONI,San Leucio del Sannio,49.82
AMB_ILS_GINESTRA_DEGLI_SCHIAVONI,San Lorenzello,72.07
AMB_ILS_GINESTRA_DEGLI_SCHIAVONI,San Lorenzo Maggiore,62.12
AMB_ILS_GINESTRA_DEGLI_SCHIAVONI,San Lupo,62.66
AMB_ILS_GINESTRA_DEGLI_SCHIAVONI,San Marco dei Cavoti,27.75
AMB_ILS_GINESTRA_DEGLI_SCHIAVONI,San Martino Sannita,49.73
AMB_ILS_GINESTRA_DEGLI_SCHIAVONI,San Nazzaro,51.61
AMB_ILS_GINESTRA_DEGLI_SCHIAVONI,San Nicola Manfredi,49.29
AMB_ILS_GINESTRA_DEGLI_SCHIAVONI,Sant'Agata de' Goti,83.48
AMB_ILS_GINESTRA_DEGLI_SCHIAVONI,Sant'Angelo a Cupolo,49.05
AMB_ILS_GINESTRA_DEGLI_SCHIAVONI,Sant'Arcangelo Trimonte,27.81
AMB_ILS_GINESTRA_DEGLI_SCHIAVONI,Santa Croce del Sannio,77.27
AMB_ILS_GINESTRA_DEGLI_SCHIAVONI,Sassinoro,74.04
AMB_ILS_GINESTRA_DEGLI_SCHIAVONI,Solopaca,65.04
AMB_ILS_GINESTRA_DEGLI_SCHIAVONI,Telese Terme,66.77
AMB_ILS_GINESTRA_DEGLI_SCHIAVONI,Tocco Caudio,59.44
AMB_ILS_MORCONE,Airola,55.26
AMB_ILS_MORCONE,Limatola,65.18
AMB_ILS_MORCONE,San Giorgio Del Sannio,43.06
AMB_ILS_MORCONE,San Salvatore Telesino,48.0
AMB_ILS_MORCONE,Benevento,19.35
AMB_ILS_MORCONE,Cerreto Sannita,16.64
AMB_ILS_MORCONE,Ginestra Degli Schiavoni,71.55
AMB_ILS_MORCONE,Morcone,0.0
AMB_ILS_MORCONE,San Bartolomeo In Galdo,54.62
AMB_ILS_MORCONE,Vitulano,37.45
AMB_ILS_MORCONE,San Marco Dei Cavoti,35.79
AMB_ILS_MORCONE,Torrecuso,31.44
AMB_ILS_MORCONE,Amorosi,52.35
AMB_ILS_MORCONE,Apice,46.22
AMB_ILS_MORCONE,Apollosa,40.69
AMB_ILS_MORCONE,Arpaia,59.04
AMB_ILS_MORCONE,Arpaise,48.17
AMB_ILS_MORCONE,Baselice,45.68
AMB_ILS_MORCONE,Bonea,48.16
AMB_ILS_MORCONE,Bucciano,53.01
AMB_ILS_MORCONE,Buonalbergo,55.61
AMB_ILS_MORCONE,Calvi,43.97
AMB_ILS_MORCONE,Campolattaro,14.61
AMB_ILS_MORCONE,Campoli del Monte Taburno,39.61
AMB_ILS_MORCONE,Casalduni,19.01
AMB_ILS_MORCONE,Castelfranco in Miscano,73.39
AMB_ILS_MORCONE,Castelpagano,22.33
AMB_ILS_MORCONE,Castelpoto,32.9
AMB_ILS_MORCONE,Castelvenere,33.07
AMB_ILS_MORCONE,Castelvetere in Val Fortore,42.99
AMB_ILS_MORCONE,Cautano,37.47
AMB_ILS_MORCONE,Ceppaloni,44.56
AMB_ILS_MORCONE,Circello,22.08
AMB_ILS_MORCONE,Colle Sannita,28.93
AMB_ILS_MORCONE,Cusano Mutri,23.42
AMB_ILS_MORCONE,Dugenta,56.82
AMB_ILS_MORCONE,Durazzano,67.28
AMB_ILS_MORCONE,Faicchio,26.38
AMB_ILS_MORCONE,Foglianise,34.65
AMB_ILS_MORCONE,Foiano di Val Fortore,45.92
AMB_ILS_MORCONE,Forchia,60.18
AMB_ILS_MORCONE,Fragneto Monforte,18.7
AMB_ILS_MORCONE,Fragneto l'Abate,20.3
AMB_ILS_MORCONE,Frasso Telesino,49.76
AMB_ILS_MORCONE,Ginestra degli Schiavoni,71.55
AMB_ILS_MORCONE,Guardia Sanframondi,26.07
AMB_ILS_MORCONE,Melizzano,49.14
AMB_ILS_MORCONE,Moiano,61.77
AMB_ILS_MORCONE,Molinara,38.57
AMB_ILS_MORCONE,Montefalcone di Val Fortore,54.13
AMB_ILS_MORCONE,Montesarchio,50.55
AMB_ILS_MORCONE,Paduli,43.8
AMB_ILS_MORCONE,Pago Veiano,36.65
AMB_ILS_MORCONE,Pannarano,49.55
AMB_ILS_MORCONE,Paolisi,57.09
AMB_ILS_MORCONE,Paupisi,31.52
AMB_ILS_MORCONE,Pesco Sannita,26.73
AMB_ILS_MORCONE,Pietraroja,15.65
AMB_ILS_MORCONE,Pietrelcina,32.28
AMB_ILS_MORCONE,Ponte,25.33
AMB_ILS_MORCONE,Pontelandolfo,12.89
AMB_ILS_MORCONE,Puglianello,52.33
AMB_ILS_MORCONE,Reino,26.26
AMB_ILS_MORCONE,San Bartolomeo in Galdo,54.62
AMB_ILS_MORCONE,San Giorgio La Molara,48.17
AMB_ILS_MORCONE,San Giorgio del Sannio,43.06
AMB_ILS_MORCONE,San Leucio del Sannio,39.59
AMB_ILS_MORCONE,San Lorenzello,18.74
AMB_ILS_MORCONE,San Lorenzo Maggiore,24.12
AMB_ILS_MORCONE,San Lupo,21.83
AMB_ILS_MORCONE,San Marco dei Cavoti,35.79
AMB_ILS_MORCONE,San Martino Sannita,43.23
AMB_ILS_MORCONE,San Nazzaro,45.1
AMB_ILS_MORCONE,San Nicola Manfredi,42.79
AMB_ILS_MORCONE,Sant'Agata de' Goti,60.85
AMB_ILS_MORCONE,Sant'Angelo a Cupolo,42.76
AMB_ILS_MORCONE,Sant'Arcangelo Trimonte,52.22
AMB_ILS_MORCONE,Santa Croce del Sannio,11.55
AMB_ILS_MORCONE,Sassinoro,7.5
AMB_ILS_MORCONE,Solopaca,42.41
AMB_ILS_MORCONE,Telese Terme,44.13
AMB_ILS_MORCONE,Tocco Caudio,40.99
AMB_ILS_SAN_BARTOLOMEO_IN_GALDO,Airola,81.48
AMB_ILS_SAN_BARTOLOMEO_IN_GALDO,Limatola,98.41
AMB_ILS_SAN_BARTOLOMEO_IN_GALDO,San Giorgio Del Sannio,65.21
AMB_ILS_SAN_BARTOLOMEO_IN_GALDO,San Salvatore Telesino,81.24
AMB_ILS_SAN_BARTOLOMEO_IN_GALDO,Benevento,50.32
AMB_ILS_SAN_BARTOLOMEO_IN_GALDO,Cerreto Sannita,82.14
AMB_ILS_SAN_BARTOLOMEO_IN_GALDO,Ginestra Degli Schiavoni,25.51
AMB_ILS_SAN_BARTOLOMEO_IN_GALDO,Morcone,55.16
AMB_ILS_SAN_BARTOLOMEO_IN_GALDO,San Bartolomeo In Galdo,0.0
AMB_ILS_SAN_BARTOLOMEO_IN_GALDO,Vitulano,66.23
AMB_ILS_SAN_BARTOLOMEO_IN_GALDO,San Marco Dei Cavoti,25.87
AMB_ILS_SAN_BARTOLOMEO_IN_GALDO,Torrecuso,67.11
AMB_ILS_SAN_BARTOLOMEO_IN_GALDO,Amorosi,85.58
AMB_ILS_SAN_BARTOLOMEO_IN_GALDO,Apice,51.23
AMB_ILS_SAN_BARTOLOMEO_IN_GALDO,Apollosa,64.17
AMB_ILS_SAN_BARTOLOMEO_IN_GALDO,Arpaia,82.51
AMB_ILS_SAN_BARTOLOMEO_IN_GALDO,Arpaise,71.64
AMB_ILS_SAN_BARTOLOMEO_IN_GALDO,Baselice,9.56
AMB_ILS_SAN_BARTOLOMEO_IN_GALDO,Bonea,76.35
AMB_ILS_SAN_BARTOLOMEO_IN_GALDO,Bucciano,79.98
AMB_ILS_SAN_BARTOLOMEO_IN_GALDO,Buonalbergo,33.31
AMB_ILS_SAN_BARTOLOMEO_IN_GALDO,Calvi,66.12
AMB_ILS_SAN_BARTOLOMEO_IN_GALDO,Campolattaro,50.11
AMB_ILS_SAN_BARTOLOMEO_IN_GALDO,Campoli del Monte Taburno,68.39
AMB_ILS_SAN_BARTOLOMEO_IN_GALDO,Casalduni,51.97
AMB_ILS_SAN_BARTOLOMEO_IN_GALDO,Castelfranco in Miscano,24.88
AMB_ILS_SAN_BARTOLOMEO_IN_GALDO,Castelpagano,31.5
AMB_ILS_SAN_BARTOLOMEO_IN_GALDO,Castelpoto,61.68
AMB_ILS_SAN_BARTOLOMEO_IN_GALDO,Castelvenere,79.32
AMB_ILS_SAN_BARTOLOMEO_IN_GALDO,Castelvetere in Val Fortore,14.43
AMB_ILS_SAN_BARTOLOMEO_IN_GALDO,Cautano,66.25
AMB_ILS_SAN_BARTOLOMEO_IN_GALDO,Ceppaloni,68.04
AMB_ILS_SAN_BARTOLOMEO_IN_GALDO,Circello,29.4
AMB_ILS_SAN_BARTOLOMEO_IN_GALDO,Colle Sannita,26.64
AMB_ILS_SAN_BARTOLOMEO_IN_GALDO,Cusano Mutri,90.61
AMB_ILS_SAN_BARTOLOMEO_IN_GALDO,Dugenta,90.06
AMB_ILS_SAN_BARTOLOMEO_IN_GALDO,Durazzano,100.51
AMB_ILS_SAN_BARTOLOMEO_IN_GALDO,Faicchio,87.08
AMB_ILS_SAN_BARTOLOMEO_IN_GALDO,Foglianise,63.43
AMB_ILS_SAN_BARTOLOMEO_IN_GALDO,Foiano di Val Fortore,11.73
AMB_ILS_SAN_BARTOLOMEO_IN_GALDO,Forchia,83.65
AMB_ILS_SAN_BARTOLOMEO_IN_GALDO,Fragneto Monforte,43.63
AMB_ILS_SAN_BARTOLOMEO_IN_GALDO,Fragneto l'Abate,42.34
AMB_ILS_SAN_BARTOLOMEO_IN_GALDO,Frasso Telesino,83.0
AMB_ILS_SAN_BARTOLOMEO_IN_GALDO,Ginestra degli Schiavoni,25.51
AMB_ILS_SAN_BARTOLOMEO_IN_GALDO,Guardia Sanframondi,66.89
AMB_ILS_SAN_BARTOLOMEO_IN_GALDO,Melizzano,82.38
AMB_ILS_SAN_BARTOLOMEO_IN_GALDO,Moiano,85.25
AMB_ILS_SAN_BARTOLOMEO_IN_GALDO,Molinara,25.17
AMB_ILS_SAN_BARTOLOMEO_IN_GALDO,Montefalcone di Val Fortore,17.17
AMB_ILS_SAN_BARTOLOMEO_IN_GALDO,Montesarchio,74.02
AMB_ILS_SAN_BARTOLOMEO_IN_GALDO,Paduli,42.56
AMB_ILS_SAN_BARTOLOMEO_IN_GALDO,Pago Veiano,33.87
AMB_ILS_SAN_BARTOLOMEO_IN_GALDO,Pannarano,73.02
AMB_ILS_SAN_BARTOLOMEO_IN_GALDO,Paolisi,80.57
AMB_ILS_SAN_BARTOLOMEO_IN_GALDO,Paupisi,67.19
AMB_ILS_SAN_BARTOLOMEO_IN_GALDO,Pesco Sannita,40.32
AMB_ILS_SAN_BARTOLOMEO_IN_GALDO,Pietraroja,70.04
AMB_ILS_SAN_BARTOLOMEO_IN_GALDO,Pietrelcina,40.5
AMB_ILS_SAN_BARTOLOMEO_IN_GALDO,Ponte,64.04
AMB_ILS_SAN_BARTOLOMEO_IN_GALDO,Pontelandolfo,53.7
AMB_ILS_SAN_BARTOLOMEO_IN_GALDO,Puglianello,85.56
AMB_ILS_SAN_BARTOLOMEO_IN_GALDO,Reino,32.24
AMB_ILS_SAN_BARTOLOMEO_IN_GALDO,San Bartolomeo in Galdo,0.0
AMB_ILS_SAN_BARTOLOMEO_IN_GALDO,San Giorgio La Molara,29.53
AMB_ILS_SAN_BARTOLOMEO_IN_GALDO,San Giorgio del Sannio,65.21
AMB_ILS_SAN_BARTOLOMEO_IN_GALDO,San Leucio del Sannio,63.07
AMB_ILS_SAN_BARTOLOMEO_IN_GALDO,San Lorenzello,82.67
AMB_ILS_SAN_BARTOLOMEO_IN_GALDO,San Lorenzo Maggiore,72.72
AMB_ILS_SAN_BARTOLOMEO_IN_GALDO,San Lupo,62.64
AMB_ILS_SAN_BARTOLOMEO_IN_GALDO,San Marco dei Cavoti,25.87
AMB_ILS_SAN_BARTOLOMEO_IN_GALDO,San Martino Sannita,65.38
AMB_ILS_SAN_BARTOLOMEO_IN_GALDO,San Nazzaro,67.26
AMB_ILS_SAN_BARTOLOMEO_IN_GALDO,San Nicola Manfredi,64.94
AMB_ILS_SAN_BARTOLOMEO_IN_GALDO,Sant'Agata de' Goti,94.08
AMB_ILS_SAN_BARTOLOMEO_IN_GALDO,Sant'Angelo a Cupolo,62.96
AMB_ILS_SAN_BARTOLOMEO_IN_GALDO,Sant'Arcangelo Trimonte,41.36
AMB_ILS_SAN_BARTOLOMEO_IN_GALDO,Santa Croce del Sannio,43.41
AMB_ILS_SAN_BARTOLOMEO_IN_GALDO,Sassinoro,52.97
AMB_ILS_SAN_BARTOLOMEO_IN_GALDO,Solopaca,75.64
AMB_ILS_SAN_BARTOLOMEO_IN_GALDO,Telese Terme,77.37
AMB_ILS_SAN_BARTOLOMEO_IN_GALDO,Tocco Caudio,69.77
AMB_ILS_VITULANO,Airola,22.45
AMB_ILS_VITULANO,Limatola,33.6
AMB_ILS_VITULANO,San Giorgio Del Sannio,27.52
AMB_ILS_VITULANO,San Salvatore Telesino,22.19
AMB_ILS_VITULANO,Benevento,15.54
AMB_ILS_VITULANO,Cerreto Sannita,24.95
AMB_ILS_VITULANO,Ginestra Degli Schiavoni,56.02
AMB_ILS_VITULANO,Morcone,37.77
AMB_ILS_VITULANO,San Bartolomeo In Galdo,66.19
AMB_ILS_VITULANO,Vitulano,0.0
AMB_ILS_VITULANO,San Marco Dei Cavoti,40.51
AMB_ILS_VITULANO,Torrecuso,4.67
AMB_ILS_VITULANO,Amorosi,26.53
AMB_ILS_VITULANO,Apice,30.69
AMB_ILS_VITULANO,Apollosa,14.73
AMB_ILS_VITULANO,Arpaia,24.38
AMB_ILS_VITULANO,Arpaise,33.29
AMB_ILS_VITULANO,Baselice,57.44
AMB_ILS_VITULANO,Bonea,15.35
AMB_ILS_VITULANO,Bucciano,20.2
AMB_ILS_VITULANO,Buonalbergo,40.08
AMB_ILS_VITULANO,Calvi,28.43
AMB_ILS_VITULANO,Campolattaro,27.01
AMB_ILS_VITULANO,Campoli del Monte Taburno,6.81
AMB_ILS_VITULANO,Casalduni,16.51
AMB_ILS_VITULANO,Castelfranco in Miscano,57.85
AMB_ILS_VITULANO,Castelpagano,53.87
AMB_ILS_VITULANO,Castelpoto,8.8
AMB_ILS_VITULANO,Castelvenere,19.5
AMB_ILS_VITULANO,Castelvetere in Val Fortore,64.52
AMB_ILS_VITULANO,Cautano,4.66
AMB_ILS_VITULANO,Ceppaloni,29.68
AMB_ILS_VITULANO,Circello,46.54
AMB_ILS_VITULANO,Colle Sannita,47.37
AMB_ILS_VITULANO,Cusano Mutri,33.42
AMB_ILS_VITULANO,Dugenta,27.37
AMB_ILS_VITULANO,Durazzano,34.06
AMB_ILS_VITULANO,Faicchio,28.03
AMB_ILS_VITULANO,Foglianise,3.75
AMB_ILS_VITULANO,Foiano di Val Fortore,54.69
AMB_ILS_VITULANO,Forchia,25.51
AMB_ILS_VITULANO,Fragneto Monforte,24.16
AMB_ILS_VITULANO,Fragneto l'Abate,25.75
AMB_ILS_VITULANO,Frasso Telesino,18.2
AMB_ILS_VITULANO,Ginestra degli Schiavoni,56.02
AMB_ILS_VITULANO,Guardia Sanframondi,19.2
AMB_ILS_VITULANO,Melizzano,20.18
AMB_ILS_VITULANO,Moiano,23.65
AMB_ILS_VITULANO,Molinara,43.29
AMB_ILS_VITULANO,Montefalcone di Val Fortore,53.89
AMB_ILS_VITULANO,Montesarchio,16.18
AMB_ILS_VITULANO,Paduli,28.27
AMB_ILS_VITULANO,Pago Veiano,30.61
AMB_ILS_VITULANO,Pannarano,26.45
AMB_ILS_VITULANO,Paolisi,22.43
AMB_ILS_VITULANO,Paupisi,6.46
AMB_ILS_VITULANO,Pesco Sannita,26.97
AMB_ILS_VITULANO,Pietraroja,36.13
AMB_ILS_VITULANO,Pietrelcina,24.51
AMB_ILS_VITULANO,Ponte,10.4
AMB_ILS_VITULANO,Pontelandolfo,30.6
AMB_ILS_VITULANO,Puglianello,26.51
AMB_ILS_VITULANO,Reino,37.33
AMB_ILS_VITULANO,San Bartolomeo in Galdo,66.19
AMB_ILS_VITULANO,San Giorgio La Molara,44.08
AMB_ILS_VITULANO,San Giorgio del Sannio,27.52
AMB_ILS_VITULANO,San Leucio del Sannio,24.71
AMB_ILS_VITULANO,San Lorenzello,25.48
AMB_ILS_VITULANO,San Lorenzo Maggiore,15.53
AMB_ILS_VITULANO,San Lupo,19.95
AMB_ILS_VITULANO,San Marco dei Cavoti,40.51
AMB_ILS_VITULANO,San Martino Sannita,27.69
AMB_ILS_VITULANO,San Nazzaro,29.57
AMB_ILS_VITULANO,San Nicola Manfredi,27.25
AMB_ILS_VITULANO,Sant'Agata de' Goti,27.64
AMB_ILS_VITULANO,Sant'Angelo a Cupolo,25.79
AMB_ILS_VITULANO,Sant'Arcangelo Trimonte,36.68
AMB_ILS_VITULANO,Santa Croce del Sannio,43.62
AMB_ILS_VITULANO,Sassinoro,40.39
AMB_ILS_VITULANO,Solopaca,13.62
AMB_ILS_VITULANO,Telese Terme,18.32
AMB_ILS_VITULANO,Tocco Caudio,8.19
AUTO_MED_BENEVENTO,Airola,42.21
AUTO_MED_BENEVENTO,Limatola,42.88
AUTO_MED_BENEVENTO,San Giorgio Del Sannio,30.36
AUTO_MED_BENEVENTO,San Salvatore Telesino,25.7
AUTO_MED_BENEVENTO,Benevento,0.0
AUTO_MED_BENEVENTO,Cerreto Sannita,22.86
AUTO_MED_BENEVENTO,Ginestra Degli Schiavoni,58.86
AUTO_MED_BENEVENTO,Morcone,19.82
AUTO_MED_BENEVENTO,San Bartolomeo In Galdo,50.61
AUTO_MED_BENEVENTO,Vitulano,15.39
AUTO_MED_BENEVENTO,San Marco Dei Cavoti,24.92
AUTO_MED_BENEVENTO,Torrecuso,11.28
AUTO_MED_BENEVENTO,Amorosi,30.05
AUTO_MED_BENEVENTO,Apice,33.53
AUTO_MED_BENEVENTO,Apollosa,28.0
AUTO_MED_BENEVENTO,Arpaia,46.35
AUTO_MED_BENEVENTO,Arpaise,35.47
AUTO_MED_BENEVENTO,Baselice,41.85
AUTO_MED_BENEVENTO,Bonea,34.25
AUTO_MED_BENEVENTO,Bucciano,39.1
AUTO_MED_BENEVENTO,Buonalbergo,42.92
AUTO_MED_BENEVENTO,Calvi,31.28
AUTO_MED_BENEVENTO,Campolattaro,8.35
AUTO_MED_BENEVENTO,Campoli del Monte Taburno,25.7
AUTO_MED_BENEVENTO,Casalduni,3.35
AUTO_MED_BENEVENTO,Castelfranco in Miscano,60.69
AUTO_MED_BENEVENTO,Castelpagano,36.46
AUTO_MED_BENEVENTO,Castelpoto,18.99
AUTO_MED_BENEVENTO,Castelvenere,23.78
AUTO_MED_BENEVENTO,Castelvetere in Val Fortore,41.32
AUTO_MED_BENEVENTO,Cautano,23.56
AUTO_MED_BENEVENTO,Ceppaloni,31.87
AUTO_MED_BENEVENTO,Circello,23.34
AUTO_MED_BENEVENTO,Colle Sannita,24.17
AUTO_MED_BENEVENTO,Cusano Mutri,31.33
AUTO_MED_BENEVENTO,Dugenta,34.53
AUTO_MED_BENEVENTO,Durazzano,44.98
AUTO_MED_BENEVENTO,Faicchio,31.54
AUTO_MED_BENEVENTO,Foglianise,15.99
AUTO_MED_BENEVENTO,Foiano di Val Fortore,39.11
AUTO_MED_BENEVENTO,Forchia,47.48
AUTO_MED_BENEVENTO,Fragneto Monforte,7.83
AUTO_MED_BENEVENTO,Fragneto l'Abate,9.43
AUTO_MED_BENEVENTO,Frasso Telesino,27.46
AUTO_MED_BENEVENTO,Ginestra degli Schiavoni,58.86
AUTO_MED_BENEVENTO,Guardia Sanframondi,15.98
AUTO_MED_BENEVENTO,Melizzano,26.84
AUTO_MED_BENEVENTO,Moiano,40.44
AUTO_MED_BENEVENTO,Molinara,27.71
AUTO_MED_BENEVENTO,Montefalcone di Val Fortore,43.27
AUTO_MED_BENEVENTO,Montesarchio,37.85
AUTO_MED_BENEVENTO,Paduli,31.11
AUTO_MED_BENEVENTO,Pago Veiano,25.79
AUTO_MED_BENEVENTO,Pannarano,36.85
AUTO_MED_BENEVENTO,Paolisi,44.4
AUTO_MED_BENEVENTO,Paupisi,11.35
AUTO_MED_BENEVENTO,Pesco Sannita,15.86
AUTO_MED_BENEVENTO,Pietraroja,34.7
AUTO_MED_BENEVENTO,Pietrelcina,27.98
AUTO_MED_BENEVENTO,Ponte,5.17
AUTO_MED_BENEVENTO,Pontelandolfo,6.91
AUTO_MED_BENEVENTO,Puglianello,30.03
AUTO_MED_BENEVENTO,Reino,15.39
AUTO_MED_BENEVENTO,San Bartolomeo in Galdo,50.61
AUTO_MED_BENEVENTO,San Giorgio La Molara,37.31
AUTO_MED_BENEVENTO,San Giorgio del Sannio,30.36
AUTO_MED_BENEVENTO,San Leucio del Sannio,26.9
AUTO_MED_BENEVENTO,San Lorenzello,23.21
AUTO_MED_BENEVENTO,San Lorenzo Maggiore,14.03
AUTO_MED_BENEVENTO,San Lupo,11.74
AUTO_MED_BENEVENTO,San Marco dei Cavoti,24.92
AUTO_MED_BENEVENTO,San Martino Sannita,30.53
AUTO_MED_BENEVENTO,San Nazzaro,32.41
AUTO_MED_BENEVENTO,San Nicola Manfredi,30.09
AUTO_MED_BENEVENTO,Sant'Agata de' Goti,38.55
AUTO_MED_BENEVENTO,Sant'Angelo a Cupolo,30.06
AUTO_MED_BENEVENTO,Sant'Arcangelo Trimonte,39.53
AUTO_MED_BENEVENTO,Santa Croce del Sannio,25.68
AUTO_MED_BENEVENTO,Sassinoro,22.44
AUTO_MED_BENEVENTO,Solopaca,20.11
AUTO_MED_BENEVENTO,Telese Terme,21.83
AUTO_MED_BENEVENTO,Tocco Caudio,27.08
AUTO_MED_SAN_MARCO_DEI_CAVOTI,Airola,55.81
AUTO_MED_SAN_MARCO_DEI_CAVOTI,Limatola,72.74
AUTO_MED_SAN_MARCO_DEI_CAVOTI,San Giorgio Del Sannio,39.54
AUTO_MED_SAN_MARCO_DEI_CAVOTI,San Salvatore Telesino,55.56
AUTO_MED_SAN_MARCO_DEI_CAVOTI,Benevento,24.65
AUTO_MED_SAN_MARCO_DEI_CAVOTI,Cerreto Sannita,56.47
AUTO_MED_SAN_MARCO_DEI_CAVOTI,Ginestra Degli Schiavoni,27.7
AUTO_MED_SAN_MARCO_DEI_CAVOTI,Morcone,35.19
AUTO_MED_SAN_MARCO_DEI_CAVOTI,San Bartolomeo In Galdo,25.84
AUTO_MED_SAN_MARCO_DEI_CAVOTI,Vitulano,40.56
AUTO_MED_SAN_MARCO_DEI_CAVOTI,San Marco Dei Cavoti,0.0
AUTO_MED_SAN_MARCO_DEI_CAVOTI,Torrecuso,41.44
AUTO_MED_SAN_MARCO_DEI_CAVOTI,Amorosi,59.91
AUTO_MED_SAN_MARCO_DEI_CAVOTI,Apice,33.52
AUTO_MED_SAN_MARCO_DEI_CAVOTI,Apollosa,38.49
AUTO_MED_SAN_MARCO_DEI_CAVOTI,Arpaia,56.84
AUTO_MED_SAN_MARCO_DEI_CAVOTI,Arpaise,45.97
AUTO_MED_SAN_MARCO_DEI_CAVOTI,Baselice,17.08
AUTO_MED_SAN_MARCO_DEI_CAVOTI,Bonea,50.67
AUTO_MED_SAN_MARCO_DEI_CAVOTI,Bucciano,54.3
AUTO_MED_SAN_MARCO_DEI_CAVOTI,Buonalbergo,20.64
AUTO_MED_SAN_MARCO_DEI_CAVOTI,Calvi,40.45
AUTO_MED_SAN_MARCO_DEI_CAVOTI,Campolattaro,24.43
AUTO_MED_SAN_MARCO_DEI_CAVOTI,Campoli del Monte Taburno,42.72
AUTO_MED_SAN_MARCO_DEI_CAVOTI,Casalduni,26.29
AUTO_MED_SAN_MARCO_DEI_CAVOTI,Castelfranco in Miscano,28.58
AUTO_MED_SAN_MARCO_DEI_CAVOTI,Castelpagano,19.2
AUTO_MED_SAN_MARCO_DEI_CAVOTI,Castelpoto,36.0
AUTO_MED_SAN_MARCO_DEI_CAVOTI,Castelvenere,53.64
AUTO_MED_SAN_MARCO_DEI_CAVOTI,Castelvetere in Val Fortore,24.59
AUTO_MED_SAN_MARCO_DEI_CAVOTI,Cautano,40.57
AUTO_MED_SAN_MARCO_DEI_CAVOTI,Ceppaloni,42.36
AUTO_MED_SAN_MARCO_DEI_CAVOTI,Circello,15.93
AUTO_MED_SAN_MARCO_DEI_CAVOTI,Colle Sannita,14.69
AUTO_MED_SAN_MARCO_DEI_CAVOTI,Cusano Mutri,64.94
AUTO_MED_SAN_MARCO_DEI_CAVOTI,Dugenta,64.38
AUTO_MED_SAN_MARCO_DEI_CAVOTI,Durazzano,74.83
AUTO_MED_SAN_MARCO_DEI_CAVOTI,Faicchio,61.4
AUTO_MED_SAN_MARCO_DEI_CAVOTI,Foglianise,37.76
AUTO_MED_SAN_MARCO_DEI_CAVOTI,Foiano di Val Fortore,14.34
AUTO_MED_SAN_MARCO_DEI_CAVOTI,Forchia,57.97
AUTO_MED_SAN_MARCO_DEI_CAVOTI,Fragneto Monforte,17.95
AUTO_MED_SAN_MARCO_DEI_CAVOTI,Fragneto l'Abate,16.66
AUTO_MED_SAN_MARCO_DEI_CAVOTI,Frasso Telesino,57.32
AUTO_MED_SAN_MARCO_DEI_CAVOTI,Ginestra degli Schiavoni,27.7
AUTO_MED_SAN_MARCO_DEI_CAVOTI,Guardia Sanframondi,41.21
AUTO_MED_SAN_MARCO_DEI_CAVOTI,Melizzano,56.7
AUTO_MED_SAN_MARCO_DEI_CAVOTI,Moiano,59.57
AUTO_MED_SAN_MARCO_DEI_CAVOTI,Molinara,4.44
AUTO_MED_SAN_MARCO_DEI_CAVOTI,Montefalcone di Val Fortore,18.5
AUTO_MED_SAN_MARCO_DEI_CAVOTI,Montesarchio,48.35
AUTO_MED_SAN_MARCO_DEI_CAVOTI,Paduli,24.86
AUTO_MED_SAN_MARCO_DEI_CAVOTI,Pago Veiano,13.31
AUTO_MED_SAN_MARCO_DEI_CAVOTI,Pannarano,47.34
AUTO_MED_SAN_MARCO_DEI_CAVOTI,Paolisi,54.89
AUTO_MED_SAN_MARCO_DEI_CAVOTI,Paupisi,41.52
AUTO_MED_SAN_MARCO_DEI_CAVOTI,Pesco Sannita,14.65
AUTO_MED_SAN_MARCO_DEI_CAVOTI,Pietraroja,50.07
AUTO_MED_SAN_MARCO_DEI_CAVOTI,Pietrelcina,20.2
AUTO_MED_SAN_MARCO_DEI_CAVOTI,Ponte,38.36
AUTO_MED_SAN_MARCO_DEI_CAVOTI,Pontelandolfo,28.03
AUTO_MED_SAN_MARCO_DEI_CAVOTI,Puglianello,59.89
AUTO_MED_SAN_MARCO_DEI_CAVOTI,Reino,6.56
AUTO_MED_SAN_MARCO_DEI_CAVOTI,San Bartolomeo in Galdo,25.84
AUTO_MED_SAN_MARCO_DEI_CAVOTI,San Giorgio La Molara,12.54
AUTO_MED_SAN_MARCO_DEI_CAVOTI,San Giorgio del Sannio,39.54
AUTO_MED_SAN_MARCO_DEI_CAVOTI,San Leucio del Sannio,37.39
AUTO_MED_SAN_MARCO_DEI_CAVOTI,San Lorenzello,57.0
AUTO_MED_SAN_MARCO_DEI_CAVOTI,San Lorenzo Maggiore,47.04
AUTO_MED_SAN_MARCO_DEI_CAVOTI,San Lupo,36.97
AUTO_MED_SAN_MARCO_DEI_CAVOTI,San Marco dei Cavoti,0.0
AUTO_MED_SAN_MARCO_DEI_CAVOTI,San Martino Sannita,39.71
AUTO_MED_SAN_MARCO_DEI_CAVOTI,San Nazzaro,41.58
AUTO_MED_SAN_MARCO_DEI_CAVOTI,San Nicola Manfredi,39.27
AUTO_MED_SAN_MARCO_DEI_CAVOTI,Sant'Agata de' Goti,68.41
AUTO_MED_SAN_MARCO_DEI_CAVOTI,Sant'Angelo a Cupolo,37.28
AUTO_MED_SAN_MARCO_DEI_CAVOTI,Sant'Arcangelo Trimonte,23.65
AUTO_MED_SAN_MARCO_DEI_CAVOTI,Santa Croce del Sannio,30.03
AUTO_MED_SAN_MARCO_DEI_CAVOTI,Sassinoro,37.81
AUTO_MED_SAN_MARCO_DEI_CAVOTI,Solopaca,49.97
AUTO_MED_SAN_MARCO_DEI_CAVOTI,Telese Terme,51.69
AUTO_MED_SAN_MARCO_DEI_CAVOTI,Tocco Caudio,44.1
AUTO_MED_TORRECUSO,Airola,26.25
AUTO_MED_TORRECUSO,Limatola,37.06
AUTO_MED_TORRECUSO,San Giorgio Del Sannio,28.08
AUTO_MED_TORRECUSO,San Salvatore Telesino,19.89
AUTO_MED_TORRECUSO,Benevento,11.24
AUTO_MED_TORRECUSO,Cerreto Sannita,20.8
AUTO_MED_TORRECUSO,Ginestra Degli Schiavoni,56.58
AUTO_MED_TORRECUSO,Morcone,33.93
AUTO_MED_TORRECUSO,San Bartolomeo In Galdo,67.38
AUTO_MED_TORRECUSO,Vitulano,4.48
AUTO_MED_TORRECUSO,San Marco Dei Cavoti,41.7
AUTO_MED_TORRECUSO,Torrecuso,0.0
AUTO_MED_TORRECUSO,Amorosi,24.23
AUTO_MED_TORRECUSO,Apice,31.25
AUTO_MED_TORRECUSO,Apollosa,16.26
AUTO_MED_TORRECUSO,Arpaia,28.17
AUTO_MED_TORRECUSO,Arpaise,33.19
AUTO_MED_TORRECUSO,Baselice,58.62
AUTO_MED_TORRECUSO,Bonea,19.15
AUTO_MED_TORRECUSO,Bucciano,24.0
AUTO_MED_TORRECUSO,Buonalbergo,40.64
AUTO_MED_TORRECUSO,Calvi,28.99
AUTO_MED_TORRECUSO,Campolattaro,23.17
AUTO_MED_TORRECUSO,Campoli del Monte Taburno,10.6
AUTO_MED_TORRECUSO,Casalduni,12.21
AUTO_MED_TORRECUSO,Castelfranco in Miscano,58.41
AUTO_MED_TORRECUSO,Castelpagano,55.06
AUTO_MED_TORRECUSO,Castelpoto,10.33
AUTO_MED_TORRECUSO,Castelvenere,17.97
AUTO_MED_TORRECUSO,Castelvetere in Val Fortore,65.71
AUTO_MED_TORRECUSO,Cautano,8.45
AUTO_MED_TORRECUSO,Ceppaloni,29.59
AUTO_MED_TORRECUSO,Circello,47.73
AUTO_MED_TORRECUSO,Colle Sannita,48.56
AUTO_MED_TORRECUSO,Cusano Mutri,29.26
AUTO_MED_TORRECUSO,Dugenta,28.71
AUTO_MED_TORRECUSO,Durazzano,39.16
AUTO_MED_TORRECUSO,Faicchio,25.73
AUTO_MED_TORRECUSO,Foglianise,4.5
AUTO_MED_TORRECUSO,Foiano di Val Fortore,55.88
AUTO_MED_TORRECUSO,Forchia,29.31
AUTO_MED_TORRECUSO,Fragneto Monforte,20.32
AUTO_MED_TORRECUSO,Fragneto l'Abate,21.92
AUTO_MED_TORRECUSO,Frasso Telesino,21.64
AUTO_MED_TORRECUSO,Ginestra degli Schiavoni,56.58
AUTO_MED_TORRECUSO,Guardia Sanframondi,15.05
AUTO_MED_TORRECUSO,Melizzano,21.02
AUTO_MED_TORRECUSO,Moiano,27.45
AUTO_MED_TORRECUSO,Molinara,44.48
AUTO_MED_TORRECUSO,Montefalcone di Val Fortore,54.45
AUTO_MED_TORRECUSO,Montesarchio,19.98
AUTO_MED_TORRECUSO,Paduli,28.83
AUTO_MED_TORRECUSO,Pago Veiano,31.8
AUTO_MED_TORRECUSO,Pannarano,34.57
AUTO_MED_TORRECUSO,Paolisi,26.22
AUTO_MED_TORRECUSO,Paupisi,2.3
AUTO_MED_TORRECUSO,Pesco Sannita,28.16
AUTO_MED_TORRECUSO,Pietraroja,31.97
AUTO_MED_TORRECUSO,Pietrelcina,25.7
AUTO_MED_TORRECUSO,Ponte,6.09
AUTO_MED_TORRECUSO,Pontelandolfo,17.12
AUTO_MED_TORRECUSO,Puglianello,24.21
AUTO_MED_TORRECUSO,Reino,38.52
AUTO_MED_TORRECUSO,San Bartolomeo in Galdo,67.38
AUTO_MED_TORRECUSO,San Giorgio La Molara,44.64
AUTO_MED_TORRECUSO,San Giorgio del Sannio,28.08
AUTO_MED_TORRECUSO,San Leucio del Sannio,24.62
AUTO_MED_TORRECUSO,San Lorenzello,21.32
AUTO_MED_TORRECUSO,San Lorenzo Maggiore,11.37
AUTO_MED_TORRECUSO,San Lupo,15.79
AUTO_MED_TORRECUSO,San Marco dei Cavoti,41.7
AUTO_MED_TORRECUSO,San Martino Sannita,28.25
AUTO_MED_TORRECUSO,San Nazzaro,30.13
AUTO_MED_TORRECUSO,San Nicola Manfredi,27.81
AUTO_MED_TORRECUSO,Sant'Agata de' Goti,32.73
AUTO_MED_TORRECUSO,Sant'Angelo a Cupolo,27.78
AUTO_MED_TORRECUSO,Sant'Arcangelo Trimonte,37.24
AUTO_MED_TORRECUSO,Santa Croce del Sannio,39.79
AUTO_MED_TORRECUSO,Sassinoro,36.55
AUTO_MED_TORRECUSO,Solopaca,14.29
AUTO_MED_TORRECUSO,Telese Terme,16.01
AUTO_MED_TORRECUSO,Tocco Caudio,11.98
PSAUT_CERRETO_SANNITA,Airola,37.66
PSAUT_CERRETO_SANNITA,Limatola,26.78
PSAUT_CERRETO_SANNITA,San Giorgio Del Sannio,43.5
PSAUT_CERRETO_SANNITA,San Salvatore Telesino,8.81
PSAUT_CERRETO_SANNITA,Benevento,22.55
PSAUT_CERRETO_SANNITA,Cerreto Sannita,0.0
PSAUT_CERRETO_SANNITA,Ginestra Degli Schiavoni,71.99
PSAUT_CERRETO_SANNITA,Morcone,16.65
PSAUT_CERRETO_SANNITA,San Bartolomeo In Galdo,82.8
PSAUT_CERRETO_SANNITA,Vitulano,25.13
PSAUT_CERRETO_SANNITA,San Marco Dei Cavoti,57.11
PSAUT_CERRETO_SANNITA,Torrecuso,21.17
PSAUT_CERRETO_SANNITA,Amorosi,13.94
PSAUT_CERRETO_SANNITA,Apice,46.66
PSAUT_CERRETO_SANNITA,Apollosa,41.13
PSAUT_CERRETO_SANNITA,Arpaia,42.9
PSAUT_CERRETO_SANNITA,Arpaise,48.61
PSAUT_CERRETO_SANNITA,Baselice,74.04
PSAUT_CERRETO_SANNITA,Bonea,41.2
PSAUT_CERRETO_SANNITA,Bucciano,36.34
PSAUT_CERRETO_SANNITA,Buonalbergo,56.05
PSAUT_CERRETO_SANNITA,Calvi,44.41
PSAUT_CERRETO_SANNITA,Campolattaro,27.2
PSAUT_CERRETO_SANNITA,Campoli del Monte Taburno,31.26
PSAUT_CERRETO_SANNITA,Casalduni,19.41
PSAUT_CERRETO_SANNITA,Castelfranco in Miscano,73.83
PSAUT_CERRETO_SANNITA,Castelpagano,49.55
PSAUT_CERRETO_SANNITA,Castelpoto,34.18
PSAUT_CERRETO_SANNITA,Castelvenere,8.13
PSAUT_CERRETO_SANNITA,Castelvetere in Val Fortore,70.21
PSAUT_CERRETO_SANNITA,Cautano,29.11
PSAUT_CERRETO_SANNITA,Ceppaloni,45.0
PSAUT_CERRETO_SANNITA,Circello,40.78
PSAUT_CERRETO_SANNITA,Colle Sannita,63.98
PSAUT_CERRETO_SANNITA,Cusano Mutri,8.75
PSAUT_CERRETO_SANNITA,Dugenta,23.85
PSAUT_CERRETO_SANNITA,Durazzano,39.23
PSAUT_CERRETO_SANNITA,Faicchio,9.86
PSAUT_CERRETO_SANNITA,Foglianise,25.43
PSAUT_CERRETO_SANNITA,Foiano di Val Fortore,71.3
PSAUT_CERRETO_SANNITA,Forchia,44.04
PSAUT_CERRETO_SANNITA,Fragneto Monforte,35.74
PSAUT_CERRETO_SANNITA,Fragneto l'Abate,37.33
PSAUT_CERRETO_SANNITA,Frasso Telesino,22.91
PSAUT_CERRETO_SANNITA,Ginestra degli Schiavoni,71.99
PSAUT_CERRETO_SANNITA,Guardia Sanframondi,6.57
PSAUT_CERRETO_SANNITA,Melizzano,22.29
PSAUT_CERRETO_SANNITA,Moiano,35.89
PSAUT_CERRETO_SANNITA,Molinara,59.89
PSAUT_CERRETO_SANNITA,Montefalcone di Val Fortore,69.87
PSAUT_CERRETO_SANNITA,Montesarchio,50.99
PSAUT_CERRETO_SANNITA,Paduli,44.24
PSAUT_CERRETO_SANNITA,Pago Veiano,47.22
PSAUT_CERRETO_SANNITA,Pannarano,49.98
PSAUT_CERRETO_SANNITA,Paolisi,40.95
PSAUT_CERRETO_SANNITA,Paupisi,18.83
PSAUT_CERRETO_SANNITA,Pesco Sannita,43.57
PSAUT_CERRETO_SANNITA,Pietraroja,11.46
PSAUT_CERRETO_SANNITA,Pietrelcina,41.12
PSAUT_CERRETO_SANNITA,Ponte,21.81
PSAUT_CERRETO_SANNITA,Pontelandolfo,20.89
PSAUT_CERRETO_SANNITA,Puglianello,14.18
PSAUT_CERRETO_SANNITA,Reino,53.93
PSAUT_CERRETO_SANNITA,San Bartolomeo in Galdo,82.8
PSAUT_CERRETO_SANNITA,San Giorgio La Molara,60.06
PSAUT_CERRETO_SANNITA,San Giorgio del Sannio,43.5
PSAUT_CERRETO_SANNITA,San Leucio del Sannio,40.03
PSAUT_CERRETO_SANNITA,San Lorenzello,2.22
PSAUT_CERRETO_SANNITA,San Lorenzo Maggiore,10.49
PSAUT_CERRETO_SANNITA,San Lupo,10.82
PSAUT_CERRETO_SANNITA,San Marco dei Cavoti,57.11
PSAUT_CERRETO_SANNITA,San Martino Sannita,43.67
PSAUT_CERRETO_SANNITA,San Nazzaro,45.54
PSAUT_CERRETO_SANNITA,San Nicola Manfredi,43.23
PSAUT_CERRETO_SANNITA,Sant'Agata de' Goti,32.81
PSAUT_CERRETO_SANNITA,Sant'Angelo a Cupolo,43.19
PSAUT_CERRETO_SANNITA,Sant'Arcangelo Trimonte,52.66
PSAUT_CERRETO_SANNITA,Santa Croce del Sannio,38.77
PSAUT_CERRETO_SANNITA,Sassinoro,35.53
PSAUT_CERRETO_SANNITA,Solopaca,15.56
PSAUT_CERRETO_SANNITA,Telese Terme,11.15
PSAUT_CERRETO_SANNITA,Tocco Caudio,32.64
PSAUT_SAN_BARTOLOMEO_IN_GALDO,Airola,81.48
PSAUT_SAN_BARTOLOMEO_IN_GALDO,Limatola,98.41
PSAUT_SAN_BARTOLOMEO_IN_GALDO,San Giorgio Del Sannio,65.21
PSAUT_SAN_BARTOLOMEO_IN_GALDO,San Salvatore Telesino,81.24
PSAUT_SAN_BARTOLOMEO_IN_GALDO,Benevento,50.32
PSAUT_SAN_BARTOLOMEO_IN_GALDO,Cerreto Sannita,82.14
PSAUT_SAN_BARTOLOMEO_IN_GALDO,Ginestra Degli Schiavoni,25.51
PSAUT_SAN_BARTOLOMEO_IN_GALDO,Morcone,55.16
PSAUT_SAN_BARTOLOMEO_IN_GALDO,San Bartolomeo In Galdo,0.0
PSAUT_SAN_BARTOLOMEO_IN_GALDO,Vitulano,66.23
PSAUT_SAN_BARTOLOMEO_IN_GALDO,San Marco Dei Cavoti,25.87
PSAUT_SAN_BARTOLOMEO_IN_GALDO,Torrecuso,67.11
PSAUT_SAN_BARTOLOMEO_IN_GALDO,Amorosi,85.58
PSAUT_SAN_BARTOLOMEO_IN_GALDO,Apice,51.23
PSAUT_SAN_BARTOLOMEO_IN_GALDO,Apollosa,64.17
PSAUT_SAN_BARTOLOMEO_IN_GALDO,Arpaia,82.51
PSAUT_SAN_BARTOLOMEO_IN_GALDO,Arpaise,71.64
PSAUT_SAN_BARTOLOMEO_IN_GALDO,Baselice,9.56
PSAUT_SAN_BARTOLOMEO_IN_GALDO,Bonea,76.35
PSAUT_SAN_BARTOLOMEO_IN_GALDO,Bucciano,79.98
PSAUT_SAN_BARTOLOMEO_IN_GALDO,Buonalbergo,33.31
PSAUT_SAN_BARTOLOMEO_IN_GALDO,Calvi,66.12
PSAUT_SAN_BARTOLOMEO_IN_GALDO,Campolattaro,50.11
PSAUT_SAN_BARTOLOMEO_IN_GALDO,Campoli del Monte Taburno,68.39
PSAUT_SAN_BARTOLOMEO_IN_GALDO,Casalduni,51.97
PSAUT_SAN_BARTOLOMEO_IN_GALDO,Castelfranco in Miscano,24.88
PSAUT_SAN_BARTOLOMEO_IN_GALDO,Castelpagano,31.5
PSAUT_SAN_BARTOLOMEO_IN_GALDO,Castelpoto,61.68
PSAUT_SAN_BARTOLOMEO_IN_GALDO,Castelvenere,79.32
PSAUT_SAN_BARTOLOMEO_IN_GALDO,Castelvetere in Val Fortore,14.43
PSAUT_SAN_BARTOLOMEO_IN_GALDO,Cautano,66.25
PSAUT_SAN_BARTOLOMEO_IN_GALDO,Ceppaloni,68.04
PSAUT_SAN_BARTOLOMEO_IN_GALDO,Circello,29.4
PSAUT_SAN_BARTOLOMEO_IN_GALDO,Colle Sannita,26.64
PSAUT_SAN_BARTOLOMEO_IN_GALDO,Cusano Mutri,90.61
PSAUT_SAN_BARTOLOMEO_IN_GALDO,Dugenta,90.06
PSAUT_SAN_BARTOLOMEO_IN_GALDO,Durazzano,100.51
PSAUT_SAN_BARTOLOMEO_IN_GALDO,Faicchio,87.08
PSAUT_SAN_BARTOLOMEO_IN_GALDO,Foglianise,63.43
PSAUT_SAN_BARTOLOMEO_IN_GALDO,Foiano di Val Fortore,11.73
PSAUT_SAN_BARTOLOMEO_IN_GALDO,Forchia,83.65
PSAUT_SAN_BARTOLOMEO_IN_GALDO,Fragneto Monforte,43.63
PSAUT_SAN_BARTOLOMEO_IN_GALDO,Fragneto l'Abate,42.34
PSAUT_SAN_BARTOLOMEO_IN_GALDO,Frasso Telesino,83.0
PSAUT_SAN_BARTOLOMEO_IN_GALDO,Ginestra degli Schiavoni,25.51
PSAUT_SAN_BARTOLOMEO_IN_GALDO,Guardia Sanframondi,66.89
PSAUT_SAN_BARTOLOMEO_IN_GALDO,Melizzano,82.38
PSAUT_SAN_BARTOLOMEO_IN_GALDO,Moiano,85.25
PSAUT_SAN_BARTOLOMEO_IN_GALDO,Molinara,25.17
PSAUT_SAN_BARTOLOMEO_IN_GALDO,Montefalcone di Val Fortore,17.17
PSAUT_SAN_BARTOLOMEO_IN_GALDO,Montesarchio,74.02
PSAUT_SAN_BARTOLOMEO_IN_GALDO,Paduli,42.56
PSAUT_SAN_BARTOLOMEO_IN_GALDO,Pago Veiano,33.87
PSAUT_SAN_BARTOLOMEO_IN_GALDO,Pannarano,73.02
PSAUT_SAN_BARTOLOMEO_IN_GALDO,Paolisi,80.57
PSAUT_SAN_BARTOLOMEO_IN_GALDO,Paupisi,67.19
PSAUT_SAN_BARTOLOMEO_IN_GALDO,Pesco Sannita,40.32
PSAUT_SAN_BARTOLOMEO_IN_GALDO,Pietraroja,70.04
PSAUT_SAN_BARTOLOMEO_IN_GALDO,Pietrelcina,40.5
PSAUT_SAN_BARTOLOMEO_IN_GALDO,Ponte,64.04
PSAUT_SAN_BARTOLOMEO_IN_GALDO,Pontelandolfo,53.7
PSAUT_SAN_BARTOLOMEO_IN_GALDO,Puglianello,85.56
PSAUT_SAN_BARTOLOMEO_IN_GALDO,Reino,32.24
PSAUT_SAN_BARTOLOMEO_IN_GALDO,San Bartolomeo in Galdo,0.0
PSAUT_SAN_BARTOLOMEO_IN_GALDO,San Giorgio La Molara,29.53
PSAUT_SAN_BARTOLOMEO_IN_GALDO,San Giorgio del Sannio,65.21
PSAUT_SAN_BARTOLOMEO_IN_GALDO,San Leucio del Sannio,63.07
PSAUT_SAN_BARTOLOMEO_IN_GALDO,San Lorenzello,82.67
PSAUT_SAN_BARTOLOMEO_IN_GALDO,San Lorenzo Maggiore,72.72
PSAUT_SAN_BARTOLOMEO_IN_GALDO,San Lupo,62.64
PSAUT_SAN_BARTOLOMEO_IN_GALDO,San Marco dei Cavoti,25.87
PSAUT_SAN_BARTOLOMEO_IN_GALDO,San Martino Sannita,65.38
PSAUT_SAN_BARTOLOMEO_IN_GALDO,San Nazzaro,67.26
PSAUT_SAN_BARTOLOMEO_IN_GALDO,San Nicola Manfredi,64.94
PSAUT_SAN_BARTOLOMEO_IN_GALDO,Sant'Agata de' Goti,94.08
PSAUT_SAN_BARTOLOMEO_IN_GALDO,Sant'Angelo a Cupolo,62.96
PSAUT_SAN_BARTOLOMEO_IN_GALDO,Sant'Arcangelo Trimonte,41.36
PSAUT_SAN_BARTOLOMEO_IN_GALDO,Santa Croce del Sannio,43.41
PSAUT_SAN_BARTOLOMEO_IN_GALDO,Sassinoro,52.97
PSAUT_SAN_BARTOLOMEO_IN_GALDO,Solopaca,75.64
PSAUT_SAN_BARTOLOMEO_IN_GALDO,Telese Terme,77.37
PSAUT_SAN_BARTOLOMEO_IN_GALDO,Tocco Caudio,69.77
POT_AIROLA,Airola,0.0
POT_AIROLA,Limatola,24.23
POT_AIROLA,San Giorgio Del Sannio,37.36
POT_AIROLA,San Salvatore Telesino,32.98
POT_AIROLA,Benevento,43.53
POT_AIROLA,Cerreto Sannita,39.06
POT_AIROLA,Ginestra Degli Schiavoni,69.92
POT_AIROLA,Morcone,59.95
POT_AIROLA,San Bartolomeo In Galdo,82.85
POT_AIROLA,Vitulano,21.78
POT_AIROLA,San Marco Dei Cavoti,57.17
POT_AIROLA,Torrecuso,25.52
POT_AIROLA,Amorosi,28.85
POT_AIROLA,Apice,48.75
POT_AIROLA,Apollosa,15.69
POT_AIROLA,Arpaia,3.49
POT_AIROLA,Arpaise,20.45
POT_AIROLA,Baselice,74.1
POT_AIROLA,Bonea,6.4
POT_AIROLA,Bucciano,3.56
POT_AIROLA,Buonalbergo,53.98
POT_AIROLA,Calvi,38.28
POT_AIROLA,Campolattaro,49.19
POT_AIROLA,Campoli del Monte Taburno,15.08
POT_AIROLA,Casalduni,44.5
POT_AIROLA,Castelfranco in Miscano,71.75
POT_AIROLA,Castelpagano,70.53
POT_AIROLA,Castelpoto,18.28
POT_AIROLA,Castelvenere,29.54
POT_AIROLA,Castelvetere in Val Fortore,81.18
POT_AIROLA,Cautano,17.96
POT_AIROLA,Ceppaloni,24.4
POT_AIROLA,Circello,63.2
POT_AIROLA,Colle Sannita,64.03
POT_AIROLA,Cusano Mutri,47.53
POT_AIROLA,Dugenta,18.31
POT_AIROLA,Durazzano,17.28
POT_AIROLA,Faicchio,37.61
POT_AIROLA,Foglianise,20.98
POT_AIROLA,Foiano di Val Fortore,71.35
POT_AIROLA,Forchia,4.62
POT_AIROLA,Fragneto Monforte,46.34
POT_AIROLA,Fragneto l'Abate,46.95
POT_AIROLA,Frasso Telesino,15.99
POT_AIROLA,Ginestra degli Schiavoni,69.92
POT_AIROLA,Guardia Sanframondi,34.71
POT_AIROLA,Melizzano,18.73
POT_AIROLA,Moiano,3.58
POT_AIROLA,Molinara,59.95
POT_AIROLA,Montefalcone di Val Fortore,67.79
POT_AIROLA,Montesarchio,8.14
POT_AIROLA,Paduli,42.17
POT_AIROLA,Pago Veiano,47.27
POT_AIROLA,Pannarano,17.1
POT_AIROLA,Paolisi,3.71
POT_AIROLA,Paupisi,35.39
POT_AIROLA,Pesco Sannita,43.63
POT_AIROLA,Pietraroja,50.24
POT_AIROLA,Pietrelcina,41.17
POT_AIROLA,Ponte,38.39
POT_AIROLA,Pontelandolfo,52.78
POT_AIROLA,Puglianello,32.0
POT_AIROLA,Reino,53.99
POT_AIROLA,San Bartolomeo in Galdo,82.85
POT_AIROLA,San Giorgio La Molara,57.98
POT_AIROLA,San Giorgio del Sannio,37.36
POT_AIROLA,San Leucio del Sannio,23.96
POT_AIROLA,San Lorenzello,40.32
POT_AIROLA,San Lorenzo Maggiore,34.72
POT_AIROLA,San Lupo,37.51
POT_AIROLA,San Marco dei Cavoti,57.17
POT_AIROLA,San Martino Sannita,37.1
POT_AIROLA,San Nazzaro,40.55
POT_AIROLA,San Nicola Manfredi,36.66
POT_AIROLA,Sant'Agata de' Goti,11.53
POT_AIROLA,Sant'Angelo a Cupolo,37.14
POT_AIROLA,Sant'Arcangelo Trimonte,50.59
POT_AIROLA,Santa Croce del Sannio,65.8
POT_AIROLA,Sassinoro,62.57
POT_AIROLA,Solopaca,23.65
POT_AIROLA,Telese Terme,26.68
POT_AIROLA,Tocco Caudio,15.11
POT_AMOROSI,Airola,25.27
POT_AMOROSI,Limatola,12.97
POT_AMOROSI,San Giorgio Del Sannio,46.62
POT_AMOROSI,San Salvatore Telesino,5.14
POT_AMOROSI,Benevento,30.08
POT_AMOROSI,Cerreto Sannita,13.77
POT_AMOROSI,Ginestra Degli Schiavoni,75.12
POT_AMOROSI,Morcone,52.47
POT_AMOROSI,San Bartolomeo In Galdo,85.92
POT_AMOROSI,Vitulano,26.19
POT_AMOROSI,San Marco Dei Cavoti,60.24
POT_AMOROSI,Torrecuso,24.28
POT_AMOROSI,Amorosi,0.0
POT_AMOROSI,Apice,49.79
POT_AMOROSI,Apollosa,44.26
POT_AMOROSI,Arpaia,30.51
POT_AMOROSI,Arpaise,44.47
POT_AMOROSI,Baselice,77.17
POT_AMOROSI,Bonea,28.8
POT_AMOROSI,Bucciano,23.95
POT_AMOROSI,Buonalbergo,59.18
POT_AMOROSI,Calvi,47.53
POT_AMOROSI,Campolattaro,41.71
POT_AMOROSI,Campoli del Monte Taburno,23.95
POT_AMOROSI,Casalduni,31.04
POT_AMOROSI,Castelfranco in Miscano,76.95
POT_AMOROSI,Castelpagano,73.6
POT_AMOROSI,Castelpoto,37.3
POT_AMOROSI,Castelvenere,10.6
POT_AMOROSI,Castelvetere in Val Fortore,84.25
POT_AMOROSI,Cautano,23.9
POT_AMOROSI,Ceppaloni,48.13
POT_AMOROSI,Circello,66.27
POT_AMOROSI,Colle Sannita,67.1
POT_AMOROSI,Cusano Mutri,22.28
POT_AMOROSI,Dugenta,8.76
POT_AMOROSI,Durazzano,24.15
POT_AMOROSI,Faicchio,10.33
POT_AMOROSI,Foglianise,28.54
POT_AMOROSI,Foiano di Val Fortore,74.42
POT_AMOROSI,Forchia,31.64
POT_AMOROSI,Fragneto Monforte,38.86
POT_AMOROSI,Fragneto l'Abate,40.46
POT_AMOROSI,Frasso Telesino,9.52
POT_AMOROSI,Ginestra degli Schiavoni,75.12
POT_AMOROSI,Guardia Sanframondi,16.87
POT_AMOROSI,Melizzano,6.59
POT_AMOROSI,Moiano,24.96
POT_AMOROSI,Molinara,63.02
POT_AMOROSI,Montefalcone di Val Fortore,72.99
POT_AMOROSI,Montesarchio,30.54
POT_AMOROSI,Paduli,47.37
POT_AMOROSI,Pago Veiano,50.34
POT_AMOROSI,Pannarano,41.11
POT_AMOROSI,Paolisi,28.56
POT_AMOROSI,Paupisi,21.94
POT_AMOROSI,Pesco Sannita,46.7
POT_AMOROSI,Pietraroja,24.99
POT_AMOROSI,Pietrelcina,44.24
POT_AMOROSI,Ponte,24.93
POT_AMOROSI,Pontelandolfo,31.52
POT_AMOROSI,Puglianello,3.55
POT_AMOROSI,Reino,57.06
POT_AMOROSI,San Bartolomeo in Galdo,85.92
POT_AMOROSI,San Giorgio La Molara,63.18
POT_AMOROSI,San Giorgio del Sannio,46.62
POT_AMOROSI,San Leucio del Sannio,43.16
POT_AMOROSI,San Lorenzello,12.47
POT_AMOROSI,San Lorenzo Maggiore,18.67
POT_AMOROSI,San Lupo,21.46
POT_AMOROSI,San Marco dei Cavoti,60.24
POT_AMOROSI,San Martino Sannita,46.79
POT_AMOROSI,San Nazzaro,48.67
POT_AMOROSI,San Nicola Manfredi,46.35
POT_AMOROSI,Sant'Agata de' Goti,17.72
POT_AMOROSI,Sant'Angelo a Cupolo,46.32
POT_AMOROSI,Sant'Arcangelo Trimonte,55.78
POT_AMOROSI,Santa Croce del Sannio,58.33
POT_AMOROSI,Sassinoro,55.09
POT_AMOROSI,Solopaca,10.99
POT_AMOROSI,Telese Terme,7.17
POT_AMOROSI,Tocco Caudio,24.06
POT_APICE,Airola,47.48
POT_APICE,Limatola,62.44
POT_APICE,San Giorgio Del Sannio,11.16
POT_APICE,San Salvatore Telesino,45.27
POT_APICE,Benevento,33.21
POT_APICE,Cerreto Sannita,46.18
POT_APICE,Ginestra Degli Schiavoni,37.64
POT_APICE,Morcone,46.05
POT_APICE,San Bartolomeo In Galdo,51.25
POT_APICE,Vitulano,30.53
POT_APICE,San Marco Dei Cavoti,41.55
POT_APICE,Torrecuso,31.15
POT_APICE,Amorosi,49.61
POT_APICE,Apice,0.0
POT_APICE,Apollosa,30.16
POT_APICE,Arpaia,48.51
POT_APICE,Arpaise,34.75
POT_APICE,Baselice,46.08
POT_APICE,Bonea,42.35
POT_APICE,Bucciano,45.97
POT_APICE,Buonalbergo,21.7
POT_APICE,Calvi,10.78
POT_APICE,Campolattaro,35.29
POT_APICE,Campoli del Monte Taburno,32.69
POT_APICE,Casalduni,34.18
POT_APICE,Castelfranco in Miscano,39.47
POT_APICE,Castelpagano,54.91
POT_APICE,Castelpoto,34.51
POT_APICE,Castelvenere,43.35
POT_APICE,Castelvetere in Val Fortore,56.82
POT_APICE,Cautano,30.54
POT_APICE,Ceppaloni,31.64
POT_APICE,Circello,47.59
POT_APICE,Colle Sannita,48.42
POT_APICE,Cusano Mutri,54.64
POT_APICE,Dugenta,54.09
POT_APICE,Durazzano,63.93
POT_APICE,Faicchio,51.11
POT_APICE,Foglianise,27.73
POT_APICE,Foiano di Val Fortore,39.74
POT_APICE,Forchia,49.65
POT_APICE,Fragneto Monforte,32.44
POT_APICE,Fragneto l'Abate,31.34
POT_APICE,Frasso Telesino,47.03
POT_APICE,Ginestra degli Schiavoni,37.64
POT_APICE,Guardia Sanframondi,40.43
POT_APICE,Melizzano,46.41
POT_APICE,Moiano,51.24
POT_APICE,Molinara,27.58
POT_APICE,Montefalcone di Val Fortore,35.51
POT_APICE,Montesarchio,40.02
POT_APICE,Paduli,9.89
POT_APICE,Pago Veiano,27.22
POT_APICE,Pannarano,39.02
POT_APICE,Paolisi,46.57
POT_APICE,Paupisi,31.22
POT_APICE,Pesco Sannita,28.01
POT_APICE,Pietraroja,60.93
POT_APICE,Pietrelcina,21.25
POT_APICE,Ponte,28.07
POT_APICE,Pontelandolfo,38.88
POT_APICE,Puglianello,49.59
POT_APICE,Reino,38.37
POT_APICE,San Bartolomeo in Galdo,51.25
POT_APICE,San Giorgio La Molara,25.7
POT_APICE,San Giorgio del Sannio,11.16
POT_APICE,San Leucio del Sannio,28.1
POT_APICE,San Lorenzello,46.7
POT_APICE,San Lorenzo Maggiore,36.75
POT_APICE,San Lupo,37.29
POT_APICE,San Marco dei Cavoti,41.55
POT_APICE,San Martino Sannita,13.82
POT_APICE,San Nazzaro,11.95
POT_APICE,San Nicola Manfredi,16.7
POT_APICE,Sant'Agata de' Goti,58.11
POT_APICE,Sant'Angelo a Cupolo,20.42
POT_APICE,Sant'Arcangelo Trimonte,9.31
POT_APICE,Santa Croce del Sannio,51.9
POT_APICE,Sassinoro,48.67
POT_APICE,Solopaca,39.67
POT_APICE,Telese Terme,41.4
POT_APICE,Tocco Caudio,34.07
POT_APOLLOSA,Airola,16.39
POT_APOLLOSA,Limatola,35.81
POT_APOLLOSA,San Giorgio Del Sannio,19.0
POT_APOLLOSA,San Salvatore Telesino,40.81
POT_APOLLOSA,Benevento,28.75
POT_APOLLOSA,Cerreto Sannita,41.72
POT_APOLLOSA,Ginestra Degli Schiavoni,51.56
POT_APOLLOSA,Morcone,41.59
POT_APOLLOSA,San Bartolomeo In Galdo,64.5
POT_APOLLOSA,Vitulano,14.77
POT_APOLLOSA,San Marco Dei Cavoti,38.81
POT_APOLLOSA,Torrecuso,16.28
POT_APOLLOSA,Amorosi,45.15
POT_APOLLOSA,Apice,30.39
POT_APOLLOSA,Apollosa,0.0
POT_APOLLOSA,Arpaia,17.79
POT_APOLLOSA,Arpaise,10.94
POT_APOLLOSA,Baselice,55.74
POT_APOLLOSA,Bonea,9.54
POT_APOLLOSA,Bucciano,14.14
POT_APOLLOSA,Buonalbergo,35.62
POT_APOLLOSA,Calvi,19.92
POT_APOLLOSA,Campolattaro,30.83
POT_APOLLOSA,Campoli del Monte Taburno,12.41
POT_APOLLOSA,Casalduni,29.72
POT_APOLLOSA,Castelfranco in Miscano,53.4
POT_APOLLOSA,Castelpagano,52.17
POT_APOLLOSA,Castelpoto,9.97
POT_APOLLOSA,Castelvenere,38.89
POT_APOLLOSA,Castelvetere in Val Fortore,62.82
POT_APOLLOSA,Cautano,15.29
POT_APOLLOSA,Ceppaloni,11.24
POT_APOLLOSA,Circello,44.84
POT_APOLLOSA,Colle Sannita,45.67
POT_APOLLOSA,Cusano Mutri,50.18
POT_APOLLOSA,Dugenta,29.89
POT_APOLLOSA,Durazzano,30.27
POT_APOLLOSA,Faicchio,46.65
POT_APOLLOSA,Foglianise,11.97
POT_APOLLOSA,Foiano di Val Fortore,52.99
POT_APOLLOSA,Forchia,18.92
POT_APOLLOSA,Fragneto Monforte,27.98
POT_APOLLOSA,Fragneto l'Abate,28.59
POT_APOLLOSA,Frasso Telesino,26.8
POT_APOLLOSA,Ginestra degli Schiavoni,51.56
POT_APOLLOSA,Guardia Sanframondi,35.97
POT_APOLLOSA,Melizzano,29.79
POT_APOLLOSA,Moiano,17.59
POT_APOLLOSA,Molinara,41.59
POT_APOLLOSA,Montefalcone di Val Fortore,49.43
POT_APOLLOSA,Montesarchio,9.19
POT_APOLLOSA,Paduli,23.81
POT_APOLLOSA,Pago Veiano,28.91
POT_APOLLOSA,Pannarano,12.32
POT_APOLLOSA,Paolisi,15.84
POT_APOLLOSA,Paupisi,18.34
POT_APOLLOSA,Pesco Sannita,25.27
POT_APOLLOSA,Pietraroja,56.47
POT_APOLLOSA,Pietrelcina,22.81
POT_APOLLOSA,Ponte,23.61
POT_APOLLOSA,Pontelandolfo,34.42
POT_APOLLOSA,Puglianello,45.13
POT_APOLLOSA,Reino,35.63
POT_APOLLOSA,San Bartolomeo in Galdo,64.5
POT_APOLLOSA,San Giorgio La Molara,39.62
POT_APOLLOSA,San Giorgio del Sannio,19.0
POT_APOLLOSA,San Leucio del Sannio,7.9
POT_APOLLOSA,San Lorenzello,42.24
POT_APOLLOSA,San Lorenzo Maggiore,32.29
POT_APOLLOSA,San Lupo,32.83
POT_APOLLOSA,San Marco dei Cavoti,38.81
POT_APOLLOSA,San Martino Sannita,18.75
POT_APOLLOSA,San Nazzaro,21.05
POT_APOLLOSA,San Nicola Manfredi,18.31
POT_APOLLOSA,Sant'Agata de' Goti,24.52
POT_APOLLOSA,Sant'Angelo a Cupolo,17.75
POT_APOLLOSA,Sant'Arcangelo Trimonte,32.23
POT_APOLLOSA,Santa Croce del Sannio,47.44
POT_APOLLOSA,Sassinoro,44.21
POT_APOLLOSA,Solopaca,35.21
POT_APOLLOSA,Telese Terme,36.94
POT_APOLLOSA,Tocco Caudio,12.44
POT_ARPAIA,Airola,3.93
POT_ARPAIA,Limatola,28.56
POT_ARPAIA,San Giorgio Del Sannio,37.13
POT_ARPAIA,San Salvatore Telesino,37.31
POT_ARPAIA,Benevento,46.88
POT_ARPAIA,Cerreto Sannita,43.39
POT_ARPAIA,Ginestra Degli Schiavoni,69.68
POT_ARPAIA,Morcone,59.71
POT_ARPAIA,San Bartolomeo In Galdo,82.62
POT_ARPAIA,Vitulano,24.34
POT_ARPAIA,San Marco Dei Cavoti,56.93
POT_ARPAIA,Torrecuso,28.08
POT_ARPAIA,Amorosi,33.18
POT_ARPAIA,Apice,48.52
POT_ARPAIA,Apollosa,17.66
POT_ARPAIA,Arpaia,0.0
POT_ARPAIA,Arpaise,20.22
POT_ARPAIA,Baselice,73.86
POT_ARPAIA,Bonea,8.96
POT_ARPAIA,Bucciano,8.78
POT_ARPAIA,Buonalbergo,53.74
POT_ARPAIA,Calvi,38.04
POT_ARPAIA,Campolattaro,48.95
POT_ARPAIA,Campoli del Monte Taburno,17.64
POT_ARPAIA,Casalduni,47.84
POT_ARPAIA,Castelfranco in Miscano,71.52
POT_ARPAIA,Castelpagano,70.29
POT_ARPAIA,Castelpoto,20.25
POT_ARPAIA,Castelvenere,33.86
POT_ARPAIA,Castelvetere in Val Fortore,80.95
POT_ARPAIA,Cautano,20.52
POT_ARPAIA,Ceppaloni,24.17
POT_ARPAIA,Circello,62.97
POT_ARPAIA,Colle Sannita,63.8
POT_ARPAIA,Cusano Mutri,51.86
POT_ARPAIA,Dugenta,22.64
POT_ARPAIA,Durazzano,16.61
POT_ARPAIA,Faicchio,41.93
POT_ARPAIA,Foglianise,23.54
POT_ARPAIA,Foiano di Val Fortore,71.12
POT_ARPAIA,Forchia,1.14
POT_ARPAIA,Fragneto Monforte,46.1
POT_ARPAIA,Fragneto l'Abate,46.72
POT_ARPAIA,Frasso Telesino,20.32
POT_ARPAIA,Ginestra degli Schiavoni,69.68
POT_ARPAIA,Guardia Sanframondi,39.04
POT_ARPAIA,Melizzano,23.05
POT_ARPAIA,Moiano,9.39
POT_ARPAIA,Molinara,59.71
POT_ARPAIA,Montefalcone di Val Fortore,67.56
POT_ARPAIA,Montesarchio,9.14
POT_ARPAIA,Paduli,41.93
POT_ARPAIA,Pago Veiano,47.04
POT_ARPAIA,Pannarano,16.86
POT_ARPAIA,Paolisi,2.93
POT_ARPAIA,Paupisi,29.87
POT_ARPAIA,Pesco Sannita,43.39
POT_ARPAIA,Pietraroja,54.57
POT_ARPAIA,Pietrelcina,40.94
POT_ARPAIA,Ponte,41.73
POT_ARPAIA,Pontelandolfo,52.55
POT_ARPAIA,Puglianello,36.33
POT_ARPAIA,Reino,53.75
POT_ARPAIA,San Bartolomeo in Galdo,82.62
POT_ARPAIA,San Giorgio La Molara,57.75
POT_ARPAIA,San Giorgio del Sannio,37.13
POT_ARPAIA,San Leucio del Sannio,23.72
POT_ARPAIA,San Lorenzello,44.64
POT_ARPAIA,San Lorenzo Maggiore,39.05
POT_ARPAIA,San Lupo,41.83
POT_ARPAIA,San Marco dei Cavoti,56.93
POT_ARPAIA,San Martino Sannita,36.87
POT_ARPAIA,San Nazzaro,40.31
POT_ARPAIA,San Nicola Manfredi,36.43
POT_ARPAIA,Sant'Agata de' Goti,16.32
POT_ARPAIA,Sant'Angelo a Cupolo,36.91
POT_ARPAIA,Sant'Arcangelo Trimonte,50.35
POT_ARPAIA,Santa Croce del Sannio,65.57
POT_ARPAIA,Sassinoro,62.33
POT_ARPAIA,Solopaca,27.98
POT_ARPAIA,Telese Terme,31.01
POT_ARPAIA,Tocco Caudio,17.67
POT_ARPAISE,Airola,20.73
POT_ARPAISE,Limatola,42.35
POT_ARPAISE,San Giorgio Del Sannio,23.58
POT_ARPAISE,San Salvatore Telesino,48.29
POT_ARPAISE,Benevento,36.23
POT_ARPAISE,Cerreto Sannita,49.2
POT_ARPAISE,Ginestra Degli Schiavoni,56.14
POT_ARPAISE,Morcone,49.07
POT_ARPAISE,San Bartolomeo In Galdo,71.98
POT_ARPAISE,Vitulano,33.05
POT_ARPAISE,San Marco Dei Cavoti,46.29
POT_ARPAISE,Torrecuso,34.17
POT_ARPAISE,Amorosi,46.97
POT_ARPAISE,Apice,34.97
POT_ARPAISE,Apollosa,11.0
POT_ARPAISE,Arpaia,20.44
POT_ARPAISE,Arpaise,0.0
POT_ARPAISE,Baselice,63.22
POT_ARPAISE,Bonea,16.02
POT_ARPAISE,Bucciano,22.57
POT_ARPAISE,Buonalbergo,40.2
POT_ARPAISE,Calvi,24.5
POT_ARPAISE,Campolattaro,38.31
POT_ARPAISE,Campoli del Monte Taburno,21.82
POT_ARPAISE,Casalduni,37.2
POT_ARPAISE,Castelfranco in Miscano,57.97
POT_ARPAISE,Castelpagano,59.65
POT_ARPAISE,Castelpoto,21.65
POT_ARPAISE,Castelvenere,46.37
POT_ARPAISE,Castelvetere in Val Fortore,70.3
POT_ARPAISE,Cautano,24.7
POT_ARPAISE,Ceppaloni,4.11
POT_ARPAISE,Circello,52.32
POT_ARPAISE,Colle Sannita,53.16
POT_ARPAISE,Cusano Mutri,57.66
POT_ARPAISE,Dugenta,36.43
POT_ARPAISE,Durazzano,35.86
POT_ARPAISE,Faicchio,54.13
POT_ARPAISE,Foglianise,30.25
POT_ARPAISE,Foiano di Val Fortore,60.47
POT_ARPAISE,Forchia,21.58
POT_ARPAISE,Fragneto Monforte,35.46
POT_ARPAISE,Fragneto l'Abate,36.07
POT_ARPAISE,Frasso Telesino,34.1
POT_ARPAISE,Ginestra degli Schiavoni,56.14
POT_ARPAISE,Guardia Sanframondi,43.45
POT_ARPAISE,Melizzano,36.84
POT_ARPAISE,Moiano,23.17
POT_ARPAISE,Molinara,49.07
POT_ARPAISE,Montefalcone di Val Fortore,54.01
POT_ARPAISE,Montesarchio,13.69
POT_ARPAISE,Paduli,28.39
POT_ARPAISE,Pago Veiano,36.39
POT_ARPAISE,Pannarano,6.1
POT_ARPAISE,Paolisi,18.5
POT_ARPAISE,Paupisi,34.24
POT_ARPAISE,Pesco Sannita,32.75
POT_ARPAISE,Pietraroja,63.95
POT_ARPAISE,Pietrelcina,30.29
POT_ARPAISE,Ponte,31.09
POT_ARPAISE,Pontelandolfo,41.9
POT_ARPAISE,Puglianello,52.61
POT_ARPAISE,Reino,43.11
POT_ARPAISE,San Bartolomeo in Galdo,71.98
POT_ARPAISE,San Giorgio La Molara,44.2
POT_ARPAISE,San Giorgio del Sannio,23.58
POT_ARPAISE,San Leucio del Sannio,6.48
POT_ARPAISE,San Lorenzello,49.72
POT_ARPAISE,San Lorenzo Maggiore,39.77
POT_ARPAISE,San Lupo,40.31
POT_ARPAISE,San Marco dei Cavoti,46.29
POT_ARPAISE,San Martino Sannita,18.21
POT_ARPAISE,San Nazzaro,21.22
POT_ARPAISE,San Nicola Manfredi,16.01
POT_ARPAISE,Sant'Agata de' Goti,30.11
POT_ARPAISE,Sant'Angelo a Cupolo,14.73
POT_ARPAISE,Sant'Arcangelo Trimonte,36.81
POT_ARPAISE,Santa Croce del Sannio,54.92
POT_ARPAISE,Sassinoro,51.69
POT_ARPAISE,Solopaca,42.69
POT_ARPAISE,Telese Terme,44.42
POT_ARPAISE,Tocco Caudio,21.85
POT_BASELICE,Airola,72.71
POT_BASELICE,Limatola,89.64
POT_BASELICE,San Giorgio Del Sannio,56.44
POT_BASELICE,San Salvatore Telesino,72.47
POT_BASELICE,Benevento,41.55
POT_BASELICE,Cerreto Sannita,73.37
POT_BASELICE,Ginestra Degli Schiavoni,26.29
POT_BASELICE,Morcone,46.02
POT_BASELICE,San Bartolomeo In Galdo,9.56
POT_BASELICE,Vitulano,57.46
POT_BASELICE,San Marco Dei Cavoti,17.1
POT_BASELICE,Torrecuso,58.34
POT_BASELICE,Amorosi,76.81
POT_BASELICE,Apice,46.06
POT_BASELICE,Apollosa,55.4
POT_BASELICE,Arpaia,73.74
POT_BASELICE,Arpaise,62.87
POT_BASELICE,Baselice,0.0
POT_BASELICE,Bonea,67.58
POT_BASELICE,Bucciano,71.21
POT_BASELICE,Buonalbergo,28.14
POT_BASELICE,Calvi,57.35
POT_BASELICE,Campolattaro,41.34
POT_BASELICE,Campoli del Monte Taburno,59.62
POT_BASELICE,Casalduni,43.2
POT_BASELICE,Castelfranco in Miscano,25.66
POT_BASELICE,Castelpagano,23.45
POT_BASELICE,Castelpoto,52.91
POT_BASELICE,Castelvenere,70.55
POT_BASELICE,Castelvetere in Val Fortore,13.46
POT_BASELICE,Cautano,57.48
POT_BASELICE,Ceppaloni,59.27
POT_BASELICE,Circello,21.7
POT_BASELICE,Colle Sannita,18.94
POT_BASELICE,Cusano Mutri,81.84
POT_BASELICE,Dugenta,81.29
POT_BASELICE,Durazzano,91.74
POT_BASELICE,Faicchio,78.31
POT_BASELICE,Foglianise,54.66
POT_BASELICE,Foiano di Val Fortore,6.9
POT_BASELICE,Forchia,74.88
POT_BASELICE,Fragneto Monforte,34.86
POT_BASELICE,Fragneto l'Abate,33.57
POT_BASELICE,Frasso Telesino,74.22
POT_BASELICE,Ginestra degli Schiavoni,26.29
POT_BASELICE,Guardia Sanframondi,58.12
POT_BASELICE,Melizzano,73.61
POT_BASELICE,Moiano,76.47
POT_BASELICE,Molinara,16.4
POT_BASELICE,Montefalcone di Val Fortore,17.96
POT_BASELICE,Montesarchio,65.25
POT_BASELICE,Paduli,37.4
POT_BASELICE,Pago Veiano,25.1
POT_BASELICE,Pannarano,64.25
POT_BASELICE,Paolisi,71.8
POT_BASELICE,Paupisi,58.42
POT_BASELICE,Pesco Sannita,31.55
POT_BASELICE,Pietraroja,60.9
POT_BASELICE,Pietrelcina,31.73
POT_BASELICE,Ponte,55.27
POT_BASELICE,Pontelandolfo,44.93
POT_BASELICE,Puglianello,76.79
POT_BASELICE,Reino,23.47
POT_BASELICE,San Bartolomeo in Galdo,9.56
POT_BASELICE,San Giorgio La Molara,20.76
POT_BASELICE,San Giorgio del Sannio,56.44
POT_BASELICE,San Leucio del Sannio,54.3
POT_BASELICE,San Lorenzello,73.9
POT_BASELICE,San Lorenzo Maggiore,63.95
POT_BASELICE,San Lupo,53.87
POT_BASELICE,San Marco dei Cavoti,17.1
POT_BASELICE,San Martino Sannita,56.61
POT_BASELICE,San Nazzaro,58.48
POT_BASELICE,San Nicola Manfredi,56.17
POT_BASELICE,Sant'Agata de' Goti,85.31
POT_BASELICE,Sant'Angelo a Cupolo,54.19
POT_BASELICE,Sant'Arcangelo Trimonte,36.19
POT_BASELICE,Santa Croce del Sannio,34.28
POT_BASELICE,Sassinoro,43.84
POT_BASELICE,Solopaca,66.87
POT_BASELICE,Telese Terme,68.59
POT_BASELICE,Tocco Caudio,61.0
POT_BENEVENTO,Airola,42.21
POT_BENEVENTO,Limatola,42.88
POT_BENEVENTO,San Giorgio Del Sannio,30.36
POT_BENEVENTO,San Salvatore Telesino,25.7
POT_BENEVENTO,Benevento,0.0
POT_BENEVENTO,Cerreto Sannita,22.86
POT_BENEVENTO,Ginestra Degli Schiavoni,58.86
POT_BENEVENTO,Morcone,19.82
POT_BENEVENTO,San Bartolomeo In Galdo,50.61
POT_BENEVENTO,Vitulano,15.39
POT_BENEVENTO,San Marco Dei Cavoti,24.92
POT_BENEVENTO,Torrecuso,11.28
POT_BENEVENTO,Amorosi,30.05
POT_BENEVENTO,Apice,33.53
POT_BENEVENTO,Apollosa,28.0
POT_BENEVENTO,Arpaia,46.35
POT_BENEVENTO,Arpaise,35.47
POT_BENEVENTO,Baselice,41.85
POT_BENEVENTO,Bonea,34.25
POT_BENEVENTO,Bucciano,39.1
POT_BENEVENTO,Buonalbergo,42.92
POT_BENEVENTO,Calvi,31.28
POT_BENEVENTO,Campolattaro,8.35
POT_BENEVENTO,Campoli del Monte Taburno,25.7
POT_BENEVENTO,Casalduni,3.35
POT_BENEVENTO,Castelfranco in Miscano,60.69
POT_BENEVENTO,Castelpagano,36.46
POT_BENEVENTO,Castelpoto,18.99
POT_BENEVENTO,Castelvenere,23.78
POT_BENEVENTO,Castelvetere in Val Fortore,41.32
POT_BENEVENTO,Cautano,23.56
POT_BENEVENTO,Ceppaloni,31.87
POT_BENEVENTO,Circello,23.34
POT_BENEVENTO,Colle Sannita,24.17
POT_BENEVENTO,Cusano Mutri,31.33
POT_BENEVENTO,Dugenta,34.53
POT_BENEVENTO,Durazzano,44.98
POT_BENEVENTO,Faicchio,31.54
POT_BENEVENTO,Foglianise,15.99
POT_BENEVENTO,Foiano di Val Fortore,39.11
POT_BENEVENTO,Forchia,47.48
POT_BENEVENTO,Fragneto Monforte,7.83
POT_BENEVENTO,Fragneto l'Abate,9.43
POT_BENEVENTO,Frasso Telesino,27.46
POT_BENEVENTO,Ginestra degli Schiavoni,58.86
POT_BENEVENTO,Guardia Sanframondi,15.98
POT_BENEVENTO,Melizzano,26.84
POT_BENEVENTO,Moiano,40.44
POT_BENEVENTO,Molinara,27.71
POT_BENEVENTO,Montefalcone di Val Fortore,43.27
POT_BENEVENTO,Montesarchio,37.85
POT_BENEVENTO,Paduli,31.11
POT_BENEVENTO,Pago Veiano,25.79
POT_BENEVENTO,Pannarano,36.85
POT_BENEVENTO,Paolisi,44.4
POT_BENEVENTO,Paupisi,11.35
POT_BENEVENTO,Pesco Sannita,15.86
POT_BENEVENTO,Pietraroja,34.7
POT_BENEVENTO,Pietrelcina,27.98
POT_BENEVENTO,Ponte,5.17
POT_BENEVENTO,Pontelandolfo,6.91
POT_BENEVENTO,Puglianello,30.03
POT_BENEVENTO,Reino,15.39
POT_BENEVENTO,San Bartolomeo in Galdo,50.61
POT_BENEVENTO,San Giorgio La Molara,37.31
POT_BENEVENTO,San Giorgio del Sannio,30.36
POT_BENEVENTO,San Leucio del Sannio,26.9
POT_BENEVENTO,San Lorenzello,23.21
POT_BENEVENTO,San Lorenzo Maggiore,14.03
POT_BENEVENTO,San Lupo,11.74
POT_BENEVENTO,San Marco dei Cavoti,24.92
POT_BENEVENTO,San Martino Sannita,30.53
POT_BENEVENTO,San Nazzaro,32.41
POT_BENEVENTO,San Nicola Manfredi,30.09
POT_BENEVENTO,Sant'Agata de' Goti,38.55
POT_BENEVENTO,Sant'Angelo a Cupolo,30.06
POT_BENEVENTO,Sant'Arcangelo Trimonte,39.53
POT_BENEVENTO,Santa Croce del Sannio,25.68
POT_BENEVENTO,Sassinoro,22.44
POT_BENEVENTO,Solopaca,20.11
POT_BENEVENTO,Telese Terme,21.83
POT_BENEVENTO,Tocco Caudio,27.08
POT_BONEA,Airola,7.1
POT_BONEA,Limatola,26.52
POT_BONEA,San Giorgio Del Sannio,31.28
POT_BONEA,San Salvatore Telesino,35.28
POT_BONEA,Benevento,33.88
POT_BONEA,Cerreto Sannita,41.35
POT_BONEA,Ginestra Degli Schiavoni,63.83
POT_BONEA,Morcone,48.45
POT_BONEA,San Bartolomeo In Galdo,76.87
POT_BONEA,Vitulano,15.38
POT_BONEA,San Marco Dei Cavoti,51.19
POT_BONEA,Torrecuso,19.13
POT_BONEA,Amorosi,31.14
POT_BONEA,Apice,42.66
POT_BONEA,Apollosa,9.54
POT_BONEA,Arpaia,9.03
POT_BONEA,Arpaise,16.11
POT_BONEA,Baselice,68.12
POT_BONEA,Bonea,0.0
POT_BONEA,Bucciano,4.85
POT_BONEA,Buonalbergo,47.89
POT_BONEA,Calvi,32.19
POT_BONEA,Campolattaro,37.69
POT_BONEA,Campoli del Monte Taburno,8.68
POT_BONEA,Casalduni,36.6
POT_BONEA,Castelfranco in Miscano,65.67
POT_BONEA,Castelpagano,64.55
POT_BONEA,Castelpoto,12.13
POT_BONEA,Castelvenere,31.83
POT_BONEA,Castelvetere in Val Fortore,75.2
POT_BONEA,Cautano,11.56
POT_BONEA,Ceppaloni,17.88
POT_BONEA,Circello,57.22
POT_BONEA,Colle Sannita,58.05
POT_BONEA,Cusano Mutri,49.82
POT_BONEA,Dugenta,20.6
POT_BONEA,Durazzano,20.99
POT_BONEA,Faicchio,39.9
POT_BONEA,Foglianise,14.58
POT_BONEA,Foiano di Val Fortore,65.37
POT_BONEA,Forchia,10.16
POT_BONEA,Fragneto Monforte,34.84
POT_BONEA,Fragneto l'Abate,36.43
POT_BONEA,Frasso Telesino,18.28
POT_BONEA,Ginestra degli Schiavoni,63.83
POT_BONEA,Guardia Sanframondi,37.0
POT_BONEA,Melizzano,21.02
POT_BONEA,Moiano,8.3
POT_BONEA,Molinara,53.97
POT_BONEA,Montefalcone di Val Fortore,61.71
POT_BONEA,Montesarchio,2.96
POT_BONEA,Paduli,36.08
POT_BONEA,Pago Veiano,41.29
POT_BONEA,Pannarano,12.75
POT_BONEA,Paolisi,7.08
POT_BONEA,Paupisi,20.92
POT_BONEA,Pesco Sannita,37.65
POT_BONEA,Pietraroja,52.53
POT_BONEA,Pietrelcina,35.19
POT_BONEA,Ponte,29.44
POT_BONEA,Pontelandolfo,41.28
POT_BONEA,Puglianello,34.29
POT_BONEA,Reino,48.01
POT_BONEA,San Bartolomeo in Galdo,76.87
POT_BONEA,San Giorgio La Molara,51.89
POT_BONEA,San Giorgio del Sannio,31.28
POT_BONEA,San Leucio del Sannio,17.87
POT_BONEA,San Lorenzello,42.61
POT_BONEA,San Lorenzo Maggiore,29.98
POT_BONEA,San Lupo,34.4
POT_BONEA,San Marco dei Cavoti,51.19
POT_BONEA,San Martino Sannita,31.02
POT_BONEA,San Nazzaro,33.32
POT_BONEA,San Nicola Manfredi,30.58
POT_BONEA,Sant'Agata de' Goti,15.23
POT_BONEA,Sant'Angelo a Cupolo,30.02
POT_BONEA,Sant'Arcangelo Trimonte,44.5
POT_BONEA,Santa Croce del Sannio,54.3
POT_BONEA,Sassinoro,51.07
POT_BONEA,Solopaca,25.94
POT_BONEA,Telese Terme,28.98
POT_BONEA,Tocco Caudio,8.71
POT_BUCCIANO,Airola,2.59
POT_BUCCIANO,Limatola,21.67
POT_BUCCIANO,San Giorgio Del Sannio,34.91
POT_BUCCIANO,San Salvatore Telesino,30.42
POT_BUCCIANO,Benevento,38.74
POT_BUCCIANO,Cerreto Sannita,36.5
POT_BUCCIANO,Ginestra Degli Schiavoni,67.46
POT_BUCCIANO,Morcone,53.3
POT_BUCCIANO,San Bartolomeo In Galdo,80.4
POT_BUCCIANO,Vitulano,20.24
POT_BUCCIANO,San Marco Dei Cavoti,54.71
POT_BUCCIANO,Torrecuso,23.98
POT_BUCCIANO,Amorosi,26.29
POT_BUCCIANO,Apice,46.3
POT_BUCCIANO,Apollosa,14.15
POT_BUCCIANO,Arpaia,8.66
POT_BUCCIANO,Arpaise,22.62
POT_BUCCIANO,Baselice,71.64
POT_BUCCIANO,Bonea,4.85
POT_BUCCIANO,Bucciano,0.0
POT_BUCCIANO,Buonalbergo,51.52
POT_BUCCIANO,Calvi,35.82
POT_BUCCIANO,Campolattaro,42.54
POT_BUCCIANO,Campoli del Monte Taburno,13.54
POT_BUCCIANO,Casalduni,41.46
POT_BUCCIANO,Castelfranco in Miscano,69.3
POT_BUCCIANO,Castelpagano,68.07
POT_BUCCIANO,Castelpoto,16.74
POT_BUCCIANO,Castelvenere,26.97
POT_BUCCIANO,Castelvetere in Val Fortore,78.73
POT_BUCCIANO,Cautano,16.41
POT_BUCCIANO,Ceppaloni,21.51
POT_BUCCIANO,Circello,60.75
POT_BUCCIANO,Colle Sannita,61.58
POT_BUCCIANO,Cusano Mutri,44.97
POT_BUCCIANO,Dugenta,15.75
POT_BUCCIANO,Durazzano,16.47
POT_BUCCIANO,Faicchio,35.05
POT_BUCCIANO,Foglianise,19.43
POT_BUCCIANO,Foiano di Val Fortore,68.89
POT_BUCCIANO,Forchia,9.79
POT_BUCCIANO,Fragneto Monforte,39.69
POT_BUCCIANO,Fragneto l'Abate,44.5
POT_BUCCIANO,Frasso Telesino,13.43
POT_BUCCIANO,Ginestra degli Schiavoni,67.46
POT_BUCCIANO,Guardia Sanframondi,32.15
POT_BUCCIANO,Melizzano,16.17
POT_BUCCIANO,Moiano,3.79
POT_BUCCIANO,Molinara,57.49
POT_BUCCIANO,Montefalcone di Val Fortore,65.34
POT_BUCCIANO,Montesarchio,6.6
POT_BUCCIANO,Paduli,39.71
POT_BUCCIANO,Pago Veiano,44.82
POT_BUCCIANO,Pannarano,19.27
POT_BUCCIANO,Paolisi,6.71
POT_BUCCIANO,Paupisi,25.77
POT_BUCCIANO,Pesco Sannita,41.17
POT_BUCCIANO,Pietraroja,47.68
POT_BUCCIANO,Pietrelcina,38.71
POT_BUCCIANO,Ponte,34.29
POT_BUCCIANO,Pontelandolfo,46.14
POT_BUCCIANO,Puglianello,29.44
POT_BUCCIANO,Reino,51.53
POT_BUCCIANO,San Bartolomeo in Galdo,80.4
POT_BUCCIANO,San Giorgio La Molara,55.53
POT_BUCCIANO,San Giorgio del Sannio,34.91
POT_BUCCIANO,San Leucio del Sannio,21.5
POT_BUCCIANO,San Lorenzello,37.75
POT_BUCCIANO,San Lorenzo Maggiore,32.16
POT_BUCCIANO,San Lupo,34.94
POT_BUCCIANO,San Marco dei Cavoti,54.71
POT_BUCCIANO,San Martino Sannita,34.65
POT_BUCCIANO,San Nazzaro,36.95
POT_BUCCIANO,San Nicola Manfredi,34.21
POT_BUCCIANO,Sant'Agata de' Goti,10.72
POT_BUCCIANO,Sant'Angelo a Cupolo,33.65
POT_BUCCIANO,Sant'Arcangelo Trimonte,48.13
POT_BUCCIANO,Santa Croce del Sannio,59.15
POT_BUCCIANO,Sassinoro,55.92
POT_BUCCIANO,Solopaca,21.09
POT_BUCCIANO,Telese Terme,24.12
POT_BUCCIANO,Tocco Caudio,13.57
POT_BUONALBERGO,Airola,53.26
POT_BUONALBERGO,Limatola,71.87
POT_BUONALBERGO,San Giorgio Del Sannio,33.62
POT_BUONALBERGO,San Salvatore Telesino,54.69
POT_BUONALBERGO,Benevento,42.64
POT_BUONALBERGO,Cerreto Sannita,55.6
POT_BUONALBERGO,Ginestra Degli Schiavoni,16.61
POT_BUONALBERGO,Morcone,55.48
POT_BUONALBERGO,San Bartolomeo In Galdo,33.37
POT_BUONALBERGO,Vitulano,39.96
POT_BUONALBERGO,San Marco Dei Cavoti,20.61
POT_BUONALBERGO,Torrecuso,40.57
POT_BUONALBERGO,Amorosi,59.04
POT_BUONALBERGO,Apice,21.74
POT_BUONALBERGO,Apollosa,35.94
POT_BUONALBERGO,Arpaia,54.29
POT_BUONALBERGO,Arpaise,40.53
POT_BUONALBERGO,Baselice,28.21
POT_BUONALBERGO,Bonea,48.13
POT_BUONALBERGO,Bucciano,51.75
POT_BUONALBERGO,Buonalbergo,0.0
POT_BUONALBERGO,Calvi,34.53
POT_BUONALBERGO,Campolattaro,44.72
POT_BUONALBERGO,Campoli del Monte Taburno,42.12
POT_BUONALBERGO,Casalduni,43.61
POT_BUONALBERGO,Castelfranco in Miscano,18.45
POT_BUONALBERGO,Castelpagano,40.3
POT_BUONALBERGO,Castelpoto,40.29
POT_BUONALBERGO,Castelvenere,52.78
POT_BUONALBERGO,Castelvetere in Val Fortore,45.68
POT_BUONALBERGO,Cautano,39.97
POT_BUONALBERGO,Ceppaloni,37.42
POT_BUONALBERGO,Circello,33.54
POT_BUONALBERGO,Colle Sannita,34.37
POT_BUONALBERGO,Cusano Mutri,64.07
POT_BUONALBERGO,Dugenta,63.52
POT_BUONALBERGO,Durazzano,73.97
POT_BUONALBERGO,Faicchio,60.53
POT_BUONALBERGO,Foglianise,37.16
POT_BUONALBERGO,Foiano di Val Fortore,21.87
POT_BUONALBERGO,Forchia,55.43
POT_BUONALBERGO,Fragneto Monforte,41.86
POT_BUONALBERGO,Fragneto l'Abate,40.77
POT_BUONALBERGO,Frasso Telesino,56.45
POT_BUONALBERGO,Ginestra degli Schiavoni,16.61
POT_BUONALBERGO,Guardia Sanframondi,49.86
POT_BUONALBERGO,Melizzano,55.83
POT_BUONALBERGO,Moiano,57.02
POT_BUONALBERGO,Molinara,16.45
POT_BUONALBERGO,Montefalcone di Val Fortore,17.64
POT_BUONALBERGO,Montesarchio,45.8
POT_BUONALBERGO,Paduli,13.08
POT_BUONALBERGO,Pago Veiano,16.77
POT_BUONALBERGO,Pannarano,44.8
POT_BUONALBERGO,Paolisi,52.35
POT_BUONALBERGO,Paupisi,40.65
POT_BUONALBERGO,Pesco Sannita,37.44
POT_BUONALBERGO,Pietraroja,70.36
POT_BUONALBERGO,Pietrelcina,20.35
POT_BUONALBERGO,Ponte,37.49
POT_BUONALBERGO,Pontelandolfo,48.31
POT_BUONALBERGO,Puglianello,59.02
POT_BUONALBERGO,Reino,24.32
POT_BUONALBERGO,San Bartolomeo in Galdo,33.37
POT_BUONALBERGO,San Giorgio La Molara,12.87
POT_BUONALBERGO,San Giorgio del Sannio,33.62
POT_BUONALBERGO,San Leucio del Sannio,33.88
POT_BUONALBERGO,San Lorenzello,56.13
POT_BUONALBERGO,San Lorenzo Maggiore,46.18
POT_BUONALBERGO,San Lupo,46.72
POT_BUONALBERGO,San Marco dei Cavoti,20.61
POT_BUONALBERGO,San Martino Sannita,33.79
POT_BUONALBERGO,San Nazzaro,35.67
POT_BUONALBERGO,San Nicola Manfredi,33.35
POT_BUONALBERGO,Sant'Agata de' Goti,67.54
POT_BUONALBERGO,Sant'Angelo a Cupolo,33.11
POT_BUONALBERGO,Sant'Arcangelo Trimonte,11.87
POT_BUONALBERGO,Santa Croce del Sannio,61.33
POT_BUONALBERGO,Sassinoro,58.09
POT_BUONALBERGO,Solopaca,49.1
POT_BUONALBERGO,Telese Terme,50.82
POT_BUONALBERGO,Tocco Caudio,43.5
POT_CALVI,Airola,37.67
POT_CALVI,Limatola,60.79
POT_CALVI,San Giorgio Del Sannio,1.66
POT_CALVI,San Salvatore Telesino,43.62
POT_CALVI,Benevento,31.56
POT_CALVI,Cerreto Sannita,44.53
POT_CALVI,Ginestra Degli Schiavoni,50.46
POT_CALVI,Morcone,44.4
POT_CALVI,San Bartolomeo In Galdo,65.59
POT_CALVI,Vitulano,28.88
POT_CALVI,San Marco Dei Cavoti,39.91
POT_CALVI,Torrecuso,29.5
POT_CALVI,Amorosi,47.96
POT_CALVI,Apice,10.78
POT_CALVI,Apollosa,20.36
POT_CALVI,Arpaia,38.7
POT_CALVI,Arpaise,24.94
POT_CALVI,Baselice,56.83
POT_CALVI,Bonea,32.54
POT_CALVI,Bucciano,36.17
POT_CALVI,Buonalbergo,34.52
POT_CALVI,Calvi,0.0
POT_CALVI,Campolattaro,33.64
POT_CALVI,Campoli del Monte Taburno,31.04
POT_CALVI,Casalduni,32.53
POT_CALVI,Castelfranco in Miscano,52.3
POT_CALVI,Castelpagano,53.27
POT_CALVI,Castelpoto,24.71
POT_CALVI,Castelvenere,41.7
POT_CALVI,Castelvetere in Val Fortore,63.92
POT_CALVI,Cautano,28.89
POT_CALVI,Ceppaloni,21.83
POT_CALVI,Circello,45.94
POT_CALVI,Colle Sannita,46.77
POT_CALVI,Cusano Mutri,52.99
POT_CALVI,Dugenta,52.44
POT_CALVI,Durazzano,54.12
POT_CALVI,Faicchio,49.46
POT_CALVI,Foglianise,26.08
POT_CALVI,Foiano di Val Fortore,54.09
POT_CALVI,Forchia,39.84
POT_CALVI,Fragneto Monforte,30.79
POT_CALVI,Fragneto l'Abate,29.69
POT_CALVI,Frasso Telesino,45.38
POT_CALVI,Ginestra degli Schiavoni,50.46
POT_CALVI,Guardia Sanframondi,38.78
POT_CALVI,Melizzano,44.76
POT_CALVI,Moiano,41.43
POT_CALVI,Molinara,36.77
POT_CALVI,Montefalcone di Val Fortore,48.34
POT_CALVI,Montesarchio,30.21
POT_CALVI,Paduli,22.71
POT_CALVI,Pago Veiano,30.01
POT_CALVI,Pannarano,29.21
POT_CALVI,Paolisi,36.76
POT_CALVI,Paupisi,29.57
POT_CALVI,Pesco Sannita,26.37
POT_CALVI,Pietraroja,59.28
POT_CALVI,Pietrelcina,23.91
POT_CALVI,Ponte,26.42
POT_CALVI,Pontelandolfo,37.24
POT_CALVI,Puglianello,47.94
POT_CALVI,Reino,36.72
POT_CALVI,San Bartolomeo in Galdo,65.59
POT_CALVI,San Giorgio La Molara,38.53
POT_CALVI,San Giorgio del Sannio,1.66
POT_CALVI,San Leucio del Sannio,18.29
POT_CALVI,San Lorenzello,45.05
POT_CALVI,San Lorenzo Maggiore,35.1
POT_CALVI,San Lupo,35.64
POT_CALVI,San Marco dei Cavoti,39.91
POT_CALVI,San Martino Sannita,4.28
POT_CALVI,San Nazzaro,2.87
POT_CALVI,San Nicola Manfredi,7.16
POT_CALVI,Sant'Agata de' Goti,48.37
POT_CALVI,Sant'Angelo a Cupolo,10.89
POT_CALVI,Sant'Arcangelo Trimonte,18.66
POT_CALVI,Santa Croce del Sannio,50.25
POT_CALVI,Sassinoro,47.02
POT_CALVI,Solopaca,38.02
POT_CALVI,Telese Terme,39.75
POT_CALVI,Tocco Caudio,32.42
POT_CAMPOLATTARO,Airola,44.44
POT_CAMPOLATTARO,Limatola,54.35
POT_CAMPOLATTARO,San Giorgio Del Sannio,32.24
POT_CAMPOLATTARO,San Salvatore Telesino,37.18
POT_CAMPOLATTARO,Benevento,8.35
POT_CAMPOLATTARO,Cerreto Sannita,27.48
POT_CAMPOLATTARO,Ginestra Degli Schiavoni,60.73
POT_CAMPOLATTARO,Morcone,14.59
POT_CAMPOLATTARO,San Bartolomeo In Galdo,50.65
POT_CAMPOLATTARO,Vitulano,26.63
POT_CAMPOLATTARO,San Marco Dei Cavoti,24.97
POT_CAMPOLATTARO,Torrecuso,20.62
POT_CAMPOLATTARO,Amorosi,41.52
POT_CAMPOLATTARO,Apice,35.4
POT_CAMPOLATTARO,Apollosa,29.87
POT_CAMPOLATTARO,Arpaia,48.22
POT_CAMPOLATTARO,Arpaise,37.35
POT_CAMPOLATTARO,Baselice,41.89
POT_CAMPOLATTARO,Bonea,37.33
POT_CAMPOLATTARO,Bucciano,42.19
POT_CAMPOLATTARO,Buonalbergo,44.79
POT_CAMPOLATTARO,Calvi,33.15
POT_CAMPOLATTARO,Campolattaro,0.0
POT_CAMPOLATTARO,Campoli del Monte Taburno,28.79
POT_CAMPOLATTARO,Casalduni,8.01
POT_CAMPOLATTARO,Castelfranco in Miscano,62.57
POT_CAMPOLATTARO,Castelpagano,31.22
POT_CAMPOLATTARO,Castelpoto,22.07
POT_CAMPOLATTARO,Castelvenere,27.6
POT_CAMPOLATTARO,Castelvetere in Val Fortore,33.01
POT_CAMPOLATTARO,Cautano,26.64
POT_CAMPOLATTARO,Ceppaloni,33.74
POT_CAMPOLATTARO,Circello,13.71
POT_CAMPOLATTARO,Colle Sannita,15.86
POT_CAMPOLATTARO,Cusano Mutri,35.95
POT_CAMPOLATTARO,Dugenta,46.0
POT_CAMPOLATTARO,Durazzano,56.45
POT_CAMPOLATTARO,Faicchio,43.02
POT_CAMPOLATTARO,Foglianise,23.83
POT_CAMPOLATTARO,Foiano di Val Fortore,39.15
POT_CAMPOLATTARO,Forchia,49.35
POT_CAMPOLATTARO,Fragneto Monforte,7.87
POT_CAMPOLATTARO,Fragneto l'Abate,9.47
POT_CAMPOLATTARO,Frasso Telesino,38.94
POT_CAMPOLATTARO,Ginestra degli Schiavoni,60.73
POT_CAMPOLATTARO,Guardia Sanframondi,20.6
POT_CAMPOLATTARO,Melizzano,38.32
POT_CAMPOLATTARO,Moiano,50.95
POT_CAMPOLATTARO,Molinara,27.75
POT_CAMPOLATTARO,Montefalcone di Val Fortore,43.31
POT_CAMPOLATTARO,Montesarchio,39.72
POT_CAMPOLATTARO,Paduli,32.98
POT_CAMPOLATTARO,Pago Veiano,25.83
POT_CAMPOLATTARO,Pannarano,38.72
POT_CAMPOLATTARO,Paolisi,46.27
POT_CAMPOLATTARO,Paupisi,20.69
POT_CAMPOLATTARO,Pesco Sannita,15.9
POT_CAMPOLATTARO,Pietraroja,29.47
POT_CAMPOLATTARO,Pietrelcina,21.45
POT_CAMPOLATTARO,Ponte,14.51
POT_CAMPOLATTARO,Pontelandolfo,7.42
POT_CAMPOLATTARO,Puglianello,41.5
POT_CAMPOLATTARO,Reino,15.44
POT_CAMPOLATTARO,San Bartolomeo in Galdo,50.65
POT_CAMPOLATTARO,San Giorgio La Molara,37.35
POT_CAMPOLATTARO,San Giorgio del Sannio,32.24
POT_CAMPOLATTARO,San Leucio del Sannio,28.77
POT_CAMPOLATTARO,San Lorenzello,27.83
POT_CAMPOLATTARO,San Lorenzo Maggiore,18.65
POT_CAMPOLATTARO,San Lupo,16.36
POT_CAMPOLATTARO,San Marco dei Cavoti,24.97
POT_CAMPOLATTARO,San Martino Sannita,32.4
POT_CAMPOLATTARO,San Nazzaro,34.28
POT_CAMPOLATTARO,San Nicola Manfredi,31.96
POT_CAMPOLATTARO,Sant'Agata de' Goti,50.02
POT_CAMPOLATTARO,Sant'Angelo a Cupolo,31.93
POT_CAMPOLATTARO,Sant'Arcangelo Trimonte,41.4
POT_CAMPOLATTARO,Santa Croce del Sannio,20.44
POT_CAMPOLATTARO,Sassinoro,17.2
POT_CAMPOLATTARO,Solopaca,31.58
POT_CAMPOLATTARO,Telese Terme,33.31
POT_CAMPOLATTARO,Tocco Caudio,30.17
POT_CAMPOLI_DEL_MONTE_TABURNO,Airola,15.79
POT_CAMPOLI_DEL_MONTE_TABURNO,Limatola,33.35
POT_CAMPOLI_DEL_MONTE_TABURNO,San Giorgio Del Sannio,29.66
POT_CAMPOLI_DEL_MONTE_TABURNO,San Salvatore Telesino,29.95
POT_CAMPOLI_DEL_MONTE_TABURNO,Benevento,25.34
POT_CAMPOLI_DEL_MONTE_TABURNO,Cerreto Sannita,30.86
POT_CAMPOLI_DEL_MONTE_TABURNO,Ginestra Degli Schiavoni,58.15
POT_CAMPOLI_DEL_MONTE_TABURNO,Morcone,39.9
POT_CAMPOLI_DEL_MONTE_TABURNO,San Bartolomeo In Galdo,68.33
POT_CAMPOLI_DEL_MONTE_TABURNO,Vitulano,6.84
POT_CAMPOLI_DEL_MONTE_TABURNO,San Marco Dei Cavoti,42.64
POT_CAMPOLI_DEL_MONTE_TABURNO,Torrecuso,10.58
POT_CAMPOLI_DEL_MONTE_TABURNO,Amorosi,24.12
POT_CAMPOLI_DEL_MONTE_TABURNO,Apice,32.82
POT_CAMPOLI_DEL_MONTE_TABURNO,Apollosa,12.41
POT_CAMPOLI_DEL_MONTE_TABURNO,Arpaia,17.71
POT_CAMPOLI_DEL_MONTE_TABURNO,Arpaise,22.1
POT_CAMPOLI_DEL_MONTE_TABURNO,Baselice,59.57
POT_CAMPOLI_DEL_MONTE_TABURNO,Bonea,8.68
POT_CAMPOLI_DEL_MONTE_TABURNO,Bucciano,13.54
POT_CAMPOLI_DEL_MONTE_TABURNO,Buonalbergo,42.21
POT_CAMPOLI_DEL_MONTE_TABURNO,Calvi,30.57
POT_CAMPOLI_DEL_MONTE_TABURNO,Campolattaro,29.15
POT_CAMPOLI_DEL_MONTE_TABURNO,Campoli del Monte Taburno,0.0
POT_CAMPOLI_DEL_MONTE_TABURNO,Casalduni,28.06
POT_CAMPOLI_DEL_MONTE_TABURNO,Castelfranco in Miscano,59.99
POT_CAMPOLI_DEL_MONTE_TABURNO,Castelpagano,56.0
POT_CAMPOLI_DEL_MONTE_TABURNO,Castelpoto,7.17
POT_CAMPOLI_DEL_MONTE_TABURNO,Castelvenere,26.58
POT_CAMPOLI_DEL_MONTE_TABURNO,Castelvetere in Val Fortore,66.66
POT_CAMPOLI_DEL_MONTE_TABURNO,Cautano,3.02
POT_CAMPOLI_DEL_MONTE_TABURNO,Ceppaloni,22.11
POT_CAMPOLI_DEL_MONTE_TABURNO,Circello,48.68
POT_CAMPOLI_DEL_MONTE_TABURNO,Colle Sannita,49.51
POT_CAMPOLI_DEL_MONTE_TABURNO,Cusano Mutri,39.33
POT_CAMPOLI_DEL_MONTE_TABURNO,Dugenta,27.11
POT_CAMPOLI_DEL_MONTE_TABURNO,Durazzano,29.67
POT_CAMPOLI_DEL_MONTE_TABURNO,Faicchio,35.79
POT_CAMPOLI_DEL_MONTE_TABURNO,Foglianise,6.04
POT_CAMPOLI_DEL_MONTE_TABURNO,Foiano di Val Fortore,56.83
POT_CAMPOLI_DEL_MONTE_TABURNO,Forchia,18.84
POT_CAMPOLI_DEL_MONTE_TABURNO,Fragneto Monforte,26.29
POT_CAMPOLI_DEL_MONTE_TABURNO,Fragneto l'Abate,27.89
POT_CAMPOLI_DEL_MONTE_TABURNO,Frasso Telesino,14.53
POT_CAMPOLI_DEL_MONTE_TABURNO,Ginestra degli Schiavoni,58.15
POT_CAMPOLI_DEL_MONTE_TABURNO,Guardia Sanframondi,25.12
POT_CAMPOLI_DEL_MONTE_TABURNO,Melizzano,17.51
POT_CAMPOLI_DEL_MONTE_TABURNO,Moiano,16.98
POT_CAMPOLI_DEL_MONTE_TABURNO,Molinara,45.42
POT_CAMPOLI_DEL_MONTE_TABURNO,Montefalcone di Val Fortore,56.03
POT_CAMPOLI_DEL_MONTE_TABURNO,Montesarchio,9.52
POT_CAMPOLI_DEL_MONTE_TABURNO,Paduli,30.4
POT_CAMPOLI_DEL_MONTE_TABURNO,Pago Veiano,32.75
POT_CAMPOLI_DEL_MONTE_TABURNO,Pannarano,19.79
POT_CAMPOLI_DEL_MONTE_TABURNO,Paolisi,15.76
POT_CAMPOLI_DEL_MONTE_TABURNO,Paupisi,12.37
POT_CAMPOLI_DEL_MONTE_TABURNO,Pesco Sannita,29.1
POT_CAMPOLI_DEL_MONTE_TABURNO,Pietraroja,54.78
POT_CAMPOLI_DEL_MONTE_TABURNO,Pietrelcina,26.65
POT_CAMPOLI_DEL_MONTE_TABURNO,Ponte,20.89
POT_CAMPOLI_DEL_MONTE_TABURNO,Pontelandolfo,32.74
POT_CAMPOLI_DEL_MONTE_TABURNO,Puglianello,27.34
POT_CAMPOLI_DEL_MONTE_TABURNO,Reino,39.46
POT_CAMPOLI_DEL_MONTE_TABURNO,San Bartolomeo in Galdo,68.33
POT_CAMPOLI_DEL_MONTE_TABURNO,San Giorgio La Molara,46.22
POT_CAMPOLI_DEL_MONTE_TABURNO,San Giorgio del Sannio,29.66
POT_CAMPOLI_DEL_MONTE_TABURNO,San Leucio del Sannio,20.31
POT_CAMPOLI_DEL_MONTE_TABURNO,San Lorenzello,31.39
POT_CAMPOLI_DEL_MONTE_TABURNO,San Lorenzo Maggiore,21.44
POT_CAMPOLI_DEL_MONTE_TABURNO,San Lupo,25.86
POT_CAMPOLI_DEL_MONTE_TABURNO,San Marco dei Cavoti,42.64
POT_CAMPOLI_DEL_MONTE_TABURNO,San Martino Sannita,29.83
POT_CAMPOLI_DEL_MONTE_TABURNO,San Nazzaro,31.7
POT_CAMPOLI_DEL_MONTE_TABURNO,San Nicola Manfredi,29.39
POT_CAMPOLI_DEL_MONTE_TABURNO,Sant'Agata de' Goti,23.92
POT_CAMPOLI_DEL_MONTE_TABURNO,Sant'Angelo a Cupolo,27.92
POT_CAMPOLI_DEL_MONTE_TABURNO,Sant'Arcangelo Trimonte,38.82
POT_CAMPOLI_DEL_MONTE_TABURNO,Santa Croce del Sannio,45.76
POT_CAMPOLI_DEL_MONTE_TABURNO,Sassinoro,42.52
POT_CAMPOLI_DEL_MONTE_TABURNO,Solopaca,20.7
POT_CAMPOLI_DEL_MONTE_TABURNO,Telese Terme,26.08
POT_CAMPOLI_DEL_MONTE_TABURNO,Tocco Caudio,1.83
POT_CASALDUNI,Airola,43.17
POT_CASALDUNI,Limatola,43.83
POT_CASALDUNI,San Giorgio Del Sannio,31.32
POT_CASALDUNI,San Salvatore Telesino,26.66
POT_CASALDUNI,Benevento,3.35
POT_CASALDUNI,Cerreto Sannita,19.71
POT_CASALDUNI,Ginestra Degli Schiavoni,59.81
POT_CASALDUNI,Morcone,16.69
POT_CASALDUNI,San Bartolomeo In Galdo,52.78
POT_CASALDUNI,Vitulano,16.35
POT_CASALDUNI,San Marco Dei Cavoti,27.09
POT_CASALDUNI,Torrecuso,12.23
POT_CASALDUNI,Amorosi,31.0
POT_CASALDUNI,Apice,34.48
POT_CASALDUNI,Apollosa,28.95
POT_CASALDUNI,Arpaia,47.3
POT_CASALDUNI,Arpaise,36.43
POT_CASALDUNI,Baselice,44.02
POT_CASALDUNI,Bonea,36.48
POT_CASALDUNI,Bucciano,41.33
POT_CASALDUNI,Buonalbergo,43.87
POT_CASALDUNI,Calvi,32.23
POT_CASALDUNI,Campolattaro,8.01
POT_CASALDUNI,Campoli del Monte Taburno,27.94
POT_CASALDUNI,Casalduni,0.0
POT_CASALDUNI,Castelfranco in Miscano,61.65
POT_CASALDUNI,Castelpagano,33.32
POT_CASALDUNI,Castelpoto,21.22
POT_CASALDUNI,Castelvenere,19.84
POT_CASALDUNI,Castelvetere in Val Fortore,43.48
POT_CASALDUNI,Cautano,25.79
POT_CASALDUNI,Ceppaloni,32.82
POT_CASALDUNI,Circello,21.59
POT_CASALDUNI,Colle Sannita,26.33
POT_CASALDUNI,Cusano Mutri,28.18
POT_CASALDUNI,Dugenta,35.48
POT_CASALDUNI,Durazzano,45.93
POT_CASALDUNI,Faicchio,27.21
POT_CASALDUNI,Foglianise,16.95
POT_CASALDUNI,Foiano di Val Fortore,41.27
POT_CASALDUNI,Forchia,48.44
POT_CASALDUNI,Fragneto Monforte,10.0
POT_CASALDUNI,Fragneto l'Abate,11.6
POT_CASALDUNI,Frasso Telesino,28.42
POT_CASALDUNI,Ginestra degli Schiavoni,59.81
POT_CASALDUNI,Guardia Sanframondi,12.83
POT_CASALDUNI,Melizzano,27.8
POT_CASALDUNI,Moiano,41.4
POT_CASALDUNI,Molinara,29.87
POT_CASALDUNI,Montefalcone di Val Fortore,45.43
POT_CASALDUNI,Montesarchio,38.81
POT_CASALDUNI,Paduli,32.06
POT_CASALDUNI,Pago Veiano,27.95
POT_CASALDUNI,Pannarano,37.81
POT_CASALDUNI,Paolisi,45.35
POT_CASALDUNI,Paupisi,11.58
POT_CASALDUNI,Pesco Sannita,18.03
POT_CASALDUNI,Pietraroja,31.57
POT_CASALDUNI,Pietrelcina,28.94
POT_CASALDUNI,Ponte,7.14
POT_CASALDUNI,Pontelandolfo,4.91
POT_CASALDUNI,Puglianello,30.98
POT_CASALDUNI,Reino,17.56
POT_CASALDUNI,San Bartolomeo in Galdo,52.78
POT_CASALDUNI,San Giorgio La Molara,39.47
POT_CASALDUNI,San Giorgio del Sannio,31.32
POT_CASALDUNI,San Leucio del Sannio,27.85
POT_CASALDUNI,San Lorenzello,20.06
POT_CASALDUNI,San Lorenzo Maggiore,10.89
POT_CASALDUNI,San Lupo,8.59
POT_CASALDUNI,San Marco dei Cavoti,27.09
POT_CASALDUNI,San Martino Sannita,31.49
POT_CASALDUNI,San Nazzaro,33.36
POT_CASALDUNI,San Nicola Manfredi,31.05
POT_CASALDUNI,Sant'Agata de' Goti,39.5
POT_CASALDUNI,Sant'Angelo a Cupolo,31.02
POT_CASALDUNI,Sant'Arcangelo Trimonte,40.48
POT_CASALDUNI,Santa Croce del Sannio,22.54
POT_CASALDUNI,Sassinoro,19.3
POT_CASALDUNI,Solopaca,21.06
POT_CASALDUNI,Telese Terme,22.79
POT_CASALDUNI,Tocco Caudio,29.32
POT_CASTELFRANCO_IN_MISCANO,Airola,71.04
POT_CASTELFRANCO_IN_MISCANO,Limatola,89.65
POT_CASTELFRANCO_IN_MISCANO,San Giorgio Del Sannio,51.4
POT_CASTELFRANCO_IN_MISCANO,San Salvatore Telesino,72.47
POT_CASTELFRANCO_IN_MISCANO,Benevento,60.42
POT_CASTELFRANCO_IN_MISCANO,Cerreto Sannita,73.38
POT_CASTELFRANCO_IN_MISCANO,Ginestra Degli Schiavoni,5.93
POT_CASTELFRANCO_IN_MISCANO,Morcone,73.25
POT_CASTELFRANCO_IN_MISCANO,San Bartolomeo In Galdo,24.86
POT_CASTELFRANCO_IN_MISCANO,Vitulano,57.73
POT_CASTELFRANCO_IN_MISCANO,San Marco Dei Cavoti,28.6
POT_CASTELFRANCO_IN_MISCANO,Torrecuso,58.35
POT_CASTELFRANCO_IN_MISCANO,Amorosi,76.81
POT_CASTELFRANCO_IN_MISCANO,Apice,39.52
POT_CASTELFRANCO_IN_MISCANO,Apollosa,53.72
POT_CASTELFRANCO_IN_MISCANO,Arpaia,72.07
POT_CASTELFRANCO_IN_MISCANO,Arpaise,58.31
POT_CASTELFRANCO_IN_MISCANO,Baselice,25.64
POT_CASTELFRANCO_IN_MISCANO,Bonea,65.9
POT_CASTELFRANCO_IN_MISCANO,Bucciano,69.53
POT_CASTELFRANCO_IN_MISCANO,Buonalbergo,18.46
POT_CASTELFRANCO_IN_MISCANO,Calvi,52.31
POT_CASTELFRANCO_IN_MISCANO,Campolattaro,62.49
POT_CASTELFRANCO_IN_MISCANO,Campoli del Monte Taburno,59.89
POT_CASTELFRANCO_IN_MISCANO,Casalduni,61.38
POT_CASTELFRANCO_IN_MISCANO,Castelfranco in Miscano,0.0
POT_CASTELFRANCO_IN_MISCANO,Castelpagano,40.68
POT_CASTELFRANCO_IN_MISCANO,Castelpoto,58.07
POT_CASTELFRANCO_IN_MISCANO,Castelvenere,70.55
POT_CASTELFRANCO_IN_MISCANO,Castelvetere in Val Fortore,40.75
POT_CASTELFRANCO_IN_MISCANO,Cautano,57.75
POT_CASTELFRANCO_IN_MISCANO,Ceppaloni,55.19
POT_CASTELFRANCO_IN_MISCANO,Circello,38.94
POT_CASTELFRANCO_IN_MISCANO,Colle Sannita,36.18
POT_CASTELFRANCO_IN_MISCANO,Cusano Mutri,81.85
POT_CASTELFRANCO_IN_MISCANO,Dugenta,81.29
POT_CASTELFRANCO_IN_MISCANO,Durazzano,91.74
POT_CASTELFRANCO_IN_MISCANO,Faicchio,78.31
POT_CASTELFRANCO_IN_MISCANO,Foglianise,54.93
POT_CASTELFRANCO_IN_MISCANO,Foiano di Val Fortore,22.19
POT_CASTELFRANCO_IN_MISCANO,Forchia,73.2
POT_CASTELFRANCO_IN_MISCANO,Fragneto Monforte,59.64
POT_CASTELFRANCO_IN_MISCANO,Fragneto l'Abate,45.07
POT_CASTELFRANCO_IN_MISCANO,Frasso Telesino,74.23
POT_CASTELFRANCO_IN_MISCANO,Ginestra degli Schiavoni,5.93
POT_CASTELFRANCO_IN_MISCANO,Guardia Sanframondi,67.63
POT_CASTELFRANCO_IN_MISCANO,Melizzano,73.61
POT_CASTELFRANCO_IN_MISCANO,Moiano,74.8
POT_CASTELFRANCO_IN_MISCANO,Molinara,25.11
POT_CASTELFRANCO_IN_MISCANO,Montefalcone di Val Fortore,10.09
POT_CASTELFRANCO_IN_MISCANO,Montesarchio,63.58
POT_CASTELFRANCO_IN_MISCANO,Paduli,30.86
POT_CASTELFRANCO_IN_MISCANO,Pago Veiano,34.54
POT_CASTELFRANCO_IN_MISCANO,Pannarano,62.57
POT_CASTELFRANCO_IN_MISCANO,Paolisi,70.12
POT_CASTELFRANCO_IN_MISCANO,Paupisi,58.43
POT_CASTELFRANCO_IN_MISCANO,Pesco Sannita,55.22
POT_CASTELFRANCO_IN_MISCANO,Pietraroja,88.13
POT_CASTELFRANCO_IN_MISCANO,Pietrelcina,38.12
POT_CASTELFRANCO_IN_MISCANO,Ponte,55.27
POT_CASTELFRANCO_IN_MISCANO,Pontelandolfo,66.09
POT_CASTELFRANCO_IN_MISCANO,Puglianello,76.8
POT_CASTELFRANCO_IN_MISCANO,Reino,34.98
POT_CASTELFRANCO_IN_MISCANO,San Bartolomeo in Galdo,24.86
POT_CASTELFRANCO_IN_MISCANO,San Giorgio La Molara,21.53
POT_CASTELFRANCO_IN_MISCANO,San Giorgio del Sannio,51.4
POT_CASTELFRANCO_IN_MISCANO,San Leucio del Sannio,51.65
POT_CASTELFRANCO_IN_MISCANO,San Lorenzello,73.91
POT_CASTELFRANCO_IN_MISCANO,San Lorenzo Maggiore,63.95
POT_CASTELFRANCO_IN_MISCANO,San Lupo,64.49
POT_CASTELFRANCO_IN_MISCANO,San Marco dei Cavoti,28.6
POT_CASTELFRANCO_IN_MISCANO,San Martino Sannita,51.57
POT_CASTELFRANCO_IN_MISCANO,San Nazzaro,53.44
POT_CASTELFRANCO_IN_MISCANO,San Nicola Manfredi,51.13
POT_CASTELFRANCO_IN_MISCANO,Sant'Agata de' Goti,85.32
POT_CASTELFRANCO_IN_MISCANO,Sant'Angelo a Cupolo,50.88
POT_CASTELFRANCO_IN_MISCANO,Sant'Arcangelo Trimonte,29.65
POT_CASTELFRANCO_IN_MISCANO,Santa Croce del Sannio,51.51
POT_CASTELFRANCO_IN_MISCANO,Sassinoro,75.87
POT_CASTELFRANCO_IN_MISCANO,Solopaca,66.88
POT_CASTELFRANCO_IN_MISCANO,Telese Terme,68.6
POT_CASTELFRANCO_IN_MISCANO,Tocco Caudio,61.27
POT_CASTELPAGANO,Airola,68.8
POT_CASTELPAGANO,Limatola,85.73
POT_CASTELPAGANO,San Giorgio Del Sannio,52.53
POT_CASTELPAGANO,San Salvatore Telesino,68.56
POT_CASTELPAGANO,Benevento,36.12
POT_CASTELPAGANO,Cerreto Sannita,49.71
POT_CASTELPAGANO,Ginestra Degli Schiavoni,40.19
POT_CASTELPAGANO,Morcone,22.68
POT_CASTELPAGANO,San Bartolomeo In Galdo,31.25
POT_CASTELPAGANO,Vitulano,53.55
POT_CASTELPAGANO,San Marco Dei Cavoti,19.14
POT_CASTELPAGANO,Torrecuso,54.43
POT_CASTELPAGANO,Amorosi,72.9
POT_CASTELPAGANO,Apice,55.7
POT_CASTELPAGANO,Apollosa,51.48
POT_CASTELPAGANO,Arpaia,69.83
POT_CASTELPAGANO,Arpaise,58.96
POT_CASTELPAGANO,Baselice,23.42
POT_CASTELPAGANO,Bonea,63.67
POT_CASTELPAGANO,Bucciano,67.3
POT_CASTELPAGANO,Buonalbergo,40.29
POT_CASTELPAGANO,Calvi,53.44
POT_CASTELPAGANO,Campolattaro,31.37
POT_CASTELPAGANO,Campoli del Monte Taburno,55.71
POT_CASTELPAGANO,Casalduni,35.78
POT_CASTELPAGANO,Castelfranco in Miscano,41.07
POT_CASTELPAGANO,Castelpagano,0.0
POT_CASTELPAGANO,Castelpoto,49.0
POT_CASTELPAGANO,Castelvenere,49.83
POT_CASTELPAGANO,Castelvetere in Val Fortore,19.61
POT_CASTELPAGANO,Cautano,53.56
POT_CASTELPAGANO,Ceppaloni,55.36
POT_CASTELPAGANO,Circello,9.42
POT_CASTELPAGANO,Colle Sannita,6.66
POT_CASTELPAGANO,Cusano Mutri,45.33
POT_CASTELPAGANO,Dugenta,77.38
POT_CASTELPAGANO,Durazzano,87.83
POT_CASTELPAGANO,Faicchio,57.21
POT_CASTELPAGANO,Foglianise,50.75
POT_CASTELPAGANO,Foiano di Val Fortore,23.66
POT_CASTELPAGANO,Forchia,70.97
POT_CASTELPAGANO,Fragneto Monforte,25.11
POT_CASTELPAGANO,Fragneto l'Abate,22.52
POT_CASTELPAGANO,Frasso Telesino,70.31
POT_CASTELPAGANO,Ginestra degli Schiavoni,40.19
POT_CASTELPAGANO,Guardia Sanframondi,42.83
POT_CASTELPAGANO,Melizzano,69.69
POT_CASTELPAGANO,Moiano,72.56
POT_CASTELPAGANO,Molinara,24.25
POT_CASTELPAGANO,Montefalcone di Val Fortore,30.99
POT_CASTELPAGANO,Montesarchio,61.34
POT_CASTELPAGANO,Paduli,53.27
POT_CASTELPAGANO,Pago Veiano,32.95
POT_CASTELPAGANO,Pannarano,60.34
POT_CASTELPAGANO,Paolisi,67.89
POT_CASTELPAGANO,Paupisi,54.51
POT_CASTELPAGANO,Pesco Sannita,27.4
POT_CASTELPAGANO,Pietraroja,37.56
POT_CASTELPAGANO,Pietrelcina,32.95
POT_CASTELPAGANO,Ponte,36.2
POT_CASTELPAGANO,Pontelandolfo,29.65
POT_CASTELPAGANO,Puglianello,72.88
POT_CASTELPAGANO,Reino,16.7
POT_CASTELPAGANO,San Bartolomeo in Galdo,31.25
POT_CASTELPAGANO,San Giorgio La Molara,28.62
POT_CASTELPAGANO,San Giorgio del Sannio,52.53
POT_CASTELPAGANO,San Leucio del Sannio,50.39
POT_CASTELPAGANO,San Lorenzello,50.06
POT_CASTELPAGANO,San Lorenzo Maggiore,40.88
POT_CASTELPAGANO,San Lupo,38.59
POT_CASTELPAGANO,San Marco dei Cavoti,19.14
POT_CASTELPAGANO,San Martino Sannita,52.7
POT_CASTELPAGANO,San Nazzaro,54.57
POT_CASTELPAGANO,San Nicola Manfredi,52.26
POT_CASTELPAGANO,Sant'Agata de' Goti,81.4
POT_CASTELPAGANO,Sant'Angelo a Cupolo,50.28
POT_CASTELPAGANO,Sant'Arcangelo Trimonte,43.3
POT_CASTELPAGANO,Santa Croce del Sannio,10.93
POT_CASTELPAGANO,Sassinoro,20.5
POT_CASTELPAGANO,Solopaca,62.96
POT_CASTELPAGANO,Telese Terme,64.68
POT_CASTELPAGANO,Tocco Caudio,57.09
POT_CASTELPOTO,Airola,18.98
POT_CASTELPOTO,Limatola,38.4
POT_CASTELPOTO,San Giorgio Del Sannio,23.39
POT_CASTELPOTO,San Salvatore Telesino,33.11
POT_CASTELPOTO,Benevento,18.74
POT_CASTELPOTO,Cerreto Sannita,34.02
POT_CASTELPOTO,Ginestra Degli Schiavoni,55.94
POT_CASTELPOTO,Morcone,33.31
POT_CASTELPOTO,San Bartolomeo In Galdo,61.73
POT_CASTELPOTO,Vitulano,8.84
POT_CASTELPOTO,San Marco Dei Cavoti,36.04
POT_CASTELPOTO,Torrecuso,10.34
POT_CASTELPOTO,Amorosi,37.46
POT_CASTELPOTO,Apice,34.78
POT_CASTELPOTO,Apollosa,9.97
POT_CASTELPOTO,Arpaia,20.38
POT_CASTELPOTO,Arpaise,21.62
POT_CASTELPOTO,Baselice,52.97
POT_CASTELPOTO,Bonea,12.13
POT_CASTELPOTO,Bucciano,16.73
POT_CASTELPOTO,Buonalbergo,40.0
POT_CASTELPOTO,Calvi,24.3
POT_CASTELPOTO,Campolattaro,22.55
POT_CASTELPOTO,Campoli del Monte Taburno,7.47
POT_CASTELPOTO,Casalduni,21.46
POT_CASTELPOTO,Castelfranco in Miscano,57.78
POT_CASTELPOTO,Castelpagano,49.41
POT_CASTELPOTO,Castelpoto,0.0
POT_CASTELPOTO,Castelvenere,31.19
POT_CASTELPOTO,Castelvetere in Val Fortore,60.06
POT_CASTELPOTO,Cautano,8.85
POT_CASTELPOTO,Ceppaloni,21.15
POT_CASTELPOTO,Circello,42.08
POT_CASTELPOTO,Colle Sannita,42.91
POT_CASTELPOTO,Cusano Mutri,42.49
POT_CASTELPOTO,Dugenta,35.11
POT_CASTELPOTO,Durazzano,32.86
POT_CASTELPOTO,Faicchio,38.95
POT_CASTELPOTO,Foglianise,6.03
POT_CASTELPOTO,Foiano di Val Fortore,50.23
POT_CASTELPOTO,Forchia,21.52
POT_CASTELPOTO,Fragneto Monforte,19.69
POT_CASTELPOTO,Fragneto l'Abate,21.29
POT_CASTELPOTO,Frasso Telesino,22.53
POT_CASTELPOTO,Ginestra degli Schiavoni,55.94
POT_CASTELPOTO,Guardia Sanframondi,28.27
POT_CASTELPOTO,Melizzano,25.51
POT_CASTELPOTO,Moiano,20.18
POT_CASTELPOTO,Molinara,38.83
POT_CASTELPOTO,Montefalcone di Val Fortore,53.82
POT_CASTELPOTO,Montesarchio,11.79
POT_CASTELPOTO,Paduli,28.19
POT_CASTELPOTO,Pago Veiano,26.15
POT_CASTELPOTO,Pannarano,22.99
POT_CASTELPOTO,Paolisi,18.44
POT_CASTELPOTO,Paupisi,12.41
POT_CASTELPOTO,Pesco Sannita,22.51
POT_CASTELPOTO,Pietraroja,48.19
POT_CASTELPOTO,Pietrelcina,20.05
POT_CASTELPOTO,Ponte,14.3
POT_CASTELPOTO,Pontelandolfo,26.14
POT_CASTELPOTO,Puglianello,37.44
POT_CASTELPOTO,Reino,32.86
POT_CASTELPOTO,San Bartolomeo in Galdo,61.73
POT_CASTELPOTO,San Giorgio La Molara,44.01
POT_CASTELPOTO,San Giorgio del Sannio,23.39
POT_CASTELPOTO,San Leucio del Sannio,14.04
POT_CASTELPOTO,San Lorenzello,34.55
POT_CASTELPOTO,San Lorenzo Maggiore,24.6
POT_CASTELPOTO,San Lupo,25.14
POT_CASTELPOTO,San Marco dei Cavoti,36.04
POT_CASTELPOTO,San Martino Sannita,23.13
POT_CASTELPOTO,San Nazzaro,25.43
POT_CASTELPOTO,San Nicola Manfredi,22.69
POT_CASTELPOTO,Sant'Agata de' Goti,27.11
POT_CASTELPOTO,Sant'Angelo a Cupolo,22.13
POT_CASTELPOTO,Sant'Arcangelo Trimonte,36.61
POT_CASTELPOTO,Santa Croce del Sannio,39.16
POT_CASTELPOTO,Sassinoro,35.93
POT_CASTELPOTO,Solopaca,27.52
POT_CASTELPOTO,Telese Terme,29.24
POT_CASTELPOTO,Tocco Caudio,8.9
POT_CASTELVENERE,Airola,28.09
POT_CASTELVENERE,Limatola,22.01
POT_CASTELVENERE,San Giorgio Del Sannio,40.9
POT_CASTELVENERE,San Salvatore Telesino,5.01
POT_CASTELVENERE,Benevento,24.35
POT_CASTELVENERE,Cerreto Sannita,9.11
POT_CASTELVENERE,Ginestra Degli Schiavoni,69.39
POT_CASTELVENERE,Morcone,34.26
POT_CASTELVENERE,San Bartolomeo In Galdo,80.2
POT_CASTELVENERE,Vitulano,20.47
POT_CASTELVENERE,San Marco Dei Cavoti,54.51
POT_CASTELVENERE,Torrecuso,18.55
POT_CASTELVENERE,Amorosi,9.18
POT_CASTELVENERE,Apice,44.06
POT_CASTELVENERE,Apollosa,38.53
POT_CASTELVENERE,Arpaia,33.33
POT_CASTELVENERE,Arpaise,46.01
POT_CASTELVENERE,Baselice,71.44
POT_CASTELVENERE,Bonea,31.63
POT_CASTELVENERE,Bucciano,26.77
POT_CASTELVENERE,Buonalbergo,53.45
POT_CASTELVENERE,Calvi,41.81
POT_CASTELVENERE,Campolattaro,28.54
POT_CASTELVENERE,Campoli del Monte Taburno,27.48
POT_CASTELVENERE,Casalduni,20.75
POT_CASTELVENERE,Castelfranco in Miscano,71.23
POT_CASTELVENERE,Castelpagano,50.89
POT_CASTELVENERE,Castelpoto,31.58
POT_CASTELVENERE,Castelvenere,0.0
POT_CASTELVENERE,Castelvetere in Val Fortore,78.53
POT_CASTELVENERE,Cautano,25.33
POT_CASTELVENERE,Ceppaloni,42.4
POT_CASTELVENERE,Circello,60.55
POT_CASTELVENERE,Colle Sannita,61.38
POT_CASTELVENERE,Cusano Mutri,17.58
POT_CASTELVENERE,Dugenta,15.96
POT_CASTELVENERE,Durazzano,31.34
POT_CASTELVENERE,Faicchio,10.85
POT_CASTELVENERE,Foglianise,22.81
POT_CASTELVENERE,Foiano di Val Fortore,68.69
POT_CASTELVENERE,Forchia,34.47
POT_CASTELVENERE,Fragneto Monforte,33.13
POT_CASTELVENERE,Fragneto l'Abate,34.73
POT_CASTELVENERE,Frasso Telesino,13.34
POT_CASTELVENERE,Ginestra degli Schiavoni,69.39
POT_CASTELVENERE,Guardia Sanframondi,7.57
POT_CASTELVENERE,Melizzano,12.72
POT_CASTELVENERE,Moiano,26.32
POT_CASTELVENERE,Molinara,57.29
POT_CASTELVENERE,Montefalcone di Val Fortore,67.27
POT_CASTELVENERE,Montesarchio,33.37
POT_CASTELVENERE,Paduli,41.64
POT_CASTELVENERE,Pago Veiano,44.61
POT_CASTELVENERE,Pannarano,47.38
POT_CASTELVENERE,Paolisi,31.38
POT_CASTELVENERE,Paupisi,16.21
POT_CASTELVENERE,Pesco Sannita,40.97
POT_CASTELVENERE,Pietraroja,20.29
POT_CASTELVENERE,Pietrelcina,38.51
POT_CASTELVENERE,Ponte,19.21
POT_CASTELVENERE,Pontelandolfo,22.23
POT_CASTELVENERE,Puglianello,9.47
POT_CASTELVENERE,Reino,51.33
POT_CASTELVENERE,San Bartolomeo in Galdo,80.2
POT_CASTELVENERE,San Giorgio La Molara,57.45
POT_CASTELVENERE,San Giorgio del Sannio,40.9
POT_CASTELVENERE,San Leucio del Sannio,37.43
POT_CASTELVENERE,San Lorenzello,6.84
POT_CASTELVENERE,San Lorenzo Maggiore,9.38
POT_CASTELVENERE,San Lupo,12.16
POT_CASTELVENERE,San Marco dei Cavoti,54.51
POT_CASTELVENERE,San Martino Sannita,41.06
POT_CASTELVENERE,San Nazzaro,42.94
POT_CASTELVENERE,San Nicola Manfredi,40.62
POT_CASTELVENERE,Sant'Agata de' Goti,24.91
POT_CASTELVENERE,Sant'Angelo a Cupolo,40.59
POT_CASTELVENERE,Sant'Arcangelo Trimonte,50.06
POT_CASTELVENERE,Santa Croce del Sannio,40.11
POT_CASTELVENERE,Sassinoro,36.88
POT_CASTELVENERE,Solopaca,7.42
POT_CASTELVENERE,Telese Terme,3.26
POT_CASTELVENERE,Tocco Caudio,28.85
POT_CASTELVETERE_IN_VAL_FORTORE,Airola,79.5
POT_CASTELVETERE_IN_VAL_FORTORE,Limatola,96.43
POT_CASTELVETERE_IN_VAL_FORTORE,San Giorgio Del Sannio,63.23
POT_CASTELVETERE_IN_VAL_FORTORE,San Salvatore Telesino,79.25
POT_CASTELVETERE_IN_VAL_FORTORE,Benevento,42.3
POT_CASTELVETERE_IN_VAL_FORTORE,Cerreto Sannita,70.22
POT_CASTELVETERE_IN_VAL_FORTORE,Ginestra Degli Schiavoni,41.4
POT_CASTELVETERE_IN_VAL_FORTORE,Morcone,43.19
POT_CASTELVETERE_IN_VAL_FORTORE,San Bartolomeo In Galdo,14.09
POT_CASTELVETERE_IN_VAL_FORTORE,Vitulano,64.25
POT_CASTELVETERE_IN_VAL_FORTORE,San Marco Dei Cavoti,24.57
POT_CASTELVETERE_IN_VAL_FORTORE,Torrecuso,65.13
POT_CASTELVETERE_IN_VAL_FORTORE,Amorosi,83.6
POT_CASTELVETERE_IN_VAL_FORTORE,Apice,58.6
POT_CASTELVETERE_IN_VAL_FORTORE,Apollosa,62.18
POT_CASTELVETERE_IN_VAL_FORTORE,Arpaia,80.53
POT_CASTELVETERE_IN_VAL_FORTORE,Arpaise,69.66
POT_CASTELVETERE_IN_VAL_FORTORE,Baselice,13.46
POT_CASTELVETERE_IN_VAL_FORTORE,Bonea,74.37
POT_CASTELVETERE_IN_VAL_FORTORE,Bucciano,78.0
POT_CASTELVETERE_IN_VAL_FORTORE,Buonalbergo,45.72
POT_CASTELVETERE_IN_VAL_FORTORE,Calvi,64.14
POT_CASTELVETERE_IN_VAL_FORTORE,Campolattaro,42.09
POT_CASTELVETERE_IN_VAL_FORTORE,Campoli del Monte Taburno,66.41
POT_CASTELVETERE_IN_VAL_FORTORE,Casalduni,43.94
POT_CASTELVETERE_IN_VAL_FORTORE,Castelfranco in Miscano,40.77
POT_CASTELVETERE_IN_VAL_FORTORE,Castelpagano,19.53
POT_CASTELVETERE_IN_VAL_FORTORE,Castelpoto,59.7
POT_CASTELVETERE_IN_VAL_FORTORE,Castelvenere,77.34
POT_CASTELVETERE_IN_VAL_FORTORE,Castelvetere in Val Fortore,0.0
POT_CASTELVETERE_IN_VAL_FORTORE,Cautano,64.26
POT_CASTELVETERE_IN_VAL_FORTORE,Ceppaloni,66.05
POT_CASTELVETERE_IN_VAL_FORTORE,Circello,20.12
POT_CASTELVETERE_IN_VAL_FORTORE,Colle Sannita,17.36
POT_CASTELVETERE_IN_VAL_FORTORE,Cusano Mutri,65.83
POT_CASTELVETERE_IN_VAL_FORTORE,Dugenta,88.08
POT_CASTELVETERE_IN_VAL_FORTORE,Durazzano,98.53
POT_CASTELVETERE_IN_VAL_FORTORE,Faicchio,85.09
POT_CASTELVETERE_IN_VAL_FORTORE,Foglianise,61.45
POT_CASTELVETERE_IN_VAL_FORTORE,Foiano di Val Fortore,19.79
POT_CASTELVETERE_IN_VAL_FORTORE,Forchia,81.67
POT_CASTELVETERE_IN_VAL_FORTORE,Fragneto Monforte,35.8
POT_CASTELVETERE_IN_VAL_FORTORE,Fragneto l'Abate,33.21
POT_CASTELVETERE_IN_VAL_FORTORE,Frasso Telesino,81.01
POT_CASTELVETERE_IN_VAL_FORTORE,Ginestra degli Schiavoni,41.4
POT_CASTELVETERE_IN_VAL_FORTORE,Guardia Sanframondi,63.34
POT_CASTELVETERE_IN_VAL_FORTORE,Melizzano,80.39
POT_CASTELVETERE_IN_VAL_FORTORE,Moiano,83.26
POT_CASTELVETERE_IN_VAL_FORTORE,Molinara,29.69
POT_CASTELVETERE_IN_VAL_FORTORE,Montefalcone di Val Fortore,33.07
POT_CASTELVETERE_IN_VAL_FORTORE,Montesarchio,72.04
POT_CASTELVETERE_IN_VAL_FORTORE,Paduli,49.93
POT_CASTELVETERE_IN_VAL_FORTORE,Pago Veiano,38.39
POT_CASTELVETERE_IN_VAL_FORTORE,Pannarano,71.04
POT_CASTELVETERE_IN_VAL_FORTORE,Paolisi,78.59
POT_CASTELVETERE_IN_VAL_FORTORE,Paupisi,65.21
POT_CASTELVETERE_IN_VAL_FORTORE,Pesco Sannita,38.1
POT_CASTELVETERE_IN_VAL_FORTORE,Pietraroja,58.07
POT_CASTELVETERE_IN_VAL_FORTORE,Pietrelcina,43.65
POT_CASTELVETERE_IN_VAL_FORTORE,Ponte,46.9
POT_CASTELVETERE_IN_VAL_FORTORE,Pontelandolfo,50.16
POT_CASTELVETERE_IN_VAL_FORTORE,Puglianello,83.58
POT_CASTELVETERE_IN_VAL_FORTORE,Reino,27.4
POT_CASTELVETERE_IN_VAL_FORTORE,San Bartolomeo in Galdo,14.09
POT_CASTELVETERE_IN_VAL_FORTORE,San Giorgio La Molara,34.05
POT_CASTELVETERE_IN_VAL_FORTORE,San Giorgio del Sannio,63.23
POT_CASTELVETERE_IN_VAL_FORTORE,San Leucio del Sannio,61.08
POT_CASTELVETERE_IN_VAL_FORTORE,San Lorenzello,70.56
POT_CASTELVETERE_IN_VAL_FORTORE,San Lorenzo Maggiore,70.74
POT_CASTELVETERE_IN_VAL_FORTORE,San Lupo,59.1
POT_CASTELVETERE_IN_VAL_FORTORE,San Marco dei Cavoti,24.57
POT_CASTELVETERE_IN_VAL_FORTORE,San Martino Sannita,63.4
POT_CASTELVETERE_IN_VAL_FORTORE,San Nazzaro,65.27
POT_CASTELVETERE_IN_VAL_FORTORE,San Nicola Manfredi,62.96
POT_CASTELVETERE_IN_VAL_FORTORE,Sant'Agata de' Goti,92.1
POT_CASTELVETERE_IN_VAL_FORTORE,Sant'Angelo a Cupolo,60.98
POT_CASTELVETERE_IN_VAL_FORTORE,Sant'Arcangelo Trimonte,48.73
POT_CASTELVETERE_IN_VAL_FORTORE,Santa Croce del Sannio,31.44
POT_CASTELVETERE_IN_VAL_FORTORE,Sassinoro,41.0
POT_CASTELVETERE_IN_VAL_FORTORE,Solopaca,73.66
POT_CASTELVETERE_IN_VAL_FORTORE,Telese Terme,75.38
POT_CASTELVETERE_IN_VAL_FORTORE,Tocco Caudio,67.79
POT_CAUTANO,Airola,19.13
POT_CAUTANO,Limatola,32.69
POT_CAUTANO,San Giorgio Del Sannio,27.97
POT_CAUTANO,San Salvatore Telesino,28.27
POT_CAUTANO,Benevento,23.66
POT_CAUTANO,Cerreto Sannita,29.18
POT_CAUTANO,Ginestra Degli Schiavoni,56.47
POT_CAUTANO,Morcone,38.22
POT_CAUTANO,San Bartolomeo In Galdo,66.65
POT_CAUTANO,Vitulano,5.15
POT_CAUTANO,San Marco Dei Cavoti,40.96
POT_CAUTANO,Torrecuso,8.9
POT_CAUTANO,Amorosi,23.47
POT_CAUTANO,Apice,31.14
POT_CAUTANO,Apollosa,15.75
POT_CAUTANO,Arpaia,21.05
POT_CAUTANO,Arpaise,25.45
POT_CAUTANO,Baselice,57.89
POT_CAUTANO,Bonea,12.02
POT_CAUTANO,Bucciano,16.88
POT_CAUTANO,Buonalbergo,40.53
POT_CAUTANO,Calvi,28.89
POT_CAUTANO,Campolattaro,27.46
POT_CAUTANO,Campoli del Monte Taburno,3.48
POT_CAUTANO,Casalduni,26.37
POT_CAUTANO,Castelfranco in Miscano,58.3
POT_CAUTANO,Castelpagano,54.32
POT_CAUTANO,Castelpoto,9.25
POT_CAUTANO,Castelvenere,24.9
POT_CAUTANO,Castelvetere in Val Fortore,64.97
POT_CAUTANO,Cautano,0.0
POT_CAUTANO,Ceppaloni,30.13
POT_CAUTANO,Circello,46.99
POT_CAUTANO,Colle Sannita,47.82
POT_CAUTANO,Cusano Mutri,37.65
POT_CAUTANO,Dugenta,26.46
POT_CAUTANO,Durazzano,29.74
POT_CAUTANO,Faicchio,34.11
POT_CAUTANO,Foglianise,4.35
POT_CAUTANO,Foiano di Val Fortore,55.14
POT_CAUTANO,Forchia,22.19
POT_CAUTANO,Fragneto Monforte,24.61
POT_CAUTANO,Fragneto l'Abate,26.21
POT_CAUTANO,Frasso Telesino,13.87
POT_CAUTANO,Ginestra degli Schiavoni,56.47
POT_CAUTANO,Guardia Sanframondi,23.43
POT_CAUTANO,Melizzano,16.86
POT_CAUTANO,Moiano,20.33
POT_CAUTANO,Molinara,43.74
POT_CAUTANO,Montefalcone di Val Fortore,54.34
POT_CAUTANO,Montesarchio,12.86
POT_CAUTANO,Paduli,28.72
POT_CAUTANO,Pago Veiano,31.06
POT_CAUTANO,Pannarano,23.13
POT_CAUTANO,Paolisi,19.1
POT_CAUTANO,Paupisi,10.69
POT_CAUTANO,Pesco Sannita,27.42
POT_CAUTANO,Pietraroja,53.1
POT_CAUTANO,Pietrelcina,24.96
POT_CAUTANO,Ponte,19.21
POT_CAUTANO,Pontelandolfo,31.06
POT_CAUTANO,Puglianello,26.69
POT_CAUTANO,Reino,37.78
POT_CAUTANO,San Bartolomeo in Galdo,66.65
POT_CAUTANO,San Giorgio La Molara,44.53
POT_CAUTANO,San Giorgio del Sannio,27.97
POT_CAUTANO,San Leucio del Sannio,25.16
POT_CAUTANO,San Lorenzello,29.71
POT_CAUTANO,San Lorenzo Maggiore,19.76
POT_CAUTANO,San Lupo,24.18
POT_CAUTANO,San Marco dei Cavoti,40.96
POT_CAUTANO,San Martino Sannita,28.14
POT_CAUTANO,San Nazzaro,30.02
POT_CAUTANO,San Nicola Manfredi,27.7
POT_CAUTANO,Sant'Agata de' Goti,23.32
POT_CAUTANO,Sant'Angelo a Cupolo,26.24
POT_CAUTANO,Sant'Arcangelo Trimonte,37.14
POT_CAUTANO,Santa Croce del Sannio,44.07
POT_CAUTANO,Sassinoro,40.84
POT_CAUTANO,Solopaca,21.62
POT_CAUTANO,Telese Terme,24.65
POT_CAUTANO,Tocco Caudio,4.09
POT_CEPPALONI,Airola,24.68
POT_CEPPALONI,Limatola,46.3
POT_CEPPALONI,San Giorgio Del Sannio,20.29
POT_CEPPALONI,San Salvatore Telesino,44.65
POT_CEPPALONI,Benevento,32.59
POT_CEPPALONI,Cerreto Sannita,45.56
POT_CEPPALONI,Ginestra Degli Schiavoni,52.84
POT_CEPPALONI,Morcone,45.43
POT_CEPPALONI,San Bartolomeo In Galdo,67.97
POT_CEPPALONI,Vitulano,29.41
POT_CEPPALONI,San Marco Dei Cavoti,42.28
POT_CEPPALONI,Torrecuso,30.53
POT_CEPPALONI,Amorosi,48.99
POT_CEPPALONI,Apice,31.67
POT_CEPPALONI,Apollosa,11.29
POT_CEPPALONI,Arpaia,24.4
POT_CEPPALONI,Arpaise,4.11
POT_CEPPALONI,Baselice,59.21
POT_CEPPALONI,Bonea,17.81
POT_CEPPALONI,Bucciano,21.44
POT_CEPPALONI,Buonalbergo,36.9
POT_CEPPALONI,Calvi,21.2
POT_CEPPALONI,Campolattaro,34.67
POT_CEPPALONI,Campoli del Monte Taburno,22.11
POT_CEPPALONI,Casalduni,33.56
POT_CEPPALONI,Castelfranco in Miscano,54.68
POT_CEPPALONI,Castelpagano,55.64
POT_CEPPALONI,Castelpoto,21.17
POT_CEPPALONI,Castelvenere,42.73
POT_CEPPALONI,Castelvetere in Val Fortore,66.3
POT_CEPPALONI,Cautano,29.42
POT_CEPPALONI,Ceppaloni,0.0
POT_CEPPALONI,Circello,48.32
POT_CEPPALONI,Colle Sannita,49.15
POT_CEPPALONI,Cusano Mutri,54.02
POT_CEPPALONI,Dugenta,40.38
POT_CEPPALONI,Durazzano,39.81
POT_CEPPALONI,Faicchio,50.49
POT_CEPPALONI,Foglianise,26.61
POT_CEPPALONI,Foiano di Val Fortore,56.47
POT_CEPPALONI,Forchia,25.53
POT_CEPPALONI,Fragneto Monforte,31.82
POT_CEPPALONI,Fragneto l'Abate,32.07
POT_CEPPALONI,Frasso Telesino,38.06
POT_CEPPALONI,Ginestra degli Schiavoni,52.84
POT_CEPPALONI,Guardia Sanframondi,39.81
POT_CEPPALONI,Melizzano,45.79
POT_CEPPALONI,Moiano,27.13
POT_CEPPALONI,Molinara,39.15
POT_CEPPALONI,Montefalcone di Val Fortore,50.72
POT_CEPPALONI,Montesarchio,15.49
POT_CEPPALONI,Paduli,25.09
POT_CEPPALONI,Pago Veiano,32.39
POT_CEPPALONI,Pannarano,10.05
POT_CEPPALONI,Paolisi,22.45
POT_CEPPALONI,Paupisi,30.6
POT_CEPPALONI,Pesco Sannita,28.74
POT_CEPPALONI,Pietraroja,60.31
POT_CEPPALONI,Pietrelcina,26.29
POT_CEPPALONI,Ponte,27.45
POT_CEPPALONI,Pontelandolfo,38.27
POT_CEPPALONI,Puglianello,48.97
POT_CEPPALONI,Reino,39.1
POT_CEPPALONI,San Bartolomeo in Galdo,67.97
POT_CEPPALONI,San Giorgio La Molara,40.9
POT_CEPPALONI,San Giorgio del Sannio,20.29
POT_CEPPALONI,San Leucio del Sannio,5.26
POT_CEPPALONI,San Lorenzello,46.08
POT_CEPPALONI,San Lorenzo Maggiore,36.13
POT_CEPPALONI,San Lupo,36.67
POT_CEPPALONI,San Marco dei Cavoti,42.28
POT_CEPPALONI,San Martino Sannita,14.14
POT_CEPPALONI,San Nazzaro,17.95
POT_CEPPALONI,San Nicola Manfredi,11.94
POT_CEPPALONI,Sant'Agata de' Goti,34.06
POT_CEPPALONI,Sant'Angelo a Cupolo,10.67
POT_CEPPALONI,Sant'Arcangelo Trimonte,33.51
POT_CEPPALONI,Santa Croce del Sannio,51.28
POT_CEPPALONI,Sassinoro,48.05
POT_CEPPALONI,Solopaca,39.05
POT_CEPPALONI,Telese Terme,40.78
POT_CEPPALONI,Tocco Caudio,22.14
POT_CIRCELLO,Airola,61.72
POT_CIRCELLO,Limatola,78.65
POT_CIRCELLO,San Giorgio Del Sannio,45.45
POT_CIRCELLO,San Salvatore Telesino,61.47
POT_CIRCELLO,Benevento,21.47
POT_CIRCELLO,Cerreto Sannita,49.09
POT_CIRCELLO,Ginestra Degli Schiavoni,38.72
POT_CIRCELLO,Morcone,22.07
POT_CIRCELLO,San Bartolomeo In Galdo,29.64
POT_CIRCELLO,Vitulano,46.47
POT_CIRCELLO,San Marco Dei Cavoti,16.11
POT_CIRCELLO,Torrecuso,47.35
POT_CIRCELLO,Amorosi,65.81
POT_CIRCELLO,Apice,48.61
POT_CIRCELLO,Apollosa,44.4
POT_CIRCELLO,Arpaia,62.75
POT_CIRCELLO,Arpaise,51.88
POT_CIRCELLO,Baselice,21.95
POT_CIRCELLO,Bonea,56.58
POT_CIRCELLO,Bucciano,60.21
POT_CIRCELLO,Buonalbergo,33.74
POT_CIRCELLO,Calvi,46.36
POT_CIRCELLO,Campolattaro,13.5
POT_CIRCELLO,Campoli del Monte Taburno,48.63
POT_CIRCELLO,Casalduni,21.13
POT_CIRCELLO,Castelfranco in Miscano,39.6
POT_CIRCELLO,Castelpagano,9.71
POT_CIRCELLO,Castelpoto,41.91
POT_CIRCELLO,Castelvenere,59.55
POT_CIRCELLO,Castelvetere in Val Fortore,20.36
POT_CIRCELLO,Cautano,46.48
POT_CIRCELLO,Ceppaloni,48.27
POT_CIRCELLO,Circello,0.0
POT_CIRCELLO,Colle Sannita,3.21
POT_CIRCELLO,Cusano Mutri,44.71
POT_CIRCELLO,Dugenta,70.29
POT_CIRCELLO,Durazzano,80.74
POT_CIRCELLO,Faicchio,67.31
POT_CIRCELLO,Foglianise,43.67
POT_CIRCELLO,Foiano di Val Fortore,22.19
POT_CIRCELLO,Forchia,63.88
POT_CIRCELLO,Fragneto Monforte,18.02
POT_CIRCELLO,Fragneto l'Abate,15.43
POT_CIRCELLO,Frasso Telesino,63.23
POT_CIRCELLO,Ginestra degli Schiavoni,38.72
POT_CIRCELLO,Guardia Sanframondi,42.21
POT_CIRCELLO,Melizzano,62.61
POT_CIRCELLO,Moiano,65.48
POT_CIRCELLO,Molinara,18.9
POT_CIRCELLO,Montefalcone di Val Fortore,29.52
POT_CIRCELLO,Montesarchio,54.25
POT_CIRCELLO,Paduli,46.19
POT_CIRCELLO,Pago Veiano,30.24
POT_CIRCELLO,Pannarano,53.25
POT_CIRCELLO,Paolisi,60.8
POT_CIRCELLO,Paupisi,47.42
POT_CIRCELLO,Pesco Sannita,20.32
POT_CIRCELLO,Pietraroja,36.95
POT_CIRCELLO,Pietrelcina,25.87
POT_CIRCELLO,Ponte,29.11
POT_CIRCELLO,Pontelandolfo,29.03
POT_CIRCELLO,Puglianello,65.8
POT_CIRCELLO,Reino,9.62
POT_CIRCELLO,San Bartolomeo in Galdo,29.64
POT_CIRCELLO,San Giorgio La Molara,27.15
POT_CIRCELLO,San Giorgio del Sannio,45.45
POT_CIRCELLO,San Leucio del Sannio,43.3
POT_CIRCELLO,San Lorenzello,49.44
POT_CIRCELLO,San Lorenzo Maggiore,40.27
POT_CIRCELLO,San Lupo,37.97
POT_CIRCELLO,San Marco dei Cavoti,16.11
POT_CIRCELLO,San Martino Sannita,45.61
POT_CIRCELLO,San Nazzaro,47.49
POT_CIRCELLO,San Nicola Manfredi,45.17
POT_CIRCELLO,Sant'Agata de' Goti,74.32
POT_CIRCELLO,Sant'Angelo a Cupolo,43.19
POT_CIRCELLO,Sant'Arcangelo Trimonte,36.75
POT_CIRCELLO,Santa Croce del Sannio,10.32
POT_CIRCELLO,Sassinoro,19.88
POT_CIRCELLO,Solopaca,55.87
POT_CIRCELLO,Telese Terme,57.6
POT_CIRCELLO,Tocco Caudio,50.01
POT_COLLE_SANNITA,Airola,62.87
POT_COLLE_SANNITA,Limatola,79.8
POT_COLLE_SANNITA,San Giorgio Del Sannio,46.6
POT_COLLE_SANNITA,San Salvatore Telesino,62.62
POT_COLLE_SANNITA,Benevento,25.66
POT_COLLE_SANNITA,Cerreto Sannita,63.53
POT_COLLE_SANNITA,Ginestra Degli Schiavoni,35.63
POT_COLLE_SANNITA,Morcone,29.19
POT_COLLE_SANNITA,San Bartolomeo In Galdo,26.54
POT_COLLE_SANNITA,Vitulano,47.62
POT_COLLE_SANNITA,San Marco Dei Cavoti,14.58
POT_COLLE_SANNITA,Torrecuso,48.5
POT_COLLE_SANNITA,Amorosi,66.97
POT_COLLE_SANNITA,Apice,49.76
POT_COLLE_SANNITA,Apollosa,45.55
POT_COLLE_SANNITA,Arpaia,63.9
POT_COLLE_SANNITA,Arpaise,53.03
POT_COLLE_SANNITA,Baselice,18.86
POT_COLLE_SANNITA,Bonea,57.73
POT_COLLE_SANNITA,Bucciano,61.36
POT_COLLE_SANNITA,Buonalbergo,35.73
POT_COLLE_SANNITA,Calvi,47.51
POT_COLLE_SANNITA,Campolattaro,25.45
POT_COLLE_SANNITA,Campoli del Monte Taburno,49.78
POT_COLLE_SANNITA,Casalduni,27.31
POT_COLLE_SANNITA,Castelfranco in Miscano,36.51
POT_COLLE_SANNITA,Castelpagano,6.61
POT_COLLE_SANNITA,Castelpoto,43.06
POT_COLLE_SANNITA,Castelvenere,60.7
POT_COLLE_SANNITA,Castelvetere in Val Fortore,17.27
POT_COLLE_SANNITA,Cautano,47.63
POT_COLLE_SANNITA,Ceppaloni,49.42
POT_COLLE_SANNITA,Circello,3.49
POT_COLLE_SANNITA,Colle Sannita,0.0
POT_COLLE_SANNITA,Cusano Mutri,51.83
POT_COLLE_SANNITA,Dugenta,71.45
POT_COLLE_SANNITA,Durazzano,81.9
POT_COLLE_SANNITA,Faicchio,68.46
POT_COLLE_SANNITA,Foglianise,44.82
POT_COLLE_SANNITA,Foiano di Val Fortore,19.1
POT_COLLE_SANNITA,Forchia,65.04
POT_COLLE_SANNITA,Fragneto Monforte,19.17
POT_COLLE_SANNITA,Fragneto l'Abate,16.58
POT_COLLE_SANNITA,Frasso Telesino,64.38
POT_COLLE_SANNITA,Ginestra degli Schiavoni,35.63
POT_COLLE_SANNITA,Guardia Sanframondi,42.23
POT_COLLE_SANNITA,Melizzano,63.76
POT_COLLE_SANNITA,Moiano,66.63
POT_COLLE_SANNITA,Molinara,19.7
POT_COLLE_SANNITA,Montefalcone di Val Fortore,26.43
POT_COLLE_SANNITA,Montesarchio,55.41
POT_COLLE_SANNITA,Paduli,47.34
POT_COLLE_SANNITA,Pago Veiano,28.4
POT_COLLE_SANNITA,Pannarano,54.4
POT_COLLE_SANNITA,Paolisi,61.95
POT_COLLE_SANNITA,Paupisi,48.58
POT_COLLE_SANNITA,Pesco Sannita,21.47
POT_COLLE_SANNITA,Pietraroja,44.07
POT_COLLE_SANNITA,Pietrelcina,27.02
POT_COLLE_SANNITA,Ponte,30.26
POT_COLLE_SANNITA,Pontelandolfo,29.05
POT_COLLE_SANNITA,Puglianello,66.95
POT_COLLE_SANNITA,Reino,10.77
POT_COLLE_SANNITA,San Bartolomeo in Galdo,26.54
POT_COLLE_SANNITA,San Giorgio La Molara,24.06
POT_COLLE_SANNITA,San Giorgio del Sannio,46.6
POT_COLLE_SANNITA,San Leucio del Sannio,44.45
POT_COLLE_SANNITA,San Lorenzello,64.06
POT_COLLE_SANNITA,San Lorenzo Maggiore,54.11
POT_COLLE_SANNITA,San Lupo,37.99
POT_COLLE_SANNITA,San Marco dei Cavoti,14.58
POT_COLLE_SANNITA,San Martino Sannita,46.77
POT_COLLE_SANNITA,San Nazzaro,48.64
POT_COLLE_SANNITA,San Nicola Manfredi,46.33
POT_COLLE_SANNITA,Sant'Agata de' Goti,75.47
POT_COLLE_SANNITA,Sant'Angelo a Cupolo,44.34
POT_COLLE_SANNITA,Sant'Arcangelo Trimonte,38.74
POT_COLLE_SANNITA,Santa Croce del Sannio,17.44
POT_COLLE_SANNITA,Sassinoro,27.0
POT_COLLE_SANNITA,Solopaca,57.03
POT_COLLE_SANNITA,Telese Terme,58.75
POT_COLLE_SANNITA,Tocco Caudio,51.16
POT_CUSANO_MUTRI,Airola,45.79
POT_CUSANO_MUTRI,Limatola,34.53
POT_CUSANO_MUTRI,San Giorgio Del Sannio,51.62
POT_CUSANO_MUTRI,San Salvatore Telesino,16.57
POT_CUSANO_MUTRI,Benevento,30.68
POT_CUSANO_MUTRI,Cerreto Sannita,8.22
POT_CUSANO_MUTRI,Ginestra Degli Schiavoni,80.12
POT_CUSANO_MUTRI,Morcone,22.92
POT_CUSANO_MUTRI,San Bartolomeo In Galdo,90.92
POT_CUSANO_MUTRI,Vitulano,33.26
POT_CUSANO_MUTRI,San Marco Dei Cavoti,65.23
POT_CUSANO_MUTRI,Torrecuso,29.3
POT_CUSANO_MUTRI,Amorosi,21.7
POT_CUSANO_MUTRI,Apice,54.79
POT_CUSANO_MUTRI,Apollosa,49.25
POT_CUSANO_MUTRI,Arpaia,51.03
POT_CUSANO_MUTRI,Arpaise,56.73
POT_CUSANO_MUTRI,Baselice,82.16
POT_CUSANO_MUTRI,Bonea,49.32
POT_CUSANO_MUTRI,Bucciano,44.47
POT_CUSANO_MUTRI,Buonalbergo,64.17
POT_CUSANO_MUTRI,Calvi,52.53
POT_CUSANO_MUTRI,Campolattaro,35.33
POT_CUSANO_MUTRI,Campoli del Monte Taburno,39.39
POT_CUSANO_MUTRI,Casalduni,27.53
POT_CUSANO_MUTRI,Castelfranco in Miscano,81.95
POT_CUSANO_MUTRI,Castelpagano,44.48
POT_CUSANO_MUTRI,Castelpoto,42.3
POT_CUSANO_MUTRI,Castelvenere,16.25
POT_CUSANO_MUTRI,Castelvetere in Val Fortore,65.14
POT_CUSANO_MUTRI,Cautano,37.24
POT_CUSANO_MUTRI,Ceppaloni,53.13
POT_CUSANO_MUTRI,Circello,44.23
POT_CUSANO_MUTRI,Colle Sannita,51.08
POT_CUSANO_MUTRI,Cusano Mutri,0.0
POT_CUSANO_MUTRI,Dugenta,32.12
POT_CUSANO_MUTRI,Durazzano,47.5
POT_CUSANO_MUTRI,Faicchio,17.62
POT_CUSANO_MUTRI,Foglianise,33.55
POT_CUSANO_MUTRI,Foiano di Val Fortore,79.42
POT_CUSANO_MUTRI,Forchia,52.16
POT_CUSANO_MUTRI,Fragneto Monforte,43.86
POT_CUSANO_MUTRI,Fragneto l'Abate,45.46
POT_CUSANO_MUTRI,Frasso Telesino,31.03
POT_CUSANO_MUTRI,Ginestra degli Schiavoni,80.12
POT_CUSANO_MUTRI,Guardia Sanframondi,14.7
POT_CUSANO_MUTRI,Melizzano,30.41
POT_CUSANO_MUTRI,Moiano,44.01
POT_CUSANO_MUTRI,Molinara,68.02
POT_CUSANO_MUTRI,Montefalcone di Val Fortore,77.99
POT_CUSANO_MUTRI,Montesarchio,59.11
POT_CUSANO_MUTRI,Paduli,52.36
POT_CUSANO_MUTRI,Pago Veiano,55.34
POT_CUSANO_MUTRI,Pannarano,58.11
POT_CUSANO_MUTRI,Paolisi,49.08
POT_CUSANO_MUTRI,Paupisi,26.96
POT_CUSANO_MUTRI,Pesco Sannita,51.7
POT_CUSANO_MUTRI,Pietraroja,7.71
POT_CUSANO_MUTRI,Pietrelcina,49.24
POT_CUSANO_MUTRI,Ponte,29.93
POT_CUSANO_MUTRI,Pontelandolfo,29.01
POT_CUSANO_MUTRI,Puglianello,21.94
POT_CUSANO_MUTRI,Reino,62.05
POT_CUSANO_MUTRI,San Bartolomeo in Galdo,90.92
POT_CUSANO_MUTRI,San Giorgio La Molara,68.18
POT_CUSANO_MUTRI,San Giorgio del Sannio,51.62
POT_CUSANO_MUTRI,San Leucio del Sannio,48.16
POT_CUSANO_MUTRI,San Lorenzello,9.98
POT_CUSANO_MUTRI,San Lorenzo Maggiore,18.61
POT_CUSANO_MUTRI,San Lupo,18.94
POT_CUSANO_MUTRI,San Marco dei Cavoti,65.23
POT_CUSANO_MUTRI,San Martino Sannita,51.79
POT_CUSANO_MUTRI,San Nazzaro,53.66
POT_CUSANO_MUTRI,San Nicola Manfredi,51.35
POT_CUSANO_MUTRI,Sant'Agata de' Goti,41.08
POT_CUSANO_MUTRI,Sant'Angelo a Cupolo,51.32
POT_CUSANO_MUTRI,Sant'Arcangelo Trimonte,60.78
POT_CUSANO_MUTRI,Santa Croce del Sannio,33.7
POT_CUSANO_MUTRI,Sassinoro,29.65
POT_CUSANO_MUTRI,Solopaca,23.68
POT_CUSANO_MUTRI,Telese Terme,19.28
POT_CUSANO_MUTRI,Tocco Caudio,40.76
POT_DUGENTA,Airola,16.81
POT_DUGENTA,Limatola,6.24
POT_DUGENTA,San Giorgio Del Sannio,56.87
POT_DUGENTA,San Salvatore Telesino,15.61
POT_DUGENTA,Benevento,40.32
POT_DUGENTA,Cerreto Sannita,24.35
POT_DUGENTA,Ginestra Degli Schiavoni,85.36
POT_DUGENTA,Morcone,62.72
POT_DUGENTA,San Bartolomeo In Galdo,96.17
POT_DUGENTA,Vitulano,27.03
POT_DUGENTA,San Marco Dei Cavoti,70.48
POT_DUGENTA,Torrecuso,34.52
POT_DUGENTA,Amorosi,11.47
POT_DUGENTA,Apice,60.03
POT_DUGENTA,Apollosa,29.64
POT_DUGENTA,Arpaia,22.05
POT_DUGENTA,Arpaise,36.01
POT_DUGENTA,Baselice,87.41
POT_DUGENTA,Bonea,20.35
POT_DUGENTA,Bucciano,15.49
POT_DUGENTA,Buonalbergo,69.42
POT_DUGENTA,Calvi,57.78
POT_DUGENTA,Campolattaro,51.96
POT_DUGENTA,Campoli del Monte Taburno,26.92
POT_DUGENTA,Casalduni,41.29
POT_DUGENTA,Castelfranco in Miscano,87.2
POT_DUGENTA,Castelpagano,83.84
POT_DUGENTA,Castelpoto,34.86
POT_DUGENTA,Castelvenere,16.54
POT_DUGENTA,Castelvetere in Val Fortore,94.5
POT_DUGENTA,Cautano,26.87
POT_DUGENTA,Ceppaloni,39.97
POT_DUGENTA,Circello,76.52
POT_DUGENTA,Colle Sannita,77.35
POT_DUGENTA,Cusano Mutri,32.82
POT_DUGENTA,Dugenta,0.0
POT_DUGENTA,Durazzano,15.94
POT_DUGENTA,Faicchio,20.23
POT_DUGENTA,Foglianise,29.97
POT_DUGENTA,Foiano di Val Fortore,84.66
POT_DUGENTA,Forchia,23.19
POT_DUGENTA,Fragneto Monforte,49.1
POT_DUGENTA,Fragneto l'Abate,50.7
POT_DUGENTA,Frasso Telesino,12.5
POT_DUGENTA,Ginestra degli Schiavoni,85.36
POT_DUGENTA,Guardia Sanframondi,22.82
POT_DUGENTA,Melizzano,9.57
POT_DUGENTA,Moiano,16.76
POT_DUGENTA,Molinara,73.26
POT_DUGENTA,Montefalcone di Val Fortore,83.24
POT_DUGENTA,Montesarchio,22.09
POT_DUGENTA,Paduli,57.61
POT_DUGENTA,Pago Veiano,60.59
POT_DUGENTA,Pannarano,32.66
POT_DUGENTA,Paolisi,20.1
POT_DUGENTA,Paupisi,32.18
POT_DUGENTA,Pesco Sannita,56.94
POT_DUGENTA,Pietraroja,35.53
POT_DUGENTA,Pietrelcina,54.48
POT_DUGENTA,Ponte,35.18
POT_DUGENTA,Pontelandolfo,37.47
POT_DUGENTA,Puglianello,14.62
POT_DUGENTA,Reino,67.3
POT_DUGENTA,San Bartolomeo in Galdo,96.17
POT_DUGENTA,San Giorgio La Molara,73.42
POT_DUGENTA,San Giorgio del Sannio,56.87
POT_DUGENTA,San Leucio del Sannio,53.4
POT_DUGENTA,San Lorenzello,22.94
POT_DUGENTA,San Lorenzo Maggiore,24.62
POT_DUGENTA,San Lupo,27.41
POT_DUGENTA,San Marco dei Cavoti,70.48
POT_DUGENTA,San Martino Sannita,57.03
POT_DUGENTA,San Nazzaro,58.91
POT_DUGENTA,San Nicola Manfredi,56.6
POT_DUGENTA,Sant'Agata de' Goti,9.52
POT_DUGENTA,Sant'Angelo a Cupolo,56.56
POT_DUGENTA,Sant'Arcangelo Trimonte,66.03
POT_DUGENTA,Santa Croce del Sannio,68.57
POT_DUGENTA,Sassinoro,65.34
POT_DUGENTA,Solopaca,13.97
POT_DUGENTA,Telese Terme,13.12
POT_DUGENTA,Tocco Caudio,27.04
POT_DURAZZANO,Airola,16.35
POT_DURAZZANO,Limatola,21.89
POT_DURAZZANO,San Giorgio Del Sannio,52.56
POT_DURAZZANO,San Salvatore Telesino,30.65
POT_DURAZZANO,Benevento,45.12
POT_DURAZZANO,Cerreto Sannita,39.39
POT_DURAZZANO,Ginestra Degli Schiavoni,85.11
POT_DURAZZANO,Morcone,67.51
POT_DURAZZANO,San Bartolomeo In Galdo,100.96
POT_DURAZZANO,Vitulano,34.13
POT_DURAZZANO,San Marco Dei Cavoti,75.28
POT_DURAZZANO,Torrecuso,39.32
POT_DURAZZANO,Amorosi,26.51
POT_DURAZZANO,Apice,63.95
POT_DURAZZANO,Apollosa,30.32
POT_DURAZZANO,Arpaia,16.77
POT_DURAZZANO,Arpaise,35.64
POT_DURAZZANO,Baselice,92.21
POT_DURAZZANO,Bonea,21.03
POT_DURAZZANO,Bucciano,15.89
POT_DURAZZANO,Buonalbergo,69.17
POT_DURAZZANO,Calvi,53.47
POT_DURAZZANO,Campolattaro,56.75
POT_DURAZZANO,Campoli del Monte Taburno,29.71
POT_DURAZZANO,Casalduni,46.08
POT_DURAZZANO,Castelfranco in Miscano,86.95
POT_DURAZZANO,Castelpagano,88.64
POT_DURAZZANO,Castelpoto,32.92
POT_DURAZZANO,Castelvenere,31.58
POT_DURAZZANO,Castelvetere in Val Fortore,99.29
POT_DURAZZANO,Cautano,30.37
POT_DURAZZANO,Ceppaloni,39.6
POT_DURAZZANO,Circello,81.31
POT_DURAZZANO,Colle Sannita,82.14
POT_DURAZZANO,Cusano Mutri,47.86
POT_DURAZZANO,Dugenta,15.98
POT_DURAZZANO,Durazzano,0.0
POT_DURAZZANO,Faicchio,35.27
POT_DURAZZANO,Foglianise,33.46
POT_DURAZZANO,Foiano di Val Fortore,89.46
POT_DURAZZANO,Forchia,16.34
POT_DURAZZANO,Fragneto Monforte,53.9
POT_DURAZZANO,Fragneto l'Abate,55.5
POT_DURAZZANO,Frasso Telesino,17.58
POT_DURAZZANO,Ginestra degli Schiavoni,85.11
POT_DURAZZANO,Guardia Sanframondi,36.3
POT_DURAZZANO,Melizzano,20.31
POT_DURAZZANO,Moiano,13.1
POT_DURAZZANO,Molinara,78.06
POT_DURAZZANO,Montefalcone di Val Fortore,82.99
POT_DURAZZANO,Montesarchio,22.77
POT_DURAZZANO,Paduli,57.36
POT_DURAZZANO,Pago Veiano,65.38
POT_DURAZZANO,Pannarano,32.29
POT_DURAZZANO,Paolisi,19.73
POT_DURAZZANO,Paupisi,36.98
POT_DURAZZANO,Pesco Sannita,61.74
POT_DURAZZANO,Pietraroja,50.57
POT_DURAZZANO,Pietrelcina,59.28
POT_DURAZZANO,Ponte,39.97
POT_DURAZZANO,Pontelandolfo,49.16
POT_DURAZZANO,Puglianello,29.66
POT_DURAZZANO,Reino,72.1
POT_DURAZZANO,San Bartolomeo in Galdo,100.96
POT_DURAZZANO,San Giorgio La Molara,73.18
POT_DURAZZANO,San Giorgio del Sannio,52.56
POT_DURAZZANO,San Leucio del Sannio,39.15
POT_DURAZZANO,San Lorenzello,37.98
POT_DURAZZANO,San Lorenzo Maggiore,36.31
POT_DURAZZANO,San Lupo,39.09
POT_DURAZZANO,San Marco dei Cavoti,75.28
POT_DURAZZANO,San Martino Sannita,52.3
POT_DURAZZANO,San Nazzaro,55.74
POT_DURAZZANO,San Nicola Manfredi,51.86
POT_DURAZZANO,Sant'Agata de' Goti,6.26
POT_DURAZZANO,Sant'Angelo a Cupolo,52.34
POT_DURAZZANO,Sant'Arcangelo Trimonte,65.78
POT_DURAZZANO,Santa Croce del Sannio,73.37
POT_DURAZZANO,Sassinoro,70.13
POT_DURAZZANO,Solopaca,25.24
POT_DURAZZANO,Telese Terme,28.16
POT_DURAZZANO,Tocco Caudio,29.74
POT_FAICCHIO,Airola,37.68
POT_FAICCHIO,Limatola,23.89
POT_FAICCHIO,San Giorgio Del Sannio,48.12
POT_FAICCHIO,San Salvatore Telesino,6.13
POT_FAICCHIO,Benevento,31.58
POT_FAICCHIO,Cerreto Sannita,9.64
POT_FAICCHIO,Ginestra Degli Schiavoni,76.62
POT_FAICCHIO,Morcone,26.29
POT_FAICCHIO,San Bartolomeo In Galdo,87.42
POT_FAICCHIO,Vitulano,27.69
POT_FAICCHIO,San Marco Dei Cavoti,61.73
POT_FAICCHIO,Torrecuso,25.78
POT_FAICCHIO,Amorosi,10.91
POT_FAICCHIO,Apice,51.29
POT_FAICCHIO,Apollosa,45.75
POT_FAICCHIO,Arpaia,42.92
POT_FAICCHIO,Arpaise,53.23
POT_FAICCHIO,Baselice,78.66
POT_FAICCHIO,Bonea,41.21
POT_FAICCHIO,Bucciano,36.36
POT_FAICCHIO,Buonalbergo,60.67
POT_FAICCHIO,Calvi,49.03
POT_FAICCHIO,Campolattaro,43.21
POT_FAICCHIO,Campoli del Monte Taburno,34.7
POT_FAICCHIO,Casalduni,27.16
POT_FAICCHIO,Castelfranco in Miscano,78.45
POT_FAICCHIO,Castelpagano,57.31
POT_FAICCHIO,Castelpoto,38.8
POT_FAICCHIO,Castelvenere,9.62
POT_FAICCHIO,Castelvetere in Val Fortore,85.75
POT_FAICCHIO,Cautano,32.55
POT_FAICCHIO,Ceppaloni,49.63
POT_FAICCHIO,Circello,67.77
POT_FAICCHIO,Colle Sannita,68.6
POT_FAICCHIO,Cusano Mutri,18.15
POT_FAICCHIO,Dugenta,21.17
POT_FAICCHIO,Durazzano,36.56
POT_FAICCHIO,Faicchio,0.0
POT_FAICCHIO,Foglianise,30.04
POT_FAICCHIO,Foiano di Val Fortore,75.92
POT_FAICCHIO,Forchia,44.05
POT_FAICCHIO,Fragneto Monforte,40.36
POT_FAICCHIO,Fragneto l'Abate,41.96
POT_FAICCHIO,Frasso Telesino,23.65
POT_FAICCHIO,Ginestra degli Schiavoni,76.62
POT_FAICCHIO,Guardia Sanframondi,14.33
POT_FAICCHIO,Melizzano,20.72
POT_FAICCHIO,Moiano,37.38
POT_FAICCHIO,Molinara,64.52
POT_FAICCHIO,Montefalcone di Val Fortore,74.49
POT_FAICCHIO,Montesarchio,42.95
POT_FAICCHIO,Paduli,48.86
POT_FAICCHIO,Pago Veiano,51.84
POT_FAICCHIO,Pannarano,54.61
POT_FAICCHIO,Paolisi,40.97
POT_FAICCHIO,Paupisi,23.44
POT_FAICCHIO,Pesco Sannita,48.2
POT_FAICCHIO,Pietraroja,20.87
POT_FAICCHIO,Pietrelcina,45.74
POT_FAICCHIO,Ponte,26.43
POT_FAICCHIO,Pontelandolfo,28.64
POT_FAICCHIO,Puglianello,8.68
POT_FAICCHIO,Reino,58.55
POT_FAICCHIO,San Bartolomeo in Galdo,87.42
POT_FAICCHIO,San Giorgio La Molara,64.68
POT_FAICCHIO,San Giorgio del Sannio,48.12
POT_FAICCHIO,San Leucio del Sannio,44.66
POT_FAICCHIO,San Lorenzello,8.34
POT_FAICCHIO,San Lorenzo Maggiore,17.1
POT_FAICCHIO,San Lupo,18.58
POT_FAICCHIO,San Marco dei Cavoti,61.73
POT_FAICCHIO,San Martino Sannita,48.29
POT_FAICCHIO,San Nazzaro,50.16
POT_FAICCHIO,San Nicola Manfredi,47.85
POT_FAICCHIO,Sant'Agata de' Goti,30.13
POT_FAICCHIO,Sant'Angelo a Cupolo,47.82
POT_FAICCHIO,Sant'Arcangelo Trimonte,57.28
POT_FAICCHIO,Santa Croce del Sannio,46.52
POT_FAICCHIO,Sassinoro,43.29
POT_FAICCHIO,Solopaca,16.94
POT_FAICCHIO,Telese Terme,9.74
POT_FAICCHIO,Tocco Caudio,36.08
POT_FOGLIANISE,Airola,21.67
POT_FOGLIANISE,Limatola,36.37
POT_FOGLIANISE,San Giorgio Del Sannio,24.74
POT_FOGLIANISE,San Salvatore Telesino,24.15
POT_FOGLIANISE,Benevento,15.92
POT_FOGLIANISE,Cerreto Sannita,25.06
POT_FOGLIANISE,Ginestra Degli Schiavoni,53.24
POT_FOGLIANISE,Morcone,34.99
POT_FOGLIANISE,San Bartolomeo In Galdo,63.41
POT_FOGLIANISE,Vitulano,3.38
POT_FOGLIANISE,San Marco Dei Cavoti,37.73
POT_FOGLIANISE,Torrecuso,4.5
POT_FOGLIANISE,Amorosi,28.49
POT_FOGLIANISE,Apice,27.91
POT_FOGLIANISE,Apollosa,11.95
POT_FOGLIANISE,Arpaia,23.59
POT_FOGLIANISE,Arpaise,30.51
POT_FOGLIANISE,Baselice,54.66
POT_FOGLIANISE,Bonea,14.57
POT_FOGLIANISE,Bucciano,19.42
POT_FOGLIANISE,Buonalbergo,37.3
POT_FOGLIANISE,Calvi,25.65
POT_FOGLIANISE,Campolattaro,24.23
POT_FOGLIANISE,Campoli del Monte Taburno,6.02
POT_FOGLIANISE,Casalduni,16.88
POT_FOGLIANISE,Castelfranco in Miscano,55.07
POT_FOGLIANISE,Castelpagano,51.09
POT_FOGLIANISE,Castelpoto,6.02
POT_FOGLIANISE,Castelvenere,22.23
POT_FOGLIANISE,Castelvetere in Val Fortore,61.74
POT_FOGLIANISE,Cautano,3.88
POT_FOGLIANISE,Ceppaloni,26.9
POT_FOGLIANISE,Circello,43.76
POT_FOGLIANISE,Colle Sannita,44.59
POT_FOGLIANISE,Cusano Mutri,33.52
POT_FOGLIANISE,Dugenta,30.14
POT_FOGLIANISE,Durazzano,33.42
POT_FOGLIANISE,Faicchio,29.99
POT_FOGLIANISE,Foglianise,0.0
POT_FOGLIANISE,Foiano di Val Fortore,51.91
POT_FOGLIANISE,Forchia,24.73
POT_FOGLIANISE,Fragneto Monforte,21.38
POT_FOGLIANISE,Fragneto l'Abate,22.97
POT_FOGLIANISE,Frasso Telesino,17.56
POT_FOGLIANISE,Ginestra degli Schiavoni,53.24
POT_FOGLIANISE,Guardia Sanframondi,19.31
POT_FOGLIANISE,Melizzano,20.54
POT_FOGLIANISE,Moiano,22.87
POT_FOGLIANISE,Molinara,40.51
POT_FOGLIANISE,Montefalcone di Val Fortore,51.11
POT_FOGLIANISE,Montesarchio,15.4
POT_FOGLIANISE,Paduli,25.49
POT_FOGLIANISE,Pago Veiano,27.83
POT_FOGLIANISE,Pannarano,25.67
POT_FOGLIANISE,Paolisi,21.65
POT_FOGLIANISE,Paupisi,6.56
POT_FOGLIANISE,Pesco Sannita,24.19
POT_FOGLIANISE,Pietraroja,36.23
POT_FOGLIANISE,Pietrelcina,21.73
POT_FOGLIANISE,Ponte,10.77
POT_FOGLIANISE,Pontelandolfo,27.82
POT_FOGLIANISE,Puglianello,28.47
POT_FOGLIANISE,Reino,34.55
POT_FOGLIANISE,San Bartolomeo in Galdo,63.41
POT_FOGLIANISE,San Giorgio La Molara,41.3
POT_FOGLIANISE,San Giorgio del Sannio,24.74
POT_FOGLIANISE,San Leucio del Sannio,21.93
POT_FOGLIANISE,San Lorenzello,25.58
POT_FOGLIANISE,San Lorenzo Maggiore,15.63
POT_FOGLIANISE,San Lupo,20.0
POT_FOGLIANISE,San Marco dei Cavoti,37.73
POT_FOGLIANISE,San Martino Sannita,24.91
POT_FOGLIANISE,San Nazzaro,26.79
POT_FOGLIANISE,San Nicola Manfredi,24.47
POT_FOGLIANISE,Sant'Agata de' Goti,27.0
POT_FOGLIANISE,Sant'Angelo a Cupolo,23.01
POT_FOGLIANISE,Sant'Arcangelo Trimonte,33.9
POT_FOGLIANISE,Santa Croce del Sannio,40.84
POT_FOGLIANISE,Sassinoro,37.61
POT_FOGLIANISE,Solopaca,18.55
POT_FOGLIANISE,Telese Terme,20.27
POT_FOGLIANISE,Tocco Caudio,7.4
POT_FOIANO_DI_VAL_FORTORE,Airola,69.98
POT_FOIANO_DI_VAL_FORTORE,Limatola,86.91
POT_FOIANO_DI_VAL_FORTORE,San Giorgio Del Sannio,53.71
POT_FOIANO_DI_VAL_FORTORE,San Salvatore Telesino,69.73
POT_FOIANO_DI_VAL_FORTORE,Benevento,38.82
POT_FOIANO_DI_VAL_FORTORE,Cerreto Sannita,70.64
POT_FOIANO_DI_VAL_FORTORE,Ginestra Degli Schiavoni,21.75
POT_FOIANO_DI_VAL_FORTORE,Morcone,49.37
POT_FOIANO_DI_VAL_FORTORE,San Bartolomeo In Galdo,11.66
POT_FOIANO_DI_VAL_FORTORE,Vitulano,54.73
POT_FOIANO_DI_VAL_FORTORE,San Marco Dei Cavoti,14.36
POT_FOIANO_DI_VAL_FORTORE,Torrecuso,55.61
POT_FOIANO_DI_VAL_FORTORE,Amorosi,74.08
POT_FOIANO_DI_VAL_FORTORE,Apice,39.73
POT_FOIANO_DI_VAL_FORTORE,Apollosa,52.66
POT_FOIANO_DI_VAL_FORTORE,Arpaia,71.01
POT_FOIANO_DI_VAL_FORTORE,Arpaise,60.14
POT_FOIANO_DI_VAL_FORTORE,Baselice,6.9
POT_FOIANO_DI_VAL_FORTORE,Bonea,64.84
POT_FOIANO_DI_VAL_FORTORE,Bucciano,68.47
POT_FOIANO_DI_VAL_FORTORE,Buonalbergo,21.8
POT_FOIANO_DI_VAL_FORTORE,Calvi,54.62
POT_FOIANO_DI_VAL_FORTORE,Campolattaro,38.61
POT_FOIANO_DI_VAL_FORTORE,Campoli del Monte Taburno,56.89
POT_FOIANO_DI_VAL_FORTORE,Casalduni,40.46
POT_FOIANO_DI_VAL_FORTORE,Castelfranco in Miscano,22.1
POT_FOIANO_DI_VAL_FORTORE,Castelpagano,23.27
POT_FOIANO_DI_VAL_FORTORE,Castelpoto,50.17
POT_FOIANO_DI_VAL_FORTORE,Castelvenere,67.81
POT_FOIANO_DI_VAL_FORTORE,Castelvetere in Val Fortore,19.79
POT_FOIANO_DI_VAL_FORTORE,Cautano,54.74
POT_FOIANO_DI_VAL_FORTORE,Ceppaloni,56.53
POT_FOIANO_DI_VAL_FORTORE,Circello,21.53
POT_FOIANO_DI_VAL_FORTORE,Colle Sannita,18.77
POT_FOIANO_DI_VAL_FORTORE,Cusano Mutri,79.11
POT_FOIANO_DI_VAL_FORTORE,Dugenta,78.56
POT_FOIANO_DI_VAL_FORTORE,Durazzano,89.01
POT_FOIANO_DI_VAL_FORTORE,Faicchio,75.57
POT_FOIANO_DI_VAL_FORTORE,Foglianise,51.93
POT_FOIANO_DI_VAL_FORTORE,Foiano di Val Fortore,0.0
POT_FOIANO_DI_VAL_FORTORE,Forchia,72.15
POT_FOIANO_DI_VAL_FORTORE,Fragneto Monforte,32.12
POT_FOIANO_DI_VAL_FORTORE,Fragneto l'Abate,30.84
POT_FOIANO_DI_VAL_FORTORE,Frasso Telesino,71.49
POT_FOIANO_DI_VAL_FORTORE,Ginestra degli Schiavoni,21.75
POT_FOIANO_DI_VAL_FORTORE,Guardia Sanframondi,55.38
POT_FOIANO_DI_VAL_FORTORE,Melizzano,70.87
POT_FOIANO_DI_VAL_FORTORE,Moiano,73.74
POT_FOIANO_DI_VAL_FORTORE,Molinara,13.67
POT_FOIANO_DI_VAL_FORTORE,Montefalcone di Val Fortore,12.55
POT_FOIANO_DI_VAL_FORTORE,Montesarchio,62.52
POT_FOIANO_DI_VAL_FORTORE,Paduli,31.06
POT_FOIANO_DI_VAL_FORTORE,Pago Veiano,22.37
POT_FOIANO_DI_VAL_FORTORE,Pannarano,61.52
POT_FOIANO_DI_VAL_FORTORE,Paolisi,69.06
POT_FOIANO_DI_VAL_FORTORE,Paupisi,55.69
POT_FOIANO_DI_VAL_FORTORE,Pesco Sannita,28.82
POT_FOIANO_DI_VAL_FORTORE,Pietraroja,64.25
POT_FOIANO_DI_VAL_FORTORE,Pietrelcina,28.99
POT_FOIANO_DI_VAL_FORTORE,Ponte,52.53
POT_FOIANO_DI_VAL_FORTORE,Pontelandolfo,42.2
POT_FOIANO_DI_VAL_FORTORE,Puglianello,74.06
POT_FOIANO_DI_VAL_FORTORE,Reino,20.74
POT_FOIANO_DI_VAL_FORTORE,San Bartolomeo in Galdo,11.66
POT_FOIANO_DI_VAL_FORTORE,San Giorgio La Molara,18.03
POT_FOIANO_DI_VAL_FORTORE,San Giorgio del Sannio,53.71
POT_FOIANO_DI_VAL_FORTORE,San Leucio del Sannio,51.56
POT_FOIANO_DI_VAL_FORTORE,San Lorenzello,71.17
POT_FOIANO_DI_VAL_FORTORE,San Lorenzo Maggiore,61.22
POT_FOIANO_DI_VAL_FORTORE,San Lupo,51.14
POT_FOIANO_DI_VAL_FORTORE,San Marco dei Cavoti,14.36
POT_FOIANO_DI_VAL_FORTORE,San Martino Sannita,53.88
POT_FOIANO_DI_VAL_FORTORE,San Nazzaro,55.75
POT_FOIANO_DI_VAL_FORTORE,San Nicola Manfredi,53.44
POT_FOIANO_DI_VAL_FORTORE,Sant'Agata de' Goti,82.58
POT_FOIANO_DI_VAL_FORTORE,Sant'Angelo a Cupolo,51.45
POT_FOIANO_DI_VAL_FORTORE,Sant'Arcangelo Trimonte,29.86
POT_FOIANO_DI_VAL_FORTORE,Santa Croce del Sannio,34.1
POT_FOIANO_DI_VAL_FORTORE,Sassinoro,43.66
POT_FOIANO_DI_VAL_FORTORE,Solopaca,64.14
POT_FOIANO_DI_VAL_FORTORE,Telese Terme,65.86
POT_FOIANO_DI_VAL_FORTORE,Tocco Caudio,58.27
POT_FORCHIA,Airola,5.07
POT_FORCHIA,Limatola,29.34
POT_FORCHIA,San Giorgio Del Sannio,38.26
POT_FORCHIA,San Salvatore Telesino,38.45
POT_FORCHIA,Benevento,48.01
POT_FORCHIA,Cerreto Sannita,44.52
POT_FORCHIA,Ginestra Degli Schiavoni,70.82
POT_FORCHIA,Morcone,60.85
POT_FORCHIA,San Bartolomeo In Galdo,83.75
POT_FORCHIA,Vitulano,25.47
POT_FORCHIA,San Marco Dei Cavoti,58.07
POT_FORCHIA,Torrecuso,29.22
POT_FORCHIA,Amorosi,34.31
POT_FORCHIA,Apice,49.65
POT_FORCHIA,Apollosa,18.79
POT_FORCHIA,Arpaia,1.14
POT_FORCHIA,Arpaise,21.35
POT_FORCHIA,Baselice,75.0
POT_FORCHIA,Bonea,10.09
POT_FORCHIA,Bucciano,9.92
POT_FORCHIA,Buonalbergo,54.88
POT_FORCHIA,Calvi,39.18
POT_FORCHIA,Campolattaro,50.09
POT_FORCHIA,Campoli del Monte Taburno,18.77
POT_FORCHIA,Casalduni,48.98
POT_FORCHIA,Castelfranco in Miscano,72.65
POT_FORCHIA,Castelpagano,71.43
POT_FORCHIA,Castelpoto,21.39
POT_FORCHIA,Castelvenere,35.0
POT_FORCHIA,Castelvetere in Val Fortore,82.08
POT_FORCHIA,Cautano,21.65
POT_FORCHIA,Ceppaloni,25.3
POT_FORCHIA,Circello,64.1
POT_FORCHIA,Colle Sannita,64.93
POT_FORCHIA,Cusano Mutri,52.99
POT_FORCHIA,Dugenta,25.83
POT_FORCHIA,Durazzano,16.17
POT_FORCHIA,Faicchio,43.07
POT_FORCHIA,Foglianise,24.67
POT_FORCHIA,Foiano di Val Fortore,72.25
POT_FORCHIA,Forchia,0.0
POT_FORCHIA,Fragneto Monforte,47.24
POT_FORCHIA,Fragneto l'Abate,47.85
POT_FORCHIA,Frasso Telesino,21.45
POT_FORCHIA,Ginestra degli Schiavoni,70.82
POT_FORCHIA,Guardia Sanframondi,40.17
POT_FORCHIA,Melizzano,24.19
POT_FORCHIA,Moiano,10.52
POT_FORCHIA,Molinara,60.85
POT_FORCHIA,Montefalcone di Val Fortore,68.69
POT_FORCHIA,Montesarchio,10.28
POT_FORCHIA,Paduli,43.07
POT_FORCHIA,Pago Veiano,48.17
POT_FORCHIA,Pannarano,18.0
POT_FORCHIA,Paolisi,4.07
POT_FORCHIA,Paupisi,31.01
POT_FORCHIA,Pesco Sannita,44.53
POT_FORCHIA,Pietraroja,55.7
POT_FORCHIA,Pietrelcina,42.07
POT_FORCHIA,Ponte,42.87
POT_FORCHIA,Pontelandolfo,53.68
POT_FORCHIA,Puglianello,37.46
POT_FORCHIA,Reino,54.89
POT_FORCHIA,San Bartolomeo in Galdo,83.75
POT_FORCHIA,San Giorgio La Molara,58.88
POT_FORCHIA,San Giorgio del Sannio,38.26
POT_FORCHIA,San Leucio del Sannio,24.86
POT_FORCHIA,San Lorenzello,45.78
POT_FORCHIA,San Lorenzo Maggiore,40.18
POT_FORCHIA,San Lupo,42.97
POT_FORCHIA,San Marco dei Cavoti,58.07
POT_FORCHIA,San Martino Sannita,38.0
POT_FORCHIA,San Nazzaro,41.45
POT_FORCHIA,San Nicola Manfredi,37.56
POT_FORCHIA,Sant'Agata de' Goti,17.45
POT_FORCHIA,Sant'Angelo a Cupolo,38.04
POT_FORCHIA,Sant'Arcangelo Trimonte,51.49
POT_FORCHIA,Santa Croce del Sannio,66.7
POT_FORCHIA,Sassinoro,63.47
POT_FORCHIA,Solopaca,29.11
POT_FORCHIA,Telese Terme,32.14
POT_FORCHIA,Tocco Caudio,18.81
POT_FRAGNETO_MONFORTE,Airola,42.71
POT_FRAGNETO_MONFORTE,Limatola,50.14
POT_FRAGNETO_MONFORTE,San Giorgio Del Sannio,30.51
POT_FRAGNETO_MONFORTE,San Salvatore Telesino,32.97
POT_FRAGNETO_MONFORTE,Benevento,7.83
POT_FRAGNETO_MONFORTE,Cerreto Sannita,31.28
POT_FRAGNETO_MONFORTE,Ginestra Degli Schiavoni,59.01
POT_FRAGNETO_MONFORTE,Morcone,18.38
POT_FRAGNETO_MONFORTE,San Bartolomeo In Galdo,43.92
POT_FRAGNETO_MONFORTE,Vitulano,24.91
POT_FRAGNETO_MONFORTE,San Marco Dei Cavoti,18.23
POT_FRAGNETO_MONFORTE,Torrecuso,18.54
POT_FRAGNETO_MONFORTE,Amorosi,37.31
POT_FRAGNETO_MONFORTE,Apice,33.68
POT_FRAGNETO_MONFORTE,Apollosa,28.14
POT_FRAGNETO_MONFORTE,Arpaia,46.49
POT_FRAGNETO_MONFORTE,Arpaise,35.62
POT_FRAGNETO_MONFORTE,Baselice,35.16
POT_FRAGNETO_MONFORTE,Bonea,35.61
POT_FRAGNETO_MONFORTE,Bucciano,40.46
POT_FRAGNETO_MONFORTE,Buonalbergo,43.06
POT_FRAGNETO_MONFORTE,Calvi,31.42
POT_FRAGNETO_MONFORTE,Campolattaro,7.62
POT_FRAGNETO_MONFORTE,Campoli del Monte Taburno,27.07
POT_FRAGNETO_MONFORTE,Casalduni,9.48
POT_FRAGNETO_MONFORTE,Castelfranco in Miscano,60.84
POT_FRAGNETO_MONFORTE,Castelpagano,24.57
POT_FRAGNETO_MONFORTE,Castelpoto,20.35
POT_FRAGNETO_MONFORTE,Castelvenere,31.05
POT_FRAGNETO_MONFORTE,Castelvetere in Val Fortore,35.23
POT_FRAGNETO_MONFORTE,Cautano,24.92
POT_FRAGNETO_MONFORTE,Ceppaloni,32.02
POT_FRAGNETO_MONFORTE,Circello,17.25
POT_FRAGNETO_MONFORTE,Colle Sannita,18.08
POT_FRAGNETO_MONFORTE,Cusano Mutri,39.74
POT_FRAGNETO_MONFORTE,Dugenta,41.79
POT_FRAGNETO_MONFORTE,Durazzano,52.24
POT_FRAGNETO_MONFORTE,Faicchio,38.81
POT_FRAGNETO_MONFORTE,Foglianise,22.1
POT_FRAGNETO_MONFORTE,Foiano di Val Fortore,32.41
POT_FRAGNETO_MONFORTE,Forchia,47.63
POT_FRAGNETO_MONFORTE,Fragneto Monforte,0.0
POT_FRAGNETO_MONFORTE,Fragneto l'Abate,3.34
POT_FRAGNETO_MONFORTE,Frasso Telesino,34.73
POT_FRAGNETO_MONFORTE,Ginestra degli Schiavoni,59.01
POT_FRAGNETO_MONFORTE,Guardia Sanframondi,24.4
POT_FRAGNETO_MONFORTE,Melizzano,34.11
POT_FRAGNETO_MONFORTE,Moiano,49.22
POT_FRAGNETO_MONFORTE,Molinara,21.01
POT_FRAGNETO_MONFORTE,Montefalcone di Val Fortore,36.58
POT_FRAGNETO_MONFORTE,Montesarchio,38.0
POT_FRAGNETO_MONFORTE,Paduli,31.25
POT_FRAGNETO_MONFORTE,Pago Veiano,16.91
POT_FRAGNETO_MONFORTE,Pannarano,37.0
POT_FRAGNETO_MONFORTE,Paolisi,44.55
POT_FRAGNETO_MONFORTE,Paupisi,18.62
POT_FRAGNETO_MONFORTE,Pesco Sannita,6.98
POT_FRAGNETO_MONFORTE,Pietraroja,33.26
POT_FRAGNETO_MONFORTE,Pietrelcina,12.53
POT_FRAGNETO_MONFORTE,Ponte,12.43
POT_FRAGNETO_MONFORTE,Pontelandolfo,11.22
POT_FRAGNETO_MONFORTE,Puglianello,37.3
POT_FRAGNETO_MONFORTE,Reino,9.31
POT_FRAGNETO_MONFORTE,San Bartolomeo in Galdo,43.92
POT_FRAGNETO_MONFORTE,San Giorgio La Molara,30.61
POT_FRAGNETO_MONFORTE,San Giorgio del Sannio,30.51
POT_FRAGNETO_MONFORTE,San Leucio del Sannio,27.05
POT_FRAGNETO_MONFORTE,San Lorenzello,31.62
POT_FRAGNETO_MONFORTE,San Lorenzo Maggiore,22.45
POT_FRAGNETO_MONFORTE,San Lupo,20.16
POT_FRAGNETO_MONFORTE,San Marco dei Cavoti,18.23
POT_FRAGNETO_MONFORTE,San Martino Sannita,30.68
POT_FRAGNETO_MONFORTE,San Nazzaro,32.55
POT_FRAGNETO_MONFORTE,San Nicola Manfredi,30.24
POT_FRAGNETO_MONFORTE,Sant'Agata de' Goti,45.82
POT_FRAGNETO_MONFORTE,Sant'Angelo a Cupolo,30.21
POT_FRAGNETO_MONFORTE,Sant'Arcangelo Trimonte,39.67
POT_FRAGNETO_MONFORTE,Santa Croce del Sannio,24.23
POT_FRAGNETO_MONFORTE,Sassinoro,21.0
POT_FRAGNETO_MONFORTE,Solopaca,27.37
POT_FRAGNETO_MONFORTE,Telese Terme,29.1
POT_FRAGNETO_MONFORTE,Tocco Caudio,28.44
POT_FRAGNETO_L'ABATE,Airola,45.25
POT_FRAGNETO_L'ABATE,Limatola,51.39
POT_FRAGNETO_L'ABATE,San Giorgio Del Sannio,28.98
POT_FRAGNETO_L'ABATE,San Salvatore Telesino,34.22
POT_FRAGNETO_L'ABATE,Benevento,9.08
POT_FRAGNETO_L'ABATE,Cerreto Sannita,32.53
POT_FRAGNETO_L'ABATE,Ginestra Degli Schiavoni,57.48
POT_FRAGNETO_L'ABATE,Morcone,19.63
POT_FRAGNETO_L'ABATE,San Bartolomeo In Galdo,42.59
POT_FRAGNETO_L'ABATE,Vitulano,26.16
POT_FRAGNETO_L'ABATE,San Marco Dei Cavoti,16.91
POT_FRAGNETO_L'ABATE,Torrecuso,19.79
POT_FRAGNETO_L'ABATE,Amorosi,38.56
POT_FRAGNETO_L'ABATE,Apice,32.15
POT_FRAGNETO_L'ABATE,Apollosa,27.94
POT_FRAGNETO_L'ABATE,Arpaia,46.29
POT_FRAGNETO_L'ABATE,Arpaise,35.41
POT_FRAGNETO_L'ABATE,Baselice,33.84
POT_FRAGNETO_L'ABATE,Bonea,36.86
POT_FRAGNETO_L'ABATE,Bucciano,43.75
POT_FRAGNETO_L'ABATE,Buonalbergo,41.54
POT_FRAGNETO_L'ABATE,Calvi,29.9
POT_FRAGNETO_L'ABATE,Campolattaro,8.87
POT_FRAGNETO_L'ABATE,Campoli del Monte Taburno,28.32
POT_FRAGNETO_L'ABATE,Casalduni,10.73
POT_FRAGNETO_L'ABATE,Castelfranco in Miscano,45.33
POT_FRAGNETO_L'ABATE,Castelpagano,21.67
POT_FRAGNETO_L'ABATE,Castelpoto,21.6
POT_FRAGNETO_L'ABATE,Castelvenere,32.3
POT_FRAGNETO_L'ABATE,Castelvetere in Val Fortore,32.32
POT_FRAGNETO_L'ABATE,Cautano,26.17
POT_FRAGNETO_L'ABATE,Ceppaloni,31.81
POT_FRAGNETO_L'ABATE,Circello,14.34
POT_FRAGNETO_L'ABATE,Colle Sannita,15.17
POT_FRAGNETO_L'ABATE,Cusano Mutri,40.99
POT_FRAGNETO_L'ABATE,Dugenta,43.04
POT_FRAGNETO_L'ABATE,Durazzano,53.49
POT_FRAGNETO_L'ABATE,Faicchio,40.06
POT_FRAGNETO_L'ABATE,Foglianise,23.35
POT_FRAGNETO_L'ABATE,Foiano di Val Fortore,31.09
POT_FRAGNETO_L'ABATE,Forchia,47.42
POT_FRAGNETO_L'ABATE,Fragneto Monforte,2.59
POT_FRAGNETO_L'ABATE,Fragneto l'Abate,0.0
POT_FRAGNETO_L'ABATE,Frasso Telesino,35.98
POT_FRAGNETO_L'ABATE,Ginestra degli Schiavoni,57.48
POT_FRAGNETO_L'ABATE,Guardia Sanframondi,25.65
POT_FRAGNETO_L'ABATE,Melizzano,35.36
POT_FRAGNETO_L'ABATE,Moiano,49.02
POT_FRAGNETO_L'ABATE,Molinara,19.69
POT_FRAGNETO_L'ABATE,Montefalcone di Val Fortore,35.25
POT_FRAGNETO_L'ABATE,Montesarchio,37.79
POT_FRAGNETO_L'ABATE,Paduli,29.73
POT_FRAGNETO_L'ABATE,Pago Veiano,16.88
POT_FRAGNETO_L'ABATE,Pannarano,36.79
POT_FRAGNETO_L'ABATE,Paolisi,44.34
POT_FRAGNETO_L'ABATE,Paupisi,19.87
POT_FRAGNETO_L'ABATE,Pesco Sannita,6.95
POT_FRAGNETO_L'ABATE,Pietraroja,34.51
POT_FRAGNETO_L'ABATE,Pietrelcina,12.5
POT_FRAGNETO_L'ABATE,Ponte,13.68
POT_FRAGNETO_L'ABATE,Pontelandolfo,12.47
POT_FRAGNETO_L'ABATE,Puglianello,38.54
POT_FRAGNETO_L'ABATE,Reino,6.4
POT_FRAGNETO_L'ABATE,San Bartolomeo in Galdo,42.59
POT_FRAGNETO_L'ABATE,San Giorgio La Molara,29.29
POT_FRAGNETO_L'ABATE,San Giorgio del Sannio,28.98
POT_FRAGNETO_L'ABATE,San Leucio del Sannio,26.84
POT_FRAGNETO_L'ABATE,San Lorenzello,32.87
POT_FRAGNETO_L'ABATE,San Lorenzo Maggiore,23.7
POT_FRAGNETO_L'ABATE,San Lupo,21.41
POT_FRAGNETO_L'ABATE,San Marco dei Cavoti,16.91
POT_FRAGNETO_L'ABATE,San Martino Sannita,29.15
POT_FRAGNETO_L'ABATE,San Nazzaro,31.03
POT_FRAGNETO_L'ABATE,San Nicola Manfredi,28.71
POT_FRAGNETO_L'ABATE,Sant'Agata de' Goti,47.07
POT_FRAGNETO_L'ABATE,Sant'Angelo a Cupolo,26.73
POT_FRAGNETO_L'ABATE,Sant'Arcangelo Trimonte,38.15
POT_FRAGNETO_L'ABATE,Santa Croce del Sannio,25.48
POT_FRAGNETO_L'ABATE,Sassinoro,22.25
POT_FRAGNETO_L'ABATE,Solopaca,28.62
POT_FRAGNETO_L'ABATE,Telese Terme,30.35
POT_FRAGNETO_L'ABATE,Tocco Caudio,29.69
POT_FRASSO_TELESINO,Airola,14.79
POT_FRASSO_TELESINO,Limatola,18.92
POT_FRASSO_TELESINO,San Giorgio Del Sannio,44.12
POT_FRASSO_TELESINO,San Salvatore Telesino,14.59
POT_FRASSO_TELESINO,Benevento,27.57
POT_FRASSO_TELESINO,Cerreto Sannita,23.11
POT_FRASSO_TELESINO,Ginestra Degli Schiavoni,72.62
POT_FRASSO_TELESINO,Morcone,49.97
POT_FRASSO_TELESINO,San Bartolomeo In Galdo,83.42
POT_FRASSO_TELESINO,Vitulano,18.23
POT_FRASSO_TELESINO,San Marco Dei Cavoti,57.73
POT_FRASSO_TELESINO,Torrecuso,21.78
POT_FRASSO_TELESINO,Amorosi,9.7
POT_FRASSO_TELESINO,Apice,47.28
POT_FRASSO_TELESINO,Apollosa,26.8
POT_FRASSO_TELESINO,Arpaia,20.03
POT_FRASSO_TELESINO,Arpaise,33.99
POT_FRASSO_TELESINO,Baselice,74.66
POT_FRASSO_TELESINO,Bonea,18.32
POT_FRASSO_TELESINO,Bucciano,13.47
POT_FRASSO_TELESINO,Buonalbergo,56.67
POT_FRASSO_TELESINO,Calvi,45.03
POT_FRASSO_TELESINO,Campolattaro,39.21
POT_FRASSO_TELESINO,Campoli del Monte Taburno,14.53
POT_FRASSO_TELESINO,Casalduni,28.54
POT_FRASSO_TELESINO,Castelfranco in Miscano,74.45
POT_FRASSO_TELESINO,Castelpagano,71.09
POT_FRASSO_TELESINO,Castelpoto,22.47
POT_FRASSO_TELESINO,Castelvenere,13.58
POT_FRASSO_TELESINO,Castelvetere in Val Fortore,81.75
POT_FRASSO_TELESINO,Cautano,14.48
POT_FRASSO_TELESINO,Ceppaloni,37.94
POT_FRASSO_TELESINO,Circello,63.77
POT_FRASSO_TELESINO,Colle Sannita,64.6
POT_FRASSO_TELESINO,Cusano Mutri,31.57
POT_FRASSO_TELESINO,Dugenta,12.68
POT_FRASSO_TELESINO,Durazzano,17.55
POT_FRASSO_TELESINO,Faicchio,22.35
POT_FRASSO_TELESINO,Foglianise,17.57
POT_FRASSO_TELESINO,Foiano di Val Fortore,71.92
POT_FRASSO_TELESINO,Forchia,21.16
POT_FRASSO_TELESINO,Fragneto Monforte,36.36
POT_FRASSO_TELESINO,Fragneto l'Abate,37.96
POT_FRASSO_TELESINO,Frasso Telesino,0.0
POT_FRASSO_TELESINO,Ginestra degli Schiavoni,72.62
POT_FRASSO_TELESINO,Guardia Sanframondi,18.76
POT_FRASSO_TELESINO,Melizzano,3.09
POT_FRASSO_TELESINO,Moiano,13.01
POT_FRASSO_TELESINO,Molinara,60.51
POT_FRASSO_TELESINO,Montefalcone di Val Fortore,70.49
POT_FRASSO_TELESINO,Montesarchio,20.06
POT_FRASSO_TELESINO,Paduli,44.86
POT_FRASSO_TELESINO,Pago Veiano,47.84
POT_FRASSO_TELESINO,Pannarano,30.63
POT_FRASSO_TELESINO,Paolisi,18.08
POT_FRASSO_TELESINO,Paupisi,19.44
POT_FRASSO_TELESINO,Pesco Sannita,44.19
POT_FRASSO_TELESINO,Pietraroja,34.29
POT_FRASSO_TELESINO,Pietrelcina,41.74
POT_FRASSO_TELESINO,Ponte,22.43
POT_FRASSO_TELESINO,Pontelandolfo,31.62
POT_FRASSO_TELESINO,Puglianello,12.92
POT_FRASSO_TELESINO,Reino,54.55
POT_FRASSO_TELESINO,San Bartolomeo in Galdo,83.42
POT_FRASSO_TELESINO,San Giorgio La Molara,60.68
POT_FRASSO_TELESINO,San Giorgio del Sannio,44.12
POT_FRASSO_TELESINO,San Leucio del Sannio,40.65
POT_FRASSO_TELESINO,San Lorenzello,18.47
POT_FRASSO_TELESINO,San Lorenzo Maggiore,18.77
POT_FRASSO_TELESINO,San Lupo,21.55
POT_FRASSO_TELESINO,San Marco dei Cavoti,57.73
POT_FRASSO_TELESINO,San Martino Sannita,44.29
POT_FRASSO_TELESINO,San Nazzaro,46.16
POT_FRASSO_TELESINO,San Nicola Manfredi,43.85
POT_FRASSO_TELESINO,Sant'Agata de' Goti,11.12
POT_FRASSO_TELESINO,Sant'Angelo a Cupolo,43.82
POT_FRASSO_TELESINO,Sant'Arcangelo Trimonte,53.28
POT_FRASSO_TELESINO,Santa Croce del Sannio,55.82
POT_FRASSO_TELESINO,Sassinoro,52.59
POT_FRASSO_TELESINO,Solopaca,7.7
POT_FRASSO_TELESINO,Telese Terme,10.73
POT_FRASSO_TELESINO,Tocco Caudio,14.65
POT_GINESTRA_DEGLI_SCHIAVONI,Airola,69.2
POT_GINESTRA_DEGLI_SCHIAVONI,Limatola,87.81
POT_GINESTRA_DEGLI_SCHIAVONI,San Giorgio Del Sannio,49.56
POT_GINESTRA_DEGLI_SCHIAVONI,San Salvatore Telesino,70.64
POT_GINESTRA_DEGLI_SCHIAVONI,Benevento,58.58
POT_GINESTRA_DEGLI_SCHIAVONI,Cerreto Sannita,71.54
POT_GINESTRA_DEGLI_SCHIAVONI,Ginestra Degli Schiavoni,0.0
POT_GINESTRA_DEGLI_SCHIAVONI,Morcone,71.42
POT_GINESTRA_DEGLI_SCHIAVONI,San Bartolomeo In Galdo,25.51
POT_GINESTRA_DEGLI_SCHIAVONI,Vitulano,55.9
POT_GINESTRA_DEGLI_SCHIAVONI,San Marco Dei Cavoti,27.75
POT_GINESTRA_DEGLI_SCHIAVONI,Torrecuso,56.52
POT_GINESTRA_DEGLI_SCHIAVONI,Amorosi,74.98
POT_GINESTRA_DEGLI_SCHIAVONI,Apice,37.69
POT_GINESTRA_DEGLI_SCHIAVONI,Apollosa,51.89
POT_GINESTRA_DEGLI_SCHIAVONI,Arpaia,70.23
POT_GINESTRA_DEGLI_SCHIAVONI,Arpaise,56.47
POT_GINESTRA_DEGLI_SCHIAVONI,Baselice,26.3
POT_GINESTRA_DEGLI_SCHIAVONI,Bonea,64.07
POT_GINESTRA_DEGLI_SCHIAVONI,Bucciano,67.7
POT_GINESTRA_DEGLI_SCHIAVONI,Buonalbergo,16.62
POT_GINESTRA_DEGLI_SCHIAVONI,Calvi,50.48
POT_GINESTRA_DEGLI_SCHIAVONI,Campolattaro,60.66
POT_GINESTRA_DEGLI_SCHIAVONI,Campoli del Monte Taburno,58.06
POT_GINESTRA_DEGLI_SCHIAVONI,Casalduni,59.55
POT_GINESTRA_DEGLI_SCHIAVONI,Castelfranco in Miscano,5.93
POT_GINESTRA_DEGLI_SCHIAVONI,Castelpagano,39.84
POT_GINESTRA_DEGLI_SCHIAVONI,Castelpoto,56.24
POT_GINESTRA_DEGLI_SCHIAVONI,Castelvenere,68.72
POT_GINESTRA_DEGLI_SCHIAVONI,Castelvetere in Val Fortore,41.41
POT_GINESTRA_DEGLI_SCHIAVONI,Cautano,55.91
POT_GINESTRA_DEGLI_SCHIAVONI,Ceppaloni,53.36
POT_GINESTRA_DEGLI_SCHIAVONI,Circello,38.09
POT_GINESTRA_DEGLI_SCHIAVONI,Colle Sannita,35.33
POT_GINESTRA_DEGLI_SCHIAVONI,Cusano Mutri,80.01
POT_GINESTRA_DEGLI_SCHIAVONI,Dugenta,79.46
POT_GINESTRA_DEGLI_SCHIAVONI,Durazzano,89.91
POT_GINESTRA_DEGLI_SCHIAVONI,Faicchio,76.48
POT_GINESTRA_DEGLI_SCHIAVONI,Foglianise,53.1
POT_GINESTRA_DEGLI_SCHIAVONI,Foiano di Val Fortore,21.78
POT_GINESTRA_DEGLI_SCHIAVONI,Forchia,71.37
POT_GINESTRA_DEGLI_SCHIAVONI,Fragneto Monforte,57.8
POT_GINESTRA_DEGLI_SCHIAVONI,Fragneto l'Abate,56.71
POT_GINESTRA_DEGLI_SCHIAVONI,Frasso Telesino,72.4
POT_GINESTRA_DEGLI_SCHIAVONI,Ginestra degli Schiavoni,0.0
POT_GINESTRA_DEGLI_SCHIAVONI,Guardia Sanframondi,65.8
POT_GINESTRA_DEGLI_SCHIAVONI,Melizzano,71.78
POT_GINESTRA_DEGLI_SCHIAVONI,Moiano,72.97
POT_GINESTRA_DEGLI_SCHIAVONI,Molinara,24.26
POT_GINESTRA_DEGLI_SCHIAVONI,Montefalcone di Val Fortore,9.24
POT_GINESTRA_DEGLI_SCHIAVONI,Montesarchio,61.74
POT_GINESTRA_DEGLI_SCHIAVONI,Paduli,29.02
POT_GINESTRA_DEGLI_SCHIAVONI,Pago Veiano,32.71
POT_GINESTRA_DEGLI_SCHIAVONI,Pannarano,60.74
POT_GINESTRA_DEGLI_SCHIAVONI,Paolisi,68.29
POT_GINESTRA_DEGLI_SCHIAVONI,Paupisi,56.59
POT_GINESTRA_DEGLI_SCHIAVONI,Pesco Sannita,53.38
POT_GINESTRA_DEGLI_SCHIAVONI,Pietraroja,86.3
POT_GINESTRA_DEGLI_SCHIAVONI,Pietrelcina,36.29
POT_GINESTRA_DEGLI_SCHIAVONI,Ponte,53.44
POT_GINESTRA_DEGLI_SCHIAVONI,Pontelandolfo,64.25
POT_GINESTRA_DEGLI_SCHIAVONI,Puglianello,74.96
POT_GINESTRA_DEGLI_SCHIAVONI,Reino,34.13
POT_GINESTRA_DEGLI_SCHIAVONI,San Bartolomeo in Galdo,25.51
POT_GINESTRA_DEGLI_SCHIAVONI,San Giorgio La Molara,20.68
POT_GINESTRA_DEGLI_SCHIAVONI,San Giorgio del Sannio,49.56
POT_GINESTRA_DEGLI_SCHIAVONI,San Leucio del Sannio,49.82
POT_GINESTRA_DEGLI_SCHIAVONI,San Lorenzello,72.07
POT_GINESTRA_DEGLI_SCHIAVONI,San Lorenzo Maggiore,62.12
POT_GINESTRA_DEGLI_SCHIAVONI,San Lupo,62.66
POT_GINESTRA_DEGLI_SCHIAVONI,San Marco dei Cavoti,27.75
POT_GINESTRA_DEGLI_SCHIAVONI,San Martino Sannita,49.73
POT_GINESTRA_DEGLI_SCHIAVONI,San Nazzaro,51.61
POT_GINESTRA_DEGLI_SCHIAVONI,San Nicola Manfredi,49.29
POT_GINESTRA_DEGLI_SCHIAVONI,Sant'Agata de' Goti,83.48
POT_GINESTRA_DEGLI_SCHIAVONI,Sant'Angelo a Cupolo,49.05
POT_GINESTRA_DEGLI_SCHIAVONI,Sant'Arcangelo Trimonte,27.81
POT_GINESTRA_DEGLI_SCHIAVONI,Santa Croce del Sannio,77.27
POT_GINESTRA_DEGLI_SCHIAVONI,Sassinoro,74.04
POT_GINESTRA_DEGLI_SCHIAVONI,Solopaca,65.04
POT_GINESTRA_DEGLI_SCHIAVONI,Telese Terme,66.77
POT_GINESTRA_DEGLI_SCHIAVONI,Tocco Caudio,59.44
POT_GUARDIA_SANFRAMONDI,Airola,33.34
POT_GUARDIA_SANFRAMONDI,Limatola,28.45
POT_GUARDIA_SANFRAMONDI,San Giorgio Del Sannio,37.55
POT_GUARDIA_SANFRAMONDI,San Salvatore Telesino,11.61
POT_GUARDIA_SANFRAMONDI,Benevento,15.98
POT_GUARDIA_SANFRAMONDI,Cerreto Sannita,6.88
POT_GUARDIA_SANFRAMONDI,Ginestra Degli Schiavoni,66.04
POT_GUARDIA_SANFRAMONDI,Morcone,26.34
POT_GUARDIA_SANFRAMONDI,San Bartolomeo In Galdo,76.85
POT_GUARDIA_SANFRAMONDI,Vitulano,19.18
POT_GUARDIA_SANFRAMONDI,San Marco Dei Cavoti,51.16
POT_GUARDIA_SANFRAMONDI,Torrecuso,15.22
POT_GUARDIA_SANFRAMONDI,Amorosi,15.62
POT_GUARDIA_SANFRAMONDI,Apice,40.71
POT_GUARDIA_SANFRAMONDI,Apollosa,35.18
POT_GUARDIA_SANFRAMONDI,Arpaia,38.58
POT_GUARDIA_SANFRAMONDI,Arpaise,42.66
POT_GUARDIA_SANFRAMONDI,Baselice,68.09
POT_GUARDIA_SANFRAMONDI,Bonea,36.87
POT_GUARDIA_SANFRAMONDI,Bucciano,32.02
POT_GUARDIA_SANFRAMONDI,Buonalbergo,50.1
POT_GUARDIA_SANFRAMONDI,Calvi,38.46
POT_GUARDIA_SANFRAMONDI,Campolattaro,20.63
POT_GUARDIA_SANFRAMONDI,Campoli del Monte Taburno,25.31
POT_GUARDIA_SANFRAMONDI,Casalduni,12.83
POT_GUARDIA_SANFRAMONDI,Castelfranco in Miscano,67.88
POT_GUARDIA_SANFRAMONDI,Castelpagano,42.98
POT_GUARDIA_SANFRAMONDI,Castelpoto,28.23
POT_GUARDIA_SANFRAMONDI,Castelvenere,6.67
POT_GUARDIA_SANFRAMONDI,Castelvetere in Val Fortore,63.64
POT_GUARDIA_SANFRAMONDI,Cautano,23.16
POT_GUARDIA_SANFRAMONDI,Ceppaloni,39.05
POT_GUARDIA_SANFRAMONDI,Circello,34.21
POT_GUARDIA_SANFRAMONDI,Colle Sannita,41.05
POT_GUARDIA_SANFRAMONDI,Cusano Mutri,15.34
POT_GUARDIA_SANFRAMONDI,Dugenta,22.39
POT_GUARDIA_SANFRAMONDI,Durazzano,36.1
POT_GUARDIA_SANFRAMONDI,Faicchio,14.38
POT_GUARDIA_SANFRAMONDI,Foglianise,19.48
POT_GUARDIA_SANFRAMONDI,Foiano di Val Fortore,65.35
POT_GUARDIA_SANFRAMONDI,Forchia,39.71
POT_GUARDIA_SANFRAMONDI,Fragneto Monforte,24.72
POT_GUARDIA_SANFRAMONDI,Fragneto l'Abate,26.32
POT_GUARDIA_SANFRAMONDI,Frasso Telesino,18.58
POT_GUARDIA_SANFRAMONDI,Ginestra degli Schiavoni,66.04
POT_GUARDIA_SANFRAMONDI,Guardia Sanframondi,0.0
POT_GUARDIA_SANFRAMONDI,Melizzano,17.96
POT_GUARDIA_SANFRAMONDI,Moiano,31.56
POT_GUARDIA_SANFRAMONDI,Molinara,53.94
POT_GUARDIA_SANFRAMONDI,Montefalcone di Val Fortore,63.92
POT_GUARDIA_SANFRAMONDI,Montesarchio,45.04
POT_GUARDIA_SANFRAMONDI,Paduli,38.29
POT_GUARDIA_SANFRAMONDI,Pago Veiano,41.27
POT_GUARDIA_SANFRAMONDI,Pannarano,44.03
POT_GUARDIA_SANFRAMONDI,Paolisi,36.63
POT_GUARDIA_SANFRAMONDI,Paupisi,12.88
POT_GUARDIA_SANFRAMONDI,Pesco Sannita,37.62
POT_GUARDIA_SANFRAMONDI,Pietraroja,18.06
POT_GUARDIA_SANFRAMONDI,Pietrelcina,35.17
POT_GUARDIA_SANFRAMONDI,Ponte,15.86
POT_GUARDIA_SANFRAMONDI,Pontelandolfo,14.32
POT_GUARDIA_SANFRAMONDI,Puglianello,16.07
POT_GUARDIA_SANFRAMONDI,Reino,32.28
POT_GUARDIA_SANFRAMONDI,San Bartolomeo in Galdo,76.85
POT_GUARDIA_SANFRAMONDI,San Giorgio La Molara,54.11
POT_GUARDIA_SANFRAMONDI,San Giorgio del Sannio,37.55
POT_GUARDIA_SANFRAMONDI,San Leucio del Sannio,34.08
POT_GUARDIA_SANFRAMONDI,San Lorenzello,7.22
POT_GUARDIA_SANFRAMONDI,San Lorenzo Maggiore,3.47
POT_GUARDIA_SANFRAMONDI,San Lupo,4.25
POT_GUARDIA_SANFRAMONDI,San Marco dei Cavoti,51.16
POT_GUARDIA_SANFRAMONDI,San Martino Sannita,37.72
POT_GUARDIA_SANFRAMONDI,San Nazzaro,39.59
POT_GUARDIA_SANFRAMONDI,San Nicola Manfredi,37.28
POT_GUARDIA_SANFRAMONDI,Sant'Agata de' Goti,29.67
POT_GUARDIA_SANFRAMONDI,Sant'Angelo a Cupolo,37.24
POT_GUARDIA_SANFRAMONDI,Sant'Arcangelo Trimonte,46.71
POT_GUARDIA_SANFRAMONDI,Santa Croce del Sannio,32.2
POT_GUARDIA_SANFRAMONDI,Sassinoro,28.96
POT_GUARDIA_SANFRAMONDI,Solopaca,11.23
POT_GUARDIA_SANFRAMONDI,Telese Terme,9.7
POT_GUARDIA_SANFRAMONDI,Tocco Caudio,26.69
POT_LIMATOLA,Airola,22.38
POT_LIMATOLA,Limatola,0.0
POT_LIMATOLA,San Giorgio Del Sannio,59.42
POT_LIMATOLA,San Salvatore Telesino,17.94
POT_LIMATOLA,Benevento,42.88
POT_LIMATOLA,Cerreto Sannita,26.57
POT_LIMATOLA,Ginestra Degli Schiavoni,87.92
POT_LIMATOLA,Morcone,65.27
POT_LIMATOLA,San Bartolomeo In Galdo,98.73
POT_LIMATOLA,Vitulano,33.27
POT_LIMATOLA,San Marco Dei Cavoti,73.04
POT_LIMATOLA,Torrecuso,37.08
POT_LIMATOLA,Amorosi,12.96
POT_LIMATOLA,Apice,62.59
POT_LIMATOLA,Apollosa,35.21
POT_LIMATOLA,Arpaia,27.62
POT_LIMATOLA,Arpaise,41.58
POT_LIMATOLA,Baselice,89.97
POT_LIMATOLA,Bonea,25.91
POT_LIMATOLA,Bucciano,21.06
POT_LIMATOLA,Buonalbergo,71.98
POT_LIMATOLA,Calvi,60.34
POT_LIMATOLA,Campolattaro,54.52
POT_LIMATOLA,Campoli del Monte Taburno,33.16
POT_LIMATOLA,Casalduni,43.85
POT_LIMATOLA,Castelfranco in Miscano,89.75
POT_LIMATOLA,Castelpagano,86.4
POT_LIMATOLA,Castelpoto,37.8
POT_LIMATOLA,Castelvenere,23.4
POT_LIMATOLA,Castelvetere in Val Fortore,97.05
POT_LIMATOLA,Cautano,33.11
POT_LIMATOLA,Ceppaloni,45.54
POT_LIMATOLA,Circello,79.07
POT_LIMATOLA,Colle Sannita,79.9
POT_LIMATOLA,Cusano Mutri,35.08
POT_LIMATOLA,Dugenta,6.24
POT_LIMATOLA,Durazzano,21.26
POT_LIMATOLA,Faicchio,24.2
POT_LIMATOLA,Foglianise,36.21
POT_LIMATOLA,Foiano di Val Fortore,87.22
POT_LIMATOLA,Forchia,29.25
POT_LIMATOLA,Fragneto Monforte,51.66
POT_LIMATOLA,Fragneto l'Abate,53.26
POT_LIMATOLA,Frasso Telesino,18.74
POT_LIMATOLA,Ginestra degli Schiavoni,87.92
POT_LIMATOLA,Guardia Sanframondi,29.67
POT_LIMATOLA,Melizzano,15.81
POT_LIMATOLA,Moiano,22.08
POT_LIMATOLA,Molinara,75.82
POT_LIMATOLA,Montefalcone di Val Fortore,85.79
POT_LIMATOLA,Montesarchio,27.66
POT_LIMATOLA,Paduli,60.17
POT_LIMATOLA,Pago Veiano,63.14
POT_LIMATOLA,Pannarano,38.23
POT_LIMATOLA,Paolisi,25.67
POT_LIMATOLA,Paupisi,34.74
POT_LIMATOLA,Pesco Sannita,59.5
POT_LIMATOLA,Pietraroja,37.79
POT_LIMATOLA,Pietrelcina,57.04
POT_LIMATOLA,Ponte,37.73
POT_LIMATOLA,Pontelandolfo,44.33
POT_LIMATOLA,Puglianello,16.04
POT_LIMATOLA,Reino,69.86
POT_LIMATOLA,San Bartolomeo in Galdo,98.73
POT_LIMATOLA,San Giorgio La Molara,75.98
POT_LIMATOLA,San Giorgio del Sannio,59.42
POT_LIMATOLA,San Leucio del Sannio,55.96
POT_LIMATOLA,San Lorenzello,25.27
POT_LIMATOLA,San Lorenzo Maggiore,31.48
POT_LIMATOLA,San Lupo,34.26
POT_LIMATOLA,San Marco dei Cavoti,73.04
POT_LIMATOLA,San Martino Sannita,59.59
POT_LIMATOLA,San Nazzaro,61.47
POT_LIMATOLA,San Nicola Manfredi,59.15
POT_LIMATOLA,Sant'Agata de' Goti,14.84
POT_LIMATOLA,Sant'Angelo a Cupolo,59.12
POT_LIMATOLA,Sant'Arcangelo Trimonte,68.59
POT_LIMATOLA,Santa Croce del Sannio,71.13
POT_LIMATOLA,Sassinoro,67.89
POT_LIMATOLA,Solopaca,20.21
POT_LIMATOLA,Telese Terme,19.97
POT_LIMATOLA,Tocco Caudio,33.28
POT_MELIZZANO,Airola,17.47
POT_MELIZZANO,Limatola,15.99
POT_MELIZZANO,San Giorgio Del Sannio,43.5
POT_MELIZZANO,San Salvatore Telesino,14.79
POT_MELIZZANO,Benevento,26.95
POT_MELIZZANO,Cerreto Sannita,22.49
POT_MELIZZANO,Ginestra Degli Schiavoni,72.0
POT_MELIZZANO,Morcone,49.35
POT_MELIZZANO,San Bartolomeo In Galdo,82.8
POT_MELIZZANO,Vitulano,20.2
POT_MELIZZANO,San Marco Dei Cavoti,57.11
POT_MELIZZANO,Torrecuso,21.16
POT_MELIZZANO,Amorosi,6.76
POT_MELIZZANO,Apice,46.66
POT_MELIZZANO,Apollosa,29.74
POT_MELIZZANO,Arpaia,22.71
POT_MELIZZANO,Arpaise,36.68
POT_MELIZZANO,Baselice,74.04
POT_MELIZZANO,Bonea,21.01
POT_MELIZZANO,Bucciano,16.16
POT_MELIZZANO,Buonalbergo,56.05
POT_MELIZZANO,Calvi,44.41
POT_MELIZZANO,Campolattaro,38.59
POT_MELIZZANO,Campoli del Monte Taburno,17.46
POT_MELIZZANO,Casalduni,27.92
POT_MELIZZANO,Castelfranco in Miscano,73.83
POT_MELIZZANO,Castelpagano,70.47
POT_MELIZZANO,Castelpoto,25.4
POT_MELIZZANO,Castelvenere,12.96
POT_MELIZZANO,Castelvetere in Val Fortore,81.13
POT_MELIZZANO,Cautano,17.41
POT_MELIZZANO,Ceppaloni,45.0
POT_MELIZZANO,Circello,63.15
POT_MELIZZANO,Colle Sannita,63.98
POT_MELIZZANO,Cusano Mutri,30.95
POT_MELIZZANO,Dugenta,9.75
POT_MELIZZANO,Durazzano,20.24
POT_MELIZZANO,Faicchio,19.42
POT_MELIZZANO,Foglianise,20.51
POT_MELIZZANO,Foiano di Val Fortore,71.3
POT_MELIZZANO,Forchia,23.85
POT_MELIZZANO,Fragneto Monforte,35.74
POT_MELIZZANO,Fragneto l'Abate,37.34
POT_MELIZZANO,Frasso Telesino,3.04
POT_MELIZZANO,Ginestra degli Schiavoni,72.0
POT_MELIZZANO,Guardia Sanframondi,18.14
POT_MELIZZANO,Melizzano,0.0
POT_MELIZZANO,Moiano,15.7
POT_MELIZZANO,Molinara,59.9
POT_MELIZZANO,Montefalcone di Val Fortore,69.87
POT_MELIZZANO,Montesarchio,22.75
POT_MELIZZANO,Paduli,44.24
POT_MELIZZANO,Pago Veiano,47.22
POT_MELIZZANO,Pannarano,33.32
POT_MELIZZANO,Paolisi,20.77
POT_MELIZZANO,Paupisi,18.82
POT_MELIZZANO,Pesco Sannita,43.57
POT_MELIZZANO,Pietraroja,33.67
POT_MELIZZANO,Pietrelcina,41.12
POT_MELIZZANO,Ponte,21.81
POT_MELIZZANO,Pontelandolfo,31.0
POT_MELIZZANO,Puglianello,9.99
POT_MELIZZANO,Reino,53.93
POT_MELIZZANO,San Bartolomeo in Galdo,82.8
POT_MELIZZANO,San Giorgio La Molara,60.06
POT_MELIZZANO,San Giorgio del Sannio,43.5
POT_MELIZZANO,San Leucio del Sannio,40.03
POT_MELIZZANO,San Lorenzello,22.12
POT_MELIZZANO,San Lorenzo Maggiore,18.15
POT_MELIZZANO,San Lupo,20.93
POT_MELIZZANO,San Marco dei Cavoti,57.11
POT_MELIZZANO,San Martino Sannita,43.67
POT_MELIZZANO,San Nazzaro,45.54
POT_MELIZZANO,San Nicola Manfredi,43.23
POT_MELIZZANO,Sant'Agata de' Goti,13.81
POT_MELIZZANO,Sant'Angelo a Cupolo,43.2
POT_MELIZZANO,Sant'Arcangelo Trimonte,52.66
POT_MELIZZANO,Santa Croce del Sannio,55.2
POT_MELIZZANO,Sassinoro,51.97
POT_MELIZZANO,Solopaca,7.08
POT_MELIZZANO,Telese Terme,10.11
POT_MELIZZANO,Tocco Caudio,17.58
POT_MOIANO,Airola,2.63
POT_MOIANO,Limatola,22.72
POT_MOIANO,San Giorgio Del Sannio,39.83
POT_MOIANO,San Salvatore Telesino,31.48
POT_MOIANO,Benevento,40.2
POT_MOIANO,Cerreto Sannita,35.74
POT_MOIANO,Ginestra Degli Schiavoni,72.38
POT_MOIANO,Morcone,56.74
POT_MOIANO,San Bartolomeo In Galdo,85.32
POT_MOIANO,Vitulano,23.68
POT_MOIANO,San Marco Dei Cavoti,59.63
POT_MOIANO,Torrecuso,27.42
POT_MOIANO,Amorosi,27.34
POT_MOIANO,Apice,51.21
POT_MOIANO,Apollosa,17.59
POT_MOIANO,Arpaia,8.95
POT_MOIANO,Arpaise,22.91
POT_MOIANO,Baselice,76.56
POT_MOIANO,Bonea,8.3
POT_MOIANO,Bucciano,3.16
POT_MOIANO,Buonalbergo,56.44
POT_MOIANO,Calvi,40.74
POT_MOIANO,Campolattaro,45.99
POT_MOIANO,Campoli del Monte Taburno,16.98
POT_MOIANO,Casalduni,41.17
POT_MOIANO,Castelfranco in Miscano,74.22
POT_MOIANO,Castelpagano,72.99
POT_MOIANO,Castelpoto,20.19
POT_MOIANO,Castelvenere,26.21
POT_MOIANO,Castelvetere in Val Fortore,83.64
POT_MOIANO,Cautano,19.86
POT_MOIANO,Ceppaloni,26.86
POT_MOIANO,Circello,65.67
POT_MOIANO,Colle Sannita,66.5
POT_MOIANO,Cusano Mutri,44.2
POT_MOIANO,Dugenta,16.8
POT_MOIANO,Durazzano,13.11
POT_MOIANO,Faicchio,36.1
POT_MOIANO,Foglianise,22.88
POT_MOIANO,Foiano di Val Fortore,73.81
POT_MOIANO,Forchia,10.08
POT_MOIANO,Fragneto Monforte,43.13
POT_MOIANO,Fragneto l'Abate,49.41
POT_MOIANO,Frasso Telesino,12.66
POT_MOIANO,Ginestra degli Schiavoni,72.38
POT_MOIANO,Guardia Sanframondi,31.39
POT_MOIANO,Melizzano,15.4
POT_MOIANO,Moiano,0.0
POT_MOIANO,Molinara,62.41
POT_MOIANO,Montefalcone di Val Fortore,70.26
POT_MOIANO,Montesarchio,10.04
POT_MOIANO,Paduli,44.63
POT_MOIANO,Pago Veiano,49.73
POT_MOIANO,Pannarano,19.56
POT_MOIANO,Paolisi,7.0
POT_MOIANO,Paupisi,32.07
POT_MOIANO,Pesco Sannita,46.09
POT_MOIANO,Pietraroja,46.92
POT_MOIANO,Pietrelcina,43.63
POT_MOIANO,Ponte,35.06
POT_MOIANO,Pontelandolfo,44.24
POT_MOIANO,Puglianello,30.49
POT_MOIANO,Reino,56.45
POT_MOIANO,San Bartolomeo in Galdo,85.32
POT_MOIANO,San Giorgio La Molara,60.44
POT_MOIANO,San Giorgio del Sannio,39.83
POT_MOIANO,San Leucio del Sannio,26.42
POT_MOIANO,San Lorenzello,38.81
POT_MOIANO,San Lorenzo Maggiore,31.4
POT_MOIANO,San Lupo,34.18
POT_MOIANO,San Marco dei Cavoti,59.63
POT_MOIANO,San Martino Sannita,39.57
POT_MOIANO,San Nazzaro,43.01
POT_MOIANO,San Nicola Manfredi,39.13
POT_MOIANO,Sant'Agata de' Goti,7.35
POT_MOIANO,Sant'Angelo a Cupolo,39.6
POT_MOIANO,Sant'Arcangelo Trimonte,53.05
POT_MOIANO,Santa Croce del Sannio,62.6
POT_MOIANO,Sassinoro,59.36
POT_MOIANO,Solopaca,20.32
POT_MOIANO,Telese Terme,28.99
POT_MOIANO,Tocco Caudio,17.01
POT_MOLINARA,Airola,58.5
POT_MOLINARA,Limatola,75.43
POT_MOLINARA,San Giorgio Del Sannio,35.93
POT_MOLINARA,San Salvatore Telesino,58.25
POT_MOLINARA,Benevento,27.34
POT_MOLINARA,Cerreto Sannita,59.16
POT_MOLINARA,Ginestra Degli Schiavoni,24.01
POT_MOLINARA,Morcone,37.89
POT_MOLINARA,San Bartolomeo In Galdo,24.95
POT_MOLINARA,Vitulano,43.25
POT_MOLINARA,San Marco Dei Cavoti,4.35
POT_MOLINARA,Torrecuso,44.13
POT_MOLINARA,Amorosi,62.6
POT_MOLINARA,Apice,29.34
POT_MOLINARA,Apollosa,41.18
POT_MOLINARA,Arpaia,59.53
POT_MOLINARA,Arpaise,48.66
POT_MOLINARA,Baselice,16.19
POT_MOLINARA,Bonea,53.37
POT_MOLINARA,Bucciano,56.99
POT_MOLINARA,Buonalbergo,16.46
POT_MOLINARA,Calvi,36.84
POT_MOLINARA,Campolattaro,27.13
POT_MOLINARA,Campoli del Monte Taburno,45.41
POT_MOLINARA,Casalduni,28.98
POT_MOLINARA,Castelfranco in Miscano,24.89
POT_MOLINARA,Castelpagano,24.04
POT_MOLINARA,Castelpoto,38.69
POT_MOLINARA,Castelvenere,56.33
POT_MOLINARA,Castelvetere in Val Fortore,29.42
POT_MOLINARA,Cautano,43.26
POT_MOLINARA,Ceppaloni,45.05
POT_MOLINARA,Circello,18.62
POT_MOLINARA,Colle Sannita,19.53
POT_MOLINARA,Cusano Mutri,67.63
POT_MOLINARA,Dugenta,67.08
POT_MOLINARA,Durazzano,77.53
POT_MOLINARA,Faicchio,64.09
POT_MOLINARA,Foglianise,40.45
POT_MOLINARA,Foiano di Val Fortore,13.44
POT_MOLINARA,Forchia,60.67
POT_MOLINARA,Fragneto Monforte,20.64
POT_MOLINARA,Fragneto l'Abate,19.36
POT_MOLINARA,Frasso Telesino,60.01
POT_MOLINARA,Ginestra degli Schiavoni,24.01
POT_MOLINARA,Guardia Sanframondi,43.9
POT_MOLINARA,Melizzano,59.39
POT_MOLINARA,Moiano,62.26
POT_MOLINARA,Molinara,0.0
POT_MOLINARA,Montefalcone di Val Fortore,14.81
POT_MOLINARA,Montesarchio,51.04
POT_MOLINARA,Paduli,20.67
POT_MOLINARA,Pago Veiano,9.12
POT_MOLINARA,Pannarano,50.04
POT_MOLINARA,Paolisi,57.58
POT_MOLINARA,Paupisi,44.21
POT_MOLINARA,Pesco Sannita,17.34
POT_MOLINARA,Pietraroja,52.77
POT_MOLINARA,Pietrelcina,15.75
POT_MOLINARA,Ponte,41.05
POT_MOLINARA,Pontelandolfo,30.72
POT_MOLINARA,Puglianello,62.58
POT_MOLINARA,Reino,9.26
POT_MOLINARA,San Bartolomeo in Galdo,24.95
POT_MOLINARA,San Giorgio La Molara,5.61
POT_MOLINARA,San Giorgio del Sannio,35.93
POT_MOLINARA,San Leucio del Sannio,40.08
POT_MOLINARA,San Lorenzello,59.69
POT_MOLINARA,San Lorenzo Maggiore,49.74
POT_MOLINARA,San Lupo,39.66
POT_MOLINARA,San Marco dei Cavoti,4.35
POT_MOLINARA,San Martino Sannita,36.09
POT_MOLINARA,San Nazzaro,37.97
POT_MOLINARA,San Nicola Manfredi,35.65
POT_MOLINARA,Sant'Agata de' Goti,71.1
POT_MOLINARA,Sant'Angelo a Cupolo,35.41
POT_MOLINARA,Sant'Arcangelo Trimonte,19.46
POT_MOLINARA,Santa Croce del Sannio,34.86
POT_MOLINARA,Sassinoro,40.5
POT_MOLINARA,Solopaca,52.66
POT_MOLINARA,Telese Terme,54.38
POT_MOLINARA,Tocco Caudio,46.79
POT_MONTEFALCONE_DI_VAL_FORTORE,Airola,67.08
POT_MONTEFALCONE_DI_VAL_FORTORE,Limatola,85.69
POT_MONTEFALCONE_DI_VAL_FORTORE,San Giorgio Del Sannio,47.44
POT_MONTEFALCONE_DI_VAL_FORTORE,San Salvatore Telesino,68.51
POT_MONTEFALCONE_DI_VAL_FORTORE,Benevento,42.98
POT_MONTEFALCONE_DI_VAL_FORTORE,Cerreto Sannita,69.42
POT_MONTEFALCONE_DI_VAL_FORTORE,Ginestra Degli Schiavoni,9.21
POT_MONTEFALCONE_DI_VAL_FORTORE,Morcone,53.53
POT_MONTEFALCONE_DI_VAL_FORTORE,San Bartolomeo In Galdo,17.15
POT_MONTEFALCONE_DI_VAL_FORTORE,Vitulano,53.77
POT_MONTEFALCONE_DI_VAL_FORTORE,San Marco Dei Cavoti,18.53
POT_MONTEFALCONE_DI_VAL_FORTORE,Torrecuso,54.39
POT_MONTEFALCONE_DI_VAL_FORTORE,Amorosi,72.85
POT_MONTEFALCONE_DI_VAL_FORTORE,Apice,35.56
POT_MONTEFALCONE_DI_VAL_FORTORE,Apollosa,49.76
POT_MONTEFALCONE_DI_VAL_FORTORE,Arpaia,68.11
POT_MONTEFALCONE_DI_VAL_FORTORE,Arpaise,54.35
POT_MONTEFALCONE_DI_VAL_FORTORE,Baselice,17.93
POT_MONTEFALCONE_DI_VAL_FORTORE,Bonea,61.94
POT_MONTEFALCONE_DI_VAL_FORTORE,Bucciano,65.57
POT_MONTEFALCONE_DI_VAL_FORTORE,Buonalbergo,17.64
POT_MONTEFALCONE_DI_VAL_FORTORE,Calvi,48.35
POT_MONTEFALCONE_DI_VAL_FORTORE,Campolattaro,42.77
POT_MONTEFALCONE_DI_VAL_FORTORE,Campoli del Monte Taburno,55.93
POT_MONTEFALCONE_DI_VAL_FORTORE,Casalduni,44.63
POT_MONTEFALCONE_DI_VAL_FORTORE,Castelfranco in Miscano,10.09
POT_MONTEFALCONE_DI_VAL_FORTORE,Castelpagano,30.61
POT_MONTEFALCONE_DI_VAL_FORTORE,Castelpoto,54.11
POT_MONTEFALCONE_DI_VAL_FORTORE,Castelvenere,66.59
POT_MONTEFALCONE_DI_VAL_FORTORE,Castelvetere in Val Fortore,33.04
POT_MONTEFALCONE_DI_VAL_FORTORE,Cautano,53.79
POT_MONTEFALCONE_DI_VAL_FORTORE,Ceppaloni,51.23
POT_MONTEFALCONE_DI_VAL_FORTORE,Circello,28.86
POT_MONTEFALCONE_DI_VAL_FORTORE,Colle Sannita,26.1
POT_MONTEFALCONE_DI_VAL_FORTORE,Cusano Mutri,77.89
POT_MONTEFALCONE_DI_VAL_FORTORE,Dugenta,77.33
POT_MONTEFALCONE_DI_VAL_FORTORE,Durazzano,87.78
POT_MONTEFALCONE_DI_VAL_FORTORE,Faicchio,74.35
POT_MONTEFALCONE_DI_VAL_FORTORE,Foglianise,50.97
POT_MONTEFALCONE_DI_VAL_FORTORE,Foiano di Val Fortore,12.55
POT_MONTEFALCONE_DI_VAL_FORTORE,Forchia,69.24
POT_MONTEFALCONE_DI_VAL_FORTORE,Fragneto Monforte,36.28
POT_MONTEFALCONE_DI_VAL_FORTORE,Fragneto l'Abate,35.0
POT_MONTEFALCONE_DI_VAL_FORTORE,Frasso Telesino,70.27
POT_MONTEFALCONE_DI_VAL_FORTORE,Ginestra degli Schiavoni,9.21
POT_MONTEFALCONE_DI_VAL_FORTORE,Guardia Sanframondi,63.67
POT_MONTEFALCONE_DI_VAL_FORTORE,Melizzano,69.65
POT_MONTEFALCONE_DI_VAL_FORTORE,Moiano,70.84
POT_MONTEFALCONE_DI_VAL_FORTORE,Molinara,15.04
POT_MONTEFALCONE_DI_VAL_FORTORE,Montefalcone di Val Fortore,0.0
POT_MONTEFALCONE_DI_VAL_FORTORE,Montesarchio,59.62
POT_MONTEFALCONE_DI_VAL_FORTORE,Paduli,26.9
POT_MONTEFALCONE_DI_VAL_FORTORE,Pago Veiano,20.79
POT_MONTEFALCONE_DI_VAL_FORTORE,Pannarano,58.61
POT_MONTEFALCONE_DI_VAL_FORTORE,Paolisi,66.16
POT_MONTEFALCONE_DI_VAL_FORTORE,Paupisi,54.47
POT_MONTEFALCONE_DI_VAL_FORTORE,Pesco Sannita,32.98
POT_MONTEFALCONE_DI_VAL_FORTORE,Pietraroja,68.41
POT_MONTEFALCONE_DI_VAL_FORTORE,Pietrelcina,27.41
POT_MONTEFALCONE_DI_VAL_FORTORE,Ponte,51.31
POT_MONTEFALCONE_DI_VAL_FORTORE,Pontelandolfo,46.36
POT_MONTEFALCONE_DI_VAL_FORTORE,Puglianello,72.84
POT_MONTEFALCONE_DI_VAL_FORTORE,Reino,24.9
POT_MONTEFALCONE_DI_VAL_FORTORE,San Bartolomeo in Galdo,17.15
POT_MONTEFALCONE_DI_VAL_FORTORE,San Giorgio La Molara,11.45
POT_MONTEFALCONE_DI_VAL_FORTORE,San Giorgio del Sannio,47.44
POT_MONTEFALCONE_DI_VAL_FORTORE,San Leucio del Sannio,47.69
POT_MONTEFALCONE_DI_VAL_FORTORE,San Lorenzello,69.95
POT_MONTEFALCONE_DI_VAL_FORTORE,San Lorenzo Maggiore,59.99
POT_MONTEFALCONE_DI_VAL_FORTORE,San Lupo,60.53
POT_MONTEFALCONE_DI_VAL_FORTORE,San Marco dei Cavoti,18.53
POT_MONTEFALCONE_DI_VAL_FORTORE,San Martino Sannita,47.61
POT_MONTEFALCONE_DI_VAL_FORTORE,San Nazzaro,49.48
POT_MONTEFALCONE_DI_VAL_FORTORE,San Nicola Manfredi,47.17
POT_MONTEFALCONE_DI_VAL_FORTORE,Sant'Agata de' Goti,81.36
POT_MONTEFALCONE_DI_VAL_FORTORE,Sant'Angelo a Cupolo,46.92
POT_MONTEFALCONE_DI_VAL_FORTORE,Sant'Arcangelo Trimonte,25.69
POT_MONTEFALCONE_DI_VAL_FORTORE,Santa Croce del Sannio,41.44
POT_MONTEFALCONE_DI_VAL_FORTORE,Sassinoro,51.0
POT_MONTEFALCONE_DI_VAL_FORTORE,Solopaca,62.92
POT_MONTEFALCONE_DI_VAL_FORTORE,Telese Terme,64.64
POT_MONTEFALCONE_DI_VAL_FORTORE,Tocco Caudio,57.31
POT_MONTESARCHIO,Airola,8.76
POT_MONTESARCHIO,Limatola,28.17
POT_MONTESARCHIO,San Giorgio Del Sannio,28.57
POT_MONTESARCHIO,San Salvatore Telesino,36.93
POT_MONTESARCHIO,Benevento,38.32
POT_MONTESARCHIO,Cerreto Sannita,51.28
POT_MONTESARCHIO,Ginestra Degli Schiavoni,61.12
POT_MONTESARCHIO,Morcone,51.15
POT_MONTESARCHIO,San Bartolomeo In Galdo,74.06
POT_MONTESARCHIO,Vitulano,15.98
POT_MONTESARCHIO,San Marco Dei Cavoti,48.37
POT_MONTESARCHIO,Torrecuso,19.72
POT_MONTESARCHIO,Amorosi,32.79
POT_MONTESARCHIO,Apice,39.96
POT_MONTESARCHIO,Apollosa,9.15
POT_MONTESARCHIO,Arpaia,8.72
POT_MONTESARCHIO,Arpaise,13.4
POT_MONTESARCHIO,Baselice,65.3
POT_MONTESARCHIO,Bonea,2.88
POT_MONTESARCHIO,Bucciano,6.5
POT_MONTESARCHIO,Buonalbergo,45.18
POT_MONTESARCHIO,Calvi,29.48
POT_MONTESARCHIO,Campolattaro,40.39
POT_MONTESARCHIO,Campoli del Monte Taburno,9.28
POT_MONTESARCHIO,Casalduni,39.28
POT_MONTESARCHIO,Castelfranco in Miscano,62.96
POT_MONTESARCHIO,Castelpagano,61.73
POT_MONTESARCHIO,Castelpoto,11.75
POT_MONTESARCHIO,Castelvenere,33.48
POT_MONTESARCHIO,Castelvetere in Val Fortore,72.39
POT_MONTESARCHIO,Cautano,12.16
POT_MONTESARCHIO,Ceppaloni,15.17
POT_MONTESARCHIO,Circello,54.41
POT_MONTESARCHIO,Colle Sannita,55.24
POT_MONTESARCHIO,Cusano Mutri,59.75
POT_MONTESARCHIO,Dugenta,22.26
POT_MONTESARCHIO,Durazzano,22.64
POT_MONTESARCHIO,Faicchio,41.55
POT_MONTESARCHIO,Foglianise,15.18
POT_MONTESARCHIO,Foiano di Val Fortore,62.56
POT_MONTESARCHIO,Forchia,9.86
POT_MONTESARCHIO,Fragneto Monforte,37.54
POT_MONTESARCHIO,Fragneto l'Abate,38.16
POT_MONTESARCHIO,Frasso Telesino,19.93
POT_MONTESARCHIO,Ginestra degli Schiavoni,61.12
POT_MONTESARCHIO,Guardia Sanframondi,45.54
POT_MONTESARCHIO,Melizzano,22.67
POT_MONTESARCHIO,Moiano,9.95
POT_MONTESARCHIO,Molinara,51.15
POT_MONTESARCHIO,Montefalcone di Val Fortore,59.0
POT_MONTESARCHIO,Montesarchio,0.0
POT_MONTESARCHIO,Paduli,33.37
POT_MONTESARCHIO,Pago Veiano,38.48
POT_MONTESARCHIO,Pannarano,10.04
POT_MONTESARCHIO,Paolisi,6.78
POT_MONTESARCHIO,Paupisi,21.51
POT_MONTESARCHIO,Pesco Sannita,34.83
POT_MONTESARCHIO,Pietraroja,66.03
POT_MONTESARCHIO,Pietrelcina,32.38
POT_MONTESARCHIO,Ponte,33.17
POT_MONTESARCHIO,Pontelandolfo,43.99
POT_MONTESARCHIO,Puglianello,35.94
POT_MONTESARCHIO,Reino,45.19
POT_MONTESARCHIO,San Bartolomeo in Galdo,74.06
POT_MONTESARCHIO,San Giorgio La Molara,49.19
POT_MONTESARCHIO,San Giorgio del Sannio,28.57
POT_MONTESARCHIO,San Leucio del Sannio,15.16
POT_MONTESARCHIO,San Lorenzello,44.26
POT_MONTESARCHIO,San Lorenzo Maggiore,41.86
POT_MONTESARCHIO,San Lupo,42.4
POT_MONTESARCHIO,San Marco dei Cavoti,48.37
POT_MONTESARCHIO,San Martino Sannita,28.31
POT_MONTESARCHIO,San Nazzaro,30.61
POT_MONTESARCHIO,San Nicola Manfredi,27.87
POT_MONTESARCHIO,Sant'Agata de' Goti,16.88
POT_MONTESARCHIO,Sant'Angelo a Cupolo,27.31
POT_MONTESARCHIO,Sant'Arcangelo Trimonte,41.79
POT_MONTESARCHIO,Santa Croce del Sannio,57.01
POT_MONTESARCHIO,Sassinoro,53.77
POT_MONTESARCHIO,Solopaca,27.6
POT_MONTESARCHIO,Telese Terme,30.63
POT_MONTESARCHIO,Tocco Caudio,9.31
POT_MORCONE,Airola,55.26
POT_MORCONE,Limatola,65.18
POT_MORCONE,San Giorgio Del Sannio,43.06
POT_MORCONE,San Salvatore Telesino,48.0
POT_MORCONE,Benevento,19.35
POT_MORCONE,Cerreto Sannita,16.64
POT_MORCONE,Ginestra Degli Schiavoni,71.55
POT_MORCONE,Morcone,0.0
POT_MORCONE,San Bartolomeo In Galdo,54.62
POT_MORCONE,Vitulano,37.45
POT_MORCONE,San Marco Dei Cavoti,35.79
POT_MORCONE,Torrecuso,31.44
POT_MORCONE,Amorosi,52.35
POT_MORCONE,Apice,46.22
POT_MORCONE,Apollosa,40.69
POT_MORCONE,Arpaia,59.04
POT_MORCONE,Arpaise,48.17
POT_MORCONE,Baselice,45.68
POT_MORCONE,Bonea,48.16
POT_MORCONE,Bucciano,53.01
POT_MORCONE,Buonalbergo,55.61
POT_MORCONE,Calvi,43.97
POT_MORCONE,Campolattaro,14.61
POT_MORCONE,Campoli del Monte Taburno,39.61
POT_MORCONE,Casalduni,19.01
POT_MORCONE,Castelfranco in Miscano,73.39
POT_MORCONE,Castelpagano,22.33
POT_MORCONE,Castelpoto,32.9
POT_MORCONE,Castelvenere,33.07
POT_MORCONE,Castelvetere in Val Fortore,42.99
POT_MORCONE,Cautano,37.47
POT_MORCONE,Ceppaloni,44.56
POT_MORCONE,Circello,22.08
POT_MORCONE,Colle Sannita,28.93
POT_MORCONE,Cusano Mutri,23.42
POT_MORCONE,Dugenta,56.82
POT_MORCONE,Durazzano,67.28
POT_MORCONE,Faicchio,26.38
POT_MORCONE,Foglianise,34.65
POT_MORCONE,Foiano di Val Fortore,45.92
POT_MORCONE,Forchia,60.18
POT_MORCONE,Fragneto Monforte,18.7
POT_MORCONE,Fragneto l'Abate,20.3
POT_MORCONE,Frasso Telesino,49.76
POT_MORCONE,Ginestra degli Schiavoni,71.55
POT_MORCONE,Guardia Sanframondi,26.07
POT_MORCONE,Melizzano,49.14
POT_MORCONE,Moiano,61.77
POT_MORCONE,Molinara,38.57
POT_MORCONE,Montefalcone di Val Fortore,54.13
POT_MORCONE,Montesarchio,50.55
POT_MORCONE,Paduli,43.8
POT_MORCONE,Pago Veiano,36.65
POT_MORCONE,Pannarano,49.55
POT_MORCONE,Paolisi,57.09
POT_MORCONE,Paupisi,31.52
POT_MORCONE,Pesco Sannita,26.73
POT_MORCONE,Pietraroja,15.65
POT_MORCONE,Pietrelcina,32.28
POT_MORCONE,Ponte,25.33
POT_MORCONE,Pontelandolfo,12.89
POT_MORCONE,Puglianello,52.33
POT_MORCONE,Reino,26.26
POT_MORCONE,San Bartolomeo in Galdo,54.62
POT_MORCONE,San Giorgio La Molara,48.17
POT_MORCONE,San Giorgio del Sannio,43.06
POT_MORCONE,San Leucio del Sannio,39.59
POT_MORCONE,San Lorenzello,18.74
POT_MORCONE,San Lorenzo Maggiore,24.12
POT_MORCONE,San Lupo,21.83
POT_MORCONE,San Marco dei Cavoti,35.79
POT_MORCONE,San Martino Sannita,43.23
POT_MORCONE,San Nazzaro,45.1
POT_MORCONE,San Nicola Manfredi,42.79
POT_MORCONE,Sant'Agata de' Goti,60.85
POT_MORCONE,Sant'Angelo a Cupolo,42.76
POT_MORCONE,Sant'Arcangelo Trimonte,52.22
POT_MORCONE,Santa Croce del Sannio,11.55
POT_MORCONE,Sassinoro,7.5
POT_MORCONE,Solopaca,42.41
POT_MORCONE,Telese Terme,44.13
POT_MORCONE,Tocco Caudio,40.99
POT_PADULI,Airola,41.49
POT_PADULI,Limatola,60.1
POT_PADULI,San Giorgio Del Sannio,21.85
POT_PADULI,San Salvatore Telesino,42.92
POT_PADULI,Benevento,30.87
POT_PADULI,Cerreto Sannita,43.83
POT_PADULI,Ginestra Degli Schiavoni,29.12
POT_PADULI,Morcone,43.7
POT_PADULI,San Bartolomeo In Galdo,42.73
POT_PADULI,Vitulano,28.19
POT_PADULI,San Marco Dei Cavoti,23.22
POT_PADULI,Torrecuso,28.8
POT_PADULI,Amorosi,47.27
POT_PADULI,Apice,9.97
POT_PADULI,Apollosa,24.17
POT_PADULI,Arpaia,42.52
POT_PADULI,Arpaise,28.76
POT_PADULI,Baselice,37.57
POT_PADULI,Bonea,36.35
POT_PADULI,Bucciano,39.98
POT_PADULI,Buonalbergo,13.18
POT_PADULI,Calvi,22.76
POT_PADULI,Campolattaro,32.94
POT_PADULI,Campoli del Monte Taburno,30.35
POT_PADULI,Casalduni,31.83
POT_PADULI,Castelfranco in Miscano,30.96
POT_PADULI,Castelpagano,52.57
POT_PADULI,Castelpoto,28.52
POT_PADULI,Castelvenere,41.0
POT_PADULI,Castelvetere in Val Fortore,48.3
POT_PADULI,Cautano,28.2
POT_PADULI,Ceppaloni,25.65
POT_PADULI,Circello,45.24
POT_PADULI,Colle Sannita,46.08
POT_PADULI,Cusano Mutri,52.3
POT_PADULI,Dugenta,51.75
POT_PADULI,Durazzano,62.2
POT_PADULI,Faicchio,48.76
POT_PADULI,Foglianise,25.38
POT_PADULI,Foiano di Val Fortore,31.23
POT_PADULI,Forchia,43.66
POT_PADULI,Fragneto Monforte,30.09
POT_PADULI,Fragneto l'Abate,28.99
POT_PADULI,Frasso Telesino,44.68
POT_PADULI,Ginestra degli Schiavoni,29.12
POT_PADULI,Guardia Sanframondi,38.08
POT_PADULI,Melizzano,44.06
POT_PADULI,Moiano,45.25
POT_PADULI,Molinara,19.06
POT_PADULI,Montefalcone di Val Fortore,27.0
POT_PADULI,Montesarchio,34.03
POT_PADULI,Paduli,0.0
POT_PADULI,Pago Veiano,15.12
POT_PADULI,Pannarano,33.03
POT_PADULI,Paolisi,40.57
POT_PADULI,Paupisi,28.88
POT_PADULI,Pesco Sannita,25.67
POT_PADULI,Pietraroja,58.58
POT_PADULI,Pietrelcina,9.15
POT_PADULI,Ponte,25.72
POT_PADULI,Pontelandolfo,36.54
POT_PADULI,Puglianello,47.25
POT_PADULI,Reino,36.03
POT_PADULI,San Bartolomeo in Galdo,42.73
POT_PADULI,San Giorgio La Molara,17.19
POT_PADULI,San Giorgio del Sannio,21.85
POT_PADULI,San Leucio del Sannio,22.11
POT_PADULI,San Lorenzello,44.36
POT_PADULI,San Lorenzo Maggiore,34.41
POT_PADULI,San Lupo,34.95
POT_PADULI,San Marco dei Cavoti,23.22
POT_PADULI,San Martino Sannita,22.02
POT_PADULI,San Nazzaro,23.89
POT_PADULI,San Nicola Manfredi,21.58
POT_PADULI,Sant'Agata de' Goti,55.77
POT_PADULI,Sant'Angelo a Cupolo,21.34
POT_PADULI,Sant'Arcangelo Trimonte,9.79
POT_PADULI,Santa Croce del Sannio,49.56
POT_PADULI,Sassinoro,46.32
POT_PADULI,Solopaca,37.33
POT_PADULI,Telese Terme,39.05
POT_PADULI,Tocco Caudio,31.72
POT_PAGO_VEIANO,Airola,46.05
POT_PAGO_VEIANO,Limatola,62.98
POT_PAGO_VEIANO,San Giorgio Del Sannio,29.78
POT_PAGO_VEIANO,San Salvatore Telesino,45.8
POT_PAGO_VEIANO,Benevento,25.79
POT_PAGO_VEIANO,Cerreto Sannita,46.71
POT_PAGO_VEIANO,Ginestra Degli Schiavoni,32.69
POT_PAGO_VEIANO,Morcone,36.34
POT_PAGO_VEIANO,San Bartolomeo In Galdo,33.87
POT_PAGO_VEIANO,Vitulano,30.8
POT_PAGO_VEIANO,San Marco Dei Cavoti,13.27
POT_PAGO_VEIANO,Torrecuso,31.68
POT_PAGO_VEIANO,Amorosi,50.14
POT_PAGO_VEIANO,Apice,27.26
POT_PAGO_VEIANO,Apollosa,28.73
POT_PAGO_VEIANO,Arpaia,47.08
POT_PAGO_VEIANO,Arpaise,36.21
POT_PAGO_VEIANO,Baselice,25.11
POT_PAGO_VEIANO,Bonea,40.91
POT_PAGO_VEIANO,Bucciano,44.54
POT_PAGO_VEIANO,Buonalbergo,16.75
POT_PAGO_VEIANO,Calvi,30.69
POT_PAGO_VEIANO,Campolattaro,25.58
POT_PAGO_VEIANO,Campoli del Monte Taburno,32.96
POT_PAGO_VEIANO,Casalduni,27.43
POT_PAGO_VEIANO,Castelfranco in Miscano,34.53
POT_PAGO_VEIANO,Castelpagano,32.96
POT_PAGO_VEIANO,Castelpoto,26.24
POT_PAGO_VEIANO,Castelvenere,43.88
POT_PAGO_VEIANO,Castelvetere in Val Fortore,38.35
POT_PAGO_VEIANO,Cautano,30.81
POT_PAGO_VEIANO,Ceppaloni,32.6
POT_PAGO_VEIANO,Circello,30.01
POT_PAGO_VEIANO,Colle Sannita,30.84
POT_PAGO_VEIANO,Cusano Mutri,55.18
POT_PAGO_VEIANO,Dugenta,54.62
POT_PAGO_VEIANO,Durazzano,65.07
POT_PAGO_VEIANO,Faicchio,51.64
POT_PAGO_VEIANO,Foglianise,28.0
POT_PAGO_VEIANO,Foiano di Val Fortore,22.37
POT_PAGO_VEIANO,Forchia,48.21
POT_PAGO_VEIANO,Fragneto Monforte,16.91
POT_PAGO_VEIANO,Fragneto l'Abate,16.91
POT_PAGO_VEIANO,Frasso Telesino,47.56
POT_PAGO_VEIANO,Ginestra degli Schiavoni,32.69
POT_PAGO_VEIANO,Guardia Sanframondi,40.96
POT_PAGO_VEIANO,Melizzano,46.94
POT_PAGO_VEIANO,Moiano,49.81
POT_PAGO_VEIANO,Molinara,9.11
POT_PAGO_VEIANO,Montefalcone di Val Fortore,23.11
POT_PAGO_VEIANO,Montesarchio,38.58
POT_PAGO_VEIANO,Paduli,15.01
POT_PAGO_VEIANO,Pago Veiano,0.0
POT_PAGO_VEIANO,Pannarano,37.58
POT_PAGO_VEIANO,Paolisi,45.13
POT_PAGO_VEIANO,Paupisi,31.76
POT_PAGO_VEIANO,Pesco Sannita,10.31
POT_PAGO_VEIANO,Pietraroja,51.22
POT_PAGO_VEIANO,Pietrelcina,6.62
POT_PAGO_VEIANO,Ponte,28.6
POT_PAGO_VEIANO,Pontelandolfo,29.17
POT_PAGO_VEIANO,Puglianello,50.13
POT_PAGO_VEIANO,Reino,20.8
POT_PAGO_VEIANO,San Bartolomeo in Galdo,33.87
POT_PAGO_VEIANO,San Giorgio La Molara,9.22
POT_PAGO_VEIANO,San Giorgio del Sannio,29.78
POT_PAGO_VEIANO,San Leucio del Sannio,27.63
POT_PAGO_VEIANO,San Lorenzello,47.24
POT_PAGO_VEIANO,San Lorenzo Maggiore,37.28
POT_PAGO_VEIANO,San Lupo,37.82
POT_PAGO_VEIANO,San Marco dei Cavoti,13.27
POT_PAGO_VEIANO,San Martino Sannita,29.94
POT_PAGO_VEIANO,San Nazzaro,31.82
POT_PAGO_VEIANO,San Nicola Manfredi,29.5
POT_PAGO_VEIANO,Sant'Agata de' Goti,58.65
POT_PAGO_VEIANO,Sant'Angelo a Cupolo,27.82
POT_PAGO_VEIANO,Sant'Arcangelo Trimonte,19.76
POT_PAGO_VEIANO,Santa Croce del Sannio,42.19
POT_PAGO_VEIANO,Sassinoro,38.95
POT_PAGO_VEIANO,Solopaca,40.2
POT_PAGO_VEIANO,Telese Terme,41.93
POT_PAGO_VEIANO,Tocco Caudio,34.34
POT_PANNARANO,Airola,17.95
POT_PANNARANO,Limatola,39.56
POT_PANNARANO,San Giorgio Del Sannio,27.84
POT_PANNARANO,San Salvatore Telesino,49.64
POT_PANNARANO,Benevento,37.58
POT_PANNARANO,Cerreto Sannita,50.55
POT_PANNARANO,Ginestra Degli Schiavoni,60.39
POT_PANNARANO,Morcone,50.42
POT_PANNARANO,San Bartolomeo In Galdo,73.33
POT_PANNARANO,Vitulano,26.34
POT_PANNARANO,San Marco Dei Cavoti,47.64
POT_PANNARANO,Torrecuso,35.52
POT_PANNARANO,Amorosi,44.18
POT_PANNARANO,Apice,39.22
POT_PANNARANO,Apollosa,12.35
POT_PANNARANO,Arpaia,17.66
POT_PANNARANO,Arpaise,6.12
POT_PANNARANO,Baselice,64.57
POT_PANNARANO,Bonea,13.23
POT_PANNARANO,Bucciano,19.79
POT_PANNARANO,Buonalbergo,44.45
POT_PANNARANO,Calvi,28.75
POT_PANNARANO,Campolattaro,39.66
POT_PANNARANO,Campoli del Monte Taburno,19.64
POT_PANNARANO,Casalduni,38.55
POT_PANNARANO,Castelfranco in Miscano,62.23
POT_PANNARANO,Castelpagano,61.0
POT_PANNARANO,Castelpoto,23.0
POT_PANNARANO,Castelvenere,47.72
POT_PANNARANO,Castelvetere in Val Fortore,71.65
POT_PANNARANO,Cautano,22.52
POT_PANNARANO,Ceppaloni,10.08
POT_PANNARANO,Circello,53.68
POT_PANNARANO,Colle Sannita,54.51
POT_PANNARANO,Cusano Mutri,59.01
POT_PANNARANO,Dugenta,33.65
POT_PANNARANO,Durazzano,33.08
POT_PANNARANO,Faicchio,55.48
POT_PANNARANO,Foglianise,31.6
POT_PANNARANO,Foiano di Val Fortore,61.82
POT_PANNARANO,Forchia,18.8
POT_PANNARANO,Fragneto Monforte,36.81
POT_PANNARANO,Fragneto l'Abate,37.42
POT_PANNARANO,Frasso Telesino,31.32
POT_PANNARANO,Ginestra degli Schiavoni,60.39
POT_PANNARANO,Guardia Sanframondi,44.8
POT_PANNARANO,Melizzano,34.06
POT_PANNARANO,Moiano,20.39
POT_PANNARANO,Molinara,50.42
POT_PANNARANO,Montefalcone di Val Fortore,58.27
POT_PANNARANO,Montesarchio,10.91
POT_PANNARANO,Paduli,32.64
POT_PANNARANO,Pago Veiano,37.74
POT_PANNARANO,Pannarano,0.0
POT_PANNARANO,Paolisi,15.71
POT_PANNARANO,Paupisi,35.59
POT_PANNARANO,Pesco Sannita,34.1
POT_PANNARANO,Pietraroja,65.3
POT_PANNARANO,Pietrelcina,31.64
POT_PANNARANO,Ponte,32.44
POT_PANNARANO,Pontelandolfo,43.26
POT_PANNARANO,Puglianello,47.33
POT_PANNARANO,Reino,44.46
POT_PANNARANO,San Bartolomeo in Galdo,73.33
POT_PANNARANO,San Giorgio La Molara,48.45
POT_PANNARANO,San Giorgio del Sannio,27.84
POT_PANNARANO,San Leucio del Sannio,12.44
POT_PANNARANO,San Lorenzello,51.07
POT_PANNARANO,San Lorenzo Maggiore,41.12
POT_PANNARANO,San Lupo,41.66
POT_PANNARANO,San Marco dei Cavoti,47.64
POT_PANNARANO,San Martino Sannita,27.58
POT_PANNARANO,San Nazzaro,26.22
POT_PANNARANO,San Nicola Manfredi,27.14
POT_PANNARANO,Sant'Agata de' Goti,27.32
POT_PANNARANO,Sant'Angelo a Cupolo,22.82
POT_PANNARANO,Sant'Arcangelo Trimonte,41.06
POT_PANNARANO,Santa Croce del Sannio,56.27
POT_PANNARANO,Sassinoro,53.04
POT_PANNARANO,Solopaca,44.04
POT_PANNARANO,Telese Terme,45.77
POT_PANNARANO,Tocco Caudio,19.67
POT_PAOLISI,Airola,4.97
POT_PAOLISI,Limatola,26.59
POT_PAOLISI,San Giorgio Del Sannio,35.16
POT_PAOLISI,San Salvatore Telesino,35.34
POT_PAOLISI,Benevento,44.91
POT_PAOLISI,Cerreto Sannita,41.42
POT_PAOLISI,Ginestra Degli Schiavoni,67.72
POT_PAOLISI,Morcone,57.75
POT_PAOLISI,San Bartolomeo In Galdo,80.65
POT_PAOLISI,Vitulano,22.37
POT_PAOLISI,San Marco Dei Cavoti,54.97
POT_PAOLISI,Torrecuso,26.12
POT_PAOLISI,Amorosi,31.21
POT_PAOLISI,Apice,46.55
POT_PAOLISI,Apollosa,15.69
POT_PAOLISI,Arpaia,2.92
POT_PAOLISI,Arpaise,18.25
POT_PAOLISI,Baselice,71.9
POT_PAOLISI,Bonea,6.99
POT_PAOLISI,Bucciano,6.82
POT_PAOLISI,Buonalbergo,51.78
POT_PAOLISI,Calvi,36.08
POT_PAOLISI,Campolattaro,46.99
POT_PAOLISI,Campoli del Monte Taburno,15.67
POT_PAOLISI,Casalduni,45.88
POT_PAOLISI,Castelfranco in Miscano,69.55
POT_PAOLISI,Castelpagano,68.33
POT_PAOLISI,Castelpoto,18.29
POT_PAOLISI,Castelvenere,31.9
POT_PAOLISI,Castelvetere in Val Fortore,78.98
POT_PAOLISI,Cautano,18.55
POT_PAOLISI,Ceppaloni,22.2
POT_PAOLISI,Circello,61.0
POT_PAOLISI,Colle Sannita,61.83
POT_PAOLISI,Cusano Mutri,49.89
POT_PAOLISI,Dugenta,20.67
POT_PAOLISI,Durazzano,19.53
POT_PAOLISI,Faicchio,39.97
POT_PAOLISI,Foglianise,21.57
POT_PAOLISI,Foiano di Val Fortore,69.15
POT_PAOLISI,Forchia,4.06
POT_PAOLISI,Fragneto Monforte,44.14
POT_PAOLISI,Fragneto l'Abate,44.75
POT_PAOLISI,Frasso Telesino,18.35
POT_PAOLISI,Ginestra degli Schiavoni,67.72
POT_PAOLISI,Guardia Sanframondi,37.07
POT_PAOLISI,Melizzano,21.09
POT_PAOLISI,Moiano,7.42
POT_PAOLISI,Molinara,57.75
POT_PAOLISI,Montefalcone di Val Fortore,65.59
POT_PAOLISI,Montesarchio,7.18
POT_PAOLISI,Paduli,39.97
POT_PAOLISI,Pago Veiano,45.07
POT_PAOLISI,Pannarano,14.9
POT_PAOLISI,Paolisi,0.0
POT_PAOLISI,Paupisi,27.91
POT_PAOLISI,Pesco Sannita,41.43
POT_PAOLISI,Pietraroja,52.6
POT_PAOLISI,Pietrelcina,38.97
POT_PAOLISI,Ponte,39.77
POT_PAOLISI,Pontelandolfo,50.58
POT_PAOLISI,Puglianello,34.36
POT_PAOLISI,Reino,51.79
POT_PAOLISI,San Bartolomeo in Galdo,80.65
POT_PAOLISI,San Giorgio La Molara,55.78
POT_PAOLISI,San Giorgio del Sannio,35.16
POT_PAOLISI,San Leucio del Sannio,21.76
POT_PAOLISI,San Lorenzello,42.68
POT_PAOLISI,San Lorenzo Maggiore,37.08
POT_PAOLISI,San Lupo,39.87
POT_PAOLISI,San Marco dei Cavoti,54.97
POT_PAOLISI,San Martino Sannita,34.9
POT_PAOLISI,San Nazzaro,38.35
POT_PAOLISI,San Nicola Manfredi,34.47
POT_PAOLISI,Sant'Agata de' Goti,14.35
POT_PAOLISI,Sant'Angelo a Cupolo,34.94
POT_PAOLISI,Sant'Arcangelo Trimonte,48.39
POT_PAOLISI,Santa Croce del Sannio,63.6
POT_PAOLISI,Sassinoro,60.37
POT_PAOLISI,Solopaca,26.01
POT_PAOLISI,Telese Terme,29.04
POT_PAOLISI,Tocco Caudio,15.71
POT_PAUPISI,Airola,33.96
POT_PAUPISI,Limatola,34.63
POT_PAUPISI,San Giorgio Del Sannio,29.04
POT_PAUPISI,San Salvatore Telesino,17.45
POT_PAUPISI,Benevento,12.19
POT_PAUPISI,Cerreto Sannita,18.36
POT_PAUPISI,Ginestra Degli Schiavoni,57.53
POT_PAUPISI,Morcone,34.89
POT_PAUPISI,San Bartolomeo In Galdo,68.34
POT_PAUPISI,Vitulano,6.27
POT_PAUPISI,San Marco Dei Cavoti,42.65
POT_PAUPISI,Torrecuso,2.3
POT_PAUPISI,Amorosi,21.8
POT_PAUPISI,Apice,32.2
POT_PAUPISI,Apollosa,26.67
POT_PAUPISI,Arpaia,29.96
POT_PAUPISI,Arpaise,34.15
POT_PAUPISI,Baselice,59.58
POT_PAUPISI,Bonea,20.94
POT_PAUPISI,Bucciano,25.79
POT_PAUPISI,Buonalbergo,41.59
POT_PAUPISI,Calvi,29.95
POT_PAUPISI,Campolattaro,24.13
POT_PAUPISI,Campoli del Monte Taburno,12.39
POT_PAUPISI,Casalduni,11.6
POT_PAUPISI,Castelfranco in Miscano,59.37
POT_PAUPISI,Castelpagano,56.01
POT_PAUPISI,Castelpoto,12.4
POT_PAUPISI,Castelvenere,15.53
POT_PAUPISI,Castelvetere in Val Fortore,66.67
POT_PAUPISI,Cautano,10.25
POT_PAUPISI,Ceppaloni,30.54
POT_PAUPISI,Circello,48.69
POT_PAUPISI,Colle Sannita,49.52
POT_PAUPISI,Cusano Mutri,26.83
POT_PAUPISI,Dugenta,26.28
POT_PAUPISI,Durazzano,36.73
POT_PAUPISI,Faicchio,23.29
POT_PAUPISI,Foglianise,6.56
POT_PAUPISI,Foiano di Val Fortore,56.84
POT_PAUPISI,Forchia,31.1
POT_PAUPISI,Fragneto Monforte,21.28
POT_PAUPISI,Fragneto l'Abate,22.87
POT_PAUPISI,Frasso Telesino,19.21
POT_PAUPISI,Ginestra degli Schiavoni,57.53
POT_PAUPISI,Guardia Sanframondi,12.62
POT_PAUPISI,Melizzano,18.59
POT_PAUPISI,Moiano,32.19
POT_PAUPISI,Molinara,45.43
POT_PAUPISI,Montefalcone di Val Fortore,55.41
POT_PAUPISI,Montesarchio,21.77
POT_PAUPISI,Paduli,29.78
POT_PAUPISI,Pago Veiano,32.76
POT_PAUPISI,Pannarano,35.52
POT_PAUPISI,Paolisi,28.02
POT_PAUPISI,Paupisi,0.0
POT_PAUPISI,Pesco Sannita,29.11
POT_PAUPISI,Pietraroja,29.54
POT_PAUPISI,Pietrelcina,26.66
POT_PAUPISI,Ponte,7.05
POT_PAUPISI,Pontelandolfo,16.51
POT_PAUPISI,Puglianello,21.78
POT_PAUPISI,Reino,39.47
POT_PAUPISI,San Bartolomeo in Galdo,68.34
POT_PAUPISI,San Giorgio La Molara,45.6
POT_PAUPISI,San Giorgio del Sannio,29.04
POT_PAUPISI,San Leucio del Sannio,25.57
POT_PAUPISI,San Lorenzello,18.89
POT_PAUPISI,San Lorenzo Maggiore,8.94
POT_PAUPISI,San Lupo,13.36
POT_PAUPISI,San Marco dei Cavoti,42.65
POT_PAUPISI,San Martino Sannita,29.21
POT_PAUPISI,San Nazzaro,31.08
POT_PAUPISI,San Nicola Manfredi,28.77
POT_PAUPISI,Sant'Agata de' Goti,30.3
POT_PAUPISI,Sant'Angelo a Cupolo,28.73
POT_PAUPISI,Sant'Arcangelo Trimonte,38.2
POT_PAUPISI,Santa Croce del Sannio,40.74
POT_PAUPISI,Sassinoro,37.51
POT_PAUPISI,Solopaca,11.86
POT_PAUPISI,Telese Terme,13.58
POT_PAUPISI,Tocco Caudio,13.77
POT_PESCO_SANNITA,Airola,42.77
POT_PESCO_SANNITA,Limatola,59.7
POT_PESCO_SANNITA,San Giorgio Del Sannio,26.5
POT_PESCO_SANNITA,San Salvatore Telesino,42.52
POT_PESCO_SANNITA,Benevento,15.92
POT_PESCO_SANNITA,Cerreto Sannita,43.43
POT_PESCO_SANNITA,Ginestra Degli Schiavoni,42.13
POT_PESCO_SANNITA,Morcone,26.47
POT_PESCO_SANNITA,San Bartolomeo In Galdo,40.38
POT_PESCO_SANNITA,Vitulano,27.52
POT_PESCO_SANNITA,San Marco Dei Cavoti,14.7
POT_PESCO_SANNITA,Torrecuso,28.4
POT_PESCO_SANNITA,Amorosi,46.87
POT_PESCO_SANNITA,Apice,29.66
POT_PESCO_SANNITA,Apollosa,25.45
POT_PESCO_SANNITA,Arpaia,43.8
POT_PESCO_SANNITA,Arpaise,32.93
POT_PESCO_SANNITA,Baselice,31.62
POT_PESCO_SANNITA,Bonea,37.63
POT_PESCO_SANNITA,Bucciano,41.26
POT_PESCO_SANNITA,Buonalbergo,26.19
POT_PESCO_SANNITA,Calvi,27.41
POT_PESCO_SANNITA,Campolattaro,15.71
POT_PESCO_SANNITA,Campoli del Monte Taburno,29.68
POT_PESCO_SANNITA,Casalduni,17.57
POT_PESCO_SANNITA,Castelfranco in Miscano,43.12
POT_PESCO_SANNITA,Castelpagano,27.71
POT_PESCO_SANNITA,Castelpoto,22.96
POT_PESCO_SANNITA,Castelvenere,40.6
POT_PESCO_SANNITA,Castelvetere in Val Fortore,38.36
POT_PESCO_SANNITA,Cautano,27.53
POT_PESCO_SANNITA,Ceppaloni,29.32
POT_PESCO_SANNITA,Circello,20.38
POT_PESCO_SANNITA,Colle Sannita,21.21
POT_PESCO_SANNITA,Cusano Mutri,51.9
POT_PESCO_SANNITA,Dugenta,51.34
POT_PESCO_SANNITA,Durazzano,61.79
POT_PESCO_SANNITA,Faicchio,48.36
POT_PESCO_SANNITA,Foglianise,24.72
POT_PESCO_SANNITA,Foiano di Val Fortore,28.88
POT_PESCO_SANNITA,Forchia,44.94
POT_PESCO_SANNITA,Fragneto Monforte,7.04
POT_PESCO_SANNITA,Fragneto l'Abate,7.05
POT_PESCO_SANNITA,Frasso Telesino,44.28
POT_PESCO_SANNITA,Ginestra degli Schiavoni,42.13
POT_PESCO_SANNITA,Guardia Sanframondi,37.68
POT_PESCO_SANNITA,Melizzano,43.66
POT_PESCO_SANNITA,Moiano,46.53
POT_PESCO_SANNITA,Molinara,17.48
POT_PESCO_SANNITA,Montefalcone di Val Fortore,33.04
POT_PESCO_SANNITA,Montesarchio,35.31
POT_PESCO_SANNITA,Paduli,14.87
POT_PESCO_SANNITA,Pago Veiano,10.48
POT_PESCO_SANNITA,Pannarano,34.3
POT_PESCO_SANNITA,Paolisi,41.85
POT_PESCO_SANNITA,Paupisi,28.48
POT_PESCO_SANNITA,Pesco Sannita,0.0
POT_PESCO_SANNITA,Pietraroja,41.35
POT_PESCO_SANNITA,Pietrelcina,6.11
POT_PESCO_SANNITA,Ponte,25.32
POT_PESCO_SANNITA,Pontelandolfo,19.3
POT_PESCO_SANNITA,Puglianello,46.85
POT_PESCO_SANNITA,Reino,11.17
POT_PESCO_SANNITA,San Bartolomeo in Galdo,40.38
POT_PESCO_SANNITA,San Giorgio La Molara,19.71
POT_PESCO_SANNITA,San Giorgio del Sannio,26.5
POT_PESCO_SANNITA,San Leucio del Sannio,24.35
POT_PESCO_SANNITA,San Lorenzello,43.96
POT_PESCO_SANNITA,San Lorenzo Maggiore,34.01
POT_PESCO_SANNITA,San Lupo,28.24
POT_PESCO_SANNITA,San Marco dei Cavoti,14.7
POT_PESCO_SANNITA,San Martino Sannita,26.67
POT_PESCO_SANNITA,San Nazzaro,28.54
POT_PESCO_SANNITA,San Nicola Manfredi,26.23
POT_PESCO_SANNITA,Sant'Agata de' Goti,55.37
POT_PESCO_SANNITA,Sant'Angelo a Cupolo,24.24
POT_PESCO_SANNITA,Sant'Arcangelo Trimonte,22.8
POT_PESCO_SANNITA,Santa Croce del Sannio,32.32
POT_PESCO_SANNITA,Sassinoro,29.09
POT_PESCO_SANNITA,Solopaca,36.93
POT_PESCO_SANNITA,Telese Terme,38.65
POT_PESCO_SANNITA,Tocco Caudio,31.06
POT_PIETRAROJA,Airola,49.11
POT_PIETRAROJA,Limatola,37.86
POT_PIETRAROJA,San Giorgio Del Sannio,57.94
POT_PIETRAROJA,San Salvatore Telesino,19.9
POT_PIETRAROJA,Benevento,34.23
POT_PIETRAROJA,Cerreto Sannita,11.55
POT_PIETRAROJA,Ginestra Degli Schiavoni,86.43
POT_PIETRAROJA,Morcone,15.65
POT_PIETRAROJA,San Bartolomeo In Galdo,69.5
POT_PIETRAROJA,Vitulano,36.58
POT_PIETRAROJA,San Marco Dei Cavoti,50.67
POT_PIETRAROJA,Torrecuso,32.62
POT_PIETRAROJA,Amorosi,25.03
POT_PIETRAROJA,Apice,61.1
POT_PIETRAROJA,Apollosa,55.57
POT_PIETRAROJA,Arpaia,54.35
POT_PIETRAROJA,Arpaise,63.05
POT_PIETRAROJA,Baselice,60.56
POT_PIETRAROJA,Bonea,63.04
POT_PIETRAROJA,Bucciano,47.79
POT_PIETRAROJA,Buonalbergo,70.49
POT_PIETRAROJA,Calvi,58.85
POT_PIETRAROJA,Campolattaro,29.49
POT_PIETRAROJA,Campoli del Monte Taburno,54.49
POT_PIETRAROJA,Casalduni,33.89
POT_PIETRAROJA,Castelfranco in Miscano,88.27
POT_PIETRAROJA,Castelpagano,37.21
POT_PIETRAROJA,Castelpoto,47.78
POT_PIETRAROJA,Castelvenere,19.58
POT_PIETRAROJA,Castelvetere in Val Fortore,57.87
POT_PIETRAROJA,Cautano,52.35
POT_PIETRAROJA,Ceppaloni,59.44
POT_PIETRAROJA,Circello,36.96
POT_PIETRAROJA,Colle Sannita,43.81
POT_PIETRAROJA,Cusano Mutri,8.26
POT_PIETRAROJA,Dugenta,35.44
POT_PIETRAROJA,Durazzano,50.83
POT_PIETRAROJA,Faicchio,20.94
POT_PIETRAROJA,Foglianise,49.53
POT_PIETRAROJA,Foiano di Val Fortore,60.8
POT_PIETRAROJA,Forchia,55.49
POT_PIETRAROJA,Fragneto Monforte,33.58
POT_PIETRAROJA,Fragneto l'Abate,35.18
POT_PIETRAROJA,Frasso Telesino,34.36
POT_PIETRAROJA,Ginestra degli Schiavoni,86.43
POT_PIETRAROJA,Guardia Sanframondi,18.02
POT_PIETRAROJA,Melizzano,33.74
POT_PIETRAROJA,Moiano,47.34
POT_PIETRAROJA,Molinara,53.45
POT_PIETRAROJA,Montefalcone di Val Fortore,69.01
POT_PIETRAROJA,Montesarchio,65.43
POT_PIETRAROJA,Paduli,58.68
POT_PIETRAROJA,Pago Veiano,51.53
POT_PIETRAROJA,Pannarano,64.43
POT_PIETRAROJA,Paolisi,52.4
POT_PIETRAROJA,Paupisi,30.28
POT_PIETRAROJA,Pesco Sannita,41.61
POT_PIETRAROJA,Pietraroja,0.0
POT_PIETRAROJA,Pietrelcina,47.16
POT_PIETRAROJA,Ponte,33.26
POT_PIETRAROJA,Pontelandolfo,27.77
POT_PIETRAROJA,Puglianello,25.26
POT_PIETRAROJA,Reino,41.14
POT_PIETRAROJA,San Bartolomeo in Galdo,69.5
POT_PIETRAROJA,San Giorgio La Molara,63.05
POT_PIETRAROJA,San Giorgio del Sannio,57.94
POT_PIETRAROJA,San Leucio del Sannio,54.47
POT_PIETRAROJA,San Lorenzello,13.3
POT_PIETRAROJA,San Lorenzo Maggiore,21.94
POT_PIETRAROJA,San Lupo,22.27
POT_PIETRAROJA,San Marco dei Cavoti,50.67
POT_PIETRAROJA,San Martino Sannita,58.11
POT_PIETRAROJA,San Nazzaro,59.98
POT_PIETRAROJA,San Nicola Manfredi,57.67
POT_PIETRAROJA,Sant'Agata de' Goti,44.4
POT_PIETRAROJA,Sant'Angelo a Cupolo,57.64
POT_PIETRAROJA,Sant'Arcangelo Trimonte,67.1
POT_PIETRAROJA,Santa Croce del Sannio,26.43
POT_PIETRAROJA,Sassinoro,22.38
POT_PIETRAROJA,Solopaca,27.01
POT_PIETRAROJA,Telese Terme,22.6
POT_PIETRAROJA,Tocco Caudio,55.87
POT_PIETRELCINA,Airola,39.92
POT_PIETRELCINA,Limatola,56.85
POT_PIETRELCINA,San Giorgio Del Sannio,23.65
POT_PIETRELCINA,San Salvatore Telesino,39.67
POT_PIETRELCINA,Benevento,27.62
POT_PIETRELCINA,Cerreto Sannita,40.58
POT_PIETRELCINA,Ginestra Degli Schiavoni,36.47
POT_PIETRELCINA,Morcone,31.96
POT_PIETRELCINA,San Bartolomeo In Galdo,40.47
POT_PIETRELCINA,Vitulano,24.67
POT_PIETRELCINA,San Marco Dei Cavoti,19.95
POT_PIETRELCINA,Torrecuso,25.55
POT_PIETRELCINA,Amorosi,44.02
POT_PIETRELCINA,Apice,21.47
POT_PIETRELCINA,Apollosa,22.6
POT_PIETRELCINA,Arpaia,40.95
POT_PIETRELCINA,Arpaise,30.08
POT_PIETRELCINA,Baselice,31.71
POT_PIETRELCINA,Bonea,34.78
POT_PIETRELCINA,Bucciano,38.41
POT_PIETRELCINA,Buonalbergo,20.53
POT_PIETRELCINA,Calvi,24.56
POT_PIETRELCINA,Campolattaro,21.2
POT_PIETRELCINA,Campoli del Monte Taburno,26.83
POT_PIETRELCINA,Casalduni,28.58
POT_PIETRELCINA,Castelfranco in Miscano,38.31
POT_PIETRELCINA,Castelpagano,32.96
POT_PIETRELCINA,Castelpoto,20.11
POT_PIETRELCINA,Castelvenere,37.75
POT_PIETRELCINA,Castelvetere in Val Fortore,43.62
POT_PIETRELCINA,Cautano,24.68
POT_PIETRELCINA,Ceppaloni,26.47
POT_PIETRELCINA,Circello,25.64
POT_PIETRELCINA,Colle Sannita,26.47
POT_PIETRELCINA,Cusano Mutri,49.05
POT_PIETRELCINA,Dugenta,48.49
POT_PIETRELCINA,Durazzano,58.94
POT_PIETRELCINA,Faicchio,45.51
POT_PIETRELCINA,Foglianise,21.87
POT_PIETRELCINA,Foiano di Val Fortore,28.96
POT_PIETRELCINA,Forchia,42.09
POT_PIETRELCINA,Fragneto Monforte,12.53
POT_PIETRELCINA,Fragneto l'Abate,12.54
POT_PIETRELCINA,Frasso Telesino,41.43
POT_PIETRELCINA,Ginestra degli Schiavoni,36.47
POT_PIETRELCINA,Guardia Sanframondi,34.83
POT_PIETRELCINA,Melizzano,40.81
POT_PIETRELCINA,Moiano,43.68
POT_PIETRELCINA,Molinara,15.71
POT_PIETRELCINA,Montefalcone di Val Fortore,29.7
POT_PIETRELCINA,Montesarchio,32.46
POT_PIETRELCINA,Paduli,9.21
POT_PIETRELCINA,Pago Veiano,6.59
POT_PIETRELCINA,Pannarano,31.45
POT_PIETRELCINA,Paolisi,39.0
POT_PIETRELCINA,Paupisi,25.63
POT_PIETRELCINA,Pesco Sannita,5.94
POT_PIETRELCINA,Pietraroja,46.84
POT_PIETRELCINA,Pietrelcina,0.0
POT_PIETRELCINA,Ponte,22.47
POT_PIETRELCINA,Pontelandolfo,24.8
POT_PIETRELCINA,Puglianello,44.0
POT_PIETRELCINA,Reino,16.42
POT_PIETRELCINA,San Bartolomeo in Galdo,40.47
POT_PIETRELCINA,San Giorgio La Molara,15.81
POT_PIETRELCINA,San Giorgio del Sannio,23.65
POT_PIETRELCINA,San Leucio del Sannio,21.5
POT_PIETRELCINA,San Lorenzello,41.11
POT_PIETRELCINA,San Lorenzo Maggiore,31.16
POT_PIETRELCINA,San Lupo,31.69
POT_PIETRELCINA,San Marco dei Cavoti,19.95
POT_PIETRELCINA,San Martino Sannita,23.82
POT_PIETRELCINA,San Nazzaro,25.69
POT_PIETRELCINA,San Nicola Manfredi,23.38
POT_PIETRELCINA,Sant'Agata de' Goti,52.52
POT_PIETRELCINA,Sant'Angelo a Cupolo,21.69
POT_PIETRELCINA,Sant'Arcangelo Trimonte,17.14
POT_PIETRELCINA,Santa Croce del Sannio,37.81
POT_PIETRELCINA,Sassinoro,34.58
POT_PIETRELCINA,Solopaca,34.08
POT_PIETRELCINA,Telese Terme,35.8
POT_PIETRELCINA,Tocco Caudio,28.21
POT_PONTE,Airola,36.61
POT_PONTE,Limatola,37.28
POT_PONTE,San Giorgio Del Sannio,24.76
POT_PONTE,San Salvatore Telesino,20.1
POT_PONTE,Benevento,5.17
POT_PONTE,Cerreto Sannita,21.01
POT_PONTE,Ginestra Degli Schiavoni,53.26
POT_PONTE,Morcone,26.21
POT_PONTE,San Bartolomeo In Galdo,64.06
POT_PONTE,Vitulano,9.79
POT_PONTE,San Marco Dei Cavoti,38.38
POT_PONTE,Torrecuso,5.67
POT_PONTE,Amorosi,24.44
POT_PONTE,Apice,27.93
POT_PONTE,Apollosa,22.4
POT_PONTE,Arpaia,40.74
POT_PONTE,Arpaise,29.87
POT_PONTE,Baselice,55.3
POT_PONTE,Bonea,29.37
POT_PONTE,Bucciano,34.22
POT_PONTE,Buonalbergo,37.32
POT_PONTE,Calvi,25.67
POT_PONTE,Campolattaro,14.42
POT_PONTE,Campoli del Monte Taburno,20.83
POT_PONTE,Casalduni,7.15
POT_PONTE,Castelfranco in Miscano,55.09
POT_PONTE,Castelpagano,35.27
POT_PONTE,Castelpoto,14.11
POT_PONTE,Castelvenere,18.18
POT_PONTE,Castelvetere in Val Fortore,45.92
POT_PONTE,Cautano,18.68
POT_PONTE,Ceppaloni,26.27
POT_PONTE,Circello,27.94
POT_PONTE,Colle Sannita,28.77
POT_PONTE,Cusano Mutri,29.48
POT_PONTE,Dugenta,28.92
POT_PONTE,Durazzano,39.37
POT_PONTE,Faicchio,25.94
POT_PONTE,Foglianise,10.39
POT_PONTE,Foiano di Val Fortore,52.56
POT_PONTE,Forchia,41.88
POT_PONTE,Fragneto Monforte,12.44
POT_PONTE,Fragneto l'Abate,14.04
POT_PONTE,Frasso Telesino,21.86
POT_PONTE,Ginestra degli Schiavoni,53.26
POT_PONTE,Guardia Sanframondi,15.26
POT_PONTE,Melizzano,21.24
POT_PONTE,Moiano,34.84
POT_PONTE,Molinara,41.16
POT_PONTE,Montefalcone di Val Fortore,51.13
POT_PONTE,Montesarchio,32.25
POT_PONTE,Paduli,25.51
POT_PONTE,Pago Veiano,28.48
POT_PONTE,Pannarano,31.25
POT_PONTE,Paolisi,38.8
POT_PONTE,Paupisi,5.75
POT_PONTE,Pesco Sannita,24.84
POT_PONTE,Pietraroja,32.19
POT_PONTE,Pietrelcina,22.38
POT_PONTE,Ponte,0.0
POT_PONTE,Pontelandolfo,12.06
POT_PONTE,Puglianello,24.43
POT_PONTE,Reino,20.0
POT_PONTE,San Bartolomeo in Galdo,64.06
POT_PONTE,San Giorgio La Molara,41.32
POT_PONTE,San Giorgio del Sannio,24.76
POT_PONTE,San Leucio del Sannio,21.3
POT_PONTE,San Lorenzello,21.53
POT_PONTE,San Lorenzo Maggiore,11.58
POT_PONTE,San Lupo,11.36
POT_PONTE,San Marco dei Cavoti,38.38
POT_PONTE,San Martino Sannita,24.93
POT_PONTE,San Nazzaro,26.81
POT_PONTE,San Nicola Manfredi,24.49
POT_PONTE,Sant'Agata de' Goti,32.95
POT_PONTE,Sant'Angelo a Cupolo,24.46
POT_PONTE,Sant'Arcangelo Trimonte,33.92
POT_PONTE,Santa Croce del Sannio,32.06
POT_PONTE,Sassinoro,28.83
POT_PONTE,Solopaca,14.5
POT_PONTE,Telese Terme,16.23
POT_PONTE,Tocco Caudio,22.21
POT_PONTELANDOLFO,Airola,48.11
POT_PONTELANDOLFO,Limatola,43.1
POT_PONTELANDOLFO,San Giorgio Del Sannio,35.9
POT_PONTELANDOLFO,San Salvatore Telesino,26.26
POT_PONTELANDOLFO,Benevento,6.91
POT_PONTELANDOLFO,Cerreto Sannita,21.19
POT_PONTELANDOLFO,Ginestra Degli Schiavoni,64.4
POT_PONTELANDOLFO,Morcone,13.17
POT_PONTELANDOLFO,San Bartolomeo In Galdo,54.32
POT_PONTELANDOLFO,Vitulano,30.3
POT_PONTELANDOLFO,San Marco Dei Cavoti,28.63
POT_PONTELANDOLFO,Torrecuso,17.14
POT_PONTELANDOLFO,Amorosi,30.26
POT_PONTELANDOLFO,Apice,39.07
POT_PONTELANDOLFO,Apollosa,33.54
POT_PONTELANDOLFO,Arpaia,51.89
POT_PONTELANDOLFO,Arpaise,41.01
POT_PONTELANDOLFO,Baselice,45.56
POT_PONTELANDOLFO,Bonea,41.0
POT_PONTELANDOLFO,Bucciano,45.85
POT_PONTELANDOLFO,Buonalbergo,48.46
POT_PONTELANDOLFO,Calvi,36.82
POT_PONTELANDOLFO,Campolattaro,7.45
POT_PONTELANDOLFO,Campoli del Monte Taburno,32.46
POT_PONTELANDOLFO,Casalduni,4.91
POT_PONTELANDOLFO,Castelfranco in Miscano,66.23
POT_PONTELANDOLFO,Castelpagano,29.8
POT_PONTELANDOLFO,Castelpoto,25.74
POT_PONTELANDOLFO,Castelvenere,21.32
POT_PONTELANDOLFO,Castelvetere in Val Fortore,50.46
POT_PONTELANDOLFO,Cautano,30.31
POT_PONTELANDOLFO,Ceppaloni,37.41
POT_PONTELANDOLFO,Circello,21.04
POT_PONTELANDOLFO,Colle Sannita,27.88
POT_PONTELANDOLFO,Cusano Mutri,29.66
POT_PONTELANDOLFO,Dugenta,37.04
POT_PONTELANDOLFO,Durazzano,48.96
POT_PONTELANDOLFO,Faicchio,28.69
POT_PONTELANDOLFO,Foglianise,27.5
POT_PONTELANDOLFO,Foiano di Val Fortore,42.82
POT_PONTELANDOLFO,Forchia,53.02
POT_PONTELANDOLFO,Fragneto Monforte,11.54
POT_PONTELANDOLFO,Fragneto l'Abate,13.14
POT_PONTELANDOLFO,Frasso Telesino,31.44
POT_PONTELANDOLFO,Ginestra degli Schiavoni,64.4
POT_PONTELANDOLFO,Guardia Sanframondi,14.32
POT_PONTELANDOLFO,Melizzano,30.82
POT_PONTELANDOLFO,Moiano,44.42
POT_PONTELANDOLFO,Molinara,31.41
POT_PONTELANDOLFO,Montefalcone di Val Fortore,46.98
POT_PONTELANDOLFO,Montesarchio,43.39
POT_PONTELANDOLFO,Paduli,36.65
POT_PONTELANDOLFO,Pago Veiano,29.5
POT_PONTELANDOLFO,Pannarano,42.39
POT_PONTELANDOLFO,Paolisi,49.94
POT_PONTELANDOLFO,Paupisi,16.49
POT_PONTELANDOLFO,Pesco Sannita,19.57
POT_PONTELANDOLFO,Pietraroja,28.05
POT_PONTELANDOLFO,Pietrelcina,25.12
POT_PONTELANDOLFO,Ponte,12.05
POT_PONTELANDOLFO,Pontelandolfo,0.0
POT_PONTELANDOLFO,Puglianello,30.72
POT_PONTELANDOLFO,Reino,19.1
POT_PONTELANDOLFO,San Bartolomeo in Galdo,54.32
POT_PONTELANDOLFO,San Giorgio La Molara,41.01
POT_PONTELANDOLFO,San Giorgio del Sannio,35.9
POT_PONTELANDOLFO,San Leucio del Sannio,32.44
POT_PONTELANDOLFO,San Lorenzello,21.54
POT_PONTELANDOLFO,San Lorenzo Maggiore,12.37
POT_PONTELANDOLFO,San Lupo,10.07
POT_PONTELANDOLFO,San Marco dei Cavoti,28.63
POT_PONTELANDOLFO,San Martino Sannita,36.07
POT_PONTELANDOLFO,San Nazzaro,37.95
POT_PONTELANDOLFO,San Nicola Manfredi,35.63
POT_PONTELANDOLFO,Sant'Agata de' Goti,42.53
POT_PONTELANDOLFO,Sant'Angelo a Cupolo,35.6
POT_PONTELANDOLFO,Sant'Arcangelo Trimonte,45.07
POT_PONTELANDOLFO,Santa Croce del Sannio,19.02
POT_PONTELANDOLFO,Sassinoro,15.79
POT_PONTELANDOLFO,Solopaca,24.09
POT_PONTELANDOLFO,Telese Terme,24.35
POT_PONTELANDOLFO,Tocco Caudio,33.84
POT_PUGLIANELLO,Airola,28.09
POT_PUGLIANELLO,Limatola,15.8
POT_PUGLIANELLO,San Giorgio Del Sannio,46.66
POT_PUGLIANELLO,San Salvatore Telesino,5.4
POT_PUGLIANELLO,Benevento,30.11
POT_PUGLIANELLO,Cerreto Sannita,14.03
POT_PUGLIANELLO,Ginestra Degli Schiavoni,75.15
POT_PUGLIANELLO,Morcone,52.51
POT_PUGLIANELLO,San Bartolomeo In Galdo,85.96
POT_PUGLIANELLO,Vitulano,26.23
POT_PUGLIANELLO,San Marco Dei Cavoti,60.27
POT_PUGLIANELLO,Torrecuso,24.32
POT_PUGLIANELLO,Amorosi,2.83
POT_PUGLIANELLO,Apice,49.82
POT_PUGLIANELLO,Apollosa,44.29
POT_PUGLIANELLO,Arpaia,33.33
POT_PUGLIANELLO,Arpaise,51.77
POT_PUGLIANELLO,Baselice,77.2
POT_PUGLIANELLO,Bonea,31.63
POT_PUGLIANELLO,Bucciano,26.77
POT_PUGLIANELLO,Buonalbergo,59.21
POT_PUGLIANELLO,Calvi,47.57
POT_PUGLIANELLO,Campolattaro,41.75
POT_PUGLIANELLO,Campoli del Monte Taburno,26.77
POT_PUGLIANELLO,Casalduni,31.08
POT_PUGLIANELLO,Castelfranco in Miscano,76.99
POT_PUGLIANELLO,Castelpagano,73.63
POT_PUGLIANELLO,Castelpoto,37.34
POT_PUGLIANELLO,Castelvenere,11.03
POT_PUGLIANELLO,Castelvetere in Val Fortore,84.29
POT_PUGLIANELLO,Cautano,26.72
POT_PUGLIANELLO,Ceppaloni,48.16
POT_PUGLIANELLO,Circello,66.31
POT_PUGLIANELLO,Colle Sannita,67.14
POT_PUGLIANELLO,Cusano Mutri,22.54
POT_PUGLIANELLO,Dugenta,11.59
POT_PUGLIANELLO,Durazzano,26.97
POT_PUGLIANELLO,Faicchio,8.66
POT_PUGLIANELLO,Foglianise,28.57
POT_PUGLIANELLO,Foiano di Val Fortore,74.46
POT_PUGLIANELLO,Forchia,34.47
POT_PUGLIANELLO,Fragneto Monforte,38.9
POT_PUGLIANELLO,Fragneto l'Abate,40.49
POT_PUGLIANELLO,Frasso Telesino,12.35
POT_PUGLIANELLO,Ginestra degli Schiavoni,75.15
POT_PUGLIANELLO,Guardia Sanframondi,18.98
POT_PUGLIANELLO,Melizzano,9.41
POT_PUGLIANELLO,Moiano,27.79
POT_PUGLIANELLO,Molinara,63.05
POT_PUGLIANELLO,Montefalcone di Val Fortore,73.03
POT_PUGLIANELLO,Montesarchio,33.37
POT_PUGLIANELLO,Paduli,47.4
POT_PUGLIANELLO,Pago Veiano,50.38
POT_PUGLIANELLO,Pannarano,43.94
POT_PUGLIANELLO,Paolisi,31.38
POT_PUGLIANELLO,Paupisi,21.98
POT_PUGLIANELLO,Pesco Sannita,46.73
POT_PUGLIANELLO,Pietraroja,25.25
POT_PUGLIANELLO,Pietrelcina,44.28
POT_PUGLIANELLO,Ponte,24.97
POT_PUGLIANELLO,Pontelandolfo,33.63
POT_PUGLIANELLO,Puglianello,0.0
POT_PUGLIANELLO,Reino,57.09
POT_PUGLIANELLO,San Bartolomeo in Galdo,85.96
POT_PUGLIANELLO,San Giorgio La Molara,63.22
POT_PUGLIANELLO,San Giorgio del Sannio,46.66
POT_PUGLIANELLO,San Leucio del Sannio,43.19
POT_PUGLIANELLO,San Lorenzello,12.73
POT_PUGLIANELLO,San Lorenzo Maggiore,20.78
POT_PUGLIANELLO,San Lupo,23.57
POT_PUGLIANELLO,San Marco dei Cavoti,60.27
POT_PUGLIANELLO,San Martino Sannita,46.83
POT_PUGLIANELLO,San Nazzaro,48.7
POT_PUGLIANELLO,San Nicola Manfredi,46.39
POT_PUGLIANELLO,Sant'Agata de' Goti,20.55
POT_PUGLIANELLO,Sant'Angelo a Cupolo,46.35
POT_PUGLIANELLO,Sant'Arcangelo Trimonte,55.82
POT_PUGLIANELLO,Santa Croce del Sannio,58.36
POT_PUGLIANELLO,Sassinoro,55.13
POT_PUGLIANELLO,Solopaca,15.48
POT_PUGLIANELLO,Telese Terme,7.02
POT_PUGLIANELLO,Tocco Caudio,26.89
POT_REINO,Airola,52.28
POT_REINO,Limatola,69.21
POT_REINO,San Giorgio Del Sannio,36.01
POT_REINO,San Salvatore Telesino,52.03
POT_REINO,Benevento,15.44
POT_REINO,Cerreto Sannita,52.94
POT_REINO,Ginestra Degli Schiavoni,34.07
POT_REINO,Morcone,25.99
POT_REINO,San Bartolomeo In Galdo,32.22
POT_REINO,Vitulano,37.03
POT_REINO,San Marco Dei Cavoti,6.53
POT_REINO,Torrecuso,37.91
POT_REINO,Amorosi,56.38
POT_REINO,Apice,39.17
POT_REINO,Apollosa,34.96
POT_REINO,Arpaia,53.31
POT_REINO,Arpaise,42.44
POT_REINO,Baselice,23.46
POT_REINO,Bonea,47.15
POT_REINO,Bucciano,50.77
POT_REINO,Buonalbergo,24.31
POT_REINO,Calvi,36.92
POT_REINO,Campolattaro,15.23
POT_REINO,Campoli del Monte Taburno,39.19
POT_REINO,Casalduni,17.09
POT_REINO,Castelfranco in Miscano,34.95
POT_REINO,Castelpagano,16.72
POT_REINO,Castelpoto,32.47
POT_REINO,Castelvenere,50.12
POT_REINO,Castelvetere in Val Fortore,27.38
POT_REINO,Cautano,37.04
POT_REINO,Ceppaloni,38.83
POT_REINO,Circello,9.4
POT_REINO,Colle Sannita,10.23
POT_REINO,Cusano Mutri,61.41
POT_REINO,Dugenta,60.86
POT_REINO,Durazzano,71.31
POT_REINO,Faicchio,57.87
POT_REINO,Foglianise,34.23
POT_REINO,Foiano di Val Fortore,20.71
POT_REINO,Forchia,54.45
POT_REINO,Fragneto Monforte,8.95
POT_REINO,Fragneto l'Abate,6.36
POT_REINO,Frasso Telesino,53.79
POT_REINO,Ginestra degli Schiavoni,34.07
POT_REINO,Guardia Sanframondi,32.01
POT_REINO,Melizzano,53.17
POT_REINO,Moiano,56.04
POT_REINO,Molinara,9.31
POT_REINO,Montefalcone di Val Fortore,24.87
POT_REINO,Montesarchio,44.82
POT_REINO,Paduli,36.75
POT_REINO,Pago Veiano,20.81
POT_REINO,Pannarano,43.82
POT_REINO,Paolisi,51.36
POT_REINO,Paupisi,37.99
POT_REINO,Pesco Sannita,10.88
POT_REINO,Pietraroja,40.87
POT_REINO,Pietrelcina,16.43
POT_REINO,Ponte,20.04
POT_REINO,Pontelandolfo,18.82
POT_REINO,Puglianello,56.36
POT_REINO,Reino,0.0
POT_REINO,San Bartolomeo in Galdo,32.22
POT_REINO,San Giorgio La Molara,18.91
POT_REINO,San Giorgio del Sannio,36.01
POT_REINO,San Leucio del Sannio,33.86
POT_REINO,San Lorenzello,53.47
POT_REINO,San Lorenzo Maggiore,43.52
POT_REINO,San Lupo,27.76
POT_REINO,San Marco dei Cavoti,6.53
POT_REINO,San Martino Sannita,36.18
POT_REINO,San Nazzaro,38.05
POT_REINO,San Nicola Manfredi,35.74
POT_REINO,Sant'Agata de' Goti,64.88
POT_REINO,Sant'Angelo a Cupolo,33.75
POT_REINO,Sant'Arcangelo Trimonte,27.32
POT_REINO,Santa Croce del Sannio,27.55
POT_REINO,Sassinoro,28.61
POT_REINO,Solopaca,46.44
POT_REINO,Telese Terme,48.16
POT_REINO,Tocco Caudio,40.57
POT_SAN_BARTOLOMEO_IN_GALDO,Airola,81.48
POT_SAN_BARTOLOMEO_IN_GALDO,Limatola,98.41
POT_SAN_BARTOLOMEO_IN_GALDO,San Giorgio Del Sannio,65.21
POT_SAN_BARTOLOMEO_IN_GALDO,San Salvatore Telesino,81.24
POT_SAN_BARTOLOMEO_IN_GALDO,Benevento,50.32
POT_SAN_BARTOLOMEO_IN_GALDO,Cerreto Sannita,82.14
POT_SAN_BARTOLOMEO_IN_GALDO,Ginestra Degli Schiavoni,25.51
POT_SAN_BARTOLOMEO_IN_GALDO,Morcone,55.16
POT_SAN_BARTOLOMEO_IN_GALDO,San Bartolomeo In Galdo,0.0
POT_SAN_BARTOLOMEO_IN_GALDO,Vitulano,66.23
POT_SAN_BARTOLOMEO_IN_GALDO,San Marco Dei Cavoti,25.87
POT_SAN_BARTOLOMEO_IN_GALDO,Torrecuso,67.11
POT_SAN_BARTOLOMEO_IN_GALDO,Amorosi,85.58
POT_SAN_BARTOLOMEO_IN_GALDO,Apice,51.23
POT_SAN_BARTOLOMEO_IN_GALDO,Apollosa,64.17
POT_SAN_BARTOLOMEO_IN_GALDO,Arpaia,82.51
POT_SAN_BARTOLOMEO_IN_GALDO,Arpaise,71.64
POT_SAN_BARTOLOMEO_IN_GALDO,Baselice,9.56
POT_SAN_BARTOLOMEO_IN_GALDO,Bonea,76.35
POT_SAN_BARTOLOMEO_IN_GALDO,Bucciano,79.98
POT_SAN_BARTOLOMEO_IN_GALDO,Buonalbergo,33.31
POT_SAN_BARTOLOMEO_IN_GALDO,Calvi,66.12
POT_SAN_BARTOLOMEO_IN_GALDO,Campolattaro,50.11
POT_SAN_BARTOLOMEO_IN_GALDO,Campoli del Monte Taburno,68.39
POT_SAN_BARTOLOMEO_IN_GALDO,Casalduni,51.97
POT_SAN_BARTOLOMEO_IN_GALDO,Castelfranco in Miscano,24.88
POT_SAN_BARTOLOMEO_IN_GALDO,Castelpagano,31.5
POT_SAN_BARTOLOMEO_IN_GALDO,Castelpoto,61.68
POT_SAN_BARTOLOMEO_IN_GALDO,Castelvenere,79.32
POT_SAN_BARTOLOMEO_IN_GALDO,Castelvetere in Val Fortore,14.43
POT_SAN_BARTOLOMEO_IN_GALDO,Cautano,66.25
POT_SAN_BARTOLOMEO_IN_GALDO,Ceppaloni,68.04
POT_SAN_BARTOLOMEO_IN_GALDO,Circello,29.4
POT_SAN_BARTOLOMEO_IN_GALDO,Colle Sannita,26.64
POT_SAN_BARTOLOMEO_IN_GALDO,Cusano Mutri,90.61
POT_SAN_BARTOLOMEO_IN_GALDO,Dugenta,90.06
POT_SAN_BARTOLOMEO_IN_GALDO,Durazzano,100.51
POT_SAN_BARTOLOMEO_IN_GALDO,Faicchio,87.08
POT_SAN_BARTOLOMEO_IN_GALDO,Foglianise,63.43
POT_SAN_BARTOLOMEO_IN_GALDO,Foiano di Val Fortore,11.73
POT_SAN_BARTOLOMEO_IN_GALDO,Forchia,83.65
POT_SAN_BARTOLOMEO_IN_GALDO,Fragneto Monforte,43.63
POT_SAN_BARTOLOMEO_IN_GALDO,Fragneto l'Abate,42.34
POT_SAN_BARTOLOMEO_IN_GALDO,Frasso Telesino,83.0
POT_SAN_BARTOLOMEO_IN_GALDO,Ginestra degli Schiavoni,25.51
POT_SAN_BARTOLOMEO_IN_GALDO,Guardia Sanframondi,66.89
POT_SAN_BARTOLOMEO_IN_GALDO,Melizzano,82.38
POT_SAN_BARTOLOMEO_IN_GALDO,Moiano,85.25
POT_SAN_BARTOLOMEO_IN_GALDO,Molinara,25.17
POT_SAN_BARTOLOMEO_IN_GALDO,Montefalcone di Val Fortore,17.17
POT_SAN_BARTOLOMEO_IN_GALDO,Montesarchio,74.02
POT_SAN_BARTOLOMEO_IN_GALDO,Paduli,42.56
POT_SAN_BARTOLOMEO_IN_GALDO,Pago Veiano,33.87
POT_SAN_BARTOLOMEO_IN_GALDO,Pannarano,73.02
POT_SAN_BARTOLOMEO_IN_GALDO,Paolisi,80.57
POT_SAN_BARTOLOMEO_IN_GALDO,Paupisi,67.19
POT_SAN_BARTOLOMEO_IN_GALDO,Pesco Sannita,40.32
POT_SAN_BARTOLOMEO_IN_GALDO,Pietraroja,70.04
POT_SAN_BARTOLOMEO_IN_GALDO,Pietrelcina,40.5
POT_SAN_BARTOLOMEO_IN_GALDO,Ponte,64.04
POT_SAN_BARTOLOMEO_IN_GALDO,Pontelandolfo,53.7
POT_SAN_BARTOLOMEO_IN_GALDO,Puglianello,85.56
POT_SAN_BARTOLOMEO_IN_GALDO,Reino,32.24
POT_SAN_BARTOLOMEO_IN_GALDO,San Bartolomeo in Galdo,0.0
POT_SAN_BARTOLOMEO_IN_GALDO,San Giorgio La Molara,29.53
POT_SAN_BARTOLOMEO_IN_GALDO,San Giorgio del Sannio,65.21
POT_SAN_BARTOLOMEO_IN_GALDO,San Leucio del Sannio,63.07
POT_SAN_BARTOLOMEO_IN_GALDO,San Lorenzello,82.67
POT_SAN_BARTOLOMEO_IN_GALDO,San Lorenzo Maggiore,72.72
POT_SAN_BARTOLOMEO_IN_GALDO,San Lupo,62.64
POT_SAN_BARTOLOMEO_IN_GALDO,San Marco dei Cavoti,25.87
POT_SAN_BARTOLOMEO_IN_GALDO,San Martino Sannita,65.38
POT_SAN_BARTOLOMEO_IN_GALDO,San Nazzaro,67.26
POT_SAN_BARTOLOMEO_IN_GALDO,San Nicola Manfredi,64.94
POT_SAN_BARTOLOMEO_IN_GALDO,Sant'Agata de' Goti,94.08
POT_SAN_BARTOLOMEO_IN_GALDO,Sant'Angelo a Cupolo,62.96
POT_SAN_BARTOLOMEO_IN_GALDO,Sant'Arcangelo Trimonte,41.36
POT_SAN_BARTOLOMEO_IN_GALDO,Santa Croce del Sannio,43.41
POT_SAN_BARTOLOMEO_IN_GALDO,Sassinoro,52.97
POT_SAN_BARTOLOMEO_IN_GALDO,Solopaca,75.64
POT_SAN_BARTOLOMEO_IN_GALDO,Telese Terme,77.37
POT_SAN_BARTOLOMEO_IN_GALDO,Tocco Caudio,69.77
POT_SAN_GIORGIO_LA_MOLARA,Airola,57.26
POT_SAN_GIORGIO_LA_MOLARA,Limatola,75.87
POT_SAN_GIORGIO_LA_MOLARA,San Giorgio Del Sannio,37.63
POT_SAN_GIORGIO_LA_MOLARA,San Salvatore Telesino,58.7
POT_SAN_GIORGIO_LA_MOLARA,Benevento,37.02
POT_SAN_GIORGIO_LA_MOLARA,Cerreto Sannita,59.61
POT_SAN_GIORGIO_LA_MOLARA,Ginestra Degli Schiavoni,20.65
POT_SAN_GIORGIO_LA_MOLARA,Morcone,47.56
POT_SAN_GIORGIO_LA_MOLARA,San Bartolomeo In Galdo,29.53
POT_SAN_GIORGIO_LA_MOLARA,Vitulano,43.96
POT_SAN_GIORGIO_LA_MOLARA,San Marco Dei Cavoti,12.56
POT_SAN_GIORGIO_LA_MOLARA,Torrecuso,44.58
POT_SAN_GIORGIO_LA_MOLARA,Amorosi,63.04
POT_SAN_GIORGIO_LA_MOLARA,Apice,25.75
POT_SAN_GIORGIO_LA_MOLARA,Apollosa,39.95
POT_SAN_GIORGIO_LA_MOLARA,Arpaia,58.3
POT_SAN_GIORGIO_LA_MOLARA,Arpaise,44.54
POT_SAN_GIORGIO_LA_MOLARA,Baselice,20.77
POT_SAN_GIORGIO_LA_MOLARA,Bonea,52.13
POT_SAN_GIORGIO_LA_MOLARA,Bucciano,55.76
POT_SAN_GIORGIO_LA_MOLARA,Buonalbergo,12.87
POT_SAN_GIORGIO_LA_MOLARA,Calvi,38.54
POT_SAN_GIORGIO_LA_MOLARA,Campolattaro,36.8
POT_SAN_GIORGIO_LA_MOLARA,Campoli del Monte Taburno,46.12
POT_SAN_GIORGIO_LA_MOLARA,Casalduni,38.66
POT_SAN_GIORGIO_LA_MOLARA,Castelfranco in Miscano,21.53
POT_SAN_GIORGIO_LA_MOLARA,Castelpagano,28.62
POT_SAN_GIORGIO_LA_MOLARA,Castelpoto,44.3
POT_SAN_GIORGIO_LA_MOLARA,Castelvenere,56.78
POT_SAN_GIORGIO_LA_MOLARA,Castelvetere in Val Fortore,34.01
POT_SAN_GIORGIO_LA_MOLARA,Cautano,43.97
POT_SAN_GIORGIO_LA_MOLARA,Ceppaloni,41.42
POT_SAN_GIORGIO_LA_MOLARA,Circello,26.88
POT_SAN_GIORGIO_LA_MOLARA,Colle Sannita,24.12
POT_SAN_GIORGIO_LA_MOLARA,Cusano Mutri,68.07
POT_SAN_GIORGIO_LA_MOLARA,Dugenta,67.52
POT_SAN_GIORGIO_LA_MOLARA,Durazzano,77.97
POT_SAN_GIORGIO_LA_MOLARA,Faicchio,64.54
POT_SAN_GIORGIO_LA_MOLARA,Foglianise,41.16
POT_SAN_GIORGIO_LA_MOLARA,Foiano di Val Fortore,18.03
POT_SAN_GIORGIO_LA_MOLARA,Forchia,59.43
POT_SAN_GIORGIO_LA_MOLARA,Fragneto Monforte,30.32
POT_SAN_GIORGIO_LA_MOLARA,Fragneto l'Abate,29.03
POT_SAN_GIORGIO_LA_MOLARA,Frasso Telesino,60.46
POT_SAN_GIORGIO_LA_MOLARA,Ginestra degli Schiavoni,20.65
POT_SAN_GIORGIO_LA_MOLARA,Guardia Sanframondi,53.86
POT_SAN_GIORGIO_LA_MOLARA,Melizzano,59.84
POT_SAN_GIORGIO_LA_MOLARA,Moiano,61.03
POT_SAN_GIORGIO_LA_MOLARA,Molinara,5.79
POT_SAN_GIORGIO_LA_MOLARA,Montefalcone di Val Fortore,11.45
POT_SAN_GIORGIO_LA_MOLARA,Montesarchio,49.8
POT_SAN_GIORGIO_LA_MOLARA,Paduli,17.08
POT_SAN_GIORGIO_LA_MOLARA,Pago Veiano,9.22
POT_SAN_GIORGIO_LA_MOLARA,Pannarano,48.8
POT_SAN_GIORGIO_LA_MOLARA,Paolisi,56.35
POT_SAN_GIORGIO_LA_MOLARA,Paupisi,44.65
POT_SAN_GIORGIO_LA_MOLARA,Pesco Sannita,19.54
POT_SAN_GIORGIO_LA_MOLARA,Pietraroja,62.44
POT_SAN_GIORGIO_LA_MOLARA,Pietrelcina,15.84
POT_SAN_GIORGIO_LA_MOLARA,Ponte,41.5
POT_SAN_GIORGIO_LA_MOLARA,Pontelandolfo,40.4
POT_SAN_GIORGIO_LA_MOLARA,Puglianello,63.02
POT_SAN_GIORGIO_LA_MOLARA,Reino,18.93
POT_SAN_GIORGIO_LA_MOLARA,San Bartolomeo in Galdo,29.53
POT_SAN_GIORGIO_LA_MOLARA,San Giorgio La Molara,0.0
POT_SAN_GIORGIO_LA_MOLARA,San Giorgio del Sannio,37.63
POT_SAN_GIORGIO_LA_MOLARA,San Leucio del Sannio,37.88
POT_SAN_GIORGIO_LA_MOLARA,San Lorenzello,60.13
POT_SAN_GIORGIO_LA_MOLARA,San Lorenzo Maggiore,50.18
POT_SAN_GIORGIO_LA_MOLARA,San Lupo,50.72
POT_SAN_GIORGIO_LA_MOLARA,San Marco dei Cavoti,12.56
POT_SAN_GIORGIO_LA_MOLARA,San Martino Sannita,37.8
POT_SAN_GIORGIO_LA_MOLARA,San Nazzaro,39.67
POT_SAN_GIORGIO_LA_MOLARA,San Nicola Manfredi,37.36
POT_SAN_GIORGIO_LA_MOLARA,Sant'Agata de' Goti,71.55
POT_SAN_GIORGIO_LA_MOLARA,Sant'Angelo a Cupolo,37.11
POT_SAN_GIORGIO_LA_MOLARA,Sant'Arcangelo Trimonte,15.88
POT_SAN_GIORGIO_LA_MOLARA,Santa Croce del Sannio,39.45
POT_SAN_GIORGIO_LA_MOLARA,Sassinoro,50.18
POT_SAN_GIORGIO_LA_MOLARA,Solopaca,53.1
POT_SAN_GIORGIO_LA_MOLARA,Telese Terme,54.83
POT_SAN_GIORGIO_LA_MOLARA,Tocco Caudio,47.5
POT_SAN_GIORGIO_DEL_SANNIO,Airola,36.78
POT_SAN_GIORGIO_DEL_SANNIO,Limatola,59.9
POT_SAN_GIORGIO_DEL_SANNIO,San Giorgio Del Sannio,0.0
POT_SAN_GIORGIO_DEL_SANNIO,San Salvatore Telesino,42.72
POT_SAN_GIORGIO_DEL_SANNIO,Benevento,30.67
POT_SAN_GIORGIO_DEL_SANNIO,Cerreto Sannita,43.63
POT_SAN_GIORGIO_DEL_SANNIO,Ginestra Degli Schiavoni,49.57
POT_SAN_GIORGIO_DEL_SANNIO,Morcone,43.51
POT_SAN_GIORGIO_DEL_SANNIO,San Bartolomeo In Galdo,64.7
POT_SAN_GIORGIO_DEL_SANNIO,Vitulano,27.99
POT_SAN_GIORGIO_DEL_SANNIO,San Marco Dei Cavoti,39.01
POT_SAN_GIORGIO_DEL_SANNIO,Torrecuso,28.6
POT_SAN_GIORGIO_DEL_SANNIO,Amorosi,47.07
POT_SAN_GIORGIO_DEL_SANNIO,Apice,11.16
POT_SAN_GIORGIO_DEL_SANNIO,Apollosa,19.46
POT_SAN_GIORGIO_DEL_SANNIO,Arpaia,37.81
POT_SAN_GIORGIO_DEL_SANNIO,Arpaise,18.06
POT_SAN_GIORGIO_DEL_SANNIO,Baselice,55.94
POT_SAN_GIORGIO_DEL_SANNIO,Bonea,31.64
POT_SAN_GIORGIO_DEL_SANNIO,Bucciano,35.27
POT_SAN_GIORGIO_DEL_SANNIO,Buonalbergo,33.63
POT_SAN_GIORGIO_DEL_SANNIO,Calvi,1.66
POT_SAN_GIORGIO_DEL_SANNIO,Campolattaro,32.75
POT_SAN_GIORGIO_DEL_SANNIO,Campoli del Monte Taburno,30.15
POT_SAN_GIORGIO_DEL_SANNIO,Casalduni,31.64
POT_SAN_GIORGIO_DEL_SANNIO,Castelfranco in Miscano,51.4
POT_SAN_GIORGIO_DEL_SANNIO,Castelpagano,52.37
POT_SAN_GIORGIO_DEL_SANNIO,Castelpoto,23.81
POT_SAN_GIORGIO_DEL_SANNIO,Castelvenere,40.81
POT_SAN_GIORGIO_DEL_SANNIO,Castelvetere in Val Fortore,63.03
POT_SAN_GIORGIO_DEL_SANNIO,Cautano,28.0
POT_SAN_GIORGIO_DEL_SANNIO,Ceppaloni,16.0
POT_SAN_GIORGIO_DEL_SANNIO,Circello,45.05
POT_SAN_GIORGIO_DEL_SANNIO,Colle Sannita,45.88
POT_SAN_GIORGIO_DEL_SANNIO,Cusano Mutri,52.1
POT_SAN_GIORGIO_DEL_SANNIO,Dugenta,51.55
POT_SAN_GIORGIO_DEL_SANNIO,Durazzano,53.23
POT_SAN_GIORGIO_DEL_SANNIO,Faicchio,48.56
POT_SAN_GIORGIO_DEL_SANNIO,Foglianise,25.19
POT_SAN_GIORGIO_DEL_SANNIO,Foiano di Val Fortore,53.2
POT_SAN_GIORGIO_DEL_SANNIO,Forchia,38.95
POT_SAN_GIORGIO_DEL_SANNIO,Fragneto Monforte,29.89
POT_SAN_GIORGIO_DEL_SANNIO,Fragneto l'Abate,28.8
POT_SAN_GIORGIO_DEL_SANNIO,Frasso Telesino,44.48
POT_SAN_GIORGIO_DEL_SANNIO,Ginestra degli Schiavoni,49.57
POT_SAN_GIORGIO_DEL_SANNIO,Guardia Sanframondi,37.89
POT_SAN_GIORGIO_DEL_SANNIO,Melizzano,43.86
POT_SAN_GIORGIO_DEL_SANNIO,Moiano,40.54
POT_SAN_GIORGIO_DEL_SANNIO,Molinara,35.88
POT_SAN_GIORGIO_DEL_SANNIO,Montefalcone di Val Fortore,47.44
POT_SAN_GIORGIO_DEL_SANNIO,Montesarchio,29.32
POT_SAN_GIORGIO_DEL_SANNIO,Paduli,21.82
POT_SAN_GIORGIO_DEL_SANNIO,Pago Veiano,29.12
POT_SAN_GIORGIO_DEL_SANNIO,Pannarano,28.32
POT_SAN_GIORGIO_DEL_SANNIO,Paolisi,35.86
POT_SAN_GIORGIO_DEL_SANNIO,Paupisi,28.68
POT_SAN_GIORGIO_DEL_SANNIO,Pesco Sannita,25.47
POT_SAN_GIORGIO_DEL_SANNIO,Pietraroja,58.39
POT_SAN_GIORGIO_DEL_SANNIO,Pietrelcina,23.02
POT_SAN_GIORGIO_DEL_SANNIO,Ponte,25.53
POT_SAN_GIORGIO_DEL_SANNIO,Pontelandolfo,36.34
POT_SAN_GIORGIO_DEL_SANNIO,Puglianello,47.05
POT_SAN_GIORGIO_DEL_SANNIO,Reino,35.83
POT_SAN_GIORGIO_DEL_SANNIO,San Bartolomeo in Galdo,64.7
POT_SAN_GIORGIO_DEL_SANNIO,San Giorgio La Molara,37.63
POT_SAN_GIORGIO_DEL_SANNIO,San Giorgio del Sannio,0.0
POT_SAN_GIORGIO_DEL_SANNIO,San Leucio del Sannio,17.4
POT_SAN_GIORGIO_DEL_SANNIO,San Lorenzello,44.16
POT_SAN_GIORGIO_DEL_SANNIO,San Lorenzo Maggiore,34.21
POT_SAN_GIORGIO_DEL_SANNIO,San Lupo,34.75
POT_SAN_GIORGIO_DEL_SANNIO,San Marco dei Cavoti,39.01
POT_SAN_GIORGIO_DEL_SANNIO,San Martino Sannita,2.72
POT_SAN_GIORGIO_DEL_SANNIO,San Nazzaro,2.34
POT_SAN_GIORGIO_DEL_SANNIO,San Nicola Manfredi,5.6
POT_SAN_GIORGIO_DEL_SANNIO,Sant'Agata de' Goti,47.47
POT_SAN_GIORGIO_DEL_SANNIO,Sant'Angelo a Cupolo,9.33
POT_SAN_GIORGIO_DEL_SANNIO,Sant'Arcangelo Trimonte,19.04
POT_SAN_GIORGIO_DEL_SANNIO,Santa Croce del Sannio,49.36
POT_SAN_GIORGIO_DEL_SANNIO,Sassinoro,46.12
POT_SAN_GIORGIO_DEL_SANNIO,Solopaca,37.13
POT_SAN_GIORGIO_DEL_SANNIO,Telese Terme,38.85
POT_SAN_GIORGIO_DEL_SANNIO,Tocco Caudio,31.53
POT_SAN_LEUCIO_DEL_SANNIO,Airola,22.93
POT_SAN_LEUCIO_DEL_SANNIO,Limatola,45.86
POT_SAN_LEUCIO_DEL_SANNIO,San Giorgio Del Sannio,16.93
POT_SAN_LEUCIO_DEL_SANNIO,San Salvatore Telesino,39.71
POT_SAN_LEUCIO_DEL_SANNIO,Benevento,27.66
POT_SAN_LEUCIO_DEL_SANNIO,Cerreto Sannita,40.62
POT_SAN_LEUCIO_DEL_SANNIO,Ginestra Degli Schiavoni,49.49
POT_SAN_LEUCIO_DEL_SANNIO,Morcone,40.49
POT_SAN_LEUCIO_DEL_SANNIO,San Bartolomeo In Galdo,63.4
POT_SAN_LEUCIO_DEL_SANNIO,Vitulano,24.48
POT_SAN_LEUCIO_DEL_SANNIO,San Marco Dei Cavoti,37.71
POT_SAN_LEUCIO_DEL_SANNIO,Torrecuso,25.59
POT_SAN_LEUCIO_DEL_SANNIO,Amorosi,44.06
POT_SAN_LEUCIO_DEL_SANNIO,Apice,28.32
POT_SAN_LEUCIO_DEL_SANNIO,Apollosa,7.9
POT_SAN_LEUCIO_DEL_SANNIO,Arpaia,23.96
POT_SAN_LEUCIO_DEL_SANNIO,Arpaise,6.6
POT_SAN_LEUCIO_DEL_SANNIO,Baselice,54.64
POT_SAN_LEUCIO_DEL_SANNIO,Bonea,17.79
POT_SAN_LEUCIO_DEL_SANNIO,Bucciano,21.42
POT_SAN_LEUCIO_DEL_SANNIO,Buonalbergo,33.54
POT_SAN_LEUCIO_DEL_SANNIO,Calvi,17.84
POT_SAN_LEUCIO_DEL_SANNIO,Campolattaro,29.73
POT_SAN_LEUCIO_DEL_SANNIO,Campoli del Monte Taburno,20.31
POT_SAN_LEUCIO_DEL_SANNIO,Casalduni,28.62
POT_SAN_LEUCIO_DEL_SANNIO,Castelfranco in Miscano,51.32
POT_SAN_LEUCIO_DEL_SANNIO,Castelpagano,51.07
POT_SAN_LEUCIO_DEL_SANNIO,Castelpoto,14.06
POT_SAN_LEUCIO_DEL_SANNIO,Castelvenere,37.79
POT_SAN_LEUCIO_DEL_SANNIO,Castelvetere in Val Fortore,61.73
POT_SAN_LEUCIO_DEL_SANNIO,Cautano,24.49
POT_SAN_LEUCIO_DEL_SANNIO,Ceppaloni,5.39
POT_SAN_LEUCIO_DEL_SANNIO,Circello,43.75
POT_SAN_LEUCIO_DEL_SANNIO,Colle Sannita,44.58
POT_SAN_LEUCIO_DEL_SANNIO,Cusano Mutri,49.09
POT_SAN_LEUCIO_DEL_SANNIO,Dugenta,48.54
POT_SAN_LEUCIO_DEL_SANNIO,Durazzano,39.38
POT_SAN_LEUCIO_DEL_SANNIO,Faicchio,45.55
POT_SAN_LEUCIO_DEL_SANNIO,Foglianise,21.67
POT_SAN_LEUCIO_DEL_SANNIO,Foiano di Val Fortore,51.9
POT_SAN_LEUCIO_DEL_SANNIO,Forchia,25.1
POT_SAN_LEUCIO_DEL_SANNIO,Fragneto Monforte,26.88
POT_SAN_LEUCIO_DEL_SANNIO,Fragneto l'Abate,27.5
POT_SAN_LEUCIO_DEL_SANNIO,Frasso Telesino,41.47
POT_SAN_LEUCIO_DEL_SANNIO,Ginestra degli Schiavoni,49.49
POT_SAN_LEUCIO_DEL_SANNIO,Guardia Sanframondi,34.88
POT_SAN_LEUCIO_DEL_SANNIO,Melizzano,40.85
POT_SAN_LEUCIO_DEL_SANNIO,Moiano,26.69
POT_SAN_LEUCIO_DEL_SANNIO,Molinara,40.49
POT_SAN_LEUCIO_DEL_SANNIO,Montefalcone di Val Fortore,47.36
POT_SAN_LEUCIO_DEL_SANNIO,Montesarchio,15.47
POT_SAN_LEUCIO_DEL_SANNIO,Paduli,21.73
POT_SAN_LEUCIO_DEL_SANNIO,Pago Veiano,27.82
POT_SAN_LEUCIO_DEL_SANNIO,Pannarano,12.54
POT_SAN_LEUCIO_DEL_SANNIO,Paolisi,22.01
POT_SAN_LEUCIO_DEL_SANNIO,Paupisi,25.67
POT_SAN_LEUCIO_DEL_SANNIO,Pesco Sannita,24.17
POT_SAN_LEUCIO_DEL_SANNIO,Pietraroja,55.37
POT_SAN_LEUCIO_DEL_SANNIO,Pietrelcina,21.72
POT_SAN_LEUCIO_DEL_SANNIO,Ponte,22.51
POT_SAN_LEUCIO_DEL_SANNIO,Pontelandolfo,33.33
POT_SAN_LEUCIO_DEL_SANNIO,Puglianello,44.04
POT_SAN_LEUCIO_DEL_SANNIO,Reino,34.53
POT_SAN_LEUCIO_DEL_SANNIO,San Bartolomeo in Galdo,63.4
POT_SAN_LEUCIO_DEL_SANNIO,San Giorgio La Molara,37.55
POT_SAN_LEUCIO_DEL_SANNIO,San Giorgio del Sannio,16.93
POT_SAN_LEUCIO_DEL_SANNIO,San Leucio del Sannio,0.0
POT_SAN_LEUCIO_DEL_SANNIO,San Lorenzello,41.15
POT_SAN_LEUCIO_DEL_SANNIO,San Lorenzo Maggiore,31.2
POT_SAN_LEUCIO_DEL_SANNIO,San Lupo,31.74
POT_SAN_LEUCIO_DEL_SANNIO,San Marco dei Cavoti,37.71
POT_SAN_LEUCIO_DEL_SANNIO,San Martino Sannita,16.67
POT_SAN_LEUCIO_DEL_SANNIO,San Nazzaro,18.97
POT_SAN_LEUCIO_DEL_SANNIO,San Nicola Manfredi,16.23
POT_SAN_LEUCIO_DEL_SANNIO,Sant'Agata de' Goti,33.62
POT_SAN_LEUCIO_DEL_SANNIO,Sant'Angelo a Cupolo,15.67
POT_SAN_LEUCIO_DEL_SANNIO,Sant'Arcangelo Trimonte,30.15
POT_SAN_LEUCIO_DEL_SANNIO,Santa Croce del Sannio,46.35
POT_SAN_LEUCIO_DEL_SANNIO,Sassinoro,43.11
POT_SAN_LEUCIO_DEL_SANNIO,Solopaca,34.12
POT_SAN_LEUCIO_DEL_SANNIO,Telese Terme,35.84
POT_SAN_LEUCIO_DEL_SANNIO,Tocco Caudio,20.34
POT_SAN_LORENZELLO,Airola,33.13
POT_SAN_LORENZELLO,Limatola,25.25
POT_SAN_LORENZELLO,San Giorgio Del Sannio,43.99
POT_SAN_LORENZELLO,San Salvatore Telesino,7.29
POT_SAN_LORENZELLO,Benevento,23.15
POT_SAN_LORENZELLO,Cerreto Sannita,2.0
POT_SAN_LORENZELLO,Ginestra Degli Schiavoni,72.48
POT_SAN_LORENZELLO,Morcone,18.65
POT_SAN_LORENZELLO,San Bartolomeo In Galdo,83.29
POT_SAN_LORENZELLO,Vitulano,25.08
POT_SAN_LORENZELLO,San Marco Dei Cavoti,57.6
POT_SAN_LORENZELLO,Torrecuso,21.66
POT_SAN_LORENZELLO,Amorosi,12.42
POT_SAN_LORENZELLO,Apice,47.15
POT_SAN_LORENZELLO,Apollosa,41.62
POT_SAN_LORENZELLO,Arpaia,38.37
POT_SAN_LORENZELLO,Arpaise,49.1
POT_SAN_LORENZELLO,Baselice,74.53
POT_SAN_LORENZELLO,Bonea,36.66
POT_SAN_LORENZELLO,Bucciano,31.81
POT_SAN_LORENZELLO,Buonalbergo,56.54
POT_SAN_LORENZELLO,Calvi,44.9
POT_SAN_LORENZELLO,Campolattaro,27.8
POT_SAN_LORENZELLO,Campoli del Monte Taburno,31.75
POT_SAN_LORENZELLO,Casalduni,20.01
POT_SAN_LORENZELLO,Castelfranco in Miscano,74.32
POT_SAN_LORENZELLO,Castelpagano,50.15
POT_SAN_LORENZELLO,Castelpoto,34.67
POT_SAN_LORENZELLO,Castelvenere,6.11
POT_SAN_LORENZELLO,Castelvetere in Val Fortore,70.81
POT_SAN_LORENZELLO,Cautano,29.61
POT_SAN_LORENZELLO,Ceppaloni,45.49
POT_SAN_LORENZELLO,Circello,41.39
POT_SAN_LORENZELLO,Colle Sannita,64.47
POT_SAN_LORENZELLO,Cusano Mutri,10.51
POT_SAN_LORENZELLO,Dugenta,22.84
POT_SAN_LORENZELLO,Durazzano,38.23
POT_SAN_LORENZELLO,Faicchio,8.34
POT_SAN_LORENZELLO,Foglianise,25.92
POT_SAN_LORENZELLO,Foiano di Val Fortore,71.79
POT_SAN_LORENZELLO,Forchia,39.5
POT_SAN_LORENZELLO,Fragneto Monforte,31.89
POT_SAN_LORENZELLO,Fragneto l'Abate,33.49
POT_SAN_LORENZELLO,Frasso Telesino,18.37
POT_SAN_LORENZELLO,Ginestra degli Schiavoni,72.48
POT_SAN_LORENZELLO,Guardia Sanframondi,7.17
POT_SAN_LORENZELLO,Melizzano,22.38
POT_SAN_LORENZELLO,Moiano,39.04
POT_SAN_LORENZELLO,Molinara,60.38
POT_SAN_LORENZELLO,Montefalcone di Val Fortore,70.36
POT_SAN_LORENZELLO,Montesarchio,38.4
POT_SAN_LORENZELLO,Paduli,44.73
POT_SAN_LORENZELLO,Pago Veiano,47.71
POT_SAN_LORENZELLO,Pannarano,50.48
POT_SAN_LORENZELLO,Paolisi,36.42
POT_SAN_LORENZELLO,Paupisi,19.32
POT_SAN_LORENZELLO,Pesco Sannita,44.06
POT_SAN_LORENZELLO,Pietraroja,13.23
POT_SAN_LORENZELLO,Pietrelcina,41.61
POT_SAN_LORENZELLO,Ponte,22.3
POT_SAN_LORENZELLO,Pontelandolfo,21.49
POT_SAN_LORENZELLO,Puglianello,12.66
POT_SAN_LORENZELLO,Reino,54.42
POT_SAN_LORENZELLO,San Bartolomeo in Galdo,83.29
POT_SAN_LORENZELLO,San Giorgio La Molara,60.55
POT_SAN_LORENZELLO,San Giorgio del Sannio,43.99
POT_SAN_LORENZELLO,San Leucio del Sannio,40.52
POT_SAN_LORENZELLO,San Lorenzello,0.0
POT_SAN_LORENZELLO,San Lorenzo Maggiore,10.98
POT_SAN_LORENZELLO,San Lupo,11.42
POT_SAN_LORENZELLO,San Marco dei Cavoti,57.6
POT_SAN_LORENZELLO,San Martino Sannita,44.16
POT_SAN_LORENZELLO,San Nazzaro,46.03
POT_SAN_LORENZELLO,San Nicola Manfredi,43.72
POT_SAN_LORENZELLO,Sant'Agata de' Goti,31.8
POT_SAN_LORENZELLO,Sant'Angelo a Cupolo,43.69
POT_SAN_LORENZELLO,Sant'Arcangelo Trimonte,53.15
POT_SAN_LORENZELLO,Santa Croce del Sannio,39.37
POT_SAN_LORENZELLO,Sassinoro,36.13
POT_SAN_LORENZELLO,Solopaca,14.33
POT_SAN_LORENZELLO,Telese Terme,8.29
POT_SAN_LORENZELLO,Tocco Caudio,33.13
POT_SAN_LORENZO_MAGGIORE,Airola,33.29
POT_SAN_LORENZO_MAGGIORE,Limatola,30.19
POT_SAN_LORENZO_MAGGIORE,San Giorgio Del Sannio,33.87
POT_SAN_LORENZO_MAGGIORE,San Salvatore Telesino,13.35
POT_SAN_LORENZO_MAGGIORE,Benevento,14.03
POT_SAN_LORENZO_MAGGIORE,Cerreto Sannita,10.4
POT_SAN_LORENZO_MAGGIORE,Ginestra Degli Schiavoni,62.37
POT_SAN_LORENZO_MAGGIORE,Morcone,24.39
POT_SAN_LORENZO_MAGGIORE,San Bartolomeo In Galdo,73.17
POT_SAN_LORENZO_MAGGIORE,Vitulano,15.51
POT_SAN_LORENZO_MAGGIORE,San Marco Dei Cavoti,47.49
POT_SAN_LORENZO_MAGGIORE,Torrecuso,11.55
POT_SAN_LORENZO_MAGGIORE,Amorosi,17.36
POT_SAN_LORENZO_MAGGIORE,Apice,37.04
POT_SAN_LORENZO_MAGGIORE,Apollosa,31.51
POT_SAN_LORENZO_MAGGIORE,Arpaia,38.53
POT_SAN_LORENZO_MAGGIORE,Arpaise,38.98
POT_SAN_LORENZO_MAGGIORE,Baselice,64.42
POT_SAN_LORENZO_MAGGIORE,Bonea,30.18
POT_SAN_LORENZO_MAGGIORE,Bucciano,31.97
POT_SAN_LORENZO_MAGGIORE,Buonalbergo,46.43
POT_SAN_LORENZO_MAGGIORE,Calvi,34.79
POT_SAN_LORENZO_MAGGIORE,Campolattaro,18.68
POT_SAN_LORENZO_MAGGIORE,Campoli del Monte Taburno,21.64
POT_SAN_LORENZO_MAGGIORE,Casalduni,10.89
POT_SAN_LORENZO_MAGGIORE,Castelfranco in Miscano,64.2
POT_SAN_LORENZO_MAGGIORE,Castelpagano,41.03
POT_SAN_LORENZO_MAGGIORE,Castelpoto,24.56
POT_SAN_LORENZO_MAGGIORE,Castelvenere,8.41
POT_SAN_LORENZO_MAGGIORE,Castelvetere in Val Fortore,61.69
POT_SAN_LORENZO_MAGGIORE,Cautano,19.49
POT_SAN_LORENZO_MAGGIORE,Ceppaloni,35.38
POT_SAN_LORENZO_MAGGIORE,Circello,32.26
POT_SAN_LORENZO_MAGGIORE,Colle Sannita,54.35
POT_SAN_LORENZO_MAGGIORE,Cusano Mutri,18.86
POT_SAN_LORENZO_MAGGIORE,Dugenta,24.13
POT_SAN_LORENZO_MAGGIORE,Durazzano,36.05
POT_SAN_LORENZO_MAGGIORE,Faicchio,17.02
POT_SAN_LORENZO_MAGGIORE,Foglianise,15.81
POT_SAN_LORENZO_MAGGIORE,Foiano di Val Fortore,61.67
POT_SAN_LORENZO_MAGGIORE,Forchia,39.66
POT_SAN_LORENZO_MAGGIORE,Fragneto Monforte,26.11
POT_SAN_LORENZO_MAGGIORE,Fragneto l'Abate,27.71
POT_SAN_LORENZO_MAGGIORE,Frasso Telesino,18.54
POT_SAN_LORENZO_MAGGIORE,Ginestra degli Schiavoni,62.37
POT_SAN_LORENZO_MAGGIORE,Guardia Sanframondi,3.47
POT_SAN_LORENZO_MAGGIORE,Melizzano,17.92
POT_SAN_LORENZO_MAGGIORE,Moiano,31.52
POT_SAN_LORENZO_MAGGIORE,Molinara,50.27
POT_SAN_LORENZO_MAGGIORE,Montefalcone di Val Fortore,60.24
POT_SAN_LORENZO_MAGGIORE,Montesarchio,41.36
POT_SAN_LORENZO_MAGGIORE,Paduli,34.62
POT_SAN_LORENZO_MAGGIORE,Pago Veiano,37.59
POT_SAN_LORENZO_MAGGIORE,Pannarano,40.36
POT_SAN_LORENZO_MAGGIORE,Paolisi,36.58
POT_SAN_LORENZO_MAGGIORE,Paupisi,9.21
POT_SAN_LORENZO_MAGGIORE,Pesco Sannita,33.95
POT_SAN_LORENZO_MAGGIORE,Pietraroja,21.58
POT_SAN_LORENZO_MAGGIORE,Pietrelcina,31.49
POT_SAN_LORENZO_MAGGIORE,Ponte,12.18
POT_SAN_LORENZO_MAGGIORE,Pontelandolfo,12.37
POT_SAN_LORENZO_MAGGIORE,Puglianello,17.81
POT_SAN_LORENZO_MAGGIORE,Reino,44.31
POT_SAN_LORENZO_MAGGIORE,San Bartolomeo in Galdo,73.17
POT_SAN_LORENZO_MAGGIORE,San Giorgio La Molara,50.43
POT_SAN_LORENZO_MAGGIORE,San Giorgio del Sannio,33.87
POT_SAN_LORENZO_MAGGIORE,San Leucio del Sannio,30.41
POT_SAN_LORENZO_MAGGIORE,San Lorenzello,10.92
POT_SAN_LORENZO_MAGGIORE,San Lorenzo Maggiore,0.0
POT_SAN_LORENZO_MAGGIORE,San Lupo,4.22
POT_SAN_LORENZO_MAGGIORE,San Marco dei Cavoti,47.49
POT_SAN_LORENZO_MAGGIORE,San Martino Sannita,34.04
POT_SAN_LORENZO_MAGGIORE,San Nazzaro,35.92
POT_SAN_LORENZO_MAGGIORE,San Nicola Manfredi,33.6
POT_SAN_LORENZO_MAGGIORE,Sant'Agata de' Goti,29.62
POT_SAN_LORENZO_MAGGIORE,Sant'Angelo a Cupolo,33.57
POT_SAN_LORENZO_MAGGIORE,Sant'Arcangelo Trimonte,43.03
POT_SAN_LORENZO_MAGGIORE,Santa Croce del Sannio,30.25
POT_SAN_LORENZO_MAGGIORE,Sassinoro,27.01
POT_SAN_LORENZO_MAGGIORE,Solopaca,11.18
POT_SAN_LORENZO_MAGGIORE,Telese Terme,11.44
POT_SAN_LORENZO_MAGGIORE,Tocco Caudio,23.02
POT_SAN_LUPO,Airola,36.13
POT_SAN_LUPO,Limatola,33.03
POT_SAN_LUPO,San Giorgio Del Sannio,34.39
POT_SAN_LUPO,San Salvatore Telesino,16.19
POT_SAN_LUPO,Benevento,11.74
POT_SAN_LUPO,Cerreto Sannita,11.13
POT_SAN_LUPO,Ginestra Degli Schiavoni,62.88
POT_SAN_LUPO,Morcone,22.1
POT_SAN_LUPO,San Bartolomeo In Galdo,63.25
POT_SAN_LUPO,Vitulano,19.93
POT_SAN_LUPO,San Marco Dei Cavoti,37.57
POT_SAN_LUPO,Torrecuso,15.97
POT_SAN_LUPO,Amorosi,20.2
POT_SAN_LUPO,Apice,37.55
POT_SAN_LUPO,Apollosa,32.02
POT_SAN_LUPO,Arpaia,41.37
POT_SAN_LUPO,Arpaise,39.5
POT_SAN_LUPO,Baselice,54.5
POT_SAN_LUPO,Bonea,34.6
POT_SAN_LUPO,Bucciano,34.81
POT_SAN_LUPO,Buonalbergo,46.94
POT_SAN_LUPO,Calvi,35.3
POT_SAN_LUPO,Campolattaro,16.39
POT_SAN_LUPO,Campoli del Monte Taburno,26.06
POT_SAN_LUPO,Casalduni,8.59
POT_SAN_LUPO,Castelfranco in Miscano,64.71
POT_SAN_LUPO,Castelpagano,38.74
POT_SAN_LUPO,Castelpoto,24.86
POT_SAN_LUPO,Castelvenere,11.25
POT_SAN_LUPO,Castelvetere in Val Fortore,59.4
POT_SAN_LUPO,Cautano,23.91
POT_SAN_LUPO,Ceppaloni,35.89
POT_SAN_LUPO,Circello,29.97
POT_SAN_LUPO,Colle Sannita,36.81
POT_SAN_LUPO,Cusano Mutri,19.59
POT_SAN_LUPO,Dugenta,26.97
POT_SAN_LUPO,Durazzano,38.89
POT_SAN_LUPO,Faicchio,18.63
POT_SAN_LUPO,Foglianise,20.01
POT_SAN_LUPO,Foiano di Val Fortore,51.75
POT_SAN_LUPO,Forchia,42.51
POT_SAN_LUPO,Fragneto Monforte,20.48
POT_SAN_LUPO,Fragneto l'Abate,22.07
POT_SAN_LUPO,Frasso Telesino,21.38
POT_SAN_LUPO,Ginestra degli Schiavoni,62.88
POT_SAN_LUPO,Guardia Sanframondi,4.25
POT_SAN_LUPO,Melizzano,20.76
POT_SAN_LUPO,Moiano,34.36
POT_SAN_LUPO,Molinara,40.35
POT_SAN_LUPO,Montefalcone di Val Fortore,60.75
POT_SAN_LUPO,Montesarchio,41.87
POT_SAN_LUPO,Paduli,35.13
POT_SAN_LUPO,Pago Veiano,38.1
POT_SAN_LUPO,Pannarano,40.87
POT_SAN_LUPO,Paolisi,39.42
POT_SAN_LUPO,Paupisi,13.63
POT_SAN_LUPO,Pesco Sannita,28.51
POT_SAN_LUPO,Pietraroja,22.31
POT_SAN_LUPO,Pietrelcina,32.0
POT_SAN_LUPO,Ponte,10.9
POT_SAN_LUPO,Pontelandolfo,10.07
POT_SAN_LUPO,Puglianello,20.65
POT_SAN_LUPO,Reino,28.04
POT_SAN_LUPO,San Bartolomeo in Galdo,63.25
POT_SAN_LUPO,San Giorgio La Molara,50.94
POT_SAN_LUPO,San Giorgio del Sannio,34.39
POT_SAN_LUPO,San Leucio del Sannio,30.92
POT_SAN_LUPO,San Lorenzello,11.47
POT_SAN_LUPO,San Lorenzo Maggiore,4.22
POT_SAN_LUPO,San Lupo,0.0
POT_SAN_LUPO,San Marco dei Cavoti,37.57
POT_SAN_LUPO,San Martino Sannita,34.55
POT_SAN_LUPO,San Nazzaro,36.43
POT_SAN_LUPO,San Nicola Manfredi,34.11
POT_SAN_LUPO,Sant'Agata de' Goti,32.47
POT_SAN_LUPO,Sant'Angelo a Cupolo,34.08
POT_SAN_LUPO,Sant'Arcangelo Trimonte,43.55
POT_SAN_LUPO,Santa Croce del Sannio,27.95
POT_SAN_LUPO,Sassinoro,24.72
POT_SAN_LUPO,Solopaca,14.02
POT_SAN_LUPO,Telese Terme,14.28
POT_SAN_LUPO,Tocco Caudio,27.44
POT_SAN_MARCO_DEI_CAVOTI,Airola,55.81
POT_SAN_MARCO_DEI_CAVOTI,Limatola,72.74
POT_SAN_MARCO_DEI_CAVOTI,San Giorgio Del Sannio,39.54
POT_SAN_MARCO_DEI_CAVOTI,San Salvatore Telesino,55.56
POT_SAN_MARCO_DEI_CAVOTI,Benevento,24.65
POT_SAN_MARCO_DEI_CAVOTI,Cerreto Sannita,56.47
POT_SAN_MARCO_DEI_CAVOTI,Ginestra Degli Schiavoni,27.7
POT_SAN_MARCO_DEI_CAVOTI,Morcone,35.19
POT_SAN_MARCO_DEI_CAVOTI,San Bartolomeo In Galdo,25.84
POT_SAN_MARCO_DEI_CAVOTI,Vitulano,40.56
POT_SAN_MARCO_DEI_CAVOTI,San Marco Dei Cavoti,0.0
POT_SAN_MARCO_DEI_CAVOTI,Torrecuso,41.44
POT_SAN_MARCO_DEI_CAVOTI,Amorosi,59.91
POT_SAN_MARCO_DEI_CAVOTI,Apice,33.52
POT_SAN_MARCO_DEI_CAVOTI,Apollosa,38.49
POT_SAN_MARCO_DEI_CAVOTI,Arpaia,56.84
POT_SAN_MARCO_DEI_CAVOTI,Arpaise,45.97
POT_SAN_MARCO_DEI_CAVOTI,Baselice,17.08
POT_SAN_MARCO_DEI_CAVOTI,Bonea,50.67
POT_SAN_MARCO_DEI_CAVOTI,Bucciano,54.3
POT_SAN_MARCO_DEI_CAVOTI,Buonalbergo,20.64
POT_SAN_MARCO_DEI_CAVOTI,Calvi,40.45
POT_SAN_MARCO_DEI_CAVOTI,Campolattaro,24.43
POT_SAN_MARCO_DEI_CAVOTI,Campoli del Monte Taburno,42.72
POT_SAN_MARCO_DEI_CAVOTI,Casalduni,26.29
POT_SAN_MARCO_DEI_CAVOTI,Castelfranco in Miscano,28.58
POT_SAN_MARCO_DEI_CAVOTI,Castelpagano,19.2
POT_SAN_MARCO_DEI_CAVOTI,Castelpoto,36.0
POT_SAN_MARCO_DEI_CAVOTI,Castelvenere,53.64
POT_SAN_MARCO_DEI_CAVOTI,Castelvetere in Val Fortore,24.59
POT_SAN_MARCO_DEI_CAVOTI,Cautano,40.57
POT_SAN_MARCO_DEI_CAVOTI,Ceppaloni,42.36
POT_SAN_MARCO_DEI_CAVOTI,Circello,15.93
POT_SAN_MARCO_DEI_CAVOTI,Colle Sannita,14.69
POT_SAN_MARCO_DEI_CAVOTI,Cusano Mutri,64.94
POT_SAN_MARCO_DEI_CAVOTI,Dugenta,64.38
POT_SAN_MARCO_DEI_CAVOTI,Durazzano,74.83
POT_SAN_MARCO_DEI_CAVOTI,Faicchio,61.4
POT_SAN_MARCO_DEI_CAVOTI,Foglianise,37.76
POT_SAN_MARCO_DEI_CAVOTI,Foiano di Val Fortore,14.34
POT_SAN_MARCO_DEI_CAVOTI,Forchia,57.97
POT_SAN_MARCO_DEI_CAVOTI,Fragneto Monforte,17.95
POT_SAN_MARCO_DEI_CAVOTI,Fragneto l'Abate,16.66
POT_SAN_MARCO_DEI_CAVOTI,Frasso Telesino,57.32
POT_SAN_MARCO_DEI_CAVOTI,Ginestra degli Schiavoni,27.7
POT_SAN_MARCO_DEI_CAVOTI,Guardia Sanframondi,41.21
POT_SAN_MARCO_DEI_CAVOTI,Melizzano,56.7
POT_SAN_MARCO_DEI_CAVOTI,Moiano,59.57
POT_SAN_MARCO_DEI_CAVOTI,Molinara,4.44
POT_SAN_MARCO_DEI_CAVOTI,Montefalcone di Val Fortore,18.5
POT_SAN_MARCO_DEI_CAVOTI,Montesarchio,48.35
POT_SAN_MARCO_DEI_CAVOTI,Paduli,24.86
POT_SAN_MARCO_DEI_CAVOTI,Pago Veiano,13.31
POT_SAN_MARCO_DEI_CAVOTI,Pannarano,47.34
POT_SAN_MARCO_DEI_CAVOTI,Paolisi,54.89
POT_SAN_MARCO_DEI_CAVOTI,Paupisi,41.52
POT_SAN_MARCO_DEI_CAVOTI,Pesco Sannita,14.65
POT_SAN_MARCO_DEI_CAVOTI,Pietraroja,50.07
POT_SAN_MARCO_DEI_CAVOTI,Pietrelcina,20.2
POT_SAN_MARCO_DEI_CAVOTI,Ponte,38.36
POT_SAN_MARCO_DEI_CAVOTI,Pontelandolfo,28.03
POT_SAN_MARCO_DEI_CAVOTI,Puglianello,59.89
POT_SAN_MARCO_DEI_CAVOTI,Reino,6.56
POT_SAN_MARCO_DEI_CAVOTI,San Bartolomeo in Galdo,25.84
POT_SAN_MARCO_DEI_CAVOTI,San Giorgio La Molara,12.54
POT_SAN_MARCO_DEI_CAVOTI,San Giorgio del Sannio,39.54
POT_SAN_MARCO_DEI_CAVOTI,San Leucio del Sannio,37.39
POT_SAN_MARCO_DEI_CAVOTI,San Lorenzello,57.0
POT_SAN_MARCO_DEI_CAVOTI,San Lorenzo Maggiore,47.04
POT_SAN_MARCO_DEI_CAVOTI,San Lupo,36.97
POT_SAN_MARCO_DEI_CAVOTI,San Marco dei Cavoti,0.0
POT_SAN_MARCO_DEI_CAVOTI,San Martino Sannita,39.71
POT_SAN_MARCO_DEI_CAVOTI,San Nazzaro,41.58
POT_SAN_MARCO_DEI_CAVOTI,San Nicola Manfredi,39.27
POT_SAN_MARCO_DEI_CAVOTI,Sant'Agata de' Goti,68.41
POT_SAN_MARCO_DEI_CAVOTI,Sant'Angelo a Cupolo,37.28
POT_SAN_MARCO_DEI_CAVOTI,Sant'Arcangelo Trimonte,23.65
POT_SAN_MARCO_DEI_CAVOTI,Santa Croce del Sannio,30.03
POT_SAN_MARCO_DEI_CAVOTI,Sassinoro,37.81
POT_SAN_MARCO_DEI_CAVOTI,Solopaca,49.97
POT_SAN_MARCO_DEI_CAVOTI,Telese Terme,51.69
POT_SAN_MARCO_DEI_CAVOTI,Tocco Caudio,44.1
POT_SAN_MARTINO_SANNITA,Airola,36.33
POT_SAN_MARTINO_SANNITA,Limatola,59.69
POT_SAN_MARTINO_SANNITA,San Giorgio Del Sannio,2.43
POT_SAN_MARTINO_SANNITA,San Salvatore Telesino,42.51
POT_SAN_MARTINO_SANNITA,Benevento,30.46
POT_SAN_MARTINO_SANNITA,Cerreto Sannita,43.42
POT_SAN_MARTINO_SANNITA,Ginestra Degli Schiavoni,49.36
POT_SAN_MARTINO_SANNITA,Morcone,43.29
POT_SAN_MARTINO_SANNITA,San Bartolomeo In Galdo,64.49
POT_SAN_MARTINO_SANNITA,Vitulano,27.78
POT_SAN_MARTINO_SANNITA,San Marco Dei Cavoti,38.8
POT_SAN_MARTINO_SANNITA,Torrecuso,28.39
POT_SAN_MARTINO_SANNITA,Amorosi,46.86
POT_SAN_MARTINO_SANNITA,Apice,13.49
POT_SAN_MARTINO_SANNITA,Apollosa,19.01
POT_SAN_MARTINO_SANNITA,Arpaia,37.36
POT_SAN_MARTINO_SANNITA,Arpaise,18.21
POT_SAN_MARTINO_SANNITA,Baselice,55.73
POT_SAN_MARTINO_SANNITA,Bonea,31.19
POT_SAN_MARTINO_SANNITA,Bucciano,34.82
POT_SAN_MARTINO_SANNITA,Buonalbergo,33.42
POT_SAN_MARTINO_SANNITA,Calvi,3.99
POT_SAN_MARTINO_SANNITA,Campolattaro,32.54
POT_SAN_MARTINO_SANNITA,Campoli del Monte Taburno,29.94
POT_SAN_MARTINO_SANNITA,Casalduni,31.43
POT_SAN_MARTINO_SANNITA,Castelfranco in Miscano,51.19
POT_SAN_MARTINO_SANNITA,Castelpagano,52.16
POT_SAN_MARTINO_SANNITA,Castelpoto,23.36
POT_SAN_MARTINO_SANNITA,Castelvenere,40.59
POT_SAN_MARTINO_SANNITA,Castelvetere in Val Fortore,62.82
POT_SAN_MARTINO_SANNITA,Cautano,27.79
POT_SAN_MARTINO_SANNITA,Ceppaloni,14.24
POT_SAN_MARTINO_SANNITA,Circello,44.84
POT_SAN_MARTINO_SANNITA,Colle Sannita,45.67
POT_SAN_MARTINO_SANNITA,Cusano Mutri,51.89
POT_SAN_MARTINO_SANNITA,Dugenta,51.34
POT_SAN_MARTINO_SANNITA,Durazzano,52.77
POT_SAN_MARTINO_SANNITA,Faicchio,48.35
POT_SAN_MARTINO_SANNITA,Foglianise,24.98
POT_SAN_MARTINO_SANNITA,Foiano di Val Fortore,52.98
POT_SAN_MARTINO_SANNITA,Forchia,38.5
POT_SAN_MARTINO_SANNITA,Fragneto Monforte,29.68
POT_SAN_MARTINO_SANNITA,Fragneto l'Abate,28.59
POT_SAN_MARTINO_SANNITA,Frasso Telesino,44.27
POT_SAN_MARTINO_SANNITA,Ginestra degli Schiavoni,49.36
POT_SAN_MARTINO_SANNITA,Guardia Sanframondi,37.68
POT_SAN_MARTINO_SANNITA,Melizzano,43.65
POT_SAN_MARTINO_SANNITA,Moiano,40.09
POT_SAN_MARTINO_SANNITA,Molinara,35.67
POT_SAN_MARTINO_SANNITA,Montefalcone di Val Fortore,47.23
POT_SAN_MARTINO_SANNITA,Montesarchio,28.87
POT_SAN_MARTINO_SANNITA,Paduli,21.61
POT_SAN_MARTINO_SANNITA,Pago Veiano,28.91
POT_SAN_MARTINO_SANNITA,Pannarano,27.86
POT_SAN_MARTINO_SANNITA,Paolisi,35.41
POT_SAN_MARTINO_SANNITA,Paupisi,28.47
POT_SAN_MARTINO_SANNITA,Pesco Sannita,25.26
POT_SAN_MARTINO_SANNITA,Pietraroja,58.17
POT_SAN_MARTINO_SANNITA,Pietrelcina,22.8
POT_SAN_MARTINO_SANNITA,Ponte,25.31
POT_SAN_MARTINO_SANNITA,Pontelandolfo,36.13
POT_SAN_MARTINO_SANNITA,Puglianello,46.84
POT_SAN_MARTINO_SANNITA,Reino,35.62
POT_SAN_MARTINO_SANNITA,San Bartolomeo in Galdo,64.49
POT_SAN_MARTINO_SANNITA,San Giorgio La Molara,37.42
POT_SAN_MARTINO_SANNITA,San Giorgio del Sannio,2.43
POT_SAN_MARTINO_SANNITA,San Leucio del Sannio,16.94
POT_SAN_MARTINO_SANNITA,San Lorenzello,43.95
POT_SAN_MARTINO_SANNITA,San Lorenzo Maggiore,34.0
POT_SAN_MARTINO_SANNITA,San Lupo,34.54
POT_SAN_MARTINO_SANNITA,San Marco dei Cavoti,38.8
POT_SAN_MARTINO_SANNITA,San Martino Sannita,0.0
POT_SAN_MARTINO_SANNITA,San Nazzaro,4.66
POT_SAN_MARTINO_SANNITA,San Nicola Manfredi,3.0
POT_SAN_MARTINO_SANNITA,Sant'Agata de' Goti,47.02
POT_SAN_MARTINO_SANNITA,Sant'Angelo a Cupolo,6.73
POT_SAN_MARTINO_SANNITA,Sant'Arcangelo Trimonte,21.36
POT_SAN_MARTINO_SANNITA,Santa Croce del Sannio,49.15
POT_SAN_MARTINO_SANNITA,Sassinoro,45.91
POT_SAN_MARTINO_SANNITA,Solopaca,36.92
POT_SAN_MARTINO_SANNITA,Telese Terme,38.64
POT_SAN_MARTINO_SANNITA,Tocco Caudio,31.32
POT_SAN_NAZZARO,Airola,39.87
POT_SAN_NAZZARO,Limatola,61.7
POT_SAN_NAZZARO,San Giorgio Del Sannio,2.34
POT_SAN_NAZZARO,San Salvatore Telesino,44.53
POT_SAN_NAZZARO,Benevento,32.47
POT_SAN_NAZZARO,Cerreto Sannita,45.44
POT_SAN_NAZZARO,Ginestra Degli Schiavoni,51.37
POT_SAN_NAZZARO,Morcone,45.31
POT_SAN_NAZZARO,San Bartolomeo In Galdo,66.5
POT_SAN_NAZZARO,Vitulano,29.79
POT_SAN_NAZZARO,San Marco Dei Cavoti,40.81
POT_SAN_NAZZARO,Torrecuso,30.41
POT_SAN_NAZZARO,Amorosi,48.87
POT_SAN_NAZZARO,Apice,11.95
POT_SAN_NAZZARO,Apollosa,21.26
POT_SAN_NAZZARO,Arpaia,39.59
POT_SAN_NAZZARO,Arpaise,20.25
POT_SAN_NAZZARO,Baselice,57.74
POT_SAN_NAZZARO,Bonea,33.45
POT_SAN_NAZZARO,Bucciano,37.07
POT_SAN_NAZZARO,Buonalbergo,35.43
POT_SAN_NAZZARO,Calvi,2.87
POT_SAN_NAZZARO,Campolattaro,34.55
POT_SAN_NAZZARO,Campoli del Monte Taburno,31.95
POT_SAN_NAZZARO,Casalduni,33.44
POT_SAN_NAZZARO,Castelfranco in Miscano,53.21
POT_SAN_NAZZARO,Castelpagano,54.17
POT_SAN_NAZZARO,Castelpoto,25.61
POT_SAN_NAZZARO,Castelvenere,42.61
POT_SAN_NAZZARO,Castelvetere in Val Fortore,64.83
POT_SAN_NAZZARO,Cautano,29.8
POT_SAN_NAZZARO,Ceppaloni,17.08
POT_SAN_NAZZARO,Circello,46.85
POT_SAN_NAZZARO,Colle Sannita,47.68
POT_SAN_NAZZARO,Cusano Mutri,53.9
POT_SAN_NAZZARO,Dugenta,53.35
POT_SAN_NAZZARO,Durazzano,55.0
POT_SAN_NAZZARO,Faicchio,50.37
POT_SAN_NAZZARO,Foglianise,26.99
POT_SAN_NAZZARO,Foiano di Val Fortore,55.0
POT_SAN_NAZZARO,Forchia,40.72
POT_SAN_NAZZARO,Fragneto Monforte,31.7
POT_SAN_NAZZARO,Fragneto l'Abate,30.6
POT_SAN_NAZZARO,Frasso Telesino,46.29
POT_SAN_NAZZARO,Ginestra degli Schiavoni,51.37
POT_SAN_NAZZARO,Guardia Sanframondi,39.69
POT_SAN_NAZZARO,Melizzano,45.67
POT_SAN_NAZZARO,Moiano,42.32
POT_SAN_NAZZARO,Molinara,37.68
POT_SAN_NAZZARO,Montefalcone di Val Fortore,49.25
POT_SAN_NAZZARO,Montesarchio,31.12
POT_SAN_NAZZARO,Paduli,23.62
POT_SAN_NAZZARO,Pago Veiano,30.92
POT_SAN_NAZZARO,Pannarano,25.25
POT_SAN_NAZZARO,Paolisi,37.64
POT_SAN_NAZZARO,Paupisi,30.48
POT_SAN_NAZZARO,Pesco Sannita,27.27
POT_SAN_NAZZARO,Pietraroja,60.19
POT_SAN_NAZZARO,Pietrelcina,24.82
POT_SAN_NAZZARO,Ponte,27.33
POT_SAN_NAZZARO,Pontelandolfo,38.14
POT_SAN_NAZZARO,Puglianello,48.85
POT_SAN_NAZZARO,Reino,37.63
POT_SAN_NAZZARO,San Bartolomeo in Galdo,66.5
POT_SAN_NAZZARO,San Giorgio La Molara,39.43
POT_SAN_NAZZARO,San Giorgio del Sannio,2.34
POT_SAN_NAZZARO,San Leucio del Sannio,19.2
POT_SAN_NAZZARO,San Lorenzello,45.96
POT_SAN_NAZZARO,San Lorenzo Maggiore,36.01
POT_SAN_NAZZARO,San Lupo,36.55
POT_SAN_NAZZARO,San Marco dei Cavoti,40.81
POT_SAN_NAZZARO,San Martino Sannita,4.99
POT_SAN_NAZZARO,San Nazzaro,0.0
POT_SAN_NAZZARO,San Nicola Manfredi,7.87
POT_SAN_NAZZARO,Sant'Agata de' Goti,49.25
POT_SAN_NAZZARO,Sant'Angelo a Cupolo,11.6
POT_SAN_NAZZARO,Sant'Arcangelo Trimonte,19.83
POT_SAN_NAZZARO,Santa Croce del Sannio,51.16
POT_SAN_NAZZARO,Sassinoro,47.93
POT_SAN_NAZZARO,Solopaca,38.93
POT_SAN_NAZZARO,Telese Terme,40.66
POT_SAN_NAZZARO,Tocco Caudio,33.33
POT_SAN_NICOLA_MANFREDI,Airola,35.89
POT_SAN_NICOLA_MANFREDI,Limatola,59.25
POT_SAN_NICOLA_MANFREDI,San Giorgio Del Sannio,5.31
POT_SAN_NICOLA_MANFREDI,San Salvatore Telesino,42.07
POT_SAN_NICOLA_MANFREDI,Benevento,30.02
POT_SAN_NICOLA_MANFREDI,Cerreto Sannita,42.98
POT_SAN_NICOLA_MANFREDI,Ginestra Degli Schiavoni,48.92
POT_SAN_NICOLA_MANFREDI,Morcone,42.85
POT_SAN_NICOLA_MANFREDI,San Bartolomeo In Galdo,64.05
POT_SAN_NICOLA_MANFREDI,Vitulano,27.34
POT_SAN_NICOLA_MANFREDI,San Marco Dei Cavoti,38.36
POT_SAN_NICOLA_MANFREDI,Torrecuso,27.95
POT_SAN_NICOLA_MANFREDI,Amorosi,46.42
POT_SAN_NICOLA_MANFREDI,Apice,16.37
POT_SAN_NICOLA_MANFREDI,Apollosa,18.57
POT_SAN_NICOLA_MANFREDI,Arpaia,36.92
POT_SAN_NICOLA_MANFREDI,Arpaise,16.01
POT_SAN_NICOLA_MANFREDI,Baselice,55.29
POT_SAN_NICOLA_MANFREDI,Bonea,30.75
POT_SAN_NICOLA_MANFREDI,Bucciano,34.38
POT_SAN_NICOLA_MANFREDI,Buonalbergo,32.98
POT_SAN_NICOLA_MANFREDI,Calvi,6.87
POT_SAN_NICOLA_MANFREDI,Campolattaro,32.1
POT_SAN_NICOLA_MANFREDI,Campoli del Monte Taburno,29.5
POT_SAN_NICOLA_MANFREDI,Casalduni,30.99
POT_SAN_NICOLA_MANFREDI,Castelfranco in Miscano,50.75
POT_SAN_NICOLA_MANFREDI,Castelpagano,51.72
POT_SAN_NICOLA_MANFREDI,Castelpoto,22.92
POT_SAN_NICOLA_MANFREDI,Castelvenere,40.16
POT_SAN_NICOLA_MANFREDI,Castelvetere in Val Fortore,62.38
POT_SAN_NICOLA_MANFREDI,Cautano,27.35
POT_SAN_NICOLA_MANFREDI,Ceppaloni,12.04
POT_SAN_NICOLA_MANFREDI,Circello,44.4
POT_SAN_NICOLA_MANFREDI,Colle Sannita,45.23
POT_SAN_NICOLA_MANFREDI,Cusano Mutri,51.45
POT_SAN_NICOLA_MANFREDI,Dugenta,50.9
POT_SAN_NICOLA_MANFREDI,Durazzano,52.33
POT_SAN_NICOLA_MANFREDI,Faicchio,47.91
POT_SAN_NICOLA_MANFREDI,Foglianise,24.54
POT_SAN_NICOLA_MANFREDI,Foiano di Val Fortore,52.54
POT_SAN_NICOLA_MANFREDI,Forchia,38.06
POT_SAN_NICOLA_MANFREDI,Fragneto Monforte,29.24
POT_SAN_NICOLA_MANFREDI,Fragneto l'Abate,28.15
POT_SAN_NICOLA_MANFREDI,Frasso Telesino,43.83
POT_SAN_NICOLA_MANFREDI,Ginestra degli Schiavoni,48.92
POT_SAN_NICOLA_MANFREDI,Guardia Sanframondi,37.24
POT_SAN_NICOLA_MANFREDI,Melizzano,43.21
POT_SAN_NICOLA_MANFREDI,Moiano,39.65
POT_SAN_NICOLA_MANFREDI,Molinara,35.23
POT_SAN_NICOLA_MANFREDI,Montefalcone di Val Fortore,46.79
POT_SAN_NICOLA_MANFREDI,Montesarchio,28.43
POT_SAN_NICOLA_MANFREDI,Paduli,21.17
POT_SAN_NICOLA_MANFREDI,Pago Veiano,28.47
POT_SAN_NICOLA_MANFREDI,Pannarano,27.42
POT_SAN_NICOLA_MANFREDI,Paolisi,34.97
POT_SAN_NICOLA_MANFREDI,Paupisi,28.03
POT_SAN_NICOLA_MANFREDI,Pesco Sannita,24.82
POT_SAN_NICOLA_MANFREDI,Pietraroja,57.73
POT_SAN_NICOLA_MANFREDI,Pietrelcina,22.36
POT_SAN_NICOLA_MANFREDI,Ponte,24.87
POT_SAN_NICOLA_MANFREDI,Pontelandolfo,35.69
POT_SAN_NICOLA_MANFREDI,Puglianello,46.4
POT_SAN_NICOLA_MANFREDI,Reino,35.18
POT_SAN_NICOLA_MANFREDI,San Bartolomeo in Galdo,64.05
POT_SAN_NICOLA_MANFREDI,San Giorgio La Molara,36.98
POT_SAN_NICOLA_MANFREDI,San Giorgio del Sannio,5.31
POT_SAN_NICOLA_MANFREDI,San Leucio del Sannio,16.5
POT_SAN_NICOLA_MANFREDI,San Lorenzello,43.51
POT_SAN_NICOLA_MANFREDI,San Lorenzo Maggiore,33.56
POT_SAN_NICOLA_MANFREDI,San Lupo,34.1
POT_SAN_NICOLA_MANFREDI,San Marco dei Cavoti,38.36
POT_SAN_NICOLA_MANFREDI,San Martino Sannita,3.0
POT_SAN_NICOLA_MANFREDI,San Nazzaro,7.54
POT_SAN_NICOLA_MANFREDI,San Nicola Manfredi,0.0
POT_SAN_NICOLA_MANFREDI,Sant'Agata de' Goti,46.58
POT_SAN_NICOLA_MANFREDI,Sant'Angelo a Cupolo,4.53
POT_SAN_NICOLA_MANFREDI,Sant'Arcangelo Trimonte,29.59
POT_SAN_NICOLA_MANFREDI,Santa Croce del Sannio,48.71
POT_SAN_NICOLA_MANFREDI,Sassinoro,45.47
POT_SAN_NICOLA_MANFREDI,Solopaca,36.48
POT_SAN_NICOLA_MANFREDI,Telese Terme,38.2
POT_SAN_NICOLA_MANFREDI,Tocco Caudio,30.88
POT_SAN_SALVATORE_TELESINO,Airola,32.14
POT_SAN_SALVATORE_TELESINO,Limatola,18.05
POT_SAN_SALVATORE_TELESINO,San Giorgio Del Sannio,42.25
POT_SAN_SALVATORE_TELESINO,San Salvatore Telesino,0.0
POT_SAN_SALVATORE_TELESINO,Benevento,25.7
POT_SAN_SALVATORE_TELESINO,Cerreto Sannita,8.4
POT_SAN_SALVATORE_TELESINO,Ginestra Degli Schiavoni,70.74
POT_SAN_SALVATORE_TELESINO,Morcone,48.1
POT_SAN_SALVATORE_TELESINO,San Bartolomeo In Galdo,81.55
POT_SAN_SALVATORE_TELESINO,Vitulano,21.82
POT_SAN_SALVATORE_TELESINO,San Marco Dei Cavoti,55.86
POT_SAN_SALVATORE_TELESINO,Torrecuso,19.9
POT_SAN_SALVATORE_TELESINO,Amorosi,5.22
POT_SAN_SALVATORE_TELESINO,Apice,45.41
POT_SAN_SALVATORE_TELESINO,Apollosa,39.88
POT_SAN_SALVATORE_TELESINO,Arpaia,37.38
POT_SAN_SALVATORE_TELESINO,Arpaise,47.36
POT_SAN_SALVATORE_TELESINO,Baselice,72.79
POT_SAN_SALVATORE_TELESINO,Bonea,35.67
POT_SAN_SALVATORE_TELESINO,Bucciano,30.82
POT_SAN_SALVATORE_TELESINO,Buonalbergo,54.8
POT_SAN_SALVATORE_TELESINO,Calvi,43.16
POT_SAN_SALVATORE_TELESINO,Campolattaro,37.34
POT_SAN_SALVATORE_TELESINO,Campoli del Monte Taburno,28.83
POT_SAN_SALVATORE_TELESINO,Casalduni,26.67
POT_SAN_SALVATORE_TELESINO,Castelfranco in Miscano,72.58
POT_SAN_SALVATORE_TELESINO,Castelpagano,69.22
POT_SAN_SALVATORE_TELESINO,Castelpoto,32.93
POT_SAN_SALVATORE_TELESINO,Castelvenere,5.47
POT_SAN_SALVATORE_TELESINO,Castelvetere in Val Fortore,79.88
POT_SAN_SALVATORE_TELESINO,Cautano,26.68
POT_SAN_SALVATORE_TELESINO,Ceppaloni,43.75
POT_SAN_SALVATORE_TELESINO,Circello,61.9
POT_SAN_SALVATORE_TELESINO,Colle Sannita,62.73
POT_SAN_SALVATORE_TELESINO,Cusano Mutri,16.91
POT_SAN_SALVATORE_TELESINO,Dugenta,15.63
POT_SAN_SALVATORE_TELESINO,Durazzano,31.02
POT_SAN_SALVATORE_TELESINO,Faicchio,6.13
POT_SAN_SALVATORE_TELESINO,Foglianise,24.16
POT_SAN_SALVATORE_TELESINO,Foiano di Val Fortore,70.04
POT_SAN_SALVATORE_TELESINO,Forchia,38.51
POT_SAN_SALVATORE_TELESINO,Fragneto Monforte,34.48
POT_SAN_SALVATORE_TELESINO,Fragneto l'Abate,36.08
POT_SAN_SALVATORE_TELESINO,Frasso Telesino,14.55
POT_SAN_SALVATORE_TELESINO,Ginestra degli Schiavoni,70.74
POT_SAN_SALVATORE_TELESINO,Guardia Sanframondi,13.6
POT_SAN_SALVATORE_TELESINO,Melizzano,15.18
POT_SAN_SALVATORE_TELESINO,Moiano,31.84
POT_SAN_SALVATORE_TELESINO,Molinara,58.64
POT_SAN_SALVATORE_TELESINO,Montefalcone di Val Fortore,68.62
POT_SAN_SALVATORE_TELESINO,Montesarchio,37.42
POT_SAN_SALVATORE_TELESINO,Paduli,42.99
POT_SAN_SALVATORE_TELESINO,Pago Veiano,45.97
POT_SAN_SALVATORE_TELESINO,Pannarano,48.73
POT_SAN_SALVATORE_TELESINO,Paolisi,35.43
POT_SAN_SALVATORE_TELESINO,Paupisi,17.56
POT_SAN_SALVATORE_TELESINO,Pesco Sannita,42.32
POT_SAN_SALVATORE_TELESINO,Pietraroja,19.62
POT_SAN_SALVATORE_TELESINO,Pietrelcina,39.86
POT_SAN_SALVATORE_TELESINO,Ponte,20.56
POT_SAN_SALVATORE_TELESINO,Pontelandolfo,28.25
POT_SAN_SALVATORE_TELESINO,Puglianello,5.46
POT_SAN_SALVATORE_TELESINO,Reino,52.68
POT_SAN_SALVATORE_TELESINO,San Bartolomeo in Galdo,81.55
POT_SAN_SALVATORE_TELESINO,San Giorgio La Molara,58.8
POT_SAN_SALVATORE_TELESINO,San Giorgio del Sannio,42.25
POT_SAN_SALVATORE_TELESINO,San Leucio del Sannio,38.78
POT_SAN_SALVATORE_TELESINO,San Lorenzello,7.1
POT_SAN_SALVATORE_TELESINO,San Lorenzo Maggiore,15.41
POT_SAN_SALVATORE_TELESINO,San Lupo,18.19
POT_SAN_SALVATORE_TELESINO,San Marco dei Cavoti,55.86
POT_SAN_SALVATORE_TELESINO,San Martino Sannita,42.41
POT_SAN_SALVATORE_TELESINO,San Nazzaro,44.29
POT_SAN_SALVATORE_TELESINO,San Nicola Manfredi,41.97
POT_SAN_SALVATORE_TELESINO,Sant'Agata de' Goti,24.59
POT_SAN_SALVATORE_TELESINO,Sant'Angelo a Cupolo,41.94
POT_SAN_SALVATORE_TELESINO,Sant'Arcangelo Trimonte,51.41
POT_SAN_SALVATORE_TELESINO,Santa Croce del Sannio,53.95
POT_SAN_SALVATORE_TELESINO,Sassinoro,50.72
POT_SAN_SALVATORE_TELESINO,Solopaca,11.07
POT_SAN_SALVATORE_TELESINO,Telese Terme,3.9
POT_SAN_SALVATORE_TELESINO,Tocco Caudio,30.2
POT_SANT'AGATA_DE'_GOTI,Airola,10.61
POT_SANT'AGATA_DE'_GOTI,Limatola,15.66
POT_SANT'AGATA_DE'_GOTI,San Giorgio Del Sannio,46.82
POT_SANT'AGATA_DE'_GOTI,San Salvatore Telesino,24.41
POT_SANT'AGATA_DE'_GOTI,Benevento,38.88
POT_SANT'AGATA_DE'_GOTI,Cerreto Sannita,33.16
POT_SANT'AGATA_DE'_GOTI,Ginestra Degli Schiavoni,79.37
POT_SANT'AGATA_DE'_GOTI,Morcone,61.28
POT_SANT'AGATA_DE'_GOTI,San Bartolomeo In Galdo,94.73
POT_SANT'AGATA_DE'_GOTI,Vitulano,27.9
POT_SANT'AGATA_DE'_GOTI,San Marco Dei Cavoti,69.04
POT_SANT'AGATA_DE'_GOTI,Torrecuso,33.09
POT_SANT'AGATA_DE'_GOTI,Amorosi,20.28
POT_SANT'AGATA_DE'_GOTI,Apice,58.2
POT_SANT'AGATA_DE'_GOTI,Apollosa,24.58
POT_SANT'AGATA_DE'_GOTI,Arpaia,15.94
POT_SANT'AGATA_DE'_GOTI,Arpaise,29.9
POT_SANT'AGATA_DE'_GOTI,Baselice,85.97
POT_SANT'AGATA_DE'_GOTI,Bonea,15.29
POT_SANT'AGATA_DE'_GOTI,Bucciano,10.15
POT_SANT'AGATA_DE'_GOTI,Buonalbergo,63.43
POT_SANT'AGATA_DE'_GOTI,Calvi,47.73
POT_SANT'AGATA_DE'_GOTI,Campolattaro,50.52
POT_SANT'AGATA_DE'_GOTI,Campoli del Monte Taburno,23.97
POT_SANT'AGATA_DE'_GOTI,Casalduni,39.85
POT_SANT'AGATA_DE'_GOTI,Castelfranco in Miscano,81.21
POT_SANT'AGATA_DE'_GOTI,Castelpagano,82.4
POT_SANT'AGATA_DE'_GOTI,Castelpoto,27.18
POT_SANT'AGATA_DE'_GOTI,Castelvenere,25.35
POT_SANT'AGATA_DE'_GOTI,Castelvetere in Val Fortore,93.06
POT_SANT'AGATA_DE'_GOTI,Cautano,24.14
POT_SANT'AGATA_DE'_GOTI,Ceppaloni,33.85
POT_SANT'AGATA_DE'_GOTI,Circello,75.08
POT_SANT'AGATA_DE'_GOTI,Colle Sannita,75.91
POT_SANT'AGATA_DE'_GOTI,Cusano Mutri,41.63
POT_SANT'AGATA_DE'_GOTI,Dugenta,9.74
POT_SANT'AGATA_DE'_GOTI,Durazzano,6.24
POT_SANT'AGATA_DE'_GOTI,Faicchio,29.04
POT_SANT'AGATA_DE'_GOTI,Foglianise,27.23
POT_SANT'AGATA_DE'_GOTI,Foiano di Val Fortore,83.23
POT_SANT'AGATA_DE'_GOTI,Forchia,17.07
POT_SANT'AGATA_DE'_GOTI,Fragneto Monforte,47.67
POT_SANT'AGATA_DE'_GOTI,Fragneto l'Abate,49.27
POT_SANT'AGATA_DE'_GOTI,Frasso Telesino,11.34
POT_SANT'AGATA_DE'_GOTI,Ginestra degli Schiavoni,79.37
POT_SANT'AGATA_DE'_GOTI,Guardia Sanframondi,30.07
POT_SANT'AGATA_DE'_GOTI,Melizzano,14.08
POT_SANT'AGATA_DE'_GOTI,Moiano,7.35
POT_SANT'AGATA_DE'_GOTI,Molinara,71.82
POT_SANT'AGATA_DE'_GOTI,Montefalcone di Val Fortore,77.25
POT_SANT'AGATA_DE'_GOTI,Montesarchio,17.03
POT_SANT'AGATA_DE'_GOTI,Paduli,51.62
POT_SANT'AGATA_DE'_GOTI,Pago Veiano,59.15
POT_SANT'AGATA_DE'_GOTI,Pannarano,26.55
POT_SANT'AGATA_DE'_GOTI,Paolisi,13.99
POT_SANT'AGATA_DE'_GOTI,Paupisi,30.75
POT_SANT'AGATA_DE'_GOTI,Pesco Sannita,55.5
POT_SANT'AGATA_DE'_GOTI,Pietraroja,44.34
POT_SANT'AGATA_DE'_GOTI,Pietrelcina,53.05
POT_SANT'AGATA_DE'_GOTI,Ponte,33.74
POT_SANT'AGATA_DE'_GOTI,Pontelandolfo,42.93
POT_SANT'AGATA_DE'_GOTI,Puglianello,23.43
POT_SANT'AGATA_DE'_GOTI,Reino,65.86
POT_SANT'AGATA_DE'_GOTI,San Bartolomeo in Galdo,94.73
POT_SANT'AGATA_DE'_GOTI,San Giorgio La Molara,67.43
POT_SANT'AGATA_DE'_GOTI,San Giorgio del Sannio,46.82
POT_SANT'AGATA_DE'_GOTI,San Leucio del Sannio,33.41
POT_SANT'AGATA_DE'_GOTI,San Lorenzello,31.74
POT_SANT'AGATA_DE'_GOTI,San Lorenzo Maggiore,30.08
POT_SANT'AGATA_DE'_GOTI,San Lupo,32.86
POT_SANT'AGATA_DE'_GOTI,San Marco dei Cavoti,69.04
POT_SANT'AGATA_DE'_GOTI,San Martino Sannita,46.56
POT_SANT'AGATA_DE'_GOTI,San Nazzaro,50.0
POT_SANT'AGATA_DE'_GOTI,San Nicola Manfredi,46.12
POT_SANT'AGATA_DE'_GOTI,Sant'Agata de' Goti,0.0
POT_SANT'AGATA_DE'_GOTI,Sant'Angelo a Cupolo,46.59
POT_SANT'AGATA_DE'_GOTI,Sant'Arcangelo Trimonte,60.04
POT_SANT'AGATA_DE'_GOTI,Santa Croce del Sannio,67.13
POT_SANT'AGATA_DE'_GOTI,Sassinoro,63.9
POT_SANT'AGATA_DE'_GOTI,Solopaca,19.01
POT_SANT'AGATA_DE'_GOTI,Telese Terme,21.93
POT_SANT'AGATA_DE'_GOTI,Tocco Caudio,24.0
POT_SANT'ANGELO_A_CUPOLO,Airola,37.44
POT_SANT'ANGELO_A_CUPOLO,Limatola,59.17
POT_SANT'ANGELO_A_CUPOLO,San Giorgio Del Sannio,9.04
POT_SANT'ANGELO_A_CUPOLO,San Salvatore Telesino,41.99
POT_SANT'ANGELO_A_CUPOLO,Benevento,29.94
POT_SANT'ANGELO_A_CUPOLO,Cerreto Sannita,42.9
POT_SANT'ANGELO_A_CUPOLO,Ginestra Degli Schiavoni,48.84
POT_SANT'ANGELO_A_CUPOLO,Morcone,42.77
POT_SANT'ANGELO_A_CUPOLO,San Bartolomeo In Galdo,63.96
POT_SANT'ANGELO_A_CUPOLO,Vitulano,27.26
POT_SANT'ANGELO_A_CUPOLO,San Marco Dei Cavoti,38.28
POT_SANT'ANGELO_A_CUPOLO,Torrecuso,27.87
POT_SANT'ANGELO_A_CUPOLO,Amorosi,46.34
POT_SANT'ANGELO_A_CUPOLO,Apice,20.09
POT_SANT'ANGELO_A_CUPOLO,Apollosa,17.63
POT_SANT'ANGELO_A_CUPOLO,Arpaia,37.16
POT_SANT'ANGELO_A_CUPOLO,Arpaise,14.73
POT_SANT'ANGELO_A_CUPOLO,Baselice,55.21
POT_SANT'ANGELO_A_CUPOLO,Bonea,29.81
POT_SANT'ANGELO_A_CUPOLO,Bucciano,33.44
POT_SANT'ANGELO_A_CUPOLO,Buonalbergo,32.89
POT_SANT'ANGELO_A_CUPOLO,Calvi,10.6
POT_SANT'ANGELO_A_CUPOLO,Campolattaro,32.01
POT_SANT'ANGELO_A_CUPOLO,Campoli del Monte Taburno,29.41
POT_SANT'ANGELO_A_CUPOLO,Casalduni,30.9
POT_SANT'ANGELO_A_CUPOLO,Castelfranco in Miscano,50.67
POT_SANT'ANGELO_A_CUPOLO,Castelpagano,51.64
POT_SANT'ANGELO_A_CUPOLO,Castelpoto,21.98
POT_SANT'ANGELO_A_CUPOLO,Castelvenere,40.07
POT_SANT'ANGELO_A_CUPOLO,Castelvetere in Val Fortore,62.29
POT_SANT'ANGELO_A_CUPOLO,Cautano,27.27
POT_SANT'ANGELO_A_CUPOLO,Ceppaloni,10.77
POT_SANT'ANGELO_A_CUPOLO,Circello,44.31
POT_SANT'ANGELO_A_CUPOLO,Colle Sannita,45.14
POT_SANT'ANGELO_A_CUPOLO,Cusano Mutri,51.37
POT_SANT'ANGELO_A_CUPOLO,Dugenta,50.82
POT_SANT'ANGELO_A_CUPOLO,Durazzano,52.57
POT_SANT'ANGELO_A_CUPOLO,Faicchio,47.83
POT_SANT'ANGELO_A_CUPOLO,Foglianise,24.45
POT_SANT'ANGELO_A_CUPOLO,Foiano di Val Fortore,52.46
POT_SANT'ANGELO_A_CUPOLO,Forchia,38.29
POT_SANT'ANGELO_A_CUPOLO,Fragneto Monforte,29.16
POT_SANT'ANGELO_A_CUPOLO,Fragneto l'Abate,28.06
POT_SANT'ANGELO_A_CUPOLO,Frasso Telesino,43.75
POT_SANT'ANGELO_A_CUPOLO,Ginestra degli Schiavoni,48.84
POT_SANT'ANGELO_A_CUPOLO,Guardia Sanframondi,37.15
POT_SANT'ANGELO_A_CUPOLO,Melizzano,43.13
POT_SANT'ANGELO_A_CUPOLO,Moiano,39.89
POT_SANT'ANGELO_A_CUPOLO,Molinara,35.15
POT_SANT'ANGELO_A_CUPOLO,Montefalcone di Val Fortore,46.71
POT_SANT'ANGELO_A_CUPOLO,Montesarchio,27.49
POT_SANT'ANGELO_A_CUPOLO,Paduli,21.08
POT_SANT'ANGELO_A_CUPOLO,Pago Veiano,28.38
POT_SANT'ANGELO_A_CUPOLO,Pannarano,22.81
POT_SANT'ANGELO_A_CUPOLO,Paolisi,35.21
POT_SANT'ANGELO_A_CUPOLO,Paupisi,27.95
POT_SANT'ANGELO_A_CUPOLO,Pesco Sannita,24.74
POT_SANT'ANGELO_A_CUPOLO,Pietraroja,57.65
POT_SANT'ANGELO_A_CUPOLO,Pietrelcina,22.28
POT_SANT'ANGELO_A_CUPOLO,Ponte,24.79
POT_SANT'ANGELO_A_CUPOLO,Pontelandolfo,35.61
POT_SANT'ANGELO_A_CUPOLO,Puglianello,46.32
POT_SANT'ANGELO_A_CUPOLO,Reino,35.1
POT_SANT'ANGELO_A_CUPOLO,San Bartolomeo in Galdo,63.96
POT_SANT'ANGELO_A_CUPOLO,San Giorgio La Molara,36.9
POT_SANT'ANGELO_A_CUPOLO,San Giorgio del Sannio,9.04
POT_SANT'ANGELO_A_CUPOLO,San Leucio del Sannio,15.57
POT_SANT'ANGELO_A_CUPOLO,San Lorenzello,43.43
POT_SANT'ANGELO_A_CUPOLO,San Lorenzo Maggiore,33.48
POT_SANT'ANGELO_A_CUPOLO,San Lupo,34.02
POT_SANT'ANGELO_A_CUPOLO,San Marco dei Cavoti,38.28
POT_SANT'ANGELO_A_CUPOLO,San Martino Sannita,6.73
POT_SANT'ANGELO_A_CUPOLO,San Nazzaro,11.27
POT_SANT'ANGELO_A_CUPOLO,San Nicola Manfredi,4.53
POT_SANT'ANGELO_A_CUPOLO,Sant'Agata de' Goti,46.82
POT_SANT'ANGELO_A_CUPOLO,Sant'Angelo a Cupolo,0.0
POT_SANT'ANGELO_A_CUPOLO,Sant'Arcangelo Trimonte,29.5
POT_SANT'ANGELO_A_CUPOLO,Santa Croce del Sannio,48.63
POT_SANT'ANGELO_A_CUPOLO,Sassinoro,45.39
POT_SANT'ANGELO_A_CUPOLO,Solopaca,36.4
POT_SANT'ANGELO_A_CUPOLO,Telese Terme,38.12
POT_SANT'ANGELO_A_CUPOLO,Tocco Caudio,30.79
POT_SANT'ARCANGELO_TRIMONTE,Airola,49.91
POT_SANT'ARCANGELO_TRIMONTE,Limatola,68.52
POT_SANT'ARCANGELO_TRIMONTE,San Giorgio Del Sannio,19.05
POT_SANT'ARCANGELO_TRIMONTE,San Salvatore Telesino,51.34
POT_SANT'ARCANGELO_TRIMONTE,Benevento,39.29
POT_SANT'ARCANGELO_TRIMONTE,Cerreto Sannita,52.25
POT_SANT'ARCANGELO_TRIMONTE,Ginestra Degli Schiavoni,27.81
POT_SANT'ARCANGELO_TRIMONTE,Morcone,52.13
POT_SANT'ARCANGELO_TRIMONTE,San Bartolomeo In Galdo,41.42
POT_SANT'ARCANGELO_TRIMONTE,Vitulano,36.61
POT_SANT'ARCANGELO_TRIMONTE,San Marco Dei Cavoti,23.61
POT_SANT'ARCANGELO_TRIMONTE,Torrecuso,37.22
POT_SANT'ARCANGELO_TRIMONTE,Amorosi,55.69
POT_SANT'ARCANGELO_TRIMONTE,Apice,9.35
POT_SANT'ARCANGELO_TRIMONTE,Apollosa,32.59
POT_SANT'ARCANGELO_TRIMONTE,Arpaia,50.94
POT_SANT'ARCANGELO_TRIMONTE,Arpaise,37.18
POT_SANT'ARCANGELO_TRIMONTE,Baselice,36.26
POT_SANT'ARCANGELO_TRIMONTE,Bonea,44.78
POT_SANT'ARCANGELO_TRIMONTE,Bucciano,48.4
POT_SANT'ARCANGELO_TRIMONTE,Buonalbergo,11.87
POT_SANT'ARCANGELO_TRIMONTE,Calvi,18.67
POT_SANT'ARCANGELO_TRIMONTE,Campolattaro,41.37
POT_SANT'ARCANGELO_TRIMONTE,Campoli del Monte Taburno,38.77
POT_SANT'ARCANGELO_TRIMONTE,Casalduni,40.26
POT_SANT'ARCANGELO_TRIMONTE,Castelfranco in Miscano,29.65
POT_SANT'ARCANGELO_TRIMONTE,Castelpagano,43.3
POT_SANT'ARCANGELO_TRIMONTE,Castelpoto,36.94
POT_SANT'ARCANGELO_TRIMONTE,Castelvenere,49.43
POT_SANT'ARCANGELO_TRIMONTE,Castelvetere in Val Fortore,48.69
POT_SANT'ARCANGELO_TRIMONTE,Cautano,36.62
POT_SANT'ARCANGELO_TRIMONTE,Ceppaloni,34.07
POT_SANT'ARCANGELO_TRIMONTE,Circello,36.55
POT_SANT'ARCANGELO_TRIMONTE,Colle Sannita,37.38
POT_SANT'ARCANGELO_TRIMONTE,Cusano Mutri,60.72
POT_SANT'ARCANGELO_TRIMONTE,Dugenta,60.17
POT_SANT'ARCANGELO_TRIMONTE,Durazzano,70.62
POT_SANT'ARCANGELO_TRIMONTE,Faicchio,57.18
POT_SANT'ARCANGELO_TRIMONTE,Foglianise,33.81
POT_SANT'ARCANGELO_TRIMONTE,Foiano di Val Fortore,29.92
POT_SANT'ARCANGELO_TRIMONTE,Forchia,52.08
POT_SANT'ARCANGELO_TRIMONTE,Fragneto Monforte,38.51
POT_SANT'ARCANGELO_TRIMONTE,Fragneto l'Abate,37.42
POT_SANT'ARCANGELO_TRIMONTE,Frasso Telesino,53.1
POT_SANT'ARCANGELO_TRIMONTE,Ginestra degli Schiavoni,27.81
POT_SANT'ARCANGELO_TRIMONTE,Guardia Sanframondi,46.51
POT_SANT'ARCANGELO_TRIMONTE,Melizzano,52.48
POT_SANT'ARCANGELO_TRIMONTE,Moiano,53.67
POT_SANT'ARCANGELO_TRIMONTE,Molinara,19.45
POT_SANT'ARCANGELO_TRIMONTE,Montefalcone di Val Fortore,25.69
POT_SANT'ARCANGELO_TRIMONTE,Montesarchio,42.45
POT_SANT'ARCANGELO_TRIMONTE,Paduli,9.73
POT_SANT'ARCANGELO_TRIMONTE,Pago Veiano,19.78
POT_SANT'ARCANGELO_TRIMONTE,Pannarano,41.45
POT_SANT'ARCANGELO_TRIMONTE,Paolisi,49.0
POT_SANT'ARCANGELO_TRIMONTE,Paupisi,37.3
POT_SANT'ARCANGELO_TRIMONTE,Pesco Sannita,34.09
POT_SANT'ARCANGELO_TRIMONTE,Pietraroja,67.0
POT_SANT'ARCANGELO_TRIMONTE,Pietrelcina,17.0
POT_SANT'ARCANGELO_TRIMONTE,Ponte,34.14
POT_SANT'ARCANGELO_TRIMONTE,Pontelandolfo,44.96
POT_SANT'ARCANGELO_TRIMONTE,Puglianello,55.67
POT_SANT'ARCANGELO_TRIMONTE,Reino,27.33
POT_SANT'ARCANGELO_TRIMONTE,San Bartolomeo in Galdo,41.42
POT_SANT'ARCANGELO_TRIMONTE,San Giorgio La Molara,15.88
POT_SANT'ARCANGELO_TRIMONTE,San Giorgio del Sannio,19.05
POT_SANT'ARCANGELO_TRIMONTE,San Leucio del Sannio,30.53
POT_SANT'ARCANGELO_TRIMONTE,San Lorenzello,52.78
POT_SANT'ARCANGELO_TRIMONTE,San Lorenzo Maggiore,42.83
POT_SANT'ARCANGELO_TRIMONTE,San Lupo,43.37
POT_SANT'ARCANGELO_TRIMONTE,San Marco dei Cavoti,23.61
POT_SANT'ARCANGELO_TRIMONTE,San Martino Sannita,21.71
POT_SANT'ARCANGELO_TRIMONTE,San Nazzaro,19.84
POT_SANT'ARCANGELO_TRIMONTE,San Nicola Manfredi,21.25
POT_SANT'ARCANGELO_TRIMONTE,Sant'Agata de' Goti,64.19
POT_SANT'ARCANGELO_TRIMONTE,Sant'Angelo a Cupolo,29.76
POT_SANT'ARCANGELO_TRIMONTE,Sant'Arcangelo Trimonte,0.0
POT_SANT'ARCANGELO_TRIMONTE,Santa Croce del Sannio,57.98
POT_SANT'ARCANGELO_TRIMONTE,Sassinoro,54.74
POT_SANT'ARCANGELO_TRIMONTE,Solopaca,45.75
POT_SANT'ARCANGELO_TRIMONTE,Telese Terme,47.47
POT_SANT'ARCANGELO_TRIMONTE,Tocco Caudio,40.15
POT_SANTA_CROCE_DEL_SANNIO,Airola,61.09
POT_SANTA_CROCE_DEL_SANNIO,Limatola,71.01
POT_SANTA_CROCE_DEL_SANNIO,San Giorgio Del Sannio,48.89
POT_SANTA_CROCE_DEL_SANNIO,San Salvatore Telesino,53.83
POT_SANTA_CROCE_DEL_SANNIO,Benevento,25.18
POT_SANTA_CROCE_DEL_SANNIO,Cerreto Sannita,38.77
POT_SANTA_CROCE_DEL_SANNIO,Ginestra Degli Schiavoni,77.38
POT_SANTA_CROCE_DEL_SANNIO,Morcone,11.75
POT_SANTA_CROCE_DEL_SANNIO,San Bartolomeo In Galdo,43.07
POT_SANTA_CROCE_DEL_SANNIO,Vitulano,43.28
POT_SANTA_CROCE_DEL_SANNIO,San Marco Dei Cavoti,29.86
POT_SANTA_CROCE_DEL_SANNIO,Torrecuso,37.27
POT_SANTA_CROCE_DEL_SANNIO,Amorosi,58.17
POT_SANTA_CROCE_DEL_SANNIO,Apice,52.05
POT_SANTA_CROCE_DEL_SANNIO,Apollosa,46.52
POT_SANTA_CROCE_DEL_SANNIO,Arpaia,64.87
POT_SANTA_CROCE_DEL_SANNIO,Arpaise,54.0
POT_SANTA_CROCE_DEL_SANNIO,Baselice,34.13
POT_SANTA_CROCE_DEL_SANNIO,Bonea,53.99
POT_SANTA_CROCE_DEL_SANNIO,Bucciano,58.84
POT_SANTA_CROCE_DEL_SANNIO,Buonalbergo,61.44
POT_SANTA_CROCE_DEL_SANNIO,Calvi,49.8
POT_SANTA_CROCE_DEL_SANNIO,Campolattaro,20.44
POT_SANTA_CROCE_DEL_SANNIO,Campoli del Monte Taburno,45.44
POT_SANTA_CROCE_DEL_SANNIO,Casalduni,24.84
POT_SANTA_CROCE_DEL_SANNIO,Castelfranco in Miscano,51.79
POT_SANTA_CROCE_DEL_SANNIO,Castelpagano,10.78
POT_SANTA_CROCE_DEL_SANNIO,Castelpoto,38.73
POT_SANTA_CROCE_DEL_SANNIO,Castelvenere,38.9
POT_SANTA_CROCE_DEL_SANNIO,Castelvetere in Val Fortore,31.44
POT_SANTA_CROCE_DEL_SANNIO,Cautano,43.3
POT_SANTA_CROCE_DEL_SANNIO,Ceppaloni,50.39
POT_SANTA_CROCE_DEL_SANNIO,Circello,10.54
POT_SANTA_CROCE_DEL_SANNIO,Colle Sannita,17.38
POT_SANTA_CROCE_DEL_SANNIO,Cusano Mutri,34.39
POT_SANTA_CROCE_DEL_SANNIO,Dugenta,62.65
POT_SANTA_CROCE_DEL_SANNIO,Durazzano,73.1
POT_SANTA_CROCE_DEL_SANNIO,Faicchio,46.27
POT_SANTA_CROCE_DEL_SANNIO,Foglianise,40.48
POT_SANTA_CROCE_DEL_SANNIO,Foiano di Val Fortore,34.37
POT_SANTA_CROCE_DEL_SANNIO,Forchia,66.01
POT_SANTA_CROCE_DEL_SANNIO,Fragneto Monforte,24.53
POT_SANTA_CROCE_DEL_SANNIO,Fragneto l'Abate,26.13
POT_SANTA_CROCE_DEL_SANNIO,Frasso Telesino,55.59
POT_SANTA_CROCE_DEL_SANNIO,Ginestra degli Schiavoni,77.38
POT_SANTA_CROCE_DEL_SANNIO,Guardia Sanframondi,31.9
POT_SANTA_CROCE_DEL_SANNIO,Melizzano,54.97
POT_SANTA_CROCE_DEL_SANNIO,Moiano,67.6
POT_SANTA_CROCE_DEL_SANNIO,Molinara,34.97
POT_SANTA_CROCE_DEL_SANNIO,Montefalcone di Val Fortore,41.71
POT_SANTA_CROCE_DEL_SANNIO,Montesarchio,56.38
POT_SANTA_CROCE_DEL_SANNIO,Paduli,49.63
POT_SANTA_CROCE_DEL_SANNIO,Pago Veiano,42.48
POT_SANTA_CROCE_DEL_SANNIO,Pannarano,55.38
POT_SANTA_CROCE_DEL_SANNIO,Paolisi,62.92
POT_SANTA_CROCE_DEL_SANNIO,Paupisi,37.35
POT_SANTA_CROCE_DEL_SANNIO,Pesco Sannita,32.56
POT_SANTA_CROCE_DEL_SANNIO,Pietraroja,26.63
POT_SANTA_CROCE_DEL_SANNIO,Pietrelcina,38.11
POT_SANTA_CROCE_DEL_SANNIO,Ponte,31.16
POT_SANTA_CROCE_DEL_SANNIO,Pontelandolfo,18.72
POT_SANTA_CROCE_DEL_SANNIO,Puglianello,58.16
POT_SANTA_CROCE_DEL_SANNIO,Reino,27.42
POT_SANTA_CROCE_DEL_SANNIO,San Bartolomeo in Galdo,43.07
POT_SANTA_CROCE_DEL_SANNIO,San Giorgio La Molara,39.33
POT_SANTA_CROCE_DEL_SANNIO,San Giorgio del Sannio,48.89
POT_SANTA_CROCE_DEL_SANNIO,San Leucio del Sannio,45.42
POT_SANTA_CROCE_DEL_SANNIO,San Lorenzello,39.12
POT_SANTA_CROCE_DEL_SANNIO,San Lorenzo Maggiore,29.95
POT_SANTA_CROCE_DEL_SANNIO,San Lupo,27.65
POT_SANTA_CROCE_DEL_SANNIO,San Marco dei Cavoti,29.86
POT_SANTA_CROCE_DEL_SANNIO,San Martino Sannita,49.06
POT_SANTA_CROCE_DEL_SANNIO,San Nazzaro,50.93
POT_SANTA_CROCE_DEL_SANNIO,San Nicola Manfredi,48.62
POT_SANTA_CROCE_DEL_SANNIO,Sant'Agata de' Goti,66.68
POT_SANTA_CROCE_DEL_SANNIO,Sant'Angelo a Cupolo,48.59
POT_SANTA_CROCE_DEL_SANNIO,Sant'Arcangelo Trimonte,58.05
POT_SANTA_CROCE_DEL_SANNIO,Santa Croce del Sannio,0.0
POT_SANTA_CROCE_DEL_SANNIO,Sassinoro,9.56
POT_SANTA_CROCE_DEL_SANNIO,Solopaca,48.24
POT_SANTA_CROCE_DEL_SANNIO,Telese Terme,49.96
POT_SANTA_CROCE_DEL_SANNIO,Tocco Caudio,46.82
POT_SASSINORO,Airola,57.76
POT_SASSINORO,Limatola,67.67
POT_SASSINORO,San Giorgio Del Sannio,45.55
POT_SASSINORO,San Salvatore Telesino,50.5
POT_SASSINORO,Benevento,21.85
POT_SASSINORO,Cerreto Sannita,35.44
POT_SASSINORO,Ginestra Degli Schiavoni,74.05
POT_SASSINORO,Morcone,7.46
POT_SASSINORO,San Bartolomeo In Galdo,53.98
POT_SASSINORO,Vitulano,39.95
POT_SASSINORO,San Marco Dei Cavoti,38.28
POT_SASSINORO,Torrecuso,33.94
POT_SASSINORO,Amorosi,54.84
POT_SASSINORO,Apice,48.72
POT_SASSINORO,Apollosa,43.19
POT_SASSINORO,Arpaia,61.54
POT_SASSINORO,Arpaise,50.67
POT_SASSINORO,Baselice,45.05
POT_SASSINORO,Bonea,50.65
POT_SASSINORO,Bucciano,55.51
POT_SASSINORO,Buonalbergo,58.11
POT_SASSINORO,Calvi,46.47
POT_SASSINORO,Campolattaro,17.11
POT_SASSINORO,Campoli del Monte Taburno,42.11
POT_SASSINORO,Casalduni,21.51
POT_SASSINORO,Castelfranco in Miscano,75.88
POT_SASSINORO,Castelpagano,21.69
POT_SASSINORO,Castelpoto,35.39
POT_SASSINORO,Castelvenere,35.56
POT_SASSINORO,Castelvetere in Val Fortore,42.35
POT_SASSINORO,Cautano,39.96
POT_SASSINORO,Ceppaloni,47.06
POT_SASSINORO,Circello,21.45
POT_SASSINORO,Colle Sannita,28.29
POT_SASSINORO,Cusano Mutri,30.1
POT_SASSINORO,Dugenta,59.32
POT_SASSINORO,Durazzano,69.77
POT_SASSINORO,Faicchio,42.94
POT_SASSINORO,Foglianise,37.15
POT_SASSINORO,Foiano di Val Fortore,45.29
POT_SASSINORO,Forchia,62.67
POT_SASSINORO,Fragneto Monforte,21.19
POT_SASSINORO,Fragneto l'Abate,22.79
POT_SASSINORO,Frasso Telesino,52.26
POT_SASSINORO,Ginestra degli Schiavoni,74.05
POT_SASSINORO,Guardia Sanframondi,28.56
POT_SASSINORO,Melizzano,51.64
POT_SASSINORO,Moiano,64.27
POT_SASSINORO,Molinara,41.07
POT_SASSINORO,Montefalcone di Val Fortore,52.62
POT_SASSINORO,Montesarchio,53.04
POT_SASSINORO,Paduli,46.3
POT_SASSINORO,Pago Veiano,39.15
POT_SASSINORO,Pannarano,52.04
POT_SASSINORO,Paolisi,59.59
POT_SASSINORO,Paupisi,34.01
POT_SASSINORO,Pesco Sannita,29.22
POT_SASSINORO,Pietraroja,22.34
POT_SASSINORO,Pietrelcina,34.77
POT_SASSINORO,Ponte,27.83
POT_SASSINORO,Pontelandolfo,15.38
POT_SASSINORO,Puglianello,54.82
POT_SASSINORO,Reino,28.75
POT_SASSINORO,San Bartolomeo in Galdo,53.98
POT_SASSINORO,San Giorgio La Molara,50.67
POT_SASSINORO,San Giorgio del Sannio,45.55
POT_SASSINORO,San Leucio del Sannio,42.09
POT_SASSINORO,San Lorenzello,35.79
POT_SASSINORO,San Lorenzo Maggiore,26.61
POT_SASSINORO,San Lupo,24.32
POT_SASSINORO,San Marco dei Cavoti,38.28
POT_SASSINORO,San Martino Sannita,45.72
POT_SASSINORO,San Nazzaro,47.6
POT_SASSINORO,San Nicola Manfredi,45.28
POT_SASSINORO,Sant'Agata de' Goti,63.34
POT_SASSINORO,Sant'Angelo a Cupolo,45.25
POT_SASSINORO,Sant'Arcangelo Trimonte,54.72
POT_SASSINORO,Santa Croce del Sannio,10.91
POT_SASSINORO,Sassinoro,0.0
POT_SASSINORO,Solopaca,44.9
POT_SASSINORO,Telese Terme,46.63
POT_SASSINORO,Tocco Caudio,43.49
POT_SOLOPACA,Airola,22.51
POT_SOLOPACA,Limatola,19.91
POT_SOLOPACA,San Giorgio Del Sannio,36.57
POT_SOLOPACA,San Salvatore Telesino,8.13
POT_SOLOPACA,Benevento,20.02
POT_SOLOPACA,Cerreto Sannita,15.56
POT_SOLOPACA,Ginestra Degli Schiavoni,65.07
POT_SOLOPACA,Morcone,42.42
POT_SOLOPACA,San Bartolomeo In Galdo,75.87
POT_SOLOPACA,Vitulano,13.74
POT_SOLOPACA,San Marco Dei Cavoti,50.18
POT_SOLOPACA,Torrecuso,14.23
POT_SOLOPACA,Amorosi,10.68
POT_SOLOPACA,Apice,39.73
POT_SOLOPACA,Apollosa,34.2
POT_SOLOPACA,Arpaia,27.75
POT_SOLOPACA,Arpaise,41.68
POT_SOLOPACA,Baselice,67.11
POT_SOLOPACA,Bonea,26.04
POT_SOLOPACA,Bucciano,21.19
POT_SOLOPACA,Buonalbergo,49.12
POT_SOLOPACA,Calvi,37.48
POT_SOLOPACA,Campolattaro,31.66
POT_SOLOPACA,Campoli del Monte Taburno,20.75
POT_SOLOPACA,Casalduni,20.99
POT_SOLOPACA,Castelfranco in Miscano,66.9
POT_SOLOPACA,Castelpagano,63.54
POT_SOLOPACA,Castelpoto,27.25
POT_SOLOPACA,Castelvenere,7.12
POT_SOLOPACA,Castelvetere in Val Fortore,74.2
POT_SOLOPACA,Cautano,18.61
POT_SOLOPACA,Ceppaloni,38.07
POT_SOLOPACA,Circello,56.22
POT_SOLOPACA,Colle Sannita,57.05
POT_SOLOPACA,Cusano Mutri,24.02
POT_SOLOPACA,Dugenta,13.67
POT_SOLOPACA,Durazzano,25.27
POT_SOLOPACA,Faicchio,13.97
POT_SOLOPACA,Foglianise,18.49
POT_SOLOPACA,Foiano di Val Fortore,64.37
POT_SOLOPACA,Forchia,28.88
POT_SOLOPACA,Fragneto Monforte,28.81
POT_SOLOPACA,Fragneto l'Abate,30.41
POT_SOLOPACA,Frasso Telesino,7.76
POT_SOLOPACA,Ginestra degli Schiavoni,65.07
POT_SOLOPACA,Guardia Sanframondi,11.21
POT_SOLOPACA,Melizzano,7.14
POT_SOLOPACA,Moiano,20.73
POT_SOLOPACA,Molinara,52.97
POT_SOLOPACA,Montefalcone di Val Fortore,62.94
POT_SOLOPACA,Montesarchio,27.78
POT_SOLOPACA,Paduli,37.31
POT_SOLOPACA,Pago Veiano,40.29
POT_SOLOPACA,Pannarano,43.06
POT_SOLOPACA,Paolisi,25.8
POT_SOLOPACA,Paupisi,11.89
POT_SOLOPACA,Pesco Sannita,36.64
POT_SOLOPACA,Pietraroja,26.74
POT_SOLOPACA,Pietrelcina,34.19
POT_SOLOPACA,Ponte,14.88
POT_SOLOPACA,Pontelandolfo,24.07
POT_SOLOPACA,Puglianello,15.67
POT_SOLOPACA,Reino,47.0
POT_SOLOPACA,San Bartolomeo in Galdo,75.87
POT_SOLOPACA,San Giorgio La Molara,53.13
POT_SOLOPACA,San Giorgio del Sannio,36.57
POT_SOLOPACA,San Leucio del Sannio,33.1
POT_SOLOPACA,San Lorenzello,14.42
POT_SOLOPACA,San Lorenzo Maggiore,11.22
POT_SOLOPACA,San Lupo,14.0
POT_SOLOPACA,San Marco dei Cavoti,50.18
POT_SOLOPACA,San Martino Sannita,36.74
POT_SOLOPACA,San Nazzaro,38.61
POT_SOLOPACA,San Nicola Manfredi,36.3
POT_SOLOPACA,Sant'Agata de' Goti,18.84
POT_SOLOPACA,Sant'Angelo a Cupolo,36.27
POT_SOLOPACA,Sant'Arcangelo Trimonte,45.73
POT_SOLOPACA,Santa Croce del Sannio,48.27
POT_SOLOPACA,Sassinoro,45.04
POT_SOLOPACA,Solopaca,0.0
POT_SOLOPACA,Telese Terme,4.27
POT_SOLOPACA,Tocco Caudio,22.13
POT_TELESE_TERME,Airola,25.41
POT_TELESE_TERME,Limatola,18.75
POT_TELESE_TERME,San Giorgio Del Sannio,39.08
POT_TELESE_TERME,San Salvatore Telesino,3.86
POT_TELESE_TERME,Benevento,22.54
POT_TELESE_TERME,Cerreto Sannita,11.24
POT_TELESE_TERME,Ginestra Degli Schiavoni,67.58
POT_TELESE_TERME,Morcone,44.93
POT_TELESE_TERME,San Bartolomeo In Galdo,78.38
POT_TELESE_TERME,Vitulano,18.65
POT_TELESE_TERME,San Marco Dei Cavoti,52.7
POT_TELESE_TERME,Torrecuso,16.74
POT_TELESE_TERME,Amorosi,5.92
POT_TELESE_TERME,Apice,42.25
POT_TELESE_TERME,Apollosa,36.72
POT_TELESE_TERME,Arpaia,30.65
POT_TELESE_TERME,Arpaise,44.19
POT_TELESE_TERME,Baselice,69.63
POT_TELESE_TERME,Bonea,28.94
POT_TELESE_TERME,Bucciano,24.09
POT_TELESE_TERME,Buonalbergo,51.64
POT_TELESE_TERME,Calvi,40.0
POT_TELESE_TERME,Campolattaro,34.17
POT_TELESE_TERME,Campoli del Monte Taburno,25.66
POT_TELESE_TERME,Casalduni,23.5
POT_TELESE_TERME,Castelfranco in Miscano,69.41
POT_TELESE_TERME,Castelpagano,66.06
POT_TELESE_TERME,Castelpoto,29.77
POT_TELESE_TERME,Castelvenere,3.43
POT_TELESE_TERME,Castelvetere in Val Fortore,76.71
POT_TELESE_TERME,Cautano,23.52
POT_TELESE_TERME,Ceppaloni,40.59
POT_TELESE_TERME,Circello,58.73
POT_TELESE_TERME,Colle Sannita,59.56
POT_TELESE_TERME,Cusano Mutri,19.7
POT_TELESE_TERME,Dugenta,12.69
POT_TELESE_TERME,Durazzano,28.08
POT_TELESE_TERME,Faicchio,9.7
POT_TELESE_TERME,Foglianise,21.0
POT_TELESE_TERME,Foiano di Val Fortore,66.88
POT_TELESE_TERME,Forchia,31.78
POT_TELESE_TERME,Fragneto Monforte,31.32
POT_TELESE_TERME,Fragneto l'Abate,32.92
POT_TELESE_TERME,Frasso Telesino,10.65
POT_TELESE_TERME,Ginestra degli Schiavoni,67.58
POT_TELESE_TERME,Guardia Sanframondi,9.7
POT_TELESE_TERME,Melizzano,10.03
POT_TELESE_TERME,Moiano,23.63
POT_TELESE_TERME,Molinara,55.48
POT_TELESE_TERME,Montefalcone di Val Fortore,65.45
POT_TELESE_TERME,Montesarchio,30.68
POT_TELESE_TERME,Paduli,39.83
POT_TELESE_TERME,Pago Veiano,42.8
POT_TELESE_TERME,Pannarano,45.57
POT_TELESE_TERME,Paolisi,28.7
POT_TELESE_TERME,Paupisi,14.4
POT_TELESE_TERME,Pesco Sannita,39.16
POT_TELESE_TERME,Pietraroja,22.42
POT_TELESE_TERME,Pietrelcina,36.7
POT_TELESE_TERME,Ponte,17.39
POT_TELESE_TERME,Pontelandolfo,24.35
POT_TELESE_TERME,Puglianello,6.98
POT_TELESE_TERME,Reino,49.52
POT_TELESE_TERME,San Bartolomeo in Galdo,78.38
POT_TELESE_TERME,San Giorgio La Molara,55.64
POT_TELESE_TERME,San Giorgio del Sannio,39.08
POT_TELESE_TERME,San Leucio del Sannio,35.62
POT_TELESE_TERME,San Lorenzello,8.71
POT_TELESE_TERME,San Lorenzo Maggiore,11.51
POT_TELESE_TERME,San Lupo,14.29
POT_TELESE_TERME,San Marco dei Cavoti,52.7
POT_TELESE_TERME,San Martino Sannita,39.25
POT_TELESE_TERME,San Nazzaro,41.13
POT_TELESE_TERME,San Nicola Manfredi,38.81
POT_TELESE_TERME,Sant'Agata de' Goti,21.65
POT_TELESE_TERME,Sant'Angelo a Cupolo,38.78
POT_TELESE_TERME,Sant'Arcangelo Trimonte,48.25
POT_TELESE_TERME,Santa Croce del Sannio,50.79
POT_TELESE_TERME,Sassinoro,47.55
POT_TELESE_TERME,Solopaca,4.74
POT_TELESE_TERME,Telese Terme,0.0
POT_TELESE_TERME,Tocco Caudio,25.35
POT_TOCCO_CAUDIO,Airola,15.82
POT_TOCCO_CAUDIO,Limatola,33.48
POT_TOCCO_CAUDIO,San Giorgio Del Sannio,31.04
POT_TOCCO_CAUDIO,San Salvatore Telesino,31.33
POT_TOCCO_CAUDIO,Benevento,26.72
POT_TOCCO_CAUDIO,Cerreto Sannita,32.24
POT_TOCCO_CAUDIO,Ginestra Degli Schiavoni,59.53
POT_TOCCO_CAUDIO,Morcone,41.28
POT_TOCCO_CAUDIO,San Bartolomeo In Galdo,69.71
POT_TOCCO_CAUDIO,Vitulano,8.22
POT_TOCCO_CAUDIO,San Marco Dei Cavoti,44.02
POT_TOCCO_CAUDIO,Torrecuso,11.96
POT_TOCCO_CAUDIO,Amorosi,24.26
POT_TOCCO_CAUDIO,Apice,34.2
POT_TOCCO_CAUDIO,Apollosa,12.44
POT_TOCCO_CAUDIO,Arpaia,17.74
POT_TOCCO_CAUDIO,Arpaise,22.14
POT_TOCCO_CAUDIO,Baselice,60.95
POT_TOCCO_CAUDIO,Bonea,8.71
POT_TOCCO_CAUDIO,Bucciano,13.57
POT_TOCCO_CAUDIO,Buonalbergo,43.59
POT_TOCCO_CAUDIO,Calvi,31.95
POT_TOCCO_CAUDIO,Campolattaro,30.52
POT_TOCCO_CAUDIO,Campoli del Monte Taburno,1.83
POT_TOCCO_CAUDIO,Casalduni,29.44
POT_TOCCO_CAUDIO,Castelfranco in Miscano,61.37
POT_TOCCO_CAUDIO,Castelpagano,57.38
POT_TOCCO_CAUDIO,Castelpoto,8.9
POT_TOCCO_CAUDIO,Castelvenere,27.96
POT_TOCCO_CAUDIO,Castelvetere in Val Fortore,68.04
POT_TOCCO_CAUDIO,Cautano,4.4
POT_TOCCO_CAUDIO,Ceppaloni,22.14
POT_TOCCO_CAUDIO,Circello,50.06
POT_TOCCO_CAUDIO,Colle Sannita,50.89
POT_TOCCO_CAUDIO,Cusano Mutri,40.71
POT_TOCCO_CAUDIO,Dugenta,27.24
POT_TOCCO_CAUDIO,Durazzano,29.7
POT_TOCCO_CAUDIO,Faicchio,37.17
POT_TOCCO_CAUDIO,Foglianise,7.42
POT_TOCCO_CAUDIO,Foiano di Val Fortore,58.21
POT_TOCCO_CAUDIO,Forchia,18.87
POT_TOCCO_CAUDIO,Fragneto Monforte,27.67
POT_TOCCO_CAUDIO,Fragneto l'Abate,29.27
POT_TOCCO_CAUDIO,Frasso Telesino,14.66
POT_TOCCO_CAUDIO,Ginestra degli Schiavoni,59.53
POT_TOCCO_CAUDIO,Guardia Sanframondi,26.5
POT_TOCCO_CAUDIO,Melizzano,17.65
POT_TOCCO_CAUDIO,Moiano,17.02
POT_TOCCO_CAUDIO,Molinara,46.8
POT_TOCCO_CAUDIO,Montefalcone di Val Fortore,57.41
POT_TOCCO_CAUDIO,Montesarchio,9.55
POT_TOCCO_CAUDIO,Paduli,31.78
POT_TOCCO_CAUDIO,Pago Veiano,34.13
POT_TOCCO_CAUDIO,Pannarano,19.82
POT_TOCCO_CAUDIO,Paolisi,15.79
POT_TOCCO_CAUDIO,Paupisi,13.75
POT_TOCCO_CAUDIO,Pesco Sannita,30.48
POT_TOCCO_CAUDIO,Pietraroja,56.16
POT_TOCCO_CAUDIO,Pietrelcina,28.03
POT_TOCCO_CAUDIO,Ponte,22.27
POT_TOCCO_CAUDIO,Pontelandolfo,34.12
POT_TOCCO_CAUDIO,Puglianello,27.48
POT_TOCCO_CAUDIO,Reino,40.84
POT_TOCCO_CAUDIO,San Bartolomeo in Galdo,69.71
POT_TOCCO_CAUDIO,San Giorgio La Molara,47.6
POT_TOCCO_CAUDIO,San Giorgio del Sannio,31.04
POT_TOCCO_CAUDIO,San Leucio del Sannio,20.34
POT_TOCCO_CAUDIO,San Lorenzello,32.77
POT_TOCCO_CAUDIO,San Lorenzo Maggiore,22.82
POT_TOCCO_CAUDIO,San Lupo,27.24
POT_TOCCO_CAUDIO,San Marco dei Cavoti,44.02
POT_TOCCO_CAUDIO,San Martino Sannita,31.21
POT_TOCCO_CAUDIO,San Nazzaro,33.08
POT_TOCCO_CAUDIO,San Nicola Manfredi,30.77
POT_TOCCO_CAUDIO,Sant'Agata de' Goti,23.95
POT_TOCCO_CAUDIO,Sant'Angelo a Cupolo,29.3
POT_TOCCO_CAUDIO,Sant'Arcangelo Trimonte,40.2
POT_TOCCO_CAUDIO,Santa Croce del Sannio,47.14
POT_TOCCO_CAUDIO,Sassinoro,43.9
POT_TOCCO_CAUDIO,Solopaca,22.08
POT_TOCCO_CAUDIO,Telese Terme,27.46
POT_TOCCO_CAUDIO,Tocco Caudio,0.0
POT_TORRECUSO,Airola,26.25
POT_TORRECUSO,Limatola,37.06
POT_TORRECUSO,San Giorgio Del Sannio,28.08
POT_TORRECUSO,San Salvatore Telesino,19.89
POT_TORRECUSO,Benevento,11.24
POT_TORRECUSO,Cerreto Sannita,20.8
POT_TORRECUSO,Ginestra Degli Schiavoni,56.58
POT_TORRECUSO,Morcone,33.93
POT_TORRECUSO,San Bartolomeo In Galdo,67.38
POT_TORRECUSO,Vitulano,4.48
POT_TORRECUSO,San Marco Dei Cavoti,41.7
POT_TORRECUSO,Torrecuso,0.0
POT_TORRECUSO,Amorosi,24.23
POT_TORRECUSO,Apice,31.25
POT_TORRECUSO,Apollosa,16.26
POT_TORRECUSO,Arpaia,28.17
POT_TORRECUSO,Arpaise,33.19
POT_TORRECUSO,Baselice,58.62
POT_TORRECUSO,Bonea,19.15
POT_TORRECUSO,Bucciano,24.0
POT_TORRECUSO,Buonalbergo,40.64
POT_TORRECUSO,Calvi,28.99
POT_TORRECUSO,Campolattaro,23.17
POT_TORRECUSO,Campoli del Monte Taburno,10.6
POT_TORRECUSO,Casalduni,12.21
POT_TORRECUSO,Castelfranco in Miscano,58.41
POT_TORRECUSO,Castelpagano,55.06
POT_TORRECUSO,Castelpoto,10.33
POT_TORRECUSO,Castelvenere,17.97
POT_TORRECUSO,Castelvetere in Val Fortore,65.71
POT_TORRECUSO,Cautano,8.45
POT_TORRECUSO,Ceppaloni,29.59
POT_TORRECUSO,Circello,47.73
POT_TORRECUSO,Colle Sannita,48.56
POT_TORRECUSO,Cusano Mutri,29.26
POT_TORRECUSO,Dugenta,28.71
POT_TORRECUSO,Durazzano,39.16
POT_TORRECUSO,Faicchio,25.73
POT_TORRECUSO,Foglianise,4.5
POT_TORRECUSO,Foiano di Val Fortore,55.88
POT_TORRECUSO,Forchia,29.31
POT_TORRECUSO,Fragneto Monforte,20.32
POT_TORRECUSO,Fragneto l'Abate,21.92
POT_TORRECUSO,Frasso Telesino,21.64
POT_TORRECUSO,Ginestra degli Schiavoni,56.58
POT_TORRECUSO,Guardia Sanframondi,15.05
POT_TORRECUSO,Melizzano,21.02
POT_TORRECUSO,Moiano,27.45
POT_TORRECUSO,Molinara,44.48
POT_TORRECUSO,Montefalcone di Val Fortore,54.45
POT_TORRECUSO,Montesarchio,19.98
POT_TORRECUSO,Paduli,28.83
POT_TORRECUSO,Pago Veiano,31.8
POT_TORRECUSO,Pannarano,34.57
POT_TORRECUSO,Paolisi,26.22
POT_TORRECUSO,Paupisi,2.3
POT_TORRECUSO,Pesco Sannita,28.16
POT_TORRECUSO,Pietraroja,31.97
POT_TORRECUSO,Pietrelcina,25.7
POT_TORRECUSO,Ponte,6.09
POT_TORRECUSO,Pontelandolfo,17.12
POT_TORRECUSO,Puglianello,24.21
POT_TORRECUSO,Reino,38.52
POT_TORRECUSO,San Bartolomeo in Galdo,67.38
POT_TORRECUSO,San Giorgio La Molara,44.64
POT_TORRECUSO,San Giorgio del Sannio,28.08
POT_TORRECUSO,San Leucio del Sannio,24.62
POT_TORRECUSO,San Lorenzello,21.32
POT_TORRECUSO,San Lorenzo Maggiore,11.37
POT_TORRECUSO,San Lupo,15.79
POT_TORRECUSO,San Marco dei Cavoti,41.7
POT_TORRECUSO,San Martino Sannita,28.25
POT_TORRECUSO,San Nazzaro,30.13
POT_TORRECUSO,San Nicola Manfredi,27.81
POT_TORRECUSO,Sant'Agata de' Goti,32.73
POT_TORRECUSO,Sant'Angelo a Cupolo,27.78
POT_TORRECUSO,Sant'Arcangelo Trimonte,37.24
POT_TORRECUSO,Santa Croce del Sannio,39.79
POT_TORRECUSO,Sassinoro,36.55
POT_TORRECUSO,Solopaca,14.29
POT_TORRECUSO,Telese Terme,16.01
POT_TORRECUSO,Tocco Caudio,11.98
POT_VITULANO,Airola,22.45
POT_VITULANO,Limatola,33.6
POT_VITULANO,San Giorgio Del Sannio,27.52
POT_VITULANO,San Salvatore Telesino,22.19
POT_VITULANO,Benevento,15.54
POT_VITULANO,Cerreto Sannita,24.95
POT_VITULANO,Ginestra Degli Schiavoni,56.02
POT_VITULANO,Morcone,37.77
POT_VITULANO,San Bartolomeo In Galdo,66.19
POT_VITULANO,Vitulano,0.0
POT_VITULANO,San Marco Dei Cavoti,40.51
POT_VITULANO,Torrecuso,4.67
POT_VITULANO,Amorosi,26.53
POT_VITULANO,Apice,30.69
POT_VITULANO,Apollosa,14.73
POT_VITULANO,Arpaia,24.38
POT_VITULANO,Arpaise,33.29
POT_VITULANO,Baselice,57.44
POT_VITULANO,Bonea,15.35
POT_VITULANO,Bucciano,20.2
POT_VITULANO,Buonalbergo,40.08
POT_VITULANO,Calvi,28.43
POT_VITULANO,Campolattaro,27.01
POT_VITULANO,Campoli del Monte Taburno,6.81
POT_VITULANO,Casalduni,16.51
POT_VITULANO,Castelfranco in Miscano,57.85
POT_VITULANO,Castelpagano,53.87
POT_VITULANO,Castelpoto,8.8
POT_VITULANO,Castelvenere,19.5
POT_VITULANO,Castelvetere in Val Fortore,64.52
POT_VITULANO,Cautano,4.66
POT_VITULANO,Ceppaloni,29.68
POT_VITULANO,Circello,46.54
POT_VITULANO,Colle Sannita,47.37
POT_VITULANO,Cusano Mutri,33.42
POT_VITULANO,Dugenta,27.37
POT_VITULANO,Durazzano,34.06
POT_VITULANO,Faicchio,28.03
POT_VITULANO,Foglianise,3.75
POT_VITULANO,Foiano di Val Fortore,54.69
POT_VITULANO,Forchia,25.51
POT_VITULANO,Fragneto Monforte,24.16
POT_VITULANO,Fragneto l'Abate,25.75
POT_VITULANO,Frasso Telesino,18.2
POT_VITULANO,Ginestra degli Schiavoni,56.02
POT_VITULANO,Guardia Sanframondi,19.2
POT_VITULANO,Melizzano,20.18
POT_VITULANO,Moiano,23.65
POT_VITULANO,Molinara,43.29
POT_VITULANO,Montefalcone di Val Fortore,53.89
POT_VITULANO,Montesarchio,16.18
POT_VITULANO,Paduli,28.27
POT_VITULANO,Pago Veiano,30.61
POT_VITULANO,Pannarano,26.45
POT_VITULANO,Paolisi,22.43
POT_VITULANO,Paupisi,6.46
POT_VITULANO,Pesco Sannita,26.97
POT_VITULANO,Pietraroja,36.13
POT_VITULANO,Pietrelcina,24.51
POT_VITULANO,Ponte,10.4
POT_VITULANO,Pontelandolfo,30.6
POT_VITULANO,Puglianello,26.51
POT_VITULANO,Reino,37.33
POT_VITULANO,San Bartolomeo in Galdo,66.19
POT_VITULANO,San Giorgio La Molara,44.08
POT_VITULANO,San Giorgio del Sannio,27.52
POT_VITULANO,San Leucio del Sannio,24.71
POT_VITULANO,San Lorenzello,25.48
POT_VITULANO,San Lorenzo Maggiore,15.53
POT_VITULANO,San Lupo,19.95
POT_VITULANO,San Marco dei Cavoti,40.51
POT_VITULANO,San Martino Sannita,27.69
POT_VITULANO,San Nazzaro,29.57
POT_VITULANO,San Nicola Manfredi,27.25
POT_VITULANO,Sant'Agata de' Goti,27.64
POT_VITULANO,Sant'Angelo a Cupolo,25.79
POT_VITULANO,Sant'Arcangelo Trimonte,36.68
POT_VITULANO,Santa Croce del Sannio,43.62
POT_VITULANO,Sassinoro,40.39
POT_VITULANO,Solopaca,13.62
POT_VITULANO,Telese Terme,18.32
POT_VITULANO,Tocco Caudio,8.19
